Workbook

Sheet DETAILS
A1: STUDENT'S DETAIL
A2: SR NO | B2: NAME | C2: MOTHER'S NAME | D2: FATHER'S NAME | E2: DOB | F2: CLASS & SEC
A3: 1944 | B3: AARUSH YADUVANSHI | C3: ANTIMA YADAV | D3: MANMOHAN YADAV | E3: 22.08.2022 | F3: NURSERY
A4: 1940 | B4: ADITRI CHAUDHARI | C4: KIRAN BHARTI | D4: CHAUDHARI KARAMVEER | E4: 01.01.2022 | F4: NURSERY
A5: 1948 | B5: AHEM | C5: RAJWANTI | D5: LAVKUSH KUMAR | E5: 26.03.2020 | F5: NURSERY
A6: 1868 | B6: ANUSHKA RAJ | C6: BRIJRANI | D6: SUSHEEL KUMAR | E6: 20.08.2020 | F6: NURSERY
A7: 1939 | B7: ARNAV SINGH | C7: REKHA RAJPOOT | D7: ANIL KUMAR | E7: 02.02.2022 | F7: NURSERY
A8: 1956 | B8: ATHARV UPADHYAY | C8: PRIYA UPADHAYAY | D8: PANKAJ UPADHAYAY | E8: 14.01.2021 | F8: NURSERY
A9: 1882 | B9: ATHRAV SINGH | C9: JYOTIMA | D9: SHIV RAM SINGH | E9: 02.04.2021 | F9: NURSERY
A10: 1954 | B10: AVANTIKA | C10: SHIVANI | D10: SATESH KUMAR | E10: 07.08.2021 | F10: NURSERY
A11: 1923 | B11: AVIKA MAURYA | C11: SUMAN MAURYA | D11: RAHUL KUMAR MAURYA | E11: 29.05.2022 | F11: NURSERY
A12: 1893 | B12: DAKSH | C12: MAMTA | D12: ABHISHEK KUMAR | E12: 22.04.2021 | F12: NURSERY
A13: 1843 | B13: DEV MISHRA | C13: LAXMI MISHRA | D13: KRISHNA KUMAR MISHRA | E13: 31.03.2022 | F13: NURSERY
A14: 1858 | B14: DEVESH RAJPOOT | C14: NEHA | D14: DIWAKAR SINGH | E14: 07.11.2021 | F14: NURSERY
... A19: 1874 | B19: SEHRISH | C19: BUSHRA KHATOON | D19: MOHD SHAMEEM | E19: 09.06.2020 | F19: NURSERY

Sheet UT-I
A1: UNIT TEST-I (2025-26) CLASS - NUR
A2: SR. NO. | B2: NAME | C2: ENGLISH WRITTEN | D2: ENGLISH ORAL | E2: ENGLISH DICTATION | F2: HINDI WRITTEN | G2: HINDI ORAL | H2: HINDI DICTATION | I2: MATHS WRITTEN | J2: MATHS ORAL | K2: EVS | L2: CONVERSATION | M2: GK | N2: DRAWING | O2: RHYMES | P2: P.T. & GAMES | Q2: TOTAL | R2: PERCENTAGE | S2: TOTAL PRESENT | T2: TOTAL WORKING DAY | U2: RANK IN CLASS | V2: PARENT'S SIGNATURE
A3: =DETAILS!A3 -> 1944 | B3: =DETAILS!B3 -> AARUSH YADUVANSHI | C3: NA | D3: 17 | E3: NA | F3: NA | G3: 17 | H3: NA | I3: NA | J3: 17 | K3: 17 | L3: 17 | M3: AB | N3: NA | O3: B | P3: B | Q3: =SUM(C3:P3) -> 85 | R3: =Q3/5&" %" -> 17 % | S3: 2 | T3: 7
A4: =DETAILS!A4 -> 1940 | B4: =DETAILS!B4 -> ADITRI CHAUDHARI | C4: NA | D4: 17 | E4: NA | F4: NA | G4: 17 | H4: NA | I4: NA | J4: 17 | K4: 17 | L4: 17 | M4: D | N4: NA | O4: D | P4: D | Q4: =SUM(C4:P4) -> 85 | R4: =Q4/5&" %" -> 17 % | S4: 12 | T4: 12
A5: =DETAILS!A5 -> 1948 | B5: =DETAILS!B5 -> AHEM | C5: NA | D5: NA | E5: 50 | F5: NA | G5: NA | H5: NA | I5: NA | J5: NA | K5: NA | L5: NA | M5: NA | N5: NA | O5: NA | P5: NA | Q5: =SUM(C5:P5) -> 50 | R5: =Q5/5&" %" -> 10 % | S5: 2 | T5: 2
A6: =DETAILS!A6 -> 1868 | B6: =DETAILS!B6 -> ANUSHKA RAJ | C6: 43 | D6: 40 | E6: 30 | F6: 43 | G6: 40 | H6: 30 | I6: 39 | J6: 50 | K6: 50 | L6: 40 | M6: B | N6: A | O6: B | P6: B | Q6: =SUM(C6:P6) -> 405 | R6: =Q6/5&" %" -> 81 % | S6: 32 | T6: 55
A7: =DETAILS!A7 -> 1939 | B7: =DETAILS!B7 -> ARNAV SINGH | C7: 47 | D7: 50 | E7: 45 | F7: 46 | G7: 50 | H7: 45 | I7: 46 | J7: 50 | K7: 50 | L7: 50 | M7: A | N7: A | O7: A | P7: A | Q7: =SUM(C7:P7) -> 479 | R7: =Q7/5&" %" -> 95.8 % | S7: 15 | T7: 17
A8: =DETAILS!A8 -> 1956 | B8: =DETAILS!B8 -> ATHARV UPADHYAY | C8: NA | D8: NA | E8: NA | F8: NA | G8: NA | H8: NA | I8: NA | J8: NA | K8: NA | L8: NA | M8: NA | N8: NA | O8: NA | P8: NA | Q8: NA | R8: NA | S8: NA | T8: NA | U8: NA | V8: NA
A9: =DETAILS!A9 -> 1882 | B9: =DETAILS!B9 -> ATHRAV SINGH | C9: 49 | D9: 50 | E9: 48 | F9: 50 | G9: 50 | H9: 48 | I9: 48 | J9: 50 | K9: 50 | L9: 50 | M9: A | N9: A | O9: A | P9: A | Q9: =SUM(C9:P9) -> 493 | R9: =Q9/5&" %" -> 98.6 % | S9: 37 | T9: 55
A10: =DETAILS!A10 -> 1954 | B10: =DETAILS!B10 -> AVANTIKA | C10: NA | D10: NA | E10: NA | F10: NA | G10: NA | H10: NA | I10: NA | J10: NA | K10: NA | L10: NA | M10: NA | N10: NA | O10: NA | P10: NA | Q10: =SUM(C10:P10) -> 0 | R10: =Q10/5&" %" -> 0 % | S10: NA | T10: NA
A11: =DETAILS!A11 -> 1923 | B11: =DETAILS!B11 -> AVIKA MAURYA | C11: 39 | D11: 40 | E11: 30 | F11: 40 | G11: 40 | H11: 30 | I11: 39 | J11: 40 | K11: 50 | L11: 40 | M11: B | N11: A | O11: B | P11: B | Q11: =SUM(C11:P11) -> 388 | R11: =Q11/5&" %" -> 77.6 % | S11: 13 | T11: 17
A12: =DETAILS!A12 -> 1893 | B12: =DETAILS!B12 -> DAKSH | C12: 28 | D12: 17 | E12: 20 | F12: 28 | G12: 17 | H12: 25 | I12: 31 | J12: 17 | K12: 25 | L12: 17 | M12: D | N12: B | O12: D | P12: C | Q12: =SUM(C12:P12) -> 225 | R12: =Q12/5&" %" -> 45 % | S12: 26 | T12: 55
A13: =DETAILS!A13 -> 1843 | B13: =DETAILS!B13 -> DEV MISHRA | C13: 42 | D13: 40 | E13: 30 | F13: 38 | G13: 30 | H13: 30 | I13: 36 | J13: 50 | K13: 50 | L13: 40 | M13: B | N13: B | O13: A | P13: A | Q13: =SUM(C13:P13) -> 386 | R13: =Q13/5&" %" -> 77.2 % | S13: 45 | T13: 55
A14: =DETAILS!A14 -> 1858 | B14: =DETAILS!B14 -> DEVESH RAJPOOT | C14: 46 | D14: 45 | E14: 40 | F14: 44 | G14: 50 | H14: 40 | I14: 40 | J14: 40 | K14: 40 | L14: 40 | M14: A | N14: A | O14: A | P14: A | Q14: =SUM(C14:P14) -> 425 | R14: =Q14/5&" %" -> 85 % | S14: 42 | T14: 55
A15: =DETAILS!A15 -> 1877 | B15: =DETAILS!B15 -> INDRABH YADAV | C15: 43 | D15: 50 | E15: 40 | F15: 41 | G15: 45 | H15: 40 | I15: 45 | J15: 45 | K15: 50 | L15: 50 | M15: A | N15: A | O15: A | P15: A | Q15: =SUM(C15:P15) -> 449 | R15: =Q15/5&" %" -> 89.8 % | S15: 41 | T15: 55
A16: =DETAILS!A16 -> 1851 | B16: =DETAILS!B16 -> KARTIKEY SINGH | C16: 47 | D16: 45 | E16: 47 | F16: 40 | G16: 50 | H16: 47 | I16: 47 | J16: 50 | K16: 50 | L16: 50 | M16: A | N16: A | O16: A | P16: A | Q16: =SUM(C16:P16) -> 473 | R16: =Q16/5&" %" -> 94.6 % | S16: 41 | T16: 55
A17: =DETAILS!A17 -> 1889 | B17: =DETAILS!B17 -> MOHD. ARIZ | C17: 44 | D17: 45 | E17: 30 | F17: 46 | G17: 50 | H17: 30 | I17: 46 | J17: 50 | K17: 45 | L17: 50 | M17: A | N17: A | O17: A | P17: A | Q17: =SUM(C17:P17) -> 436 | R17: =Q17/5&" %" -> 87.2 % | S17: 29 | T17: 55
A18: =DETAILS!A18 -> 1905 | B18: =DETAILS!B18 -> RAVNOOR KAUR | C18: AB | D18: AB | E18: 48 | F18: 40 | G18: 50 | H18: 48 | I18: 49 | J18: 50 | K18: AB | L18: 40 | M18: A | N18: AB | O18: A | P18: A | Q18: =SUM(C18:P18) -> 325 | R18: =Q18/5&" %" -> 65 % | S18: 21 | T18: 55
A19: =DETAILS!A19 -> 1874 | B19: =DETAILS!B19 -> SEHRISH | C19: 47 | D19: 50 | E19: 45 | F19: 40 | G19: 45 | H19: 45 | I19: 40 | J19: 50 | K19: 50 | L19: 50 | M19: AB | N19: A | O19: A | P19: A | Q19: =SUM(C19:P19) -> 462 | R19: =Q19/5&" %" -> 92.4 % | S19: 41 | T19: 55
B23: CLASS TEACHER'S SIGNATURE | S23: PRINCIPAL'S SIGNATURE

Sheet HALF YEARLY
A1: HALF YEARLY EXAMINATION (2025-26) CLASS - NURSERY-B
A2: SR. NO. | B2: NAME | C2: ENGLISH WRITTEN | D2: ENGLISH ORAL | E2: ENGLISH DICTATION | F2: HINDI WRITTEN | G2: HINDI ORAL | H2: HINDI DICTATION | I2: MATHS WRITTEN | J2: MATHS ORAL | K2: EVS | L2: CONVERSATION | M2: GK | N2: DRAWING | O2: RHYMES | P2: P.T. & GAMES | Q2: TOTAL (500) | R2: PERCENTAGE | S2: TOTAL PRESENT | T2: TOTAL WORKING DAY | U2: RANK IN CLASS | V2: PARENT'S SIGNATURE
A3: =DETAILS!A3 -> 1944 | B3: =DETAILS!B3 -> AARUSH YADUVANSHI | C3: AB | D3: AB | E3: AB | F3: AB | G3: AB | H3: AB | I3: AB | J3: AB | K3: AB | L3: AB | M3: AB | N3: AB | O3: AB | P3: AB | Q3: =SUM(C3:P3) -> 0 | R3: =Q3/5&" %" -> 0 % | S3: 4 | T3: 64
A4: =DETAILS!A4 -> 1940 | B4: =DETAILS!B4 -> ADITRI CHAUDHARI | C4: 41 | D4: 30 | E4: 21 | F4: 43 | G4: 30 | H4: 25 | I4: 37 | J4: 20 | K4: 20 | L4: 20 | M4: D | N4: C | O4: A | P4: B | Q4: =SUM(C4:P4) -> 287 | R4: =Q4/5&" %" -> 57.4 % | S4: 64 | T4: 69
A5: =DETAILS!A5 -> 1948 | B5: =DETAILS!B5 -> AHEM | C5: 46 | D5: 35 | E5: 48 | F5: 48 | G5: 45 | H5: 49 | I5: 42 | J5: 35 | K5: 30 | L5: 40 | M5: A | N5: A | O5: A | P5: A | Q5: =SUM(C5:P5) -> 418 | R5: =Q5/5&" %" -> 83.6 % | S5: 55 | T5: 59
A6: =DETAILS!A6 -> 1868 | B6: =DETAILS!B6 -> ANUSHKA RAJ | C6: 47 | D6: 45 | E6: 49 | F6: 43 | G6: 40 | H6: AB | I6: 36 | J6: 35 | K6: 30 | L6: AB | M6: C | N6: A | O6: A | P6: A | Q6: =SUM(C6:P6) -> 325 | R6: =Q6/5&" %" -> 65 % | S6: 85 | T6: 102
A7: =DETAILS!A7 -> 1939 | B7: =DETAILS!B7 -> ARNAV SINGH | C7: 46 | D7: 50 | E7: 44 | F7: 49 | G7: 50 | H7: 46 | I7: 45 | J7: 50 | K7: 45 | L7: 50 | M7: A | N7: A | O7: A | P7: A | Q7: =SUM(C7:P7) -> 475 | R7: =Q7/5&" %" -> 95 % | S7: 70 | T7: 72 | U7: II
A8: =DETAILS!A8 -> 1956 | B8: =DETAILS!B8 -> ATHARV UPADHYAY | C8: 34 | D8: 25 | E8: 35 | F8: 42 | G8: 20 | H8: 38 | I8: 34 | J8: 20 | K8: 20 | L8: 30 | M8: D | N8: A | O8: C | P8: A | Q8: =SUM(C8:P8) -> 298 | R8: =Q8/5&" %" -> 59.6 % | S8: 36 | T8: 41
A9: =DETAILS!A9 -> 1882 | B9: =DETAILS!B9 -> ATHRAV SINGH | C9: 50 | D9: 50 | E9: 47 | F9: 50 | G9: 50 | H9: 49 | I9: 50 | J9: 50 | K9: 50 | L9: 50 | M9: A | N9: A | O9: A | P9: A | Q9: =SUM(C9:P9) -> 496 | R9: =Q9/5&" %" -> 99.2 % | S9: 93 | T9: 96 | U9: I
A10: =DETAILS!A10 -> 1954 | B10: =DETAILS!B10 -> AVANTIKA | C10: 44 | D10: 20 | E10: 42 | F10: 40 | G10: 30 | H10: 40 | I10: 33 | J10: 20 | K10: 20 | L10: 30 | M10: D | N10: A | O10: B | P10: A | Q10: =SUM(C10:P10) -> 319 | R10: =Q10/5&" %" -> 63.8 % | S10: 52 | T10: 56
A11: =DETAILS!A11 -> 1923 | B11: =DETAILS!B11 -> AVIKA MAURYA | C11: 41 | D11: 45 | E11: 31 | F11: 36 | G11: 30 | H11: AB | I11: 35 | J11: 30 | K11: 40 | L11: AB | M11: A | N11: B | O11: B | P11: A | Q11: =SUM(C11:P11) -> 288 | R11: =Q11/5&" %" -> 57.6 % | S11: 64 | T11: 72
A12: =DETAILS!A12 -> 1893 | B12: =DETAILS!B12 -> DAKSH | C12: 30 | D12: 17 | E12: 41 | F12: 34 | G12: 20 | H12: 22 | I12: 27 | J12: 20 | K12: 17 | L12: 17 | M12: D | N12: B | O12: D | P12: A | Q12: =SUM(C12:P12) -> 245 | R12: =Q12/5&" %" -> 49 % | S12: 74 | T12: 94
A13: =DETAILS!A13 -> 1843 | B13: =DETAILS!B13 -> DEV MISHRA | C13: 39 | D13: 35 | E13: AB | F13: 35 | G13: 25 | H13: 30 | I13: 33 | J13: 30 | K13: 30 | L13: 27 | M13: AB | N13: B | O13: C | P13: A | Q13: =SUM(C13:P13) -> 284 | R13: =Q13/5&" %" -> 56.8 % | S13: 98 | T13: 107
A14: =DETAILS!A14 -> 1858 | B14: =DETAILS!B14 -> DEVESH RAJPOOT | C14: 34 | D14: 25 | E14: 38 | F14: 37 | G14: 20 | H14: 41 | I14: 27 | J14: 20 | K14: 30 | L14: 27 | M14: D | N14: A | O14: B | P14: A | Q14: =SUM(C14:P14) -> 299 | R14: =Q14/5&" %" -> 59.8 % | S14: 83 | T14: 104
A15: =DETAILS!A15 -> 1877 | B15: =DETAILS!B15 -> INDRABH YADAV | C15: 25 | D15: 25 | E15: 41 | F15: 40 | G15: 35 | H15: 25 | I15: 39 | J15: 45 | K15: 45 | L15: 25 | M15: A | N15: C | O15: A | P15: A | Q15: =SUM(C15:P15) -> 345 | R15: =Q15/5&" %" -> 69 % | S15: 87 | T15: 100
A16: =DETAILS!A16 -> 1851 | B16: =DETAILS!B16 -> KARTIKEY SINGH | C16: 46 | D16: 30 | E16: 44 | F16: 45 | G16: 48 | H16: 46 | I16: 32 | J16: 45 | K16: 40 | L16: 45 | M16: B | N16: A | O16: A | P16: A | Q16: =SUM(C16:P16) -> 421 | R16: =Q16/5&" %" -> 84.2 % | S16: 88 | T16: 108 | U16: III
A17: =DETAILS!A17 -> 1889 | B17: =DETAILS!B17 -> MOHD. ARIZ | C17: 48 | D17: 35 | E17: 31 | F17: 40 | G17: 35 | H17: 36 | I17: 32 | J17: 20 | K17: 30 | L17: 17 | M17: C | N17: B | O17: C | P17: A | Q17: =SUM(C17:P17) -> 324 | R17: =Q17/5&" %" -> 64.8 % | S17: 75 | T17: 92
A18: =DETAILS!A18 -> 1905 | B18: =DETAILS!B18 -> RAVNOOR KAUR | C18: 44 | D18: 40 | E18: 40 | F18: 42 | G18: 20 | H18: 37 | I18: 39 | J18: 30 | K18: 30 | L18: 35 | M18: D | N18: A | O18: A | P18: A | Q18: =SUM(C18:P18) -> 357 | R18: =Q18/5&" %" -> 71.4 % | S18: 62 | T18: 89
A19: =DETAILS!A19 -> 1874 | B19: =DETAILS!B19 -> SEHRISH | C19: 43 | D19: 30 | E19: 36 | F19: 41 | G19: 25 | H19: 47 | I19: 41 | J19: 30 | K19: 20 | L19: 25 | M19: D | N19: A | O19: B | P19: A | Q19: =SUM(C19:P19) -> 338 | R19: =Q19/5&" %" -> 67.6 % | S19: 87 | T19: 106
B23: CLASS TEACHER'S SIGNATURE | S23: PRINCIPAL'S SIGNATURE

Sheet UT-II
A1: UNIT TEST -II (2024-25) CLASS - NUR
A2: SR. NO. | B2: NAME | C2: ENGLISH WRITTEN | D2: ENGLISH ORAL | E2: ENGLISH DICTATION | F2: HINDI WRITTEN | G2: HINDI ORAL | H2: HINDI DICTATION | I2: MATHS WRITTEN | J2: MATHS ORAL | K2: EVS | L2: CONVERSATION | M2: GK | N2: DRAWING | O2: RHYMES | P2: P.T. & GAMES | Q2: MORAL VALUES | R2: TOTAL
A3: =DETAILS!A3 -> 1944 | B3: =DETAILS!B3 -> AARUSH YADUVANSHI | R3: =SUM(C3:Q3) -> 0
A4: =DETAILS!#REF! -> #REF! | B4: =DETAILS!#REF! -> #REF! | R4: =SUM(C4:Q4) -> 0
A5: =DETAILS!#REF! -> #REF! | B5: =DETAILS!#REF! -> #REF! | R5: =SUM(C5:Q5) -> 0
A6: =DETAILS!A4 -> 1940 | B6: =DETAILS!B4 -> ADITRI CHAUDHARI | R6: =SUM(C6:Q6) -> 0
A7: =DETAILS!A5 -> 1948 | B7: =DETAILS!B5 -> AHEM | R7: =SUM(C7:Q7) -> 0
A8: =DETAILS!#REF! -> #REF! | B8: =DETAILS!#REF! -> #REF! | R8: =SUM(C8:Q8) -> 0
A9: =DETAILS!#REF! -> #REF! | B9: =DETAILS!#REF! -> #REF! | R9: =SUM(C9:Q9) -> 0
A10: =DETAILS!#REF! -> #REF! | B10: =DETAILS!#REF! -> #REF! | R10: =SUM(C10:Q10) -> 0
A11: =DETAILS!#REF! -> #REF! | B11: =DETAILS!#REF! -> #REF! | R11: =SUM(C11:Q11) -> 0
A12: =DETAILS!A6 -> 1868 | B12: =DETAILS!B6 -> ANUSHKA RAJ | R12: =SUM(C12:Q12) -> 0
A13: =DETAILS!A7 -> 1939 | B13: =DETAILS!B7 -> ARNAV SINGH | R13: =SUM(C13:Q13) -> 0
A14: =DETAILS!A8 -> 1956 | B14: =DETAILS!B8 -> ATHARV UPADHYAY | R14: =SUM(C14:Q14) -> 0
A15: =DETAILS!A9 -> 1882 | B15: =DETAILS!B9 -> ATHRAV SINGH | R15: =SUM(C15:Q15) -> 0
A16: =DETAILS!A10 -> 1954 | B16: =DETAILS!B10 -> AVANTIKA | R16: =SUM(C16:Q16) -> 0
A17: =DETAILS!#REF! -> #REF! | B17: =DETAILS!#REF! -> #REF! | R17: =SUM(C17:Q17) -> 0
A18: =DETAILS!#REF! -> #REF! | B18: =DETAILS!#REF! -> #REF! | R18: =SUM(C18:Q18) -> 0
A19: =DETAILS!A11 -> 1923 | B19: =DETAILS!B11 -> AVIKA MAURYA | R19: =SUM(C19:Q19) -> 0
A20: =DETAILS!A12 -> 1893 | B20: =DETAILS!B12 -> DAKSH | R20: =SUM(C20:Q20) -> 0
A21: =DETAILS!#REF! -> #REF! | B21: =DETAILS!#REF! -> #REF! | R21: =SUM(C21:Q21) -> 0
A22: =DETAILS!A13 -> 1843 | B22: =DETAILS!B13 -> DEV MISHRA | R22: =SUM(C22:Q22) -> 0
A23: =DETAILS!#REF! -> #REF! | B23: =DETAILS!#REF! -> #REF! | R23: =SUM(C23:Q23) -> 0
A24: =DETAILS!#REF! -> #REF! | B24: =DETAILS!#REF! -> #REF! | R24: =SUM(C24:Q24) -> 0
A25: =DETAILS!#REF! -> #REF! | B25: =DETAILS!#REF! -> #REF! | R25: =SUM(C25:Q25) -> 0
A26: =DETAILS!A14 -> 1858 | B26: =DETAILS!B14 -> DEVESH RAJPOOT | R26: =SUM(C26:Q26) -> 0
A27: =DETAILS!A15 -> 1877 | B27: =DETAILS!B15 -> INDRABH YADAV | R27: =SUM(C27:Q27) -> 0
A28: =DETAILS!A16 -> 1851 | B28: =DETAILS!B16 -> KARTIKEY SINGH | R28: =SUM(C28:Q28) -> 0
A29: =DETAILS!#REF! -> #REF! | B29: =DETAILS!#REF! -> #REF! | R29: =SUM(C29:Q29) -> 0
A30: =DETAILS!A17 -> 1889 | B30: =DETAILS!B17 -> MOHD. ARIZ | R30: =SUM(C30:Q30) -> 0
A31: =DETAILS!#REF! -> #REF! | B31: =DETAILS!#REF! -> #REF! | R31: =SUM(C31:Q31) -> 0
A32: =DETAILS!#REF! -> #REF! | B32: =DETAILS!#REF! -> #REF! | R32: =SUM(C32:Q32) -> 0
A33: =DETAILS!#REF! -> #REF! | B33: =DETAILS!#REF! -> #REF! | R33: =SUM(C33:Q33) -> 0
A34: =DETAILS!#REF! -> #REF! | B34: =DETAILS!#REF! -> #REF! | R34: =SUM(C34:Q34) -> 0
A35: =DETAILS!A18 -> 1905 | B35: =DETAILS!B18 -> RAVNOOR KAUR | R35: =SUM(C35:Q35) -> 0
A36: =DETAILS!#REF! -> #REF! | B36: =DETAILS!#REF! -> #REF! | R36: =SUM(C36:Q36) -> 0
A37: =DETAILS!#REF! -> #REF! | B37: =DETAILS!#REF! -> #REF! | R37: =SUM(C37:Q37) -> 0
A38: =DETAILS!#REF! -> #REF! | B38: =DETAILS!#REF! -> #REF! | R38: =SUM(C38:Q38) -> 0
A39: =DETAILS!A19 -> 1874 | B39: =DETAILS!B19 -> SEHRISH | R39: =SUM(C39:Q39) -> 0
A40: =DETAILS!A20 -> 0 | B40: =DETAILS!B20 -> 0 | R40: =SUM(C40:Q40) -> 0
A41: =DETAILS!A21 -> 0 | B41: =DETAILS!B21 -> 0 | R41: =SUM(C41:Q41) -> 0

Sheet ANNUAL
A1: ANNUAL EXAMINATION (2024-25) CLASS -NUR
A2: SR. NO. | B2: NAME | C2: ENGLISH WRITTEN | D2: ENGLISH ORAL | E2: ENGLISH DICTATION | F2: HINDI WRITTEN | G2: HINDI ORAL | H2: HINDI DICTATION | I2: MATHS WRITTEN | J2: MATHS ORAL | K2: EVS | L2: CONVERSATION | M2: GK | N2: DRAWING | O2: RHYMES | P2: P.T. & GAMES | Q2: MORAL VALUES | R2: TOTAL ATTENDACE | S2: TOTAL WORKING DAY | T2: REMARKS | U2: TOTAL
A3: =DETAILS!A3 -> 1944 | B3: =DETAILS!B3 -> AARUSH YADUVANSHI | C3: 48 | D3: 50 | E3: 50 | F3: 49 | G3: 50 | H3: 49 | I3: 47 | J3: 45 | K3: 45 | L3: 50 | M3: A | N3: A | O3: A | P3: A | Q3: A | R3: 159 | S3: 214 | T3: Great Potential- Stay Focused! | U3: =SUM(C3:L3) -> 483
A4: =DETAILS!#REF! -> #REF! | B4: =DETAILS!#REF! -> #REF! | C4: 50 | D4: 48 | E4: 50 | F4: 44 | G4: 50 | H4: 48 | I4: 50 | J4: 50 | K4: 50 | L4: 50 | M4: A | N4: A | O4: A | P4: A | Q4: A | R4: 152 | S4: 214 | T4: Outstanding effort all year. | U4: =SUM(C4:L4) -> 490
A5: =DETAILS!#REF! -> #REF! | B5: =DETAILS!#REF! -> #REF! | C5: 29 | D5: 23 | E5: 20 | F5: 28 | G5: 40 | H5: 20 | I5: 46 | J5: 45 | K5: 35 | L5: 30 | M5: B | N5: A | O5: A | P5: A | Q5: A | R5: 105 | S5: 160 | T5: Needs improvement. | U5: =SUM(C5:L5) -> 316
A6: =DETAILS!A4 -> 1940 | B6: =DETAILS!B4 -> ADITRI CHAUDHARI | C6: 35 | D6: 40 | E6: 30 | F6: 34 | G6: 40 | H6: 42 | I6: 46 | J6: 35 | K6: 40 | L6: 30 | M6: A | N6: A | O6: A | P6: A | Q6: A | R6: 129 | S6: 153 | T6: Needs improvement. | U6: =SUM(C6:L6) -> 372
A7: =DETAILS!A5 -> 1948 | B7: =DETAILS!B5 -> AHEM | C7: 47 | D7: 50 | E7: 47 | F7: 50 | G7: 50 | H7: 50 | I7: 50 | J7: 50 | K7: 50 | L7: 45 | M7: A | N7: A | O7: A | P7: A | Q7: A | R7: 174 | S7: 214 | T7: Excellent progress this year! | U7: =SUM(C7:L7) -> 489
A8: =DETAILS!#REF! -> #REF! | B8: =DETAILS!#REF! -> #REF! | C8: 17 | D8: 17 | E8: 17 | F8: 17 | G8: 17 | H8: 17 | I8: 17 | J8: 17 | K8: 17 | L8: 17 | M8: B | N8: B | O8: B | P8: A | Q8: A | R8: 78 | S8: 214 | T8: Needs improvement. | U8: =SUM(C8:L8) -> 170
A9: =DETAILS!#REF! -> #REF! | B9: =DETAILS!#REF! -> #REF! | C9: 44 | D9: 50 | E9: 48 | F9: 45 | G9: 50 | H9: 37 | I9: 48 | J9: 49 | K9: 50 | L9: 48 | M9: A | N9: A | O9: A | P9: A | Q9: A | R9: 184 | S9: 214 | T9: Great Potential- Stay Focused! | U9: =SUM(C9:L9) -> 469
A10: =DETAILS!#REF! -> #REF! | B10: =DETAILS!#REF! -> #REF! | C10: 44 | D10: 45 | E10: 48 | F10: 47 | G10: 48 | H10: 45 | I10: 41 | J10: 45 | K10: 40 | L10: 40 | M10: A | N10: A | O10: A | P10: A | Q10: A | R10: 206 | S10: 214 | T10: Keep up the great work ! | U10: =SUM(C10:L10) -> 443
A11: =DETAILS!#REF! -> #REF! | B11: =DETAILS!#REF! -> #REF! | C11: 40 | D11: 45 | E11: 45 | F11: 42 | G11: 48 | H11: 48 | I11: 48 | J11: 48 | K11: 45 | L11: 45 | M11: A | N11: A | O11: A | P11: A | Q11: A | R11: 167 | S11: 214 | T11: Keep up the great work ! | U11: =SUM(C11:L11) -> 454
A12: =DETAILS!A6 -> 1868 | B12: =DETAILS!B6 -> ANUSHKA RAJ | C12: 46 | D12: 50 | E12: 30 | F12: 46 | G12: 48 | H12: 43 | I12: 50 | J12: 50 | K12: 45 | L12: 45 | M12: A | N12: A | O12: A | P12: A | Q12: A | R12: 161 | S12: 204 | T12: Good. Can do better. | U12: =SUM(C12:L12) -> 453
A13: =DETAILS!A7 -> 1939 | B13: =DETAILS!B7 -> ARNAV SINGH | C13: 39 | D13: 40 | E13: 30 | F13: 38 | G13: 45 | H13: 30 | I13: 40 | J13: 40 | K13: 40 | L13: 35 | M13: A | N13: A | O13: A | P13: A | Q13: A | R13: 122 | S13: 176 | T13: Good. Can do better. | U13: =SUM(C13:L13) -> 377
A14: =DETAILS!A8 -> 1956 | B14: =DETAILS!B8 -> ATHARV UPADHYAY | C14: 33 | D14: 40 | E14: 30 | F14: 33 | G14: 40 | H14: 30 | I14: 45 | J14: 45 | K14: 50 | L14: 40 | M14: A | N14: A | O14: A | P14: A | Q14: A | R14: 107 | S14: 167 | T14: Great Potential- Stay Focused! | U14: =SUM(C14:L14) -> 386
A15: =DETAILS!A9 -> 1882 | B15: =DETAILS!B9 -> ATHRAV SINGH | U15: =SUM(C15:L15) -> 0
A16: =DETAILS!A10 -> 1954 | B16: =DETAILS!B10 -> AVANTIKA | C16: 49 | D16: 50 | E16: 43 | F16: 48 | G16: 49 | H16: 48 | I16: 48 | J16: 48 | K16: 40 | L16: 50 | M16: A | N16: A | O16: A | P16: A | Q16: A | R16: 160 | S16: 214 | T16: Excellent progress this year! | U16: =SUM(C16:L16) -> 473
A17: =DETAILS!#REF! -> #REF! | B17: =DETAILS!#REF! -> #REF! | C17: 45 | D17: 50 | E17: 39 | F17: 46 | G17: 48 | H17: 50 | I17: 50 | J17: 50 | K17: 50 | L17: 50 | M17: A | N17: A | O17: A | P17: A | Q17: A | R17: 177 | S17: 214 | T17: Excellent progress this year! | U17: =SUM(C17:L17) -> 478
A18: =DETAILS!#REF! -> #REF! | B18: =DETAILS!#REF! -> #REF! | C18: 50 | D18: 50 | E18: 50 | F18: 50 | G18: 50 | H18: 50 | I18: 50 | J18: 50 | K18: 50 | L18: 50 | M18: A | N18: A | O18: A | P18: A | Q18: A | R18: 175 | S18: 214 | T18: Out standing effort all year. | U18: =SUM(C18:L18) -> 500
A19: =DETAILS!A11 -> 1923 | B19: =DETAILS!B11 -> AVIKA MAURYA | C19: 50 | D19: 48 | E19: 48 | F19: 40 | G19: 48 | H19: 48 | I19: 48 | J19: 50 | K19: 48 | L19: 48 | M19: A | N19: A | O19: A | P19: A | Q19: A | R19: 163 | S19: 214 | T19: Excellent progress this year! | U19: =SUM(C19:L19) -> 476
A20: =DETAILS!A12 -> 1893 | B20: =DETAILS!B12 -> DAKSH | C20: 50 | D20: 50 | E20: 48 | F20: 50 | G20: 48 | H20: 48 | I20: 50 | J20: 50 | K20: 50 | L20: 50 | M20: A | N20: A | O20: A | P20: A | Q20: A | R20: 110 | S20: 174 | T20: Great Potential- Stay Focused! | U20: =SUM(C20:L20) -> 494
A21: =DETAILS!#REF! -> #REF! | B21: =DETAILS!#REF! -> #REF! | C21: 40 | D21: 48 | E21: 38 | F21: 40 | G21: 45 | H21: 45 | I21: 45 | J21: 45 | K21: 48 | L21: 49 | M21: A | N21: A | O21: A | P21: A | Q21: A | R21: 135 | S21: 179 | T21: Great Potential- Stay Focused! | U21: =SUM(C21:L21) -> 443
A22: =DETAILS!A13 -> 1843 | B22: =DETAILS!B13 -> DEV MISHRA | C22: 46 | D22: 50 | E22: 50 | F22: 49 | G22: 45 | H22: 42 | I22: 47 | J22: 48 | K22: 50 | L22: 50 | M22: A | N22: A | O22: A | P22: A | Q22: A | R22: 170 | S22: 214 | T22: Good. Can do better. | U22: =SUM(C22:L22) -> 477
A23: =DETAILS!#REF! -> #REF! | B23: =DETAILS!#REF! -> #REF! | C23: 35 | D23: 50 | E23: 35 | F23: 43 | G23: 45 | H23: 40 | I23: 49 | J23: 48 | K23: 50 | L23: 50 | M23: A | N23: A | O23: A | P23: A | Q23: A | R23: 166 | S23: 214 | T23: Great Potential- Stay Focused! | U23: =SUM(C23:L23) -> 445
A24: =DETAILS!#REF! -> #REF! | B24: =DETAILS!#REF! -> #REF! | C24: 41 | D24: 50 | E24: 50 | F24: 49 | G24: 45 | H24: 50 | I24: 49 | J24: 48 | K24: 48 | L24: 50 | M24: A | N24: A | O24: A | P24: A | Q24: A | R24: 165 | S24: 214 | T24: Excellent progress this year! | U24: =SUM(C24:L24) -> 480
A25: =DETAILS!#REF! -> #REF! | B25: =DETAILS!#REF! -> #REF! | C25: 43 | D25: 50 | E25: 40 | F25: 44 | G25: 48 | H25: 46 | I25: 49 | J25: 48 | K25: 50 | L25: 48 | M25: A | N25: B | O25: A | P25: A | Q25: A | R25: 153 | S25: 169 | T25: Good. Can do better. | U25: =SUM(C25:L25) -> 466
A26: =DETAILS!A14 -> 1858 | B26: =DETAILS!B14 -> DEVESH RAJPOOT | C26: 44 | D26: 48 | E26: 42 | F26: 50 | G26: 48 | H26: 45 | I26: 50 | J26: 45 | K26: 48 | L26: 50 | M26: A | N26: B | O26: A | P26: A | Q26: A | R26: 153 | S26: 169 | T26: Great Potential- Stay Focused! | U26: =SUM(C26:L26) -> 470
A27: =DETAILS!A15 -> 1877 | B27: =DETAILS!B15 -> INDRABH YADAV | C27: 17 | D27: 17 | E27: 17 | F27: 35 | G27: 40 | H27: 17 | I27: 42 | J27: 40 | K27: 17 | L27: 17 | M27: B | N27: B | O27: B | P27: A | Q27: A | R27: 136 | S27: 174 | T27: Good. Can do better. | U27: =SUM(C27:L27) -> 259
A28: =DETAILS!A16 -> 1851 | B28: =DETAILS!B16 -> KARTIKEY SINGH | C28: 44 | D28: 50 | E28: 36 | F28: 45 | G28: 45 | H28: 45 | I28: 50 | J28: 45 | K28: 50 | L28: 50 | M28: A | N28: A | O28: A | P28: A | Q28: A | R28: 140 | S28: 155 | T28: Great Potential- Stay Focused! | U28: =SUM(C28:L28) -> 460
A29: =DETAILS!#REF! -> #REF! | B29: =DETAILS!#REF! -> #REF! | C29: 50 | D29: 50 | E29: 50 | F29: 50 | G29: 45 | H29: 50 | I29: 50 | J29: 50 | K29: 50 | L29: 50 | M29: A | N29: A | O29: A | P29: A | Q29: A | R29: 159 | S29: 214 | T29: Excellent progress this year! | U29: =SUM(C29:L29) -> 495
A30: =DETAILS!A17 -> 1889 | B30: =DETAILS!B17 -> MOHD. ARIZ | C30: 48 | D30: 50 | E30: 50 | F30: 48 | G30: 49 | H30: 50 | I30: 50 | J30: 50 | K30: 50 | L30: 50 | M30: A | N30: A | O30: A | P30: A | Q30: A | R30: 174 | S30: 201 | T30: Outstanding effort all year. | U30: =SUM(C30:L30) -> 495
A31: =DETAILS!#REF! -> #REF! | B31: =DETAILS!#REF! -> #REF! | U31: =SUM(C31:L31) -> 0
A32: =DETAILS!#REF! -> #REF! | B32: =DETAILS!#REF! -> #REF! | U32: =SUM(C32:L32) -> 0
A33: =DETAILS!#REF! -> #REF! | B33: =DETAILS!#REF! -> #REF! | U33: =SUM(C33:L33) -> 0
A34: =DETAILS!#REF! -> #REF! | B34: =DETAILS!#REF! -> #REF! | U34: =SUM(C34:L34) -> 0
A35: =DETAILS!A18 -> 1905 | B35: =DETAILS!B18 -> RAVNOOR KAUR | U35: =SUM(C35:L35) -> 0
A36: =DETAILS!#REF! -> #REF! | B36: =DETAILS!#REF! -> #REF! | U36: =SUM(C36:L36) -> 0
A37: =DETAILS!#REF! -> #REF! | B37: =DETAILS!#REF! -> #REF! | U37: =SUM(C37:L37) -> 0
A38: =DETAILS!#REF! -> #REF! | B38: =DETAILS!#REF! -> #REF! | U38: =SUM(C38:L38) -> 0
A39: =DETAILS!A19 -> 1874 | B39: =DETAILS!B19 -> SEHRISH | U39: =SUM(C39:L39) -> 0
A40: =DETAILS!A20 -> 0 | B40: =DETAILS!B20 -> 0 | U40: =SUM(C40:L40) -> 0
A41: =DETAILS!A21 -> 0 | B41: =DETAILS!B21 -> 0 | U41: =SUM(C41:L41) -> 0

Sheet COMIPLE RESULT
A1: COMPILE TABULATION(2024-25) CLASS -NUR
A2: SR. NO. | B2: NAME | C2: ENGLISH WRITTEN | G2: ENGLISH ORAL | K2: ENGLISH DICTATION | O2: HINDI WRITTEN | S2: HINDI ORAL | W2: HINDI DICTATION | AA2: MATHS WRITTEN | AE2: MATHS ORAL | AI2: EVS | AM2: CONVERSATION | AQ2: GK | AU2: DRAWING | AY2: RHYMES | BC2: PT. & GAMES | BG2: MORAL VALUES | BK2: ATTENDANCE | BM2: REMARKS
C3: UT-I | D3: HY | E3: UT-II | F3: ANNUAL | G3: UT-I | H3: HY | I3: UT-II | J3: ANNUAL | K3: UT-I | L3: HY | M3: UT-II | N3: ANNUAL | O3: UT-I | P3: HY | Q3: UT-II | R3: ANNUAL | S3: UT-I | T3: HY | U3: UT-II | V3: ANNUAL | W3: UT-I | X3: HY | Y3: UT-II | Z3: ANNUAL | AA3: UT-I | AB3: HY | AC3: UT-II | AD3: ANNUAL | AE3: UT-I | AF3: HY | AG3: UT-II | AH3: ANNUAL | AI3: UT-I | AJ3: HY | AK3: UT-II | AL3: ANNUAL | AM3: UT-I | AN3: HY | AO3: UT-II | AP3: ANNUAL | AQ3: UT-I | AR3: HY | AS3: UT-II | AT3: ANNUAL | AU3: UT-I | AV3: HY | AW3: UT-II | AX3: ANNUAL | AY3: UT-I | AZ3: HY | BA3: UT-II | BB3: ANNUAL | BC3: UT-I | BD3: HY | BE3: UT-II | BF3: ANNUAL | BG3: UT-I | BH3: HY | BI3: UT-II | BJ3: ANNUAL | BK3: PRESENT | BL3: WORKING DAYS
A4: =DETAILS!A3 -> 1944 | B4: =DETAILS!B3 -> AARUSH YADUVANSHI | C4: =VLOOKUP(A4,'UT-I'!$A$1:$EA$1758,3,0) -> NA | D4: =VLOOKUP($A4,'HALF YEARLY'!$1:$1048576,3,0) -> AB | E4: =VLOOKUP($A4,'UT-II'!$1:$1048576,3,0) -> 0 | F4: =VLOOKUP($A4,ANNUAL!$1:$1048576,3,0) -> 48 | G4: =VLOOKUP($A$4,'UT-I'!$A$1:$EA$1758,4,0) -> 17 | H4: =VLOOKUP($A4,'HALF YEARLY'!$1:$1048576,4,0) -> AB | I4: =VLOOKUP($A4,'UT-II'!$1:$1048576,4,0) -> 0 | J4: =VLOOKUP($A4,ANNUAL!$1:$1048576,4,0) -> 50 | K4: =VLOOKUP(A4,'UT-I'!$A$1:$EA$1758,5,0) -> NA | L4: =VLOOKUP($A4,'HALF YEARLY'!$1:$1048576,5,0) -> AB | M4: =VLOOKUP($A4,'UT-II'!$1:$1048576,5,0) -> 0 | N4: =VLOOKUP($A4,ANNUAL!$1:$1048576,5,0) -> 50 | O4: =VLOOKUP(A4,'UT-I'!$A$1:$EA$1758,6,0) -> NA | P4: =VLOOKUP($A4,'HALF YEARLY'!$1:$1048576,6,0) -> AB | Q4: =VLOOKUP($A4,'UT-II'!$1:$1048576,6,0) -> 0 | R4: =VLOOKUP($A4,ANNUAL!$1:$1048576,6,0) -> 49 | S4: =VLOOKUP(A4,'UT-I'!$A$1:$EA$1758,7,0) -> 17 | T4: =VLOOKUP($A4,'HALF YEARLY'!$1:$1048576,7,0) -> AB | U4: =VLOOKUP($A4,'UT-II'!$1:$1048576,7,0) -> 0 | V4: =VLOOKUP($A4,ANNUAL!$1:$1048576,7,0) -> 50 | W4: =VLOOKUP(A4,'UT-I'!$A$1:$EA$1758,8,0) -> NA | X4: =VLOOKUP($A4,'HALF YEARLY'!$1:$1048576,8,0) -> AB | Y4: =VLOOKUP($A4,'UT-II'!$1:$1048576,8,0) -> 0 | Z4: =VLOOKUP($A4,ANNUAL!$1:$1048576,8,0) -> 49 | AA4: =VLOOKUP(A4,'UT-I'!$A$1:$EA$1758,9,0) -> NA | AB4: =VLOOKUP($A4,'HALF YEARLY'!$1:$1048576,9,0) -> AB | AC4: =VLOOKUP($A4,'UT-II'!$1:$1048576,9,0) -> 0 | AD4: =VLOOKUP($A4,ANNUAL!$1:$1048576,9,0) -> 47 | AE4: =VLOOKUP(A4,'UT-I'!$A$1:$EA$1758,10,0) -> 17 | AF4: =VLOOKUP($A4,'HALF YEARLY'!$1:$1048576,10,0) -> AB | AG4: =VLOOKUP($A4,'UT-II'!$1:$1048576,10,0) -> 0 | AH4: =VLOOKUP($A4,ANNUAL!$1:$1048576,10,0) -> 45 | AI4: =VLOOKUP(A4,'UT-I'!$A$1:$EA$1758,11,0) -> 17 | AJ4: =VLOOKUP($A4,'HALF YEARLY'!$1:$1048576,11,0) -> AB | AK4: =VLOOKUP($A4,'UT-II'!$1:$1048576,11,0) -> 0 | AL4: =VLOOKUP($A4,ANNUAL!$1:$1048576,11,0) -> 45 | AM4: =VLOOKUP(A4,'UT-I'!$A$1:$EA$1758,12,0) -> 17 | AN4: =VLOOKUP($A4,'HALF YEARLY'!$1:$1048576,12,0) -> AB | AO4: =VLOOKUP($A4,'UT-II'!$1:$1048576,12,0) -> 0 | AP4: =VLOOKUP($A4,ANNUAL!$1:$1048576,12,0) -> 50 | AQ4: =VLOOKUP(A4,'UT-I'!$A$1:$EA$1758,13,0) -> AB | AR4: =VLOOKUP($A4,'HALF YEARLY'!$1:$1048576,13,0) -> AB | AS4: =VLOOKUP($A4,'UT-II'!$1:$1048576,13,0) -> 0 | AT4: =VLOOKUP($A4,ANNUAL!$1:$1048576,13,0) -> A | AU4: =VLOOKUP(A4,'UT-I'!$A$1:$EA$1758,14,0) -> NA | AV4: =VLOOKUP($A4,'HALF YEARLY'!$1:$1048576,14,0) -> AB | AW4: =VLOOKUP($A4,'UT-II'!$1:$1048576,14,0) -> 0 | AX4: =VLOOKUP($A4,ANNUAL!$1:$1048576,14,0) -> A | AY4: =VLOOKUP(A4,'UT-I'!$A$1:$EA$1758,15,0) -> B | AZ4: =VLOOKUP($A4,'HALF YEARLY'!$1:$1048576,15,0) -> AB | BA4: =VLOOKUP($A4,'UT-II'!$1:$1048576,15,0) -> 0 | BB4: =VLOOKUP($A4,ANNUAL!$1:$1048576,15,0) -> A | BC4: =VLOOKUP(A4,'UT-I'!$A$1:$EA$1758,16,0) -> B | BD4: =VLOOKUP($A4,'HALF YEARLY'!$1:$1048576,16,0) -> AB | BE4: =VLOOKUP($A4,'UT-II'!$1:$1048576,16,0) -> 0 | BF4: =VLOOKUP($A4,ANNUAL!$1:$1048576,16,0) -> A | BG4: =VLOOKUP(A4,'UT-I'!$A$1:$EA$1758,17,0) -> 85 | BH4: =VLOOKUP($A4,'HALF YEARLY'!$1:$1048576,17,0) -> 0 | BI4: =VLOOKUP($A4,'UT-II'!$1:$1048576,17,0) -> 0 | BJ4: =VLOOKUP($A4,ANNUAL!$1:$1048576,17,0) -> A | BK4: =VLOOKUP($A4,ANNUAL!$1:$1048576,18,0) -> 159 | BL4: =VLOOKUP($A4,ANNUAL!$1:$1048576,19,0) -> 214 | BM4: =VLOOKUP($A4,ANNUAL!$1:$1048576,20,0) -> Great Potential- Stay Focused!
A5: =DETAILS!#REF! -> #REF! | B5: =DETAILS!#REF! -> #REF! | C5: =VLOOKUP(A5,'UT-I'!$A$1:$EA$1758,3,0) -> #REF! | D5: =VLOOKUP($A5,'HALF YEARLY'!$1:$1048576,3,0) -> #REF! | E5: =VLOOKUP($A5,'UT-II'!$1:$1048576,3,0) -> #REF! | F5: =VLOOKUP($A5,ANNUAL!$1:$1048576,3,0) -> #REF! | G5: =VLOOKUP(A5,'UT-I'!$A$1:$EA$1758,4,0) -> #REF! | H5: =VLOOKUP($A5,'HALF YEARLY'!$1:$1048576,4,0) -> #REF! | I5: =VLOOKUP($A5,'UT-II'!$1:$1048576,4,0) -> #REF! | J5: =VLOOKUP($A5,ANNUAL!$1:$1048576,4,0) -> #REF! | K5: =VLOOKUP(A5,'UT-I'!$A$1:$EA$1758,5,0) -> #REF! | L5: =VLOOKUP($A5,'HALF YEARLY'!$1:$1048576,5,0) -> #REF! | M5: =VLOOKUP($A5,'UT-II'!$1:$1048576,5,0) -> #REF! | N5: =VLOOKUP($A5,ANNUAL!$1:$1048576,5,0) -> #REF! | O5: =VLOOKUP(A5,'UT-I'!$A$1:$EA$1758,6,0) -> #REF! | P5: =VLOOKUP($A5,'HALF YEARLY'!$1:$1048576,6,0) -> #REF! | Q5: =VLOOKUP($A5,'UT-II'!$1:$1048576,6,0) -> #REF! | R5: =VLOOKUP($A5,ANNUAL!$1:$1048576,6,0) -> #REF! | S5: =VLOOKUP(A5,'UT-I'!$A$1:$EA$1758,7,0) -> #REF! | T5: =VLOOKUP($A5,'HALF YEARLY'!$1:$1048576,7,0) -> #REF! | U5: =VLOOKUP($A5,'UT-II'!$1:$1048576,7,0) -> #REF! | V5: =VLOOKUP($A5,ANNUAL!$1:$1048576,7,0) -> #REF! | W5: =VLOOKUP(A5,'UT-I'!$A$1:$EA$1758,8,0) -> #REF! | X5: =VLOOKUP($A5,'HALF YEARLY'!$1:$1048576,8,0) -> #REF! | Y5: =VLOOKUP($A5,'UT-II'!$1:$1048576,8,0) -> #REF! | Z5: =VLOOKUP($A5,ANNUAL!$1:$1048576,8,0) -> #REF! | AA5: =VLOOKUP(A5,'UT-I'!$A$1:$EA$1758,9,0) -> #REF! | AB5: =VLOOKUP($A5,'HALF YEARLY'!$1:$1048576,9,0) -> #REF! | AC5: =VLOOKUP($A5,'UT-II'!$1:$1048576,9,0) -> #REF! | AD5: =VLOOKUP($A5,ANNUAL!$1:$1048576,9,0) -> #REF! | AE5: =VLOOKUP(A5,'UT-I'!$A$1:$EA$1758,10,0) -> #REF! | AF5: =VLOOKUP($A5,'HALF YEARLY'!$1:$1048576,10,0) -> #REF! | AG5: =VLOOKUP($A5,'UT-II'!$1:$1048576,10,0) -> #REF! | AH5: =VLOOKUP($A5,ANNUAL!$1:$1048576,10,0) -> #REF! | AI5: =VLOOKUP(A5,'UT-I'!$A$1:$EA$1758,11,0) -> #REF! | AJ5: =VLOOKUP($A5,'HALF YEARLY'!$1:$1048576,11,0) -> #REF! | AK5: =VLOOKUP($A5,'UT-II'!$1:$1048576,11,0) -> #REF! | AL5: =VLOOKUP($A5,ANNUAL!$1:$1048576,11,0) -> #REF! | AM5: =VLOOKUP(A5,'UT-I'!$A$1:$EA$1758,12,0) -> #REF! | AN5: =VLOOKUP($A5,'HALF YEARLY'!$1:$1048576,12,0) -> #REF! | AO5: =VLOOKUP($A5,'UT-II'!$1:$1048576,12,0) -> #REF! | AP5: =VLOOKUP($A5,ANNUAL!$1:$1048576,12,0) -> #REF! | AQ5: =VLOOKUP(A5,'UT-I'!$A$1:$EA$1758,13,0) -> #REF! | AR5: =VLOOKUP($A5,'HALF YEARLY'!$1:$1048576,13,0) -> #REF! | AS5: =VLOOKUP($A5,'UT-II'!$1:$1048576,13,0) -> #REF! | AT5: =VLOOKUP($A5,ANNUAL!$1:$1048576,13,0) -> #REF! | AU5: =VLOOKUP(A5,'UT-I'!$A$1:$EA$1758,14,0) -> #REF! | AV5: =VLOOKUP($A5,'HALF YEARLY'!$1:$1048576,14,0) -> #REF! | AW5: =VLOOKUP($A5,'UT-II'!$1:$1048576,14,0) -> #REF! | AX5: =VLOOKUP($A5,ANNUAL!$1:$1048576,14,0) -> #REF! | AY5: =VLOOKUP(A5,'UT-I'!$A$1:$EA$1758,15,0) -> #REF! | AZ5: =VLOOKUP($A5,'HALF YEARLY'!$1:$1048576,15,0) -> #REF! | BA5: =VLOOKUP($A5,'UT-II'!$1:$1048576,15,0) -> #REF! | BB5: =VLOOKUP($A5,ANNUAL!$1:$1048576,15,0) -> #REF! | BC5: =VLOOKUP(A5,'UT-I'!$A$1:$EA$1758,16,0) -> #REF! | BD5: =VLOOKUP($A5,'HALF YEARLY'!$1:$1048576,16,0) -> #REF! | BE5: =VLOOKUP($A5,'UT-II'!$1:$1048576,16,0) -> #REF! | BF5: =VLOOKUP($A5,ANNUAL!$1:$1048576,16,0) -> #REF! | BG5: =VLOOKUP(A5,'UT-I'!$A$1:$EA$1758,17,0) -> #REF! | BH5: =VLOOKUP($A5,'HALF YEARLY'!$1:$1048576,17,0) -> #REF! | BI5: =VLOOKUP($A5,'UT-II'!$1:$1048576,17,0) -> #REF! | BJ5: =VLOOKUP($A5,ANNUAL!$1:$1048576,17,0) -> #REF! | BK5: =VLOOKUP($A5,ANNUAL!$1:$1048576,18,0) -> #REF! | BL5: =VLOOKUP($A5,ANNUAL!$1:$1048576,19,0) -> #REF! | BM5: =VLOOKUP($A5,ANNUAL!$1:$1048576,20,0) -> #REF!
A6: =DETAILS!#REF! -> #REF! | B6: =DETAILS!#REF! -> #REF! | C6: =VLOOKUP(A6,'UT-I'!$A$1:$EA$1758,3,0) -> #REF! | D6: =VLOOKUP($A6,'HALF YEARLY'!$1:$1048576,3,0) -> #REF! | E6: =VLOOKUP($A6,'UT-II'!$1:$1048576,3,0) -> #REF! | F6: =VLOOKUP($A6,ANNUAL!$1:$1048576,3,0) -> #REF! | G6: =VLOOKUP(A6,'UT-I'!$A$1:$EA$1758,4,0) -> #REF! | H6: =VLOOKUP($A6,'HALF YEARLY'!$1:$1048576,4,0) -> #REF! | I6: =VLOOKUP($A6,'UT-II'!$1:$1048576,4,0) -> #REF! | J6: =VLOOKUP($A6,ANNUAL!$1:$1048576,4,0) -> #REF! | K6: =VLOOKUP(A6,'UT-I'!$A$1:$EA$1758,5,0) -> #REF! | L6: =VLOOKUP($A6,'HALF YEARLY'!$1:$1048576,5,0) -> #REF! | M6: =VLOOKUP($A6,'UT-II'!$1:$1048576,5,0) -> #REF! | N6: =VLOOKUP($A6,ANNUAL!$1:$1048576,5,0) -> #REF! | O6: =VLOOKUP(A6,'UT-I'!$A$1:$EA$1758,6,0) -> #REF! | P6: =VLOOKUP($A6,'HALF YEARLY'!$1:$1048576,6,0) -> #REF! | Q6: =VLOOKUP($A6,'UT-II'!$1:$1048576,6,0) -> #REF! | R6: =VLOOKUP($A6,ANNUAL!$1:$1048576,6,0) -> #REF! | S6: =VLOOKUP(A6,'UT-I'!$A$1:$EA$1758,7,0) -> #REF! | T6: =VLOOKUP($A6,'HALF YEARLY'!$1:$1048576,7,0) -> #REF! | U6: =VLOOKUP($A6,'UT-II'!$1:$1048576,7,0) -> #REF! | V6: =VLOOKUP($A6,ANNUAL!$1:$1048576,7,0) -> #REF! | W6: =VLOOKUP(A6,'UT-I'!$A$1:$EA$1758,8,0) -> #REF! | X6: =VLOOKUP($A6,'HALF YEARLY'!$1:$1048576,8,0) -> #REF! | Y6: =VLOOKUP($A6,'UT-II'!$1:$1048576,8,0) -> #REF! | Z6: =VLOOKUP($A6,ANNUAL!$1:$1048576,8,0) -> #REF! | AA6: =VLOOKUP(A6,'UT-I'!$A$1:$EA$1758,9,0) -> #REF! | AB6: =VLOOKUP($A6,'HALF YEARLY'!$1:$1048576,9,0) -> #REF! | AC6: =VLOOKUP($A6,'UT-II'!$1:$1048576,9,0) -> #REF! | AD6: =VLOOKUP($A6,ANNUAL!$1:$1048576,9,0) -> #REF! | AE6: =VLOOKUP(A6,'UT-I'!$A$1:$EA$1758,10,0) -> #REF! | AF6: =VLOOKUP($A6,'HALF YEARLY'!$1:$1048576,10,0) -> #REF! | AG6: =VLOOKUP($A6,'UT-II'!$1:$1048576,10,0) -> #REF! | AH6: =VLOOKUP($A6,ANNUAL!$1:$1048576,10,0) -> #REF! | AI6: =VLOOKUP(A6,'UT-I'!$A$1:$EA$1758,11,0) -> #REF! | AJ6: =VLOOKUP($A6,'HALF YEARLY'!$1:$1048576,11,0) -> #REF! | AK6: =VLOOKUP($A6,'UT-II'!$1:$1048576,11,0) -> #REF! | AL6: =VLOOKUP($A6,ANNUAL!$1:$1048576,11,0) -> #REF! | AM6: =VLOOKUP(A6,'UT-I'!$A$1:$EA$1758,12,0) -> #REF! | AN6: =VLOOKUP($A6,'HALF YEARLY'!$1:$1048576,12,0) -> #REF! | AO6: =VLOOKUP($A6,'UT-II'!$1:$1048576,12,0) -> #REF! | AP6: =VLOOKUP($A6,ANNUAL!$1:$1048576,12,0) -> #REF! | AQ6: =VLOOKUP(A6,'UT-I'!$A$1:$EA$1758,13,0) -> #REF! | AR6: =VLOOKUP($A6,'HALF YEARLY'!$1:$1048576,13,0) -> #REF! | AS6: =VLOOKUP($A6,'UT-II'!$1:$1048576,13,0) -> #REF! | AT6: =VLOOKUP($A6,ANNUAL!$1:$1048576,13,0) -> #REF! | AU6: =VLOOKUP(A6,'UT-I'!$A$1:$EA$1758,14,0) -> #REF! | AV6: =VLOOKUP($A6,'HALF YEARLY'!$1:$1048576,14,0) -> #REF! | AW6: =VLOOKUP($A6,'UT-II'!$1:$1048576,14,0) -> #REF! | AX6: =VLOOKUP($A6,ANNUAL!$1:$1048576,14,0) -> #REF! | AY6: =VLOOKUP(A6,'UT-I'!$A$1:$EA$1758,15,0) -> #REF! | AZ6: =VLOOKUP($A6,'HALF YEARLY'!$1:$1048576,15,0) -> #REF! | BA6: =VLOOKUP($A6,'UT-II'!$1:$1048576,15,0) -> #REF! | BB6: =VLOOKUP($A6,ANNUAL!$1:$1048576,15,0) -> #REF! | BC6: =VLOOKUP(A6,'UT-I'!$A$1:$EA$1758,16,0) -> #REF! | BD6: =VLOOKUP($A6,'HALF YEARLY'!$1:$1048576,16,0) -> #REF! | BE6: =VLOOKUP($A6,'UT-II'!$1:$1048576,16,0) -> #REF! | BF6: =VLOOKUP($A6,ANNUAL!$1:$1048576,16,0) -> #REF! | BG6: =VLOOKUP(A6,'UT-I'!$A$1:$EA$1758,17,0) -> #REF! | BH6: =VLOOKUP($A6,'HALF YEARLY'!$1:$1048576,17,0) -> #REF! | BI6: =VLOOKUP($A6,'UT-II'!$1:$1048576,17,0) -> #REF! | BJ6: =VLOOKUP($A6,ANNUAL!$1:$1048576,17,0) -> #REF! | BK6: =VLOOKUP($A6,ANNUAL!$1:$1048576,18,0) -> #REF! | BL6: =VLOOKUP($A6,ANNUAL!$1:$1048576,19,0) -> #REF! | BM6: =VLOOKUP($A6,ANNUAL!$1:$1048576,20,0) -> #REF!
A7: =DETAILS!A4 -> 1940 | B7: =DETAILS!B4 -> ADITRI CHAUDHARI | C7: =VLOOKUP(A7,'UT-I'!$A$1:$EA$1758,3,0) -> NA | D7: =VLOOKUP($A7,'HALF YEARLY'!$1:$1048576,3,0) -> 41 | E7: =VLOOKUP($A7,'UT-II'!$1:$1048576,3,0) -> 0 | F7: =VLOOKUP($A7,ANNUAL!$1:$1048576,3,0) -> 35 | G7: =VLOOKUP(A7,'UT-I'!$A$1:$EA$1758,4,0) -> 17 | H7: =VLOOKUP($A7,'HALF YEARLY'!$1:$1048576,4,0) -> 30 | I7: =VLOOKUP($A7,'UT-II'!$1:$1048576,4,0) -> 0 | J7: =VLOOKUP($A7,ANNUAL!$1:$1048576,4,0) -> 40 | K7: =VLOOKUP(A7,'UT-I'!$A$1:$EA$1758,5,0) -> NA | L7: =VLOOKUP($A7,'HALF YEARLY'!$1:$1048576,5,0) -> 21 | M7: =VLOOKUP($A7,'UT-II'!$1:$1048576,5,0) -> 0 | N7: =VLOOKUP($A7,ANNUAL!$1:$1048576,5,0) -> 30 | O7: =VLOOKUP(A7,'UT-I'!$A$1:$EA$1758,6,0) -> NA | P7: =VLOOKUP($A7,'HALF YEARLY'!$1:$1048576,6,0) -> 43 | Q7: =VLOOKUP($A7,'UT-II'!$1:$1048576,6,0) -> 0 | R7: =VLOOKUP($A7,ANNUAL!$1:$1048576,6,0) -> 34 | S7: =VLOOKUP(A7,'UT-I'!$A$1:$EA$1758,7,0) -> 17 | T7: =VLOOKUP($A7,'HALF YEARLY'!$1:$1048576,7,0) -> 30 | U7: =VLOOKUP($A7,'UT-II'!$1:$1048576,7,0) -> 0 | V7: =VLOOKUP($A7,ANNUAL!$1:$1048576,7,0) -> 40 | W7: =VLOOKUP(A7,'UT-I'!$A$1:$EA$1758,8,0) -> NA | X7: =VLOOKUP($A7,'HALF YEARLY'!$1:$1048576,8,0) -> 25 | Y7: =VLOOKUP($A7,'UT-II'!$1:$1048576,8,0) -> 0 | Z7: =VLOOKUP($A7,ANNUAL!$1:$1048576,8,0) -> 42 | AA7: =VLOOKUP(A7,'UT-I'!$A$1:$EA$1758,9,0) -> NA | AB7: =VLOOKUP($A7,'HALF YEARLY'!$1:$1048576,9,0) -> 37 | AC7: =VLOOKUP($A7,'UT-II'!$1:$1048576,9,0) -> 0 | AD7: =VLOOKUP($A7,ANNUAL!$1:$1048576,9,0) -> 46 | AE7: =VLOOKUP(A7,'UT-I'!$A$1:$EA$1758,10,0) -> 17 | AF7: =VLOOKUP($A7,'HALF YEARLY'!$1:$1048576,10,0) -> 20 | AG7: =VLOOKUP($A7,'UT-II'!$1:$1048576,10,0) -> 0 | AH7: =VLOOKUP($A7,ANNUAL!$1:$1048576,10,0) -> 35 | AI7: =VLOOKUP(A7,'UT-I'!$A$1:$EA$1758,11,0) -> 17 | AJ7: =VLOOKUP($A7,'HALF YEARLY'!$1:$1048576,11,0) -> 20 | AK7: =VLOOKUP($A7,'UT-II'!$1:$1048576,11,0) -> 0 | AL7: =VLOOKUP($A7,ANNUAL!$1:$1048576,11,0) -> 40 | AM7: =VLOOKUP(A7,'UT-I'!$A$1:$EA$1758,12,0) -> 17 | AN7: =VLOOKUP($A7,'HALF YEARLY'!$1:$1048576,12,0) -> 20 | AO7: =VLOOKUP($A7,'UT-II'!$1:$1048576,12,0) -> 0 | AP7: =VLOOKUP($A7,ANNUAL!$1:$1048576,12,0) -> 30 | AQ7: =VLOOKUP(A7,'UT-I'!$A$1:$EA$1758,13,0) -> D | AR7: =VLOOKUP($A7,'HALF YEARLY'!$1:$1048576,13,0) -> D | AS7: =VLOOKUP($A7,'UT-II'!$1:$1048576,13,0) -> 0 | AT7: =VLOOKUP($A7,ANNUAL!$1:$1048576,13,0) -> A | AU7: =VLOOKUP(A7,'UT-I'!$A$1:$EA$1758,14,0) -> NA | AV7: =VLOOKUP($A7,'HALF YEARLY'!$1:$1048576,14,0) -> C | AW7: =VLOOKUP($A7,'UT-II'!$1:$1048576,14,0) -> 0 | AX7: =VLOOKUP($A7,ANNUAL!$1:$1048576,14,0) -> A | AY7: =VLOOKUP(A7,'UT-I'!$A$1:$EA$1758,15,0) -> D | AZ7: =VLOOKUP($A7,'HALF YEARLY'!$1:$1048576,15,0) -> A | BA7: =VLOOKUP($A7,'UT-II'!$1:$1048576,15,0) -> 0 | BB7: =VLOOKUP($A7,ANNUAL!$1:$1048576,15,0) -> A | BC7: =VLOOKUP(A7,'UT-I'!$A$1:$EA$1758,16,0) -> D | BD7: =VLOOKUP($A7,'HALF YEARLY'!$1:$1048576,16,0) -> B | BE7: =VLOOKUP($A7,'UT-II'!$1:$1048576,16,0) -> 0 | BF7: =VLOOKUP($A7,ANNUAL!$1:$1048576,16,0) -> A | BG7: =VLOOKUP(A7,'UT-I'!$A$1:$EA$1758,17,0) -> 85 | BH7: =VLOOKUP($A7,'HALF YEARLY'!$1:$1048576,17,0) -> 287 | BI7: =VLOOKUP($A7,'UT-II'!$1:$1048576,17,0) -> 0 | BJ7: =VLOOKUP($A7,ANNUAL!$1:$1048576,17,0) -> A | BK7: =VLOOKUP($A7,ANNUAL!$1:$1048576,18,0) -> 129 | BL7: =VLOOKUP($A7,ANNUAL!$1:$1048576,19,0) -> 153 | BM7: =VLOOKUP($A7,ANNUAL!$1:$1048576,20,0) -> Needs improvement.
A8: =DETAILS!A5 -> 1948 | B8: =DETAILS!B5 -> AHEM | C8: =VLOOKUP(A8,'UT-I'!$A$1:$EA$1758,3,0) -> NA | D8: =VLOOKUP($A8,'HALF YEARLY'!$1:$1048576,3,0) -> 46 | E8: =VLOOKUP($A8,'UT-II'!$1:$1048576,3,0) -> 0 | F8: =VLOOKUP($A8,ANNUAL!$1:$1048576,3,0) -> 47 | G8: =VLOOKUP(A8,'UT-I'!$A$1:$EA$1758,4,0) -> NA | H8: =VLOOKUP($A8,'HALF YEARLY'!$1:$1048576,4,0) -> 35 | I8: =VLOOKUP($A8,'UT-II'!$1:$1048576,4,0) -> 0 | J8: =VLOOKUP($A8,ANNUAL!$1:$1048576,4,0) -> 50 | K8: =VLOOKUP(A8,'UT-I'!$A$1:$EA$1758,5,0) -> 50 | L8: =VLOOKUP($A8,'HALF YEARLY'!$1:$1048576,5,0) -> 48 | M8: =VLOOKUP($A8,'UT-II'!$1:$1048576,5,0) -> 0 | N8: =VLOOKUP($A8,ANNUAL!$1:$1048576,5,0) -> 47 | O8: =VLOOKUP(A8,'UT-I'!$A$1:$EA$1758,6,0) -> NA | P8: =VLOOKUP($A8,'HALF YEARLY'!$1:$1048576,6,0) -> 48 | Q8: =VLOOKUP($A8,'UT-II'!$1:$1048576,6,0) -> 0 | R8: =VLOOKUP($A8,ANNUAL!$1:$1048576,6,0) -> 50 | S8: =VLOOKUP(A8,'UT-I'!$A$1:$EA$1758,7,0) -> NA | T8: =VLOOKUP($A8,'HALF YEARLY'!$1:$1048576,7,0) -> 45 | U8: =VLOOKUP($A8,'UT-II'!$1:$1048576,7,0) -> 0 | V8: =VLOOKUP($A8,ANNUAL!$1:$1048576,7,0) -> 50 | W8: =VLOOKUP(A8,'UT-I'!$A$1:$EA$1758,8,0) -> NA | X8: =VLOOKUP($A8,'HALF YEARLY'!$1:$1048576,8,0) -> 49 | Y8: =VLOOKUP($A8,'UT-II'!$1:$1048576,8,0) -> 0 | Z8: =VLOOKUP($A8,ANNUAL!$1:$1048576,8,0) -> 50 | AA8: =VLOOKUP(A8,'UT-I'!$A$1:$EA$1758,9,0) -> NA | AB8: =VLOOKUP($A8,'HALF YEARLY'!$1:$1048576,9,0) -> 42 | AC8: =VLOOKUP($A8,'UT-II'!$1:$1048576,9,0) -> 0 | AD8: =VLOOKUP($A8,ANNUAL!$1:$1048576,9,0) -> 50 | AE8: =VLOOKUP(A8,'UT-I'!$A$1:$EA$1758,10,0) -> NA | AF8: =VLOOKUP($A8,'HALF YEARLY'!$1:$1048576,10,0) -> 35 | AG8: =VLOOKUP($A8,'UT-II'!$1:$1048576,10,0) -> 0 | AH8: =VLOOKUP($A8,ANNUAL!$1:$1048576,10,0) -> 50 | AI8: =VLOOKUP(A8,'UT-I'!$A$1:$EA$1758,11,0) -> NA | AJ8: =VLOOKUP($A8,'HALF YEARLY'!$1:$1048576,11,0) -> 30 | AK8: =VLOOKUP($A8,'UT-II'!$1:$1048576,11,0) -> 0 | AL8: =VLOOKUP($A8,ANNUAL!$1:$1048576,11,0) -> 50 | AM8: =VLOOKUP(A8,'UT-I'!$A$1:$EA$1758,12,0) -> NA | AN8: =VLOOKUP($A8,'HALF YEARLY'!$1:$1048576,12,0) -> 40 | AO8: =VLOOKUP($A8,'UT-II'!$1:$1048576,12,0) -> 0 | AP8: =VLOOKUP($A8,ANNUAL!$1:$1048576,12,0) -> 45 | AQ8: =VLOOKUP(A8,'UT-I'!$A$1:$EA$1758,13,0) -> NA | AR8: =VLOOKUP($A8,'HALF YEARLY'!$1:$1048576,13,0) -> A | AS8: =VLOOKUP($A8,'UT-II'!$1:$1048576,13,0) -> 0 | AT8: =VLOOKUP($A8,ANNUAL!$1:$1048576,13,0) -> A | AU8: =VLOOKUP(A8,'UT-I'!$A$1:$EA$1758,14,0) -> NA | AV8: =VLOOKUP($A8,'HALF YEARLY'!$1:$1048576,14,0) -> A | AW8: =VLOOKUP($A8,'UT-II'!$1:$1048576,14,0) -> 0 | AX8: =VLOOKUP($A8,ANNUAL!$1:$1048576,14,0) -> A | AY8: =VLOOKUP(A8,'UT-I'!$A$1:$EA$1758,15,0) -> NA | AZ8: =VLOOKUP($A8,'HALF YEARLY'!$1:$1048576,15,0) -> A | BA8: =VLOOKUP($A8,'UT-II'!$1:$1048576,15,0) -> 0 | BB8: =VLOOKUP($A8,ANNUAL!$1:$1048576,15,0) -> A | BC8: =VLOOKUP(A8,'UT-I'!$A$1:$EA$1758,16,0) -> NA | BD8: =VLOOKUP($A8,'HALF YEARLY'!$1:$1048576,16,0) -> A | BE8: =VLOOKUP($A8,'UT-II'!$1:$1048576,16,0) -> 0 | BF8: =VLOOKUP($A8,ANNUAL!$1:$1048576,16,0) -> A | BG8: =VLOOKUP(A8,'UT-I'!$A$1:$EA$1758,17,0) -> 50 | BH8: =VLOOKUP($A8,'HALF YEARLY'!$1:$1048576,17,0) -> 418 | BI8: =VLOOKUP($A8,'UT-II'!$1:$1048576,17,0) -> 0 | BJ8: =VLOOKUP($A8,ANNUAL!$1:$1048576,17,0) -> A | BK8: =VLOOKUP($A8,ANNUAL!$1:$1048576,18,0) -> 174 | BL8: =VLOOKUP($A8,ANNUAL!$1:$1048576,19,0) -> 214 | BM8: =VLOOKUP($A8,ANNUAL!$1:$1048576,20,0) -> Excellent progress this year!
A9: =DETAILS!#REF! -> #REF! | B9: =DETAILS!#REF! -> #REF! | C9: =VLOOKUP(A9,'UT-I'!$A$1:$EA$1758,3,0) -> #REF! | D9: =VLOOKUP($A9,'HALF YEARLY'!$1:$1048576,3,0) -> #REF! | E9: =VLOOKUP($A9,'UT-II'!$1:$1048576,3,0) -> #REF! | F9: =VLOOKUP($A9,ANNUAL!$1:$1048576,3,0) -> #REF! | G9: =VLOOKUP(A9,'UT-I'!$A$1:$EA$1758,4,0) -> #REF! | H9: =VLOOKUP($A9,'HALF YEARLY'!$1:$1048576,4,0) -> #REF! | I9: =VLOOKUP($A9,'UT-II'!$1:$1048576,4,0) -> #REF! | J9: =VLOOKUP($A9,ANNUAL!$1:$1048576,4,0) -> #REF! | K9: =VLOOKUP(A9,'UT-I'!$A$1:$EA$1758,5,0) -> #REF! | L9: =VLOOKUP($A9,'HALF YEARLY'!$1:$1048576,5,0) -> #REF! | M9: =VLOOKUP($A9,'UT-II'!$1:$1048576,5,0) -> #REF! | N9: =VLOOKUP($A9,ANNUAL!$1:$1048576,5,0) -> #REF! | O9: =VLOOKUP(A9,'UT-I'!$A$1:$EA$1758,6,0) -> #REF! | P9: =VLOOKUP($A9,'HALF YEARLY'!$1:$1048576,6,0) -> #REF! | Q9: =VLOOKUP($A9,'UT-II'!$1:$1048576,6,0) -> #REF! | R9: =VLOOKUP($A9,ANNUAL!$1:$1048576,6,0) -> #REF! | S9: =VLOOKUP(A9,'UT-I'!$A$1:$EA$1758,7,0) -> #REF! | T9: =VLOOKUP($A9,'HALF YEARLY'!$1:$1048576,7,0) -> #REF! | U9: =VLOOKUP($A9,'UT-II'!$1:$1048576,7,0) -> #REF! | V9: =VLOOKUP($A9,ANNUAL!$1:$1048576,7,0) -> #REF! | W9: =VLOOKUP(A9,'UT-I'!$A$1:$EA$1758,8,0) -> #REF! | X9: =VLOOKUP($A9,'HALF YEARLY'!$1:$1048576,8,0) -> #REF! | Y9: =VLOOKUP($A9,'UT-II'!$1:$1048576,8,0) -> #REF! | Z9: =VLOOKUP($A9,ANNUAL!$1:$1048576,8,0) -> #REF! | AA9: =VLOOKUP(A9,'UT-I'!$A$1:$EA$1758,9,0) -> #REF! | AB9: =VLOOKUP($A9,'HALF YEARLY'!$1:$1048576,9,0) -> #REF! | AC9: =VLOOKUP($A9,'UT-II'!$1:$1048576,9,0) -> #REF! | AD9: =VLOOKUP($A9,ANNUAL!$1:$1048576,9,0) -> #REF! | AE9: =VLOOKUP(A9,'UT-I'!$A$1:$EA$1758,10,0) -> #REF! | AF9: =VLOOKUP($A9,'HALF YEARLY'!$1:$1048576,10,0) -> #REF! | AG9: =VLOOKUP($A9,'UT-II'!$1:$1048576,10,0) -> #REF! | AH9: =VLOOKUP($A9,ANNUAL!$1:$1048576,10,0) -> #REF! | AI9: =VLOOKUP(A9,'UT-I'!$A$1:$EA$1758,11,0) -> #REF! | AJ9: =VLOOKUP($A9,'HALF YEARLY'!$1:$1048576,11,0) -> #REF! | AK9: =VLOOKUP($A9,'UT-II'!$1:$1048576,11,0) -> #REF! | AL9: =VLOOKUP($A9,ANNUAL!$1:$1048576,11,0) -> #REF! | AM9: =VLOOKUP(A9,'UT-I'!$A$1:$EA$1758,12,0) -> #REF! | AN9: =VLOOKUP($A9,'HALF YEARLY'!$1:$1048576,12,0) -> #REF! | AO9: =VLOOKUP($A9,'UT-II'!$1:$1048576,12,0) -> #REF! | AP9: =VLOOKUP($A9,ANNUAL!$1:$1048576,12,0) -> #REF! | AQ9: =VLOOKUP(A9,'UT-I'!$A$1:$EA$1758,13,0) -> #REF! | AR9: =VLOOKUP($A9,'HALF YEARLY'!$1:$1048576,13,0) -> #REF! | AS9: =VLOOKUP($A9,'UT-II'!$1:$1048576,13,0) -> #REF! | AT9: =VLOOKUP($A9,ANNUAL!$1:$1048576,13,0) -> #REF! | AU9: =VLOOKUP(A9,'UT-I'!$A$1:$EA$1758,14,0) -> #REF! | AV9: =VLOOKUP($A9,'HALF YEARLY'!$1:$1048576,14,0) -> #REF! | AW9: =VLOOKUP($A9,'UT-II'!$1:$1048576,14,0) -> #REF! | AX9: =VLOOKUP($A9,ANNUAL!$1:$1048576,14,0) -> #REF! | AY9: =VLOOKUP(A9,'UT-I'!$A$1:$EA$1758,15,0) -> #REF! | AZ9: =VLOOKUP($A9,'HALF YEARLY'!$1:$1048576,15,0) -> #REF! | BA9: =VLOOKUP($A9,'UT-II'!$1:$1048576,15,0) -> #REF! | BB9: =VLOOKUP($A9,ANNUAL!$1:$1048576,15,0) -> #REF! | BC9: =VLOOKUP(A9,'UT-I'!$A$1:$EA$1758,16,0) -> #REF! | BD9: =VLOOKUP($A9,'HALF YEARLY'!$1:$1048576,16,0) -> #REF! | BE9: =VLOOKUP($A9,'UT-II'!$1:$1048576,16,0) -> #REF! | BF9: =VLOOKUP($A9,ANNUAL!$1:$1048576,16,0) -> #REF! | BG9: =VLOOKUP(A9,'UT-I'!$A$1:$EA$1758,17,0) -> #REF! | BH9: =VLOOKUP($A9,'HALF YEARLY'!$1:$1048576,17,0) -> #REF! | BI9: =VLOOKUP($A9,'UT-II'!$1:$1048576,17,0) -> #REF! | BJ9: =VLOOKUP($A9,ANNUAL!$1:$1048576,17,0) -> #REF! | BK9: =VLOOKUP($A9,ANNUAL!$1:$1048576,18,0) -> #REF! | BL9: =VLOOKUP($A9,ANNUAL!$1:$1048576,19,0) -> #REF! | BM9: =VLOOKUP($A9,ANNUAL!$1:$1048576,20,0) -> #REF!
A10: =DETAILS!#REF! -> #REF! | B10: =DETAILS!#REF! -> #REF! | C10: =VLOOKUP(A10,'UT-I'!$A$1:$EA$1758,3,0) -> #REF! | D10: =VLOOKUP($A10,'HALF YEARLY'!$1:$1048576,3,0) -> #REF! | E10: =VLOOKUP($A10,'UT-II'!$1:$1048576,3,0) -> #REF! | F10: =VLOOKUP($A10,ANNUAL!$1:$1048576,3,0) -> #REF! | G10: =VLOOKUP(A10,'UT-I'!$A$1:$EA$1758,4,0) -> #REF! | H10: =VLOOKUP($A10,'HALF YEARLY'!$1:$1048576,4,0) -> #REF! | I10: =VLOOKUP($A10,'UT-II'!$1:$1048576,4,0) -> #REF! | J10: =VLOOKUP($A10,ANNUAL!$1:$1048576,4,0) -> #REF! | K10: =VLOOKUP(A10,'UT-I'!$A$1:$EA$1758,5,0) -> #REF! | L10: =VLOOKUP($A10,'HALF YEARLY'!$1:$1048576,5,0) -> #REF! | M10: =VLOOKUP($A10,'UT-II'!$1:$1048576,5,0) -> #REF! | N10: =VLOOKUP($A10,ANNUAL!$1:$1048576,5,0) -> #REF! | O10: =VLOOKUP(A10,'UT-I'!$A$1:$EA$1758,6,0) -> #REF! | P10: =VLOOKUP($A10,'HALF YEARLY'!$1:$1048576,6,0) -> #REF! | Q10: =VLOOKUP($A10,'UT-II'!$1:$1048576,6,0) -> #REF! | R10: =VLOOKUP($A10,ANNUAL!$1:$1048576,6,0) -> #REF! | S10: =VLOOKUP(A10,'UT-I'!$A$1:$EA$1758,7,0) -> #REF! | T10: =VLOOKUP($A10,'HALF YEARLY'!$1:$1048576,7,0) -> #REF! | U10: =VLOOKUP($A10,'UT-II'!$1:$1048576,7,0) -> #REF! | V10: =VLOOKUP($A10,ANNUAL!$1:$1048576,7,0) -> #REF! | W10: =VLOOKUP(A10,'UT-I'!$A$1:$EA$1758,8,0) -> #REF! | X10: =VLOOKUP($A10,'HALF YEARLY'!$1:$1048576,8,0) -> #REF! | Y10: =VLOOKUP($A10,'UT-II'!$1:$1048576,8,0) -> #REF! | Z10: =VLOOKUP($A10,ANNUAL!$1:$1048576,8,0) -> #REF! | AA10: =VLOOKUP(A10,'UT-I'!$A$1:$EA$1758,9,0) -> #REF! | AB10: =VLOOKUP($A10,'HALF YEARLY'!$1:$1048576,9,0) -> #REF! | AC10: =VLOOKUP($A10,'UT-II'!$1:$1048576,9,0) -> #REF! | AD10: =VLOOKUP($A10,ANNUAL!$1:$1048576,9,0) -> #REF! | AE10: =VLOOKUP(A10,'UT-I'!$A$1:$EA$1758,10,0) -> #REF! | AF10: =VLOOKUP($A10,'HALF YEARLY'!$1:$1048576,10,0) -> #REF! | AG10: =VLOOKUP($A10,'UT-II'!$1:$1048576,10,0) -> #REF! | AH10: =VLOOKUP($A10,ANNUAL!$1:$1048576,10,0) -> #REF! | AI10: =VLOOKUP(A10,'UT-I'!$A$1:$EA$1758,11,0) -> #REF! | AJ10: =VLOOKUP($A10,'HALF YEARLY'!$1:$1048576,11,0) -> #REF! | AK10: =VLOOKUP($A10,'UT-II'!$1:$1048576,11,0) -> #REF! | AL10: =VLOOKUP($A10,ANNUAL!$1:$1048576,11,0) -> #REF! | AM10: =VLOOKUP(A10,'UT-I'!$A$1:$EA$1758,12,0) -> #REF! | AN10: =VLOOKUP($A10,'HALF YEARLY'!$1:$1048576,12,0) -> #REF! | AO10: =VLOOKUP($A10,'UT-II'!$1:$1048576,12,0) -> #REF! | AP10: =VLOOKUP($A10,ANNUAL!$1:$1048576,12,0) -> #REF! | AQ10: =VLOOKUP(A10,'UT-I'!$A$1:$EA$1758,13,0) -> #REF! | AR10: =VLOOKUP($A10,'HALF YEARLY'!$1:$1048576,13,0) -> #REF! | AS10: =VLOOKUP($A10,'UT-II'!$1:$1048576,13,0) -> #REF! | AT10: =VLOOKUP($A10,ANNUAL!$1:$1048576,13,0) -> #REF! | AU10: =VLOOKUP(A10,'UT-I'!$A$1:$EA$1758,14,0) -> #REF! | AV10: =VLOOKUP($A10,'HALF YEARLY'!$1:$1048576,14,0) -> #REF! | AW10: =VLOOKUP($A10,'UT-II'!$1:$1048576,14,0) -> #REF! | AX10: =VLOOKUP($A10,ANNUAL!$1:$1048576,14,0) -> #REF! | AY10: =VLOOKUP(A10,'UT-I'!$A$1:$EA$1758,15,0) -> #REF! | AZ10: =VLOOKUP($A10,'HALF YEARLY'!$1:$1048576,15,0) -> #REF! | BA10: =VLOOKUP($A10,'UT-II'!$1:$1048576,15,0) -> #REF! | BB10: =VLOOKUP($A10,ANNUAL!$1:$1048576,15,0) -> #REF! | BC10: =VLOOKUP(A10,'UT-I'!$A$1:$EA$1758,16,0) -> #REF! | BD10: =VLOOKUP($A10,'HALF YEARLY'!$1:$1048576,16,0) -> #REF! | BE10: =VLOOKUP($A10,'UT-II'!$1:$1048576,16,0) -> #REF! | BF10: =VLOOKUP($A10,ANNUAL!$1:$1048576,16,0) -> #REF! | BG10: =VLOOKUP(A10,'UT-I'!$A$1:$EA$1758,17,0) -> #REF! | BH10: =VLOOKUP($A10,'HALF YEARLY'!$1:$1048576,17,0) -> #REF! | BI10: =VLOOKUP($A10,'UT-II'!$1:$1048576,17,0) -> #REF! | BJ10: =VLOOKUP($A10,ANNUAL!$1:$1048576,17,0) -> #REF! | BK10: =VLOOKUP($A10,ANNUAL!$1:$1048576,18,0) -> #REF! | BL10: =VLOOKUP($A10,ANNUAL!$1:$1048576,19,0) -> #REF! | BM10: =VLOOKUP($A10,ANNUAL!$1:$1048576,20,0) -> #REF!
A11: =DETAILS!#REF! -> #REF! | B11: =DETAILS!#REF! -> #REF! | C11: =VLOOKUP(A11,'UT-I'!$A$1:$EA$1758,3,0) -> #REF! | D11: =VLOOKUP($A11,'HALF YEARLY'!$1:$1048576,3,0) -> #REF! | E11: =VLOOKUP($A11,'UT-II'!$1:$1048576,3,0) -> #REF! | F11: =VLOOKUP($A11,ANNUAL!$1:$1048576,3,0) -> #REF! | G11: =VLOOKUP(A11,'UT-I'!$A$1:$EA$1758,4,0) -> #REF! | H11: =VLOOKUP($A11,'HALF YEARLY'!$1:$1048576,4,0) -> #REF! | I11: =VLOOKUP($A11,'UT-II'!$1:$1048576,4,0) -> #REF! | J11: =VLOOKUP($A11,ANNUAL!$1:$1048576,4,0) -> #REF! | K11: =VLOOKUP(A11,'UT-I'!$A$1:$EA$1758,5,0) -> #REF! | L11: =VLOOKUP($A11,'HALF YEARLY'!$1:$1048576,5,0) -> #REF! | M11: =VLOOKUP($A11,'UT-II'!$1:$1048576,5,0) -> #REF! | N11: =VLOOKUP($A11,ANNUAL!$1:$1048576,5,0) -> #REF! | O11: =VLOOKUP(A11,'UT-I'!$A$1:$EA$1758,6,0) -> #REF! | P11: =VLOOKUP($A11,'HALF YEARLY'!$1:$1048576,6,0) -> #REF! | Q11: =VLOOKUP($A11,'UT-II'!$1:$1048576,6,0) -> #REF! | R11: =VLOOKUP($A11,ANNUAL!$1:$1048576,6,0) -> #REF! | S11: =VLOOKUP(A11,'UT-I'!$A$1:$EA$1758,7,0) -> #REF! | T11: =VLOOKUP($A11,'HALF YEARLY'!$1:$1048576,7,0) -> #REF! | U11: =VLOOKUP($A11,'UT-II'!$1:$1048576,7,0) -> #REF! | V11: =VLOOKUP($A11,ANNUAL!$1:$1048576,7,0) -> #REF! | W11: =VLOOKUP(A11,'UT-I'!$A$1:$EA$1758,8,0) -> #REF! | X11: =VLOOKUP($A11,'HALF YEARLY'!$1:$1048576,8,0) -> #REF! | Y11: =VLOOKUP($A11,'UT-II'!$1:$1048576,8,0) -> #REF! | Z11: =VLOOKUP($A11,ANNUAL!$1:$1048576,8,0) -> #REF! | AA11: =VLOOKUP(A11,'UT-I'!$A$1:$EA$1758,9,0) -> #REF! | AB11: =VLOOKUP($A11,'HALF YEARLY'!$1:$1048576,9,0) -> #REF! | AC11: =VLOOKUP($A11,'UT-II'!$1:$1048576,9,0) -> #REF! | AD11: =VLOOKUP($A11,ANNUAL!$1:$1048576,9,0) -> #REF! | AE11: =VLOOKUP(A11,'UT-I'!$A$1:$EA$1758,10,0) -> #REF! | AF11: =VLOOKUP($A11,'HALF YEARLY'!$1:$1048576,10,0) -> #REF! | AG11: =VLOOKUP($A11,'UT-II'!$1:$1048576,10,0) -> #REF! | AH11: =VLOOKUP($A11,ANNUAL!$1:$1048576,10,0) -> #REF! | AI11: =VLOOKUP(A11,'UT-I'!$A$1:$EA$1758,11,0) -> #REF! | AJ11: =VLOOKUP($A11,'HALF YEARLY'!$1:$1048576,11,0) -> #REF! | AK11: =VLOOKUP($A11,'UT-II'!$1:$1048576,11,0) -> #REF! | AL11: =VLOOKUP($A11,ANNUAL!$1:$1048576,11,0) -> #REF! | AM11: =VLOOKUP(A11,'UT-I'!$A$1:$EA$1758,12,0) -> #REF! | AN11: =VLOOKUP($A11,'HALF YEARLY'!$1:$1048576,12,0) -> #REF! | AO11: =VLOOKUP($A11,'UT-II'!$1:$1048576,12,0) -> #REF! | AP11: =VLOOKUP($A11,ANNUAL!$1:$1048576,12,0) -> #REF! | AQ11: =VLOOKUP(A11,'UT-I'!$A$1:$EA$1758,13,0) -> #REF! | AR11: =VLOOKUP($A11,'HALF YEARLY'!$1:$1048576,13,0) -> #REF! | AS11: =VLOOKUP($A11,'UT-II'!$1:$1048576,13,0) -> #REF! | AT11: =VLOOKUP($A11,ANNUAL!$1:$1048576,13,0) -> #REF! | AU11: =VLOOKUP(A11,'UT-I'!$A$1:$EA$1758,14,0) -> #REF! | AV11: =VLOOKUP($A11,'HALF YEARLY'!$1:$1048576,14,0) -> #REF! | AW11: =VLOOKUP($A11,'UT-II'!$1:$1048576,14,0) -> #REF! | AX11: =VLOOKUP($A11,ANNUAL!$1:$1048576,14,0) -> #REF! | AY11: =VLOOKUP(A11,'UT-I'!$A$1:$EA$1758,15,0) -> #REF! | AZ11: =VLOOKUP($A11,'HALF YEARLY'!$1:$1048576,15,0) -> #REF! | BA11: =VLOOKUP($A11,'UT-II'!$1:$1048576,15,0) -> #REF! | BB11: =VLOOKUP($A11,ANNUAL!$1:$1048576,15,0) -> #REF! | BC11: =VLOOKUP(A11,'UT-I'!$A$1:$EA$1758,16,0) -> #REF! | BD11: =VLOOKUP($A11,'HALF YEARLY'!$1:$1048576,16,0) -> #REF! | BE11: =VLOOKUP($A11,'UT-II'!$1:$1048576,16,0) -> #REF! | BF11: =VLOOKUP($A11,ANNUAL!$1:$1048576,16,0) -> #REF! | BG11: =VLOOKUP(A11,'UT-I'!$A$1:$EA$1758,17,0) -> #REF! | BH11: =VLOOKUP($A11,'HALF YEARLY'!$1:$1048576,17,0) -> #REF! | BI11: =VLOOKUP($A11,'UT-II'!$1:$1048576,17,0) -> #REF! | BJ11: =VLOOKUP($A11,ANNUAL!$1:$1048576,17,0) -> #REF! | BK11: =VLOOKUP($A11,ANNUAL!$1:$1048576,18,0) -> #REF! | BL11: =VLOOKUP($A11,ANNUAL!$1:$1048576,19,0) -> #REF! | BM11: =VLOOKUP($A11,ANNUAL!$1:$1048576,20,0) -> #REF!
A12: =DETAILS!#REF! -> #REF! | B12: =DETAILS!#REF! -> #REF! | C12: =VLOOKUP(A12,'UT-I'!$A$1:$EA$1758,3,0) -> #REF! | D12: =VLOOKUP($A12,'HALF YEARLY'!$1:$1048576,3,0) -> #REF! | E12: =VLOOKUP($A12,'UT-II'!$1:$1048576,3,0) -> #REF! | F12: =VLOOKUP($A12,ANNUAL!$1:$1048576,3,0) -> #REF! | G12: =VLOOKUP(A12,'UT-I'!$A$1:$EA$1758,4,0) -> #REF! | H12: =VLOOKUP($A12,'HALF YEARLY'!$1:$1048576,4,0) -> #REF! | I12: =VLOOKUP($A12,'UT-II'!$1:$1048576,4,0) -> #REF! | J12: =VLOOKUP($A12,ANNUAL!$1:$1048576,4,0) -> #REF! | K12: =VLOOKUP(A12,'UT-I'!$A$1:$EA$1758,5,0) -> #REF! | L12: =VLOOKUP($A12,'HALF YEARLY'!$1:$1048576,5,0) -> #REF! | M12: =VLOOKUP($A12,'UT-II'!$1:$1048576,5,0) -> #REF! | N12: =VLOOKUP($A12,ANNUAL!$1:$1048576,5,0) -> #REF! | O12: =VLOOKUP(A12,'UT-I'!$A$1:$EA$1758,6,0) -> #REF! | P12: =VLOOKUP($A12,'HALF YEARLY'!$1:$1048576,6,0) -> #REF! | Q12: =VLOOKUP($A12,'UT-II'!$1:$1048576,6,0) -> #REF! | R12: =VLOOKUP($A12,ANNUAL!$1:$1048576,6,0) -> #REF! | S12: =VLOOKUP(A12,'UT-I'!$A$1:$EA$1758,7,0) -> #REF! | T12: =VLOOKUP($A12,'HALF YEARLY'!$1:$1048576,7,0) -> #REF! | U12: =VLOOKUP($A12,'UT-II'!$1:$1048576,7,0) -> #REF! | V12: =VLOOKUP($A12,ANNUAL!$1:$1048576,7,0) -> #REF! | W12: =VLOOKUP(A12,'UT-I'!$A$1:$EA$1758,8,0) -> #REF! | X12: =VLOOKUP($A12,'HALF YEARLY'!$1:$1048576,8,0) -> #REF! | Y12: =VLOOKUP($A12,'UT-II'!$1:$1048576,8,0) -> #REF! | Z12: =VLOOKUP($A12,ANNUAL!$1:$1048576,8,0) -> #REF! | AA12: =VLOOKUP(A12,'UT-I'!$A$1:$EA$1758,9,0) -> #REF! | AB12: =VLOOKUP($A12,'HALF YEARLY'!$1:$1048576,9,0) -> #REF! | AC12: =VLOOKUP($A12,'UT-II'!$1:$1048576,9,0) -> #REF! | AD12: =VLOOKUP($A12,ANNUAL!$1:$1048576,9,0) -> #REF! | AE12: =VLOOKUP(A12,'UT-I'!$A$1:$EA$1758,10,0) -> #REF! | AF12: =VLOOKUP($A12,'HALF YEARLY'!$1:$1048576,10,0) -> #REF! | AG12: =VLOOKUP($A12,'UT-II'!$1:$1048576,10,0) -> #REF! | AH12: =VLOOKUP($A12,ANNUAL!$1:$1048576,10,0) -> #REF! | AI12: =VLOOKUP(A12,'UT-I'!$A$1:$EA$1758,11,0) -> #REF! | AJ12: =VLOOKUP($A12,'HALF YEARLY'!$1:$1048576,11,0) -> #REF! | AK12: =VLOOKUP($A12,'UT-II'!$1:$1048576,11,0) -> #REF! | AL12: =VLOOKUP($A12,ANNUAL!$1:$1048576,11,0) -> #REF! | AM12: =VLOOKUP(A12,'UT-I'!$A$1:$EA$1758,12,0) -> #REF! | AN12: =VLOOKUP($A12,'HALF YEARLY'!$1:$1048576,12,0) -> #REF! | AO12: =VLOOKUP($A12,'UT-II'!$1:$1048576,12,0) -> #REF! | AP12: =VLOOKUP($A12,ANNUAL!$1:$1048576,12,0) -> #REF! | AQ12: =VLOOKUP(A12,'UT-I'!$A$1:$EA$1758,13,0) -> #REF! | AR12: =VLOOKUP($A12,'HALF YEARLY'!$1:$1048576,13,0) -> #REF! | AS12: =VLOOKUP($A12,'UT-II'!$1:$1048576,13,0) -> #REF! | AT12: =VLOOKUP($A12,ANNUAL!$1:$1048576,13,0) -> #REF! | AU12: =VLOOKUP(A12,'UT-I'!$A$1:$EA$1758,14,0) -> #REF! | AV12: =VLOOKUP($A12,'HALF YEARLY'!$1:$1048576,14,0) -> #REF! | AW12: =VLOOKUP($A12,'UT-II'!$1:$1048576,14,0) -> #REF! | AX12: =VLOOKUP($A12,ANNUAL!$1:$1048576,14,0) -> #REF! | AY12: =VLOOKUP(A12,'UT-I'!$A$1:$EA$1758,15,0) -> #REF! | AZ12: =VLOOKUP($A12,'HALF YEARLY'!$1:$1048576,15,0) -> #REF! | BA12: =VLOOKUP($A12,'UT-II'!$1:$1048576,15,0) -> #REF! | BB12: =VLOOKUP($A12,ANNUAL!$1:$1048576,15,0) -> #REF! | BC12: =VLOOKUP(A12,'UT-I'!$A$1:$EA$1758,16,0) -> #REF! | BD12: =VLOOKUP($A12,'HALF YEARLY'!$1:$1048576,16,0) -> #REF! | BE12: =VLOOKUP($A12,'UT-II'!$1:$1048576,16,0) -> #REF! | BF12: =VLOOKUP($A12,ANNUAL!$1:$1048576,16,0) -> #REF! | BG12: =VLOOKUP(A12,'UT-I'!$A$1:$EA$1758,17,0) -> #REF! | BH12: =VLOOKUP($A12,'HALF YEARLY'!$1:$1048576,17,0) -> #REF! | BI12: =VLOOKUP($A12,'UT-II'!$1:$1048576,17,0) -> #REF! | BJ12: =VLOOKUP($A12,ANNUAL!$1:$1048576,17,0) -> #REF! | BK12: =VLOOKUP($A12,ANNUAL!$1:$1048576,18,0) -> #REF! | BL12: =VLOOKUP($A12,ANNUAL!$1:$1048576,19,0) -> #REF! | BM12: =VLOOKUP($A12,ANNUAL!$1:$1048576,20,0) -> #REF!
A13: =DETAILS!A6 -> 1868 | B13: =DETAILS!B6 -> ANUSHKA RAJ | C13: =VLOOKUP(A13,'UT-I'!$A$1:$EA$1758,3,0) -> 43 | D13: =VLOOKUP($A13,'HALF YEARLY'!$1:$1048576,3,0) -> 47 | E13: =VLOOKUP($A13,'UT-II'!$1:$1048576,3,0) -> 0 | F13: =VLOOKUP($A13,ANNUAL!$1:$1048576,3,0) -> 46 | G13: =VLOOKUP(A13,'UT-I'!$A$1:$EA$1758,4,0) -> 40 | H13: =VLOOKUP($A13,'HALF YEARLY'!$1:$1048576,4,0) -> 45 | I13: =VLOOKUP($A13,'UT-II'!$1:$1048576,4,0) -> 0 | J13: =VLOOKUP($A13,ANNUAL!$1:$1048576,4,0) -> 50 | K13: =VLOOKUP(A13,'UT-I'!$A$1:$EA$1758,5,0) -> 30 | L13: =VLOOKUP($A13,'HALF YEARLY'!$1:$1048576,5,0) -> 49 | M13: =VLOOKUP($A13,'UT-II'!$1:$1048576,5,0) -> 0 | N13: =VLOOKUP($A13,ANNUAL!$1:$1048576,5,0) -> 30 | O13: =VLOOKUP(A13,'UT-I'!$A$1:$EA$1758,6,0) -> 43 | P13: =VLOOKUP($A13,'HALF YEARLY'!$1:$1048576,6,0) -> 43 | Q13: =VLOOKUP($A13,'UT-II'!$1:$1048576,6,0) -> 0 | R13: =VLOOKUP($A13,ANNUAL!$1:$1048576,6,0) -> 46 | S13: =VLOOKUP(A13,'UT-I'!$A$1:$EA$1758,7,0) -> 40 | T13: =VLOOKUP($A13,'HALF YEARLY'!$1:$1048576,7,0) -> 40 | U13: =VLOOKUP($A13,'UT-II'!$1:$1048576,7,0) -> 0 | V13: =VLOOKUP($A13,ANNUAL!$1:$1048576,7,0) -> 48 | W13: =VLOOKUP(A13,'UT-I'!$A$1:$EA$1758,8,0) -> 30 | X13: =VLOOKUP($A13,'HALF YEARLY'!$1:$1048576,8,0) -> AB | Y13: =VLOOKUP($A13,'UT-II'!$1:$1048576,8,0) -> 0 | Z13: =VLOOKUP($A13,ANNUAL!$1:$1048576,8,0) -> 43 | AA13: =VLOOKUP(A13,'UT-I'!$A$1:$EA$1758,9,0) -> 39 | AB13: =VLOOKUP($A13,'HALF YEARLY'!$1:$1048576,9,0) -> 36 | AC13: =VLOOKUP($A13,'UT-II'!$1:$1048576,9,0) -> 0 | AD13: =VLOOKUP($A13,ANNUAL!$1:$1048576,9,0) -> 50 | AE13: =VLOOKUP(A13,'UT-I'!$A$1:$EA$1758,10,0) -> 50 | AF13: =VLOOKUP($A13,'HALF YEARLY'!$1:$1048576,10,0) -> 35 | AG13: =VLOOKUP($A13,'UT-II'!$1:$1048576,10,0) -> 0 | AH13: =VLOOKUP($A13,ANNUAL!$1:$1048576,10,0) -> 50 | AI13: =VLOOKUP(A13,'UT-I'!$A$1:$EA$1758,11,0) -> 50 | AJ13: =VLOOKUP($A13,'HALF YEARLY'!$1:$1048576,11,0) -> 30 | AK13: =VLOOKUP($A13,'UT-II'!$1:$1048576,11,0) -> 0 | AL13: =VLOOKUP($A13,ANNUAL!$1:$1048576,11,0) -> 45 | AM13: =VLOOKUP(A13,'UT-I'!$A$1:$EA$1758,12,0) -> 40 | AN13: =VLOOKUP($A13,'HALF YEARLY'!$1:$1048576,12,0) -> AB | AO13: =VLOOKUP($A13,'UT-II'!$1:$1048576,12,0) -> 0 | AP13: =VLOOKUP($A13,ANNUAL!$1:$1048576,12,0) -> 45 | AQ13: =VLOOKUP(A13,'UT-I'!$A$1:$EA$1758,13,0) -> B | AR13: =VLOOKUP($A13,'HALF YEARLY'!$1:$1048576,13,0) -> C | AS13: =VLOOKUP($A13,'UT-II'!$1:$1048576,13,0) -> 0 | AT13: =VLOOKUP($A13,ANNUAL!$1:$1048576,13,0) -> A | AU13: =VLOOKUP(A13,'UT-I'!$A$1:$EA$1758,14,0) -> A | AV13: =VLOOKUP($A13,'HALF YEARLY'!$1:$1048576,14,0) -> A | AW13: =VLOOKUP($A13,'UT-II'!$1:$1048576,14,0) -> 0 | AX13: =VLOOKUP($A13,ANNUAL!$1:$1048576,14,0) -> A | AY13: =VLOOKUP(A13,'UT-I'!$A$1:$EA$1758,15,0) -> B | AZ13: =VLOOKUP($A13,'HALF YEARLY'!$1:$1048576,15,0) -> A | BA13: =VLOOKUP($A13,'UT-II'!$1:$1048576,15,0) -> 0 | BB13: =VLOOKUP($A13,ANNUAL!$1:$1048576,15,0) -> A | BC13: =VLOOKUP(A13,'UT-I'!$A$1:$EA$1758,16,0) -> B | BD13: =VLOOKUP($A13,'HALF YEARLY'!$1:$1048576,16,0) -> A | BE13: =VLOOKUP($A13,'UT-II'!$1:$1048576,16,0) -> 0 | BF13: =VLOOKUP($A13,ANNUAL!$1:$1048576,16,0) -> A | BG13: =VLOOKUP(A13,'UT-I'!$A$1:$EA$1758,17,0) -> 405 | BH13: =VLOOKUP($A13,'HALF YEARLY'!$1:$1048576,17,0) -> 325 | BI13: =VLOOKUP($A13,'UT-II'!$1:$1048576,17,0) -> 0 | BJ13: =VLOOKUP($A13,ANNUAL!$1:$1048576,17,0) -> A | BK13: =VLOOKUP($A13,ANNUAL!$1:$1048576,18,0) -> 161 | BL13: =VLOOKUP($A13,ANNUAL!$1:$1048576,19,0) -> 204 | BM13: =VLOOKUP($A13,ANNUAL!$1:$1048576,20,0) -> Good. Can do better.
A14: =DETAILS!A7 -> 1939 | B14: =DETAILS!B7 -> ARNAV SINGH | C14: =VLOOKUP(A14,'UT-I'!$A$1:$EA$1758,3,0) -> 47 | D14: =VLOOKUP($A14,'HALF YEARLY'!$1:$1048576,3,0) -> 46 | E14: =VLOOKUP($A14,'UT-II'!$1:$1048576,3,0) -> 0 | F14: =VLOOKUP($A14,ANNUAL!$1:$1048576,3,0) -> 39 | G14: =VLOOKUP(A14,'UT-I'!$A$1:$EA$1758,4,0) -> 50 | H14: =VLOOKUP($A14,'HALF YEARLY'!$1:$1048576,4,0) -> 50 | I14: =VLOOKUP($A14,'UT-II'!$1:$1048576,4,0) -> 0 | J14: =VLOOKUP($A14,ANNUAL!$1:$1048576,4,0) -> 40 | K14: =VLOOKUP(A14,'UT-I'!$A$1:$EA$1758,5,0) -> 45 | L14: =VLOOKUP($A14,'HALF YEARLY'!$1:$1048576,5,0) -> 44 | M14: =VLOOKUP($A14,'UT-II'!$1:$1048576,5,0) -> 0 | N14: =VLOOKUP($A14,ANNUAL!$1:$1048576,5,0) -> 30 | O14: =VLOOKUP(A14,'UT-I'!$A$1:$EA$1758,6,0) -> 46 | P14: =VLOOKUP($A14,'HALF YEARLY'!$1:$1048576,6,0) -> 49 | Q14: =VLOOKUP($A14,'UT-II'!$1:$1048576,6,0) -> 0 | R14: =VLOOKUP($A14,ANNUAL!$1:$1048576,6,0) -> 38 | S14: =VLOOKUP(A14,'UT-I'!$A$1:$EA$1758,7,0) -> 50 | T14: =VLOOKUP($A14,'HALF YEARLY'!$1:$1048576,7,0) -> 50 | U14: =VLOOKUP($A14,'UT-II'!$1:$1048576,7,0) -> 0 | V14: =VLOOKUP($A14,ANNUAL!$1:$1048576,7,0) -> 45 | W14: =VLOOKUP(A14,'UT-I'!$A$1:$EA$1758,8,0) -> 45 | X14: =VLOOKUP($A14,'HALF YEARLY'!$1:$1048576,8,0) -> 46 | Y14: =VLOOKUP($A14,'UT-II'!$1:$1048576,8,0) -> 0 | Z14: =VLOOKUP($A14,ANNUAL!$1:$1048576,8,0) -> 30 | AA14: =VLOOKUP(A14,'UT-I'!$A$1:$EA$1758,9,0) -> 46 | AB14: =VLOOKUP($A14,'HALF YEARLY'!$1:$1048576,9,0) -> 45 | AC14: =VLOOKUP($A14,'UT-II'!$1:$1048576,9,0) -> 0 | AD14: =VLOOKUP($A14,ANNUAL!$1:$1048576,9,0) -> 40 | AE14: =VLOOKUP(A14,'UT-I'!$A$1:$EA$1758,10,0) -> 50 | AF14: =VLOOKUP($A14,'HALF YEARLY'!$1:$1048576,10,0) -> 50 | AG14: =VLOOKUP($A14,'UT-II'!$1:$1048576,10,0) -> 0 | AH14: =VLOOKUP($A14,ANNUAL!$1:$1048576,10,0) -> 40 | AI14: =VLOOKUP(A14,'UT-I'!$A$1:$EA$1758,11,0) -> 50 | AJ14: =VLOOKUP($A14,'HALF YEARLY'!$1:$1048576,11,0) -> 45 | AK14: =VLOOKUP($A14,'UT-II'!$1:$1048576,11,0) -> 0 | AL14: =VLOOKUP($A14,ANNUAL!$1:$1048576,11,0) -> 40 | AM14: =VLOOKUP(A14,'UT-I'!$A$1:$EA$1758,12,0) -> 50 | AN14: =VLOOKUP($A14,'HALF YEARLY'!$1:$1048576,12,0) -> 50 | AO14: =VLOOKUP($A14,'UT-II'!$1:$1048576,12,0) -> 0 | AP14: =VLOOKUP($A14,ANNUAL!$1:$1048576,12,0) -> 35 | AQ14: =VLOOKUP(A14,'UT-I'!$A$1:$EA$1758,13,0) -> A | AR14: =VLOOKUP($A14,'HALF YEARLY'!$1:$1048576,13,0) -> A | AS14: =VLOOKUP($A14,'UT-II'!$1:$1048576,13,0) -> 0 | AT14: =VLOOKUP($A14,ANNUAL!$1:$1048576,13,0) -> A | AU14: =VLOOKUP(A14,'UT-I'!$A$1:$EA$1758,14,0) -> A | AV14: =VLOOKUP($A14,'HALF YEARLY'!$1:$1048576,14,0) -> A | AW14: =VLOOKUP($A14,'UT-II'!$1:$1048576,14,0) -> 0 | AX14: =VLOOKUP($A14,ANNUAL!$1:$1048576,14,0) -> A | AY14: =VLOOKUP(A14,'UT-I'!$A$1:$EA$1758,15,0) -> A | AZ14: =VLOOKUP($A14,'HALF YEARLY'!$1:$1048576,15,0) -> A | BA14: =VLOOKUP($A14,'UT-II'!$1:$1048576,15,0) -> 0 | BB14: =VLOOKUP($A14,ANNUAL!$1:$1048576,15,0) -> A | BC14: =VLOOKUP(A14,'UT-I'!$A$1:$EA$1758,16,0) -> A | BD14: =VLOOKUP($A14,'HALF YEARLY'!$1:$1048576,16,0) -> A | BE14: =VLOOKUP($A14,'UT-II'!$1:$1048576,16,0) -> 0 | BF14: =VLOOKUP($A14,ANNUAL!$1:$1048576,16,0) -> A | BG14: =VLOOKUP(A14,'UT-I'!$A$1:$EA$1758,17,0) -> 479 | BH14: =VLOOKUP($A14,'HALF YEARLY'!$1:$1048576,17,0) -> 475 | BI14: =VLOOKUP($A14,'UT-II'!$1:$1048576,17,0) -> 0 | BJ14: =VLOOKUP($A14,ANNUAL!$1:$1048576,17,0) -> A | BK14: =VLOOKUP($A14,ANNUAL!$1:$1048576,18,0) -> 122 | BL14: =VLOOKUP($A14,ANNUAL!$1:$1048576,19,0) -> 176 | BM14: =VLOOKUP($A14,ANNUAL!$1:$1048576,20,0) -> Good. Can do better.
A15: =DETAILS!A8 -> 1956 | B15: =DETAILS!B8 -> ATHARV UPADHYAY | C15: =VLOOKUP(A15,'UT-I'!$A$1:$EA$1758,3,0) -> NA | D15: =VLOOKUP($A15,'HALF YEARLY'!$1:$1048576,3,0) -> 34 | E15: =VLOOKUP($A15,'UT-II'!$1:$1048576,3,0) -> 0 | F15: =VLOOKUP($A15,ANNUAL!$1:$1048576,3,0) -> 33 | G15: =VLOOKUP(A15,'UT-I'!$A$1:$EA$1758,4,0) -> NA | H15: =VLOOKUP($A15,'HALF YEARLY'!$1:$1048576,4,0) -> 25 | I15: =VLOOKUP($A15,'UT-II'!$1:$1048576,4,0) -> 0 | J15: =VLOOKUP($A15,ANNUAL!$1:$1048576,4,0) -> 40 | K15: =VLOOKUP(A15,'UT-I'!$A$1:$EA$1758,5,0) -> NA | L15: =VLOOKUP($A15,'HALF YEARLY'!$1:$1048576,5,0) -> 35 | M15: =VLOOKUP($A15,'UT-II'!$1:$1048576,5,0) -> 0 | N15: =VLOOKUP($A15,ANNUAL!$1:$1048576,5,0) -> 30 | O15: =VLOOKUP(A15,'UT-I'!$A$1:$EA$1758,6,0) -> NA | P15: =VLOOKUP($A15,'HALF YEARLY'!$1:$1048576,6,0) -> 42 | Q15: =VLOOKUP($A15,'UT-II'!$1:$1048576,6,0) -> 0 | R15: =VLOOKUP($A15,ANNUAL!$1:$1048576,6,0) -> 33 | S15: =VLOOKUP(A15,'UT-I'!$A$1:$EA$1758,7,0) -> NA | T15: =VLOOKUP($A15,'HALF YEARLY'!$1:$1048576,7,0) -> 20 | U15: =VLOOKUP($A15,'UT-II'!$1:$1048576,7,0) -> 0 | V15: =VLOOKUP($A15,ANNUAL!$1:$1048576,7,0) -> 40 | W15: =VLOOKUP(A15,'UT-I'!$A$1:$EA$1758,8,0) -> NA | X15: =VLOOKUP($A15,'HALF YEARLY'!$1:$1048576,8,0) -> 38 | Y15: =VLOOKUP($A15,'UT-II'!$1:$1048576,8,0) -> 0 | Z15: =VLOOKUP($A15,ANNUAL!$1:$1048576,8,0) -> 30 | AA15: =VLOOKUP(A15,'UT-I'!$A$1:$EA$1758,9,0) -> NA | AB15: =VLOOKUP($A15,'HALF YEARLY'!$1:$1048576,9,0) -> 34 | AC15: =VLOOKUP($A15,'UT-II'!$1:$1048576,9,0) -> 0 | AD15: =VLOOKUP($A15,ANNUAL!$1:$1048576,9,0) -> 45 | AE15: =VLOOKUP(A15,'UT-I'!$A$1:$EA$1758,10,0) -> NA | AF15: =VLOOKUP($A15,'HALF YEARLY'!$1:$1048576,10,0) -> 20 | AG15: =VLOOKUP($A15,'UT-II'!$1:$1048576,10,0) -> 0 | AH15: =VLOOKUP($A15,ANNUAL!$1:$1048576,10,0) -> 45 | AI15: =VLOOKUP(A15,'UT-I'!$A$1:$EA$1758,11,0) -> NA | AJ15: =VLOOKUP($A15,'HALF YEARLY'!$1:$1048576,11,0) -> 20 | AK15: =VLOOKUP($A15,'UT-II'!$1:$1048576,11,0) -> 0 | AL15: =VLOOKUP($A15,ANNUAL!$1:$1048576,11,0) -> 50 | AM15: =VLOOKUP(A15,'UT-I'!$A$1:$EA$1758,12,0) -> NA | AN15: =VLOOKUP($A15,'HALF YEARLY'!$1:$1048576,12,0) -> 30 | AO15: =VLOOKUP($A15,'UT-II'!$1:$1048576,12,0) -> 0 | AP15: =VLOOKUP($A15,ANNUAL!$1:$1048576,12,0) -> 40 | AQ15: =VLOOKUP(A15,'UT-I'!$A$1:$EA$1758,13,0) -> NA | AR15: =VLOOKUP($A15,'HALF YEARLY'!$1:$1048576,13,0) -> D | AS15: =VLOOKUP($A15,'UT-II'!$1:$1048576,13,0) -> 0 | AT15: =VLOOKUP($A15,ANNUAL!$1:$1048576,13,0) -> A | AU15: =VLOOKUP(A15,'UT-I'!$A$1:$EA$1758,14,0) -> NA | AV15: =VLOOKUP($A15,'HALF YEARLY'!$1:$1048576,14,0) -> A | AW15: =VLOOKUP($A15,'UT-II'!$1:$1048576,14,0) -> 0 | AX15: =VLOOKUP($A15,ANNUAL!$1:$1048576,14,0) -> A | AY15: =VLOOKUP(A15,'UT-I'!$A$1:$EA$1758,15,0) -> NA | AZ15: =VLOOKUP($A15,'HALF YEARLY'!$1:$1048576,15,0) -> C | BA15: =VLOOKUP($A15,'UT-II'!$1:$1048576,15,0) -> 0 | BB15: =VLOOKUP($A15,ANNUAL!$1:$1048576,15,0) -> A | BC15: =VLOOKUP(A15,'UT-I'!$A$1:$EA$1758,16,0) -> NA | BD15: =VLOOKUP($A15,'HALF YEARLY'!$1:$1048576,16,0) -> A | BE15: =VLOOKUP($A15,'UT-II'!$1:$1048576,16,0) -> 0 | BF15: =VLOOKUP($A15,ANNUAL!$1:$1048576,16,0) -> A | BG15: =VLOOKUP(A15,'UT-I'!$A$1:$EA$1758,17,0) -> NA | BH15: =VLOOKUP($A15,'HALF YEARLY'!$1:$1048576,17,0) -> 298 | BI15: =VLOOKUP($A15,'UT-II'!$1:$1048576,17,0) -> 0 | BJ15: =VLOOKUP($A15,ANNUAL!$1:$1048576,17,0) -> A | BK15: =VLOOKUP($A15,ANNUAL!$1:$1048576,18,0) -> 107 | BL15: =VLOOKUP($A15,ANNUAL!$1:$1048576,19,0) -> 167 | BM15: =VLOOKUP($A15,ANNUAL!$1:$1048576,20,0) -> Great Potential- Stay Focused!
A16: =DETAILS!A9 -> 1882 | B16: =DETAILS!B9 -> ATHRAV SINGH | C16: =VLOOKUP(A16,'UT-I'!$A$1:$EA$1758,3,0) -> 49 | D16: =VLOOKUP($A16,'HALF YEARLY'!$1:$1048576,3,0) -> 50 | E16: =VLOOKUP($A16,'UT-II'!$1:$1048576,3,0) -> 0 | F16: =VLOOKUP($A16,ANNUAL!$1:$1048576,3,0) -> 0 | G16: =VLOOKUP(A16,'UT-I'!$A$1:$EA$1758,4,0) -> 50 | H16: =VLOOKUP($A16,'HALF YEARLY'!$1:$1048576,4,0) -> 50 | I16: =VLOOKUP($A16,'UT-II'!$1:$1048576,4,0) -> 0 | J16: =VLOOKUP($A16,ANNUAL!$1:$1048576,4,0) -> 0 | K16: =VLOOKUP(A16,'UT-I'!$A$1:$EA$1758,5,0) -> 48 | L16: =VLOOKUP($A16,'HALF YEARLY'!$1:$1048576,5,0) -> 47 | M16: =VLOOKUP($A16,'UT-II'!$1:$1048576,5,0) -> 0 | N16: =VLOOKUP($A16,ANNUAL!$1:$1048576,5,0) -> 0 | O16: =VLOOKUP(A16,'UT-I'!$A$1:$EA$1758,6,0) -> 50 | P16: =VLOOKUP($A16,'HALF YEARLY'!$1:$1048576,6,0) -> 50 | Q16: =VLOOKUP($A16,'UT-II'!$1:$1048576,6,0) -> 0 | R16: =VLOOKUP($A16,ANNUAL!$1:$1048576,6,0) -> 0 | S16: =VLOOKUP(A16,'UT-I'!$A$1:$EA$1758,7,0) -> 50 | T16: =VLOOKUP($A16,'HALF YEARLY'!$1:$1048576,7,0) -> 50 | U16: =VLOOKUP($A16,'UT-II'!$1:$1048576,7,0) -> 0 | V16: =VLOOKUP($A16,ANNUAL!$1:$1048576,7,0) -> 0 | W16: =VLOOKUP(A16,'UT-I'!$A$1:$EA$1758,8,0) -> 48 | X16: =VLOOKUP($A16,'HALF YEARLY'!$1:$1048576,8,0) -> 49 | Y16: =VLOOKUP($A16,'UT-II'!$1:$1048576,8,0) -> 0 | Z16: =VLOOKUP($A16,ANNUAL!$1:$1048576,8,0) -> 0 | AA16: =VLOOKUP(A16,'UT-I'!$A$1:$EA$1758,9,0) -> 48 | AB16: =VLOOKUP($A16,'HALF YEARLY'!$1:$1048576,9,0) -> 50 | AC16: =VLOOKUP($A16,'UT-II'!$1:$1048576,9,0) -> 0 | AD16: =VLOOKUP($A16,ANNUAL!$1:$1048576,9,0) -> 0 | AE16: =VLOOKUP(A16,'UT-I'!$A$1:$EA$1758,10,0) -> 50 | AF16: =VLOOKUP($A16,'HALF YEARLY'!$1:$1048576,10,0) -> 50 | AG16: =VLOOKUP($A16,'UT-II'!$1:$1048576,10,0) -> 0 | AH16: =VLOOKUP($A16,ANNUAL!$1:$1048576,10,0) -> 0 | AI16: =VLOOKUP(A16,'UT-I'!$A$1:$EA$1758,11,0) -> 50 | AJ16: =VLOOKUP($A16,'HALF YEARLY'!$1:$1048576,11,0) -> 50 | AK16: =VLOOKUP($A16,'UT-II'!$1:$1048576,11,0) -> 0 | AL16: =VLOOKUP($A16,ANNUAL!$1:$1048576,11,0) -> 0 | AM16: =VLOOKUP(A16,'UT-I'!$A$1:$EA$1758,12,0) -> 50 | AN16: =VLOOKUP($A16,'HALF YEARLY'!$1:$1048576,12,0) -> 50 | AO16: =VLOOKUP($A16,'UT-II'!$1:$1048576,12,0) -> 0 | AP16: =VLOOKUP($A16,ANNUAL!$1:$1048576,12,0) -> 0 | AQ16: =VLOOKUP(A16,'UT-I'!$A$1:$EA$1758,13,0) -> A | AR16: =VLOOKUP($A16,'HALF YEARLY'!$1:$1048576,13,0) -> A | AS16: =VLOOKUP($A16,'UT-II'!$1:$1048576,13,0) -> 0 | AT16: =VLOOKUP($A16,ANNUAL!$1:$1048576,13,0) -> 0 | AU16: =VLOOKUP(A16,'UT-I'!$A$1:$EA$1758,14,0) -> A | AV16: =VLOOKUP($A16,'HALF YEARLY'!$1:$1048576,14,0) -> A | AW16: =VLOOKUP($A16,'UT-II'!$1:$1048576,14,0) -> 0 | AX16: =VLOOKUP($A16,ANNUAL!$1:$1048576,14,0) -> 0 | AY16: =VLOOKUP(A16,'UT-I'!$A$1:$EA$1758,15,0) -> A | AZ16: =VLOOKUP($A16,'HALF YEARLY'!$1:$1048576,15,0) -> A | BA16: =VLOOKUP($A16,'UT-II'!$1:$1048576,15,0) -> 0 | BB16: =VLOOKUP($A16,ANNUAL!$1:$1048576,15,0) -> 0 | BC16: =VLOOKUP(A16,'UT-I'!$A$1:$EA$1758,16,0) -> A | BD16: =VLOOKUP($A16,'HALF YEARLY'!$1:$1048576,16,0) -> A | BE16: =VLOOKUP($A16,'UT-II'!$1:$1048576,16,0) -> 0 | BF16: =VLOOKUP($A16,ANNUAL!$1:$1048576,16,0) -> 0 | BG16: =VLOOKUP(A16,'UT-I'!$A$1:$EA$1758,17,0) -> 493 | BH16: =VLOOKUP($A16,'HALF YEARLY'!$1:$1048576,17,0) -> 496 | BI16: =VLOOKUP($A16,'UT-II'!$1:$1048576,17,0) -> 0 | BJ16: =VLOOKUP($A16,ANNUAL!$1:$1048576,17,0) -> 0 | BK16: =VLOOKUP($A16,ANNUAL!$1:$1048576,18,0) -> 0 | BL16: =VLOOKUP($A16,ANNUAL!$1:$1048576,19,0) -> 0 | BM16: =VLOOKUP($A16,ANNUAL!$1:$1048576,20,0) -> 0
A17: =DETAILS!A10 -> 1954 | B17: =DETAILS!B10 -> AVANTIKA | C17: =VLOOKUP(A17,'UT-I'!$A$1:$EA$1758,3,0) -> NA | D17: =VLOOKUP($A17,'HALF YEARLY'!$1:$1048576,3,0) -> 44 | E17: =VLOOKUP($A17,'UT-II'!$1:$1048576,3,0) -> 0 | F17: =VLOOKUP($A17,ANNUAL!$1:$1048576,3,0) -> 49 | G17: =VLOOKUP(A17,'UT-I'!$A$1:$EA$1758,4,0) -> NA | H17: =VLOOKUP($A17,'HALF YEARLY'!$1:$1048576,4,0) -> 20 | I17: =VLOOKUP($A17,'UT-II'!$1:$1048576,4,0) -> 0 | J17: =VLOOKUP($A17,ANNUAL!$1:$1048576,4,0) -> 50 | K17: =VLOOKUP(A17,'UT-I'!$A$1:$EA$1758,5,0) -> NA | L17: =VLOOKUP($A17,'HALF YEARLY'!$1:$1048576,5,0) -> 42 | M17: =VLOOKUP($A17,'UT-II'!$1:$1048576,5,0) -> 0 | N17: =VLOOKUP($A17,ANNUAL!$1:$1048576,5,0) -> 43 | O17: =VLOOKUP(A17,'UT-I'!$A$1:$EA$1758,6,0) -> NA | P17: =VLOOKUP($A17,'HALF YEARLY'!$1:$1048576,6,0) -> 40 | Q17: =VLOOKUP($A17,'UT-II'!$1:$1048576,6,0) -> 0 | R17: =VLOOKUP($A17,ANNUAL!$1:$1048576,6,0) -> 48 | S17: =VLOOKUP(A17,'UT-I'!$A$1:$EA$1758,7,0) -> NA | T17: =VLOOKUP($A17,'HALF YEARLY'!$1:$1048576,7,0) -> 30 | U17: =VLOOKUP($A17,'UT-II'!$1:$1048576,7,0) -> 0 | V17: =VLOOKUP($A17,ANNUAL!$1:$1048576,7,0) -> 49 | W17: =VLOOKUP(A17,'UT-I'!$A$1:$EA$1758,8,0) -> NA | X17: =VLOOKUP($A17,'HALF YEARLY'!$1:$1048576,8,0) -> 40 | Y17: =VLOOKUP($A17,'UT-II'!$1:$1048576,8,0) -> 0 | Z17: =VLOOKUP($A17,ANNUAL!$1:$1048576,8,0) -> 48 | AA17: =VLOOKUP(A17,'UT-I'!$A$1:$EA$1758,9,0) -> NA | AB17: =VLOOKUP($A17,'HALF YEARLY'!$1:$1048576,9,0) -> 33 | AC17: =VLOOKUP($A17,'UT-II'!$1:$1048576,9,0) -> 0 | AD17: =VLOOKUP($A17,ANNUAL!$1:$1048576,9,0) -> 48 | AE17: =VLOOKUP(A17,'UT-I'!$A$1:$EA$1758,10,0) -> NA | AF17: =VLOOKUP($A17,'HALF YEARLY'!$1:$1048576,10,0) -> 20 | AG17: =VLOOKUP($A17,'UT-II'!$1:$1048576,10,0) -> 0 | AH17: =VLOOKUP($A17,ANNUAL!$1:$1048576,10,0) -> 48 | AI17: =VLOOKUP(A17,'UT-I'!$A$1:$EA$1758,11,0) -> NA | AJ17: =VLOOKUP($A17,'HALF YEARLY'!$1:$1048576,11,0) -> 20 | AK17: =VLOOKUP($A17,'UT-II'!$1:$1048576,11,0) -> 0 | AL17: =VLOOKUP($A17,ANNUAL!$1:$1048576,11,0) -> 40 | AM17: =VLOOKUP(A17,'UT-I'!$A$1:$EA$1758,12,0) -> NA | AN17: =VLOOKUP($A17,'HALF YEARLY'!$1:$1048576,12,0) -> 30 | AO17: =VLOOKUP($A17,'UT-II'!$1:$1048576,12,0) -> 0 | AP17: =VLOOKUP($A17,ANNUAL!$1:$1048576,12,0) -> 50 | AQ17: =VLOOKUP(A17,'UT-I'!$A$1:$EA$1758,13,0) -> NA | AR17: =VLOOKUP($A17,'HALF YEARLY'!$1:$1048576,13,0) -> D | AS17: =VLOOKUP($A17,'UT-II'!$1:$1048576,13,0) -> 0 | AT17: =VLOOKUP($A17,ANNUAL!$1:$1048576,13,0) -> A | AU17: =VLOOKUP(A17,'UT-I'!$A$1:$EA$1758,14,0) -> NA | AV17: =VLOOKUP($A17,'HALF YEARLY'!$1:$1048576,14,0) -> A | AW17: =VLOOKUP($A17,'UT-II'!$1:$1048576,14,0) -> 0 | AX17: =VLOOKUP($A17,ANNUAL!$1:$1048576,14,0) -> A | AY17: =VLOOKUP(A17,'UT-I'!$A$1:$EA$1758,15,0) -> NA | AZ17: =VLOOKUP($A17,'HALF YEARLY'!$1:$1048576,15,0) -> B | BA17: =VLOOKUP($A17,'UT-II'!$1:$1048576,15,0) -> 0 | BB17: =VLOOKUP($A17,ANNUAL!$1:$1048576,15,0) -> A | BC17: =VLOOKUP(A17,'UT-I'!$A$1:$EA$1758,16,0) -> NA | BD17: =VLOOKUP($A17,'HALF YEARLY'!$1:$1048576,16,0) -> A | BE17: =VLOOKUP($A17,'UT-II'!$1:$1048576,16,0) -> 0 | BF17: =VLOOKUP($A17,ANNUAL!$1:$1048576,16,0) -> A | BG17: =VLOOKUP(A17,'UT-I'!$A$1:$EA$1758,17,0) -> 0 | BH17: =VLOOKUP($A17,'HALF YEARLY'!$1:$1048576,17,0) -> 319 | BI17: =VLOOKUP($A17,'UT-II'!$1:$1048576,17,0) -> 0 | BJ17: =VLOOKUP($A17,ANNUAL!$1:$1048576,17,0) -> A | BK17: =VLOOKUP($A17,ANNUAL!$1:$1048576,18,0) -> 160 | BL17: =VLOOKUP($A17,ANNUAL!$1:$1048576,19,0) -> 214 | BM17: =VLOOKUP($A17,ANNUAL!$1:$1048576,20,0) -> Excellent progress this year!
A18: =DETAILS!#REF! -> #REF! | B18: =DETAILS!#REF! -> #REF! | C18: =VLOOKUP(A18,'UT-I'!$A$1:$EA$1758,3,0) -> #REF! | D18: =VLOOKUP($A18,'HALF YEARLY'!$1:$1048576,3,0) -> #REF! | E18: =VLOOKUP($A18,'UT-II'!$1:$1048576,3,0) -> #REF! | F18: =VLOOKUP($A18,ANNUAL!$1:$1048576,3,0) -> #REF! | G18: =VLOOKUP(A18,'UT-I'!$A$1:$EA$1758,4,0) -> #REF! | H18: =VLOOKUP($A18,'HALF YEARLY'!$1:$1048576,4,0) -> #REF! | I18: =VLOOKUP($A18,'UT-II'!$1:$1048576,4,0) -> #REF! | J18: =VLOOKUP($A18,ANNUAL!$1:$1048576,4,0) -> #REF! | K18: =VLOOKUP(A18,'UT-I'!$A$1:$EA$1758,5,0) -> #REF! | L18: =VLOOKUP($A18,'HALF YEARLY'!$1:$1048576,5,0) -> #REF! | M18: =VLOOKUP($A18,'UT-II'!$1:$1048576,5,0) -> #REF! | N18: =VLOOKUP($A18,ANNUAL!$1:$1048576,5,0) -> #REF! | O18: =VLOOKUP(A18,'UT-I'!$A$1:$EA$1758,6,0) -> #REF! | P18: =VLOOKUP($A18,'HALF YEARLY'!$1:$1048576,6,0) -> #REF! | Q18: =VLOOKUP($A18,'UT-II'!$1:$1048576,6,0) -> #REF! | R18: =VLOOKUP($A18,ANNUAL!$1:$1048576,6,0) -> #REF! | S18: =VLOOKUP(A18,'UT-I'!$A$1:$EA$1758,7,0) -> #REF! | T18: =VLOOKUP($A18,'HALF YEARLY'!$1:$1048576,7,0) -> #REF! | U18: =VLOOKUP($A18,'UT-II'!$1:$1048576,7,0) -> #REF! | V18: =VLOOKUP($A18,ANNUAL!$1:$1048576,7,0) -> #REF! | W18: =VLOOKUP(A18,'UT-I'!$A$1:$EA$1758,8,0) -> #REF! | X18: =VLOOKUP($A18,'HALF YEARLY'!$1:$1048576,8,0) -> #REF! | Y18: =VLOOKUP($A18,'UT-II'!$1:$1048576,8,0) -> #REF! | Z18: =VLOOKUP($A18,ANNUAL!$1:$1048576,8,0) -> #REF! | AA18: =VLOOKUP(A18,'UT-I'!$A$1:$EA$1758,9,0) -> #REF! | AB18: =VLOOKUP($A18,'HALF YEARLY'!$1:$1048576,9,0) -> #REF! | AC18: =VLOOKUP($A18,'UT-II'!$1:$1048576,9,0) -> #REF! | AD18: =VLOOKUP($A18,ANNUAL!$1:$1048576,9,0) -> #REF! | AE18: =VLOOKUP(A18,'UT-I'!$A$1:$EA$1758,10,0) -> #REF! | AF18: =VLOOKUP($A18,'HALF YEARLY'!$1:$1048576,10,0) -> #REF! | AG18: =VLOOKUP($A18,'UT-II'!$1:$1048576,10,0) -> #REF! | AH18: =VLOOKUP($A18,ANNUAL!$1:$1048576,10,0) -> #REF! | AI18: =VLOOKUP(A18,'UT-I'!$A$1:$EA$1758,11,0) -> #REF! | AJ18: =VLOOKUP($A18,'HALF YEARLY'!$1:$1048576,11,0) -> #REF! | AK18: =VLOOKUP($A18,'UT-II'!$1:$1048576,11,0) -> #REF! | AL18: =VLOOKUP($A18,ANNUAL!$1:$1048576,11,0) -> #REF! | AM18: =VLOOKUP(A18,'UT-I'!$A$1:$EA$1758,12,0) -> #REF! | AN18: =VLOOKUP($A18,'HALF YEARLY'!$1:$1048576,12,0) -> #REF! | AO18: =VLOOKUP($A18,'UT-II'!$1:$1048576,12,0) -> #REF! | AP18: =VLOOKUP($A18,ANNUAL!$1:$1048576,12,0) -> #REF! | AQ18: =VLOOKUP(A18,'UT-I'!$A$1:$EA$1758,13,0) -> #REF! | AR18: =VLOOKUP($A18,'HALF YEARLY'!$1:$1048576,13,0) -> #REF! | AS18: =VLOOKUP($A18,'UT-II'!$1:$1048576,13,0) -> #REF! | AT18: =VLOOKUP($A18,ANNUAL!$1:$1048576,13,0) -> #REF! | AU18: =VLOOKUP(A18,'UT-I'!$A$1:$EA$1758,14,0) -> #REF! | AV18: =VLOOKUP($A18,'HALF YEARLY'!$1:$1048576,14,0) -> #REF! | AW18: =VLOOKUP($A18,'UT-II'!$1:$1048576,14,0) -> #REF! | AX18: =VLOOKUP($A18,ANNUAL!$1:$1048576,14,0) -> #REF! | AY18: =VLOOKUP(A18,'UT-I'!$A$1:$EA$1758,15,0) -> #REF! | AZ18: =VLOOKUP($A18,'HALF YEARLY'!$1:$1048576,15,0) -> #REF! | BA18: =VLOOKUP($A18,'UT-II'!$1:$1048576,15,0) -> #REF! | BB18: =VLOOKUP($A18,ANNUAL!$1:$1048576,15,0) -> #REF! | BC18: =VLOOKUP(A18,'UT-I'!$A$1:$EA$1758,16,0) -> #REF! | BD18: =VLOOKUP($A18,'HALF YEARLY'!$1:$1048576,16,0) -> #REF! | BE18: =VLOOKUP($A18,'UT-II'!$1:$1048576,16,0) -> #REF! | BF18: =VLOOKUP($A18,ANNUAL!$1:$1048576,16,0) -> #REF! | BG18: =VLOOKUP(A18,'UT-I'!$A$1:$EA$1758,17,0) -> #REF! | BH18: =VLOOKUP($A18,'HALF YEARLY'!$1:$1048576,17,0) -> #REF! | BI18: =VLOOKUP($A18,'UT-II'!$1:$1048576,17,0) -> #REF! | BJ18: =VLOOKUP($A18,ANNUAL!$1:$1048576,17,0) -> #REF! | BK18: =VLOOKUP($A18,ANNUAL!$1:$1048576,18,0) -> #REF! | BL18: =VLOOKUP($A18,ANNUAL!$1:$1048576,19,0) -> #REF! | BM18: =VLOOKUP($A18,ANNUAL!$1:$1048576,20,0) -> #REF!
A19: =DETAILS!#REF! -> #REF! | B19: =DETAILS!#REF! -> #REF! | C19: =VLOOKUP(A19,'UT-I'!$A$1:$EA$1758,3,0) -> #REF! | D19: =VLOOKUP($A19,'HALF YEARLY'!$1:$1048576,3,0) -> #REF! | E19: =VLOOKUP($A19,'UT-II'!$1:$1048576,3,0) -> #REF! | F19: =VLOOKUP($A19,ANNUAL!$1:$1048576,3,0) -> #REF! | G19: =VLOOKUP(A19,'UT-I'!$A$1:$EA$1758,4,0) -> #REF! | H19: =VLOOKUP($A19,'HALF YEARLY'!$1:$1048576,4,0) -> #REF! | I19: =VLOOKUP($A19,'UT-II'!$1:$1048576,4,0) -> #REF! | J19: =VLOOKUP($A19,ANNUAL!$1:$1048576,4,0) -> #REF! | K19: =VLOOKUP(A19,'UT-I'!$A$1:$EA$1758,5,0) -> #REF! | L19: =VLOOKUP($A19,'HALF YEARLY'!$1:$1048576,5,0) -> #REF! | M19: =VLOOKUP($A19,'UT-II'!$1:$1048576,5,0) -> #REF! | N19: =VLOOKUP($A19,ANNUAL!$1:$1048576,5,0) -> #REF! | O19: =VLOOKUP(A19,'UT-I'!$A$1:$EA$1758,6,0) -> #REF! | P19: =VLOOKUP($A19,'HALF YEARLY'!$1:$1048576,6,0) -> #REF! | Q19: =VLOOKUP($A19,'UT-II'!$1:$1048576,6,0) -> #REF! | R19: =VLOOKUP($A19,ANNUAL!$1:$1048576,6,0) -> #REF! | S19: =VLOOKUP(A19,'UT-I'!$A$1:$EA$1758,7,0) -> #REF! | T19: =VLOOKUP($A19,'HALF YEARLY'!$1:$1048576,7,0) -> #REF! | U19: =VLOOKUP($A19,'UT-II'!$1:$1048576,7,0) -> #REF! | V19: =VLOOKUP($A19,ANNUAL!$1:$1048576,7,0) -> #REF! | W19: =VLOOKUP(A19,'UT-I'!$A$1:$EA$1758,8,0) -> #REF! | X19: =VLOOKUP($A19,'HALF YEARLY'!$1:$1048576,8,0) -> #REF! | Y19: =VLOOKUP($A19,'UT-II'!$1:$1048576,8,0) -> #REF! | Z19: =VLOOKUP($A19,ANNUAL!$1:$1048576,8,0) -> #REF! | AA19: =VLOOKUP(A19,'UT-I'!$A$1:$EA$1758,9,0) -> #REF! | AB19: =VLOOKUP($A19,'HALF YEARLY'!$1:$1048576,9,0) -> #REF! | AC19: =VLOOKUP($A19,'UT-II'!$1:$1048576,9,0) -> #REF! | AD19: =VLOOKUP($A19,ANNUAL!$1:$1048576,9,0) -> #REF! | AE19: =VLOOKUP(A19,'UT-I'!$A$1:$EA$1758,10,0) -> #REF! | AF19: =VLOOKUP($A19,'HALF YEARLY'!$1:$1048576,10,0) -> #REF! | AG19: =VLOOKUP($A19,'UT-II'!$1:$1048576,10,0) -> #REF! | AH19: =VLOOKUP($A19,ANNUAL!$1:$1048576,10,0) -> #REF! | AI19: =VLOOKUP(A19,'UT-I'!$A$1:$EA$1758,11,0) -> #REF! | AJ19: =VLOOKUP($A19,'HALF YEARLY'!$1:$1048576,11,0) -> #REF! | AK19: =VLOOKUP($A19,'UT-II'!$1:$1048576,11,0) -> #REF! | AL19: =VLOOKUP($A19,ANNUAL!$1:$1048576,11,0) -> #REF! | AM19: =VLOOKUP(A19,'UT-I'!$A$1:$EA$1758,12,0) -> #REF! | AN19: =VLOOKUP($A19,'HALF YEARLY'!$1:$1048576,12,0) -> #REF! | AO19: =VLOOKUP($A19,'UT-II'!$1:$1048576,12,0) -> #REF! | AP19: =VLOOKUP($A19,ANNUAL!$1:$1048576,12,0) -> #REF! | AQ19: =VLOOKUP(A19,'UT-I'!$A$1:$EA$1758,13,0) -> #REF! | AR19: =VLOOKUP($A19,'HALF YEARLY'!$1:$1048576,13,0) -> #REF! | AS19: =VLOOKUP($A19,'UT-II'!$1:$1048576,13,0) -> #REF! | AT19: =VLOOKUP($A19,ANNUAL!$1:$1048576,13,0) -> #REF! | AU19: =VLOOKUP(A19,'UT-I'!$A$1:$EA$1758,14,0) -> #REF! | AV19: =VLOOKUP($A19,'HALF YEARLY'!$1:$1048576,14,0) -> #REF! | AW19: =VLOOKUP($A19,'UT-II'!$1:$1048576,14,0) -> #REF! | AX19: =VLOOKUP($A19,ANNUAL!$1:$1048576,14,0) -> #REF! | AY19: =VLOOKUP(A19,'UT-I'!$A$1:$EA$1758,15,0) -> #REF! | AZ19: =VLOOKUP($A19,'HALF YEARLY'!$1:$1048576,15,0) -> #REF! | BA19: =VLOOKUP($A19,'UT-II'!$1:$1048576,15,0) -> #REF! | BB19: =VLOOKUP($A19,ANNUAL!$1:$1048576,15,0) -> #REF! | BC19: =VLOOKUP(A19,'UT-I'!$A$1:$EA$1758,16,0) -> #REF! | BD19: =VLOOKUP($A19,'HALF YEARLY'!$1:$1048576,16,0) -> #REF! | BE19: =VLOOKUP($A19,'UT-II'!$1:$1048576,16,0) -> #REF! | BF19: =VLOOKUP($A19,ANNUAL!$1:$1048576,16,0) -> #REF! | BG19: =VLOOKUP(A19,'UT-I'!$A$1:$EA$1758,17,0) -> #REF! | BH19: =VLOOKUP($A19,'HALF YEARLY'!$1:$1048576,17,0) -> #REF! | BI19: =VLOOKUP($A19,'UT-II'!$1:$1048576,17,0) -> #REF! | BJ19: =VLOOKUP($A19,ANNUAL!$1:$1048576,17,0) -> #REF! | BK19: =VLOOKUP($A19,ANNUAL!$1:$1048576,18,0) -> #REF! | BL19: =VLOOKUP($A19,ANNUAL!$1:$1048576,19,0) -> #REF! | BM19: =VLOOKUP($A19,ANNUAL!$1:$1048576,20,0) -> #REF!
A20: =DETAILS!A11 -> 1923 | B20: =DETAILS!B11 -> AVIKA MAURYA | C20: =VLOOKUP(A20,'UT-I'!$A$1:$EA$1758,3,0) -> 39 | D20: =VLOOKUP($A20,'HALF YEARLY'!$1:$1048576,3,0) -> 41 | E20: =VLOOKUP($A20,'UT-II'!$1:$1048576,3,0) -> 0 | F20: =VLOOKUP($A20,ANNUAL!$1:$1048576,3,0) -> 50 | G20: =VLOOKUP(A20,'UT-I'!$A$1:$EA$1758,4,0) -> 40 | H20: =VLOOKUP($A20,'HALF YEARLY'!$1:$1048576,4,0) -> 45 | I20: =VLOOKUP($A20,'UT-II'!$1:$1048576,4,0) -> 0 | J20: =VLOOKUP($A20,ANNUAL!$1:$1048576,4,0) -> 48 | K20: =VLOOKUP(A20,'UT-I'!$A$1:$EA$1758,5,0) -> 30 | L20: =VLOOKUP($A20,'HALF YEARLY'!$1:$1048576,5,0) -> 31 | M20: =VLOOKUP($A20,'UT-II'!$1:$1048576,5,0) -> 0 | N20: =VLOOKUP($A20,ANNUAL!$1:$1048576,5,0) -> 48 | O20: =VLOOKUP(A20,'UT-I'!$A$1:$EA$1758,6,0) -> 40 | P20: =VLOOKUP($A20,'HALF YEARLY'!$1:$1048576,6,0) -> 36 | Q20: =VLOOKUP($A20,'UT-II'!$1:$1048576,6,0) -> 0 | R20: =VLOOKUP($A20,ANNUAL!$1:$1048576,6,0) -> 40 | S20: =VLOOKUP(A20,'UT-I'!$A$1:$EA$1758,7,0) -> 40 | T20: =VLOOKUP($A20,'HALF YEARLY'!$1:$1048576,7,0) -> 30 | U20: =VLOOKUP($A20,'UT-II'!$1:$1048576,7,0) -> 0 | V20: =VLOOKUP($A20,ANNUAL!$1:$1048576,7,0) -> 48 | W20: =VLOOKUP(A20,'UT-I'!$A$1:$EA$1758,8,0) -> 30 | X20: =VLOOKUP($A20,'HALF YEARLY'!$1:$1048576,8,0) -> AB | Y20: =VLOOKUP($A20,'UT-II'!$1:$1048576,8,0) -> 0 | Z20: =VLOOKUP($A20,ANNUAL!$1:$1048576,8,0) -> 48 | AA20: =VLOOKUP(A20,'UT-I'!$A$1:$EA$1758,9,0) -> 39 | AB20: =VLOOKUP($A20,'HALF YEARLY'!$1:$1048576,9,0) -> 35 | AC20: =VLOOKUP($A20,'UT-II'!$1:$1048576,9,0) -> 0 | AD20: =VLOOKUP($A20,ANNUAL!$1:$1048576,9,0) -> 48 | AE20: =VLOOKUP(A20,'UT-I'!$A$1:$EA$1758,10,0) -> 40 | AF20: =VLOOKUP($A20,'HALF YEARLY'!$1:$1048576,10,0) -> 30 | AG20: =VLOOKUP($A20,'UT-II'!$1:$1048576,10,0) -> 0 | AH20: =VLOOKUP($A20,ANNUAL!$1:$1048576,10,0) -> 50 | AI20: =VLOOKUP(A20,'UT-I'!$A$1:$EA$1758,11,0) -> 50 | AJ20: =VLOOKUP($A20,'HALF YEARLY'!$1:$1048576,11,0) -> 40 | AK20: =VLOOKUP($A20,'UT-II'!$1:$1048576,11,0) -> 0 | AL20: =VLOOKUP($A20,ANNUAL!$1:$1048576,11,0) -> 48 | AM20: =VLOOKUP(A20,'UT-I'!$A$1:$EA$1758,12,0) -> 40 | AN20: =VLOOKUP($A20,'HALF YEARLY'!$1:$1048576,12,0) -> AB | AO20: =VLOOKUP($A20,'UT-II'!$1:$1048576,12,0) -> 0 | AP20: =VLOOKUP($A20,ANNUAL!$1:$1048576,12,0) -> 48 | AQ20: =VLOOKUP(A20,'UT-I'!$A$1:$EA$1758,13,0) -> B | AR20: =VLOOKUP($A20,'HALF YEARLY'!$1:$1048576,13,0) -> A | AS20: =VLOOKUP($A20,'UT-II'!$1:$1048576,13,0) -> 0 | AT20: =VLOOKUP($A20,ANNUAL!$1:$1048576,13,0) -> A | AU20: =VLOOKUP(A20,'UT-I'!$A$1:$EA$1758,14,0) -> A | AV20: =VLOOKUP($A20,'HALF YEARLY'!$1:$1048576,14,0) -> B | AW20: =VLOOKUP($A20,'UT-II'!$1:$1048576,14,0) -> 0 | AX20: =VLOOKUP($A20,ANNUAL!$1:$1048576,14,0) -> A | AY20: =VLOOKUP(A20,'UT-I'!$A$1:$EA$1758,15,0) -> B | AZ20: =VLOOKUP($A20,'HALF YEARLY'!$1:$1048576,15,0) -> B | BA20: =VLOOKUP($A20,'UT-II'!$1:$1048576,15,0) -> 0 | BB20: =VLOOKUP($A20,ANNUAL!$1:$1048576,15,0) -> A | BC20: =VLOOKUP(A20,'UT-I'!$A$1:$EA$1758,16,0) -> B | BD20: =VLOOKUP($A20,'HALF YEARLY'!$1:$1048576,16,0) -> A | BE20: =VLOOKUP($A20,'UT-II'!$1:$1048576,16,0) -> 0 | BF20: =VLOOKUP($A20,ANNUAL!$1:$1048576,16,0) -> A | BG20: =VLOOKUP(A20,'UT-I'!$A$1:$EA$1758,17,0) -> 388 | BH20: =VLOOKUP($A20,'HALF YEARLY'!$1:$1048576,17,0) -> 288 | BI20: =VLOOKUP($A20,'UT-II'!$1:$1048576,17,0) -> 0 | BJ20: =VLOOKUP($A20,ANNUAL!$1:$1048576,17,0) -> A | BK20: =VLOOKUP($A20,ANNUAL!$1:$1048576,18,0) -> 163 | BL20: =VLOOKUP($A20,ANNUAL!$1:$1048576,19,0) -> 214 | BM20: =VLOOKUP($A20,ANNUAL!$1:$1048576,20,0) -> Excellent progress this year!
A21: =DETAILS!A12 -> 1893 | B21: =DETAILS!B12 -> DAKSH | C21: =VLOOKUP(A21,'UT-I'!$A$1:$EA$1758,3,0) -> 28 | D21: =VLOOKUP($A21,'HALF YEARLY'!$1:$1048576,3,0) -> 30 | E21: =VLOOKUP($A21,'UT-II'!$1:$1048576,3,0) -> 0 | F21: =VLOOKUP($A21,ANNUAL!$1:$1048576,3,0) -> 50 | G21: =VLOOKUP(A21,'UT-I'!$A$1:$EA$1758,4,0) -> 17 | H21: =VLOOKUP($A21,'HALF YEARLY'!$1:$1048576,4,0) -> 17 | I21: =VLOOKUP($A21,'UT-II'!$1:$1048576,4,0) -> 0 | J21: =VLOOKUP($A21,ANNUAL!$1:$1048576,4,0) -> 50 | K21: =VLOOKUP(A21,'UT-I'!$A$1:$EA$1758,5,0) -> 20 | L21: =VLOOKUP($A21,'HALF YEARLY'!$1:$1048576,5,0) -> 41 | M21: =VLOOKUP($A21,'UT-II'!$1:$1048576,5,0) -> 0 | N21: =VLOOKUP($A21,ANNUAL!$1:$1048576,5,0) -> 48 | O21: =VLOOKUP(A21,'UT-I'!$A$1:$EA$1758,6,0) -> 28 | P21: =VLOOKUP($A21,'HALF YEARLY'!$1:$1048576,6,0) -> 34 | Q21: =VLOOKUP($A21,'UT-II'!$1:$1048576,6,0) -> 0 | R21: =VLOOKUP($A21,ANNUAL!$1:$1048576,6,0) -> 50 | S21: =VLOOKUP(A21,'UT-I'!$A$1:$EA$1758,7,0) -> 17 | T21: =VLOOKUP($A21,'HALF YEARLY'!$1:$1048576,7,0) -> 20 | U21: =VLOOKUP($A21,'UT-II'!$1:$1048576,7,0) -> 0 | V21: =VLOOKUP($A21,ANNUAL!$1:$1048576,7,0) -> 48 | W21: =VLOOKUP(A21,'UT-I'!$A$1:$EA$1758,8,0) -> 25 | X21: =VLOOKUP($A21,'HALF YEARLY'!$1:$1048576,8,0) -> 22 | Y21: =VLOOKUP($A21,'UT-II'!$1:$1048576,8,0) -> 0 | Z21: =VLOOKUP($A21,ANNUAL!$1:$1048576,8,0) -> 48 | AA21: =VLOOKUP(A21,'UT-I'!$A$1:$EA$1758,9,0) -> 31 | AB21: =VLOOKUP($A21,'HALF YEARLY'!$1:$1048576,9,0) -> 27 | AC21: =VLOOKUP($A21,'UT-II'!$1:$1048576,9,0) -> 0 | AD21: =VLOOKUP($A21,ANNUAL!$1:$1048576,9,0) -> 50 | AE21: =VLOOKUP(A21,'UT-I'!$A$1:$EA$1758,10,0) -> 17 | AF21: =VLOOKUP($A21,'HALF YEARLY'!$1:$1048576,10,0) -> 20 | AG21: =VLOOKUP($A21,'UT-II'!$1:$1048576,10,0) -> 0 | AH21: =VLOOKUP($A21,ANNUAL!$1:$1048576,10,0) -> 50 | AI21: =VLOOKUP(A21,'UT-I'!$A$1:$EA$1758,11,0) -> 25 | AJ21: =VLOOKUP($A21,'HALF YEARLY'!$1:$1048576,11,0) -> 17 | AK21: =VLOOKUP($A21,'UT-II'!$1:$1048576,11,0) -> 0 | AL21: =VLOOKUP($A21,ANNUAL!$1:$1048576,11,0) -> 50 | AM21: =VLOOKUP(A21,'UT-I'!$A$1:$EA$1758,12,0) -> 17 | AN21: =VLOOKUP($A21,'HALF YEARLY'!$1:$1048576,12,0) -> 17 | AO21: =VLOOKUP($A21,'UT-II'!$1:$1048576,12,0) -> 0 | AP21: =VLOOKUP($A21,ANNUAL!$1:$1048576,12,0) -> 50 | AQ21: =VLOOKUP(A21,'UT-I'!$A$1:$EA$1758,13,0) -> D | AR21: =VLOOKUP($A21,'HALF YEARLY'!$1:$1048576,13,0) -> D | AS21: =VLOOKUP($A21,'UT-II'!$1:$1048576,13,0) -> 0 | AT21: =VLOOKUP($A21,ANNUAL!$1:$1048576,13,0) -> A | AU21: =VLOOKUP(A21,'UT-I'!$A$1:$EA$1758,14,0) -> B | AV21: =VLOOKUP($A21,'HALF YEARLY'!$1:$1048576,14,0) -> B | AW21: =VLOOKUP($A21,'UT-II'!$1:$1048576,14,0) -> 0 | AX21: =VLOOKUP($A21,ANNUAL!$1:$1048576,14,0) -> A | AY21: =VLOOKUP(A21,'UT-I'!$A$1:$EA$1758,15,0) -> D | AZ21: =VLOOKUP($A21,'HALF YEARLY'!$1:$1048576,15,0) -> D | BA21: =VLOOKUP($A21,'UT-II'!$1:$1048576,15,0) -> 0 | BB21: =VLOOKUP($A21,ANNUAL!$1:$1048576,15,0) -> A | BC21: =VLOOKUP(A21,'UT-I'!$A$1:$EA$1758,16,0) -> C | BD21: =VLOOKUP($A21,'HALF YEARLY'!$1:$1048576,16,0) -> A | BE21: =VLOOKUP($A21,'UT-II'!$1:$1048576,16,0) -> 0 | BF21: =VLOOKUP($A21,ANNUAL!$1:$1048576,16,0) -> A | BG21: =VLOOKUP(A21,'UT-I'!$A$1:$EA$1758,17,0) -> 225 | BH21: =VLOOKUP($A21,'HALF YEARLY'!$1:$1048576,17,0) -> 245 | BI21: =VLOOKUP($A21,'UT-II'!$1:$1048576,17,0) -> 0 | BJ21: =VLOOKUP($A21,ANNUAL!$1:$1048576,17,0) -> A | BK21: =VLOOKUP($A21,ANNUAL!$1:$1048576,18,0) -> 110 | BL21: =VLOOKUP($A21,ANNUAL!$1:$1048576,19,0) -> 174 | BM21: =VLOOKUP($A21,ANNUAL!$1:$1048576,20,0) -> Great Potential- Stay Focused!
A22: =DETAILS!#REF! -> #REF! | B22: =DETAILS!#REF! -> #REF! | C22: =VLOOKUP(A22,'UT-I'!$A$1:$EA$1758,3,0) -> #REF! | D22: =VLOOKUP($A22,'HALF YEARLY'!$1:$1048576,3,0) -> #REF! | E22: =VLOOKUP($A22,'UT-II'!$1:$1048576,3,0) -> #REF! | F22: =VLOOKUP($A22,ANNUAL!$1:$1048576,3,0) -> #REF! | G22: =VLOOKUP(A22,'UT-I'!$A$1:$EA$1758,4,0) -> #REF! | H22: =VLOOKUP($A22,'HALF YEARLY'!$1:$1048576,4,0) -> #REF! | I22: =VLOOKUP($A22,'UT-II'!$1:$1048576,4,0) -> #REF! | J22: =VLOOKUP($A22,ANNUAL!$1:$1048576,4,0) -> #REF! | K22: =VLOOKUP(A22,'UT-I'!$A$1:$EA$1758,5,0) -> #REF! | L22: =VLOOKUP($A22,'HALF YEARLY'!$1:$1048576,5,0) -> #REF! | M22: =VLOOKUP($A22,'UT-II'!$1:$1048576,5,0) -> #REF! | N22: =VLOOKUP($A22,ANNUAL!$1:$1048576,5,0) -> #REF! | O22: =VLOOKUP(A22,'UT-I'!$A$1:$EA$1758,6,0) -> #REF! | P22: =VLOOKUP($A22,'HALF YEARLY'!$1:$1048576,6,0) -> #REF! | Q22: =VLOOKUP($A22,'UT-II'!$1:$1048576,6,0) -> #REF! | R22: =VLOOKUP($A22,ANNUAL!$1:$1048576,6,0) -> #REF! | S22: =VLOOKUP(A22,'UT-I'!$A$1:$EA$1758,7,0) -> #REF! | T22: =VLOOKUP($A22,'HALF YEARLY'!$1:$1048576,7,0) -> #REF! | U22: =VLOOKUP($A22,'UT-II'!$1:$1048576,7,0) -> #REF! | V22: =VLOOKUP($A22,ANNUAL!$1:$1048576,7,0) -> #REF! | W22: =VLOOKUP(A22,'UT-I'!$A$1:$EA$1758,8,0) -> #REF! | X22: =VLOOKUP($A22,'HALF YEARLY'!$1:$1048576,8,0) -> #REF! | Y22: =VLOOKUP($A22,'UT-II'!$1:$1048576,8,0) -> #REF! | Z22: =VLOOKUP($A22,ANNUAL!$1:$1048576,8,0) -> #REF! | AA22: =VLOOKUP(A22,'UT-I'!$A$1:$EA$1758,9,0) -> #REF! | AB22: =VLOOKUP($A22,'HALF YEARLY'!$1:$1048576,9,0) -> #REF! | AC22: =VLOOKUP($A22,'UT-II'!$1:$1048576,9,0) -> #REF! | AD22: =VLOOKUP($A22,ANNUAL!$1:$1048576,9,0) -> #REF! | AE22: =VLOOKUP(A22,'UT-I'!$A$1:$EA$1758,10,0) -> #REF! | AF22: =VLOOKUP($A22,'HALF YEARLY'!$1:$1048576,10,0) -> #REF! | AG22: =VLOOKUP($A22,'UT-II'!$1:$1048576,10,0) -> #REF! | AH22: =VLOOKUP($A22,ANNUAL!$1:$1048576,10,0) -> #REF! | AI22: =VLOOKUP(A22,'UT-I'!$A$1:$EA$1758,11,0) -> #REF! | AJ22: =VLOOKUP($A22,'HALF YEARLY'!$1:$1048576,11,0) -> #REF! | AK22: =VLOOKUP($A22,'UT-II'!$1:$1048576,11,0) -> #REF! | AL22: =VLOOKUP($A22,ANNUAL!$1:$1048576,11,0) -> #REF! | AM22: =VLOOKUP(A22,'UT-I'!$A$1:$EA$1758,12,0) -> #REF! | AN22: =VLOOKUP($A22,'HALF YEARLY'!$1:$1048576,12,0) -> #REF! | AO22: =VLOOKUP($A22,'UT-II'!$1:$1048576,12,0) -> #REF! | AP22: =VLOOKUP($A22,ANNUAL!$1:$1048576,12,0) -> #REF! | AQ22: =VLOOKUP(A22,'UT-I'!$A$1:$EA$1758,13,0) -> #REF! | AR22: =VLOOKUP($A22,'HALF YEARLY'!$1:$1048576,13,0) -> #REF! | AS22: =VLOOKUP($A22,'UT-II'!$1:$1048576,13,0) -> #REF! | AT22: =VLOOKUP($A22,ANNUAL!$1:$1048576,13,0) -> #REF! | AU22: =VLOOKUP(A22,'UT-I'!$A$1:$EA$1758,14,0) -> #REF! | AV22: =VLOOKUP($A22,'HALF YEARLY'!$1:$1048576,14,0) -> #REF! | AW22: =VLOOKUP($A22,'UT-II'!$1:$1048576,14,0) -> #REF! | AX22: =VLOOKUP($A22,ANNUAL!$1:$1048576,14,0) -> #REF! | AY22: =VLOOKUP(A22,'UT-I'!$A$1:$EA$1758,15,0) -> #REF! | AZ22: =VLOOKUP($A22,'HALF YEARLY'!$1:$1048576,15,0) -> #REF! | BA22: =VLOOKUP($A22,'UT-II'!$1:$1048576,15,0) -> #REF! | BB22: =VLOOKUP($A22,ANNUAL!$1:$1048576,15,0) -> #REF! | BC22: =VLOOKUP(A22,'UT-I'!$A$1:$EA$1758,16,0) -> #REF! | BD22: =VLOOKUP($A22,'HALF YEARLY'!$1:$1048576,16,0) -> #REF! | BE22: =VLOOKUP($A22,'UT-II'!$1:$1048576,16,0) -> #REF! | BF22: =VLOOKUP($A22,ANNUAL!$1:$1048576,16,0) -> #REF! | BG22: =VLOOKUP(A22,'UT-I'!$A$1:$EA$1758,17,0) -> #REF! | BH22: =VLOOKUP($A22,'HALF YEARLY'!$1:$1048576,17,0) -> #REF! | BI22: =VLOOKUP($A22,'UT-II'!$1:$1048576,17,0) -> #REF! | BJ22: =VLOOKUP($A22,ANNUAL!$1:$1048576,17,0) -> #REF! | BK22: =VLOOKUP($A22,ANNUAL!$1:$1048576,18,0) -> #REF! | BL22: =VLOOKUP($A22,ANNUAL!$1:$1048576,19,0) -> #REF! | BM22: =VLOOKUP($A22,ANNUAL!$1:$1048576,20,0) -> #REF!
A23: =DETAILS!A13 -> 1843 | B23: =DETAILS!B13 -> DEV MISHRA | C23: =VLOOKUP(A23,'UT-I'!$A$1:$EA$1758,3,0) -> 42 | D23: =VLOOKUP($A23,'HALF YEARLY'!$1:$1048576,3,0) -> 39 | E23: =VLOOKUP($A23,'UT-II'!$1:$1048576,3,0) -> 0 | F23: =VLOOKUP($A23,ANNUAL!$1:$1048576,3,0) -> 46 | G23: =VLOOKUP(A23,'UT-I'!$A$1:$EA$1758,4,0) -> 40 | H23: =VLOOKUP($A23,'HALF YEARLY'!$1:$1048576,4,0) -> 35 | I23: =VLOOKUP($A23,'UT-II'!$1:$1048576,4,0) -> 0 | J23: =VLOOKUP($A23,ANNUAL!$1:$1048576,4,0) -> 50 | K23: =VLOOKUP(A23,'UT-I'!$A$1:$EA$1758,5,0) -> 30 | L23: =VLOOKUP($A23,'HALF YEARLY'!$1:$1048576,5,0) -> AB | M23: =VLOOKUP($A23,'UT-II'!$1:$1048576,5,0) -> 0 | N23: =VLOOKUP($A23,ANNUAL!$1:$1048576,5,0) -> 50 | O23: =VLOOKUP(A23,'UT-I'!$A$1:$EA$1758,6,0) -> 38 | P23: =VLOOKUP($A23,'HALF YEARLY'!$1:$1048576,6,0) -> 35 | Q23: =VLOOKUP($A23,'UT-II'!$1:$1048576,6,0) -> 0 | R23: =VLOOKUP($A23,ANNUAL!$1:$1048576,6,0) -> 49 | S23: =VLOOKUP(A23,'UT-I'!$A$1:$EA$1758,7,0) -> 30 | T23: =VLOOKUP($A23,'HALF YEARLY'!$1:$1048576,7,0) -> 25 | U23: =VLOOKUP($A23,'UT-II'!$1:$1048576,7,0) -> 0 | V23: =VLOOKUP($A23,ANNUAL!$1:$1048576,7,0) -> 45 | W23: =VLOOKUP(A23,'UT-I'!$A$1:$EA$1758,8,0) -> 30 | X23: =VLOOKUP($A23,'HALF YEARLY'!$1:$1048576,8,0) -> 30 | Y23: =VLOOKUP($A23,'UT-II'!$1:$1048576,8,0) -> 0 | Z23: =VLOOKUP($A23,ANNUAL!$1:$1048576,8,0) -> 42 | AA23: =VLOOKUP(A23,'UT-I'!$A$1:$EA$1758,9,0) -> 36 | AB23: =VLOOKUP($A23,'HALF YEARLY'!$1:$1048576,9,0) -> 33 | AC23: =VLOOKUP($A23,'UT-II'!$1:$1048576,9,0) -> 0 | AD23: =VLOOKUP($A23,ANNUAL!$1:$1048576,9,0) -> 47 | AE23: =VLOOKUP(A23,'UT-I'!$A$1:$EA$1758,10,0) -> 50 | AF23: =VLOOKUP($A23,'HALF YEARLY'!$1:$1048576,10,0) -> 30 | AG23: =VLOOKUP($A23,'UT-II'!$1:$1048576,10,0) -> 0 | AH23: =VLOOKUP($A23,ANNUAL!$1:$1048576,10,0) -> 48 | AI23: =VLOOKUP(A23,'UT-I'!$A$1:$EA$1758,11,0) -> 50 | AJ23: =VLOOKUP($A23,'HALF YEARLY'!$1:$1048576,11,0) -> 30 | AK23: =VLOOKUP($A23,'UT-II'!$1:$1048576,11,0) -> 0 | AL23: =VLOOKUP($A23,ANNUAL!$1:$1048576,11,0) -> 50 | AM23: =VLOOKUP(A23,'UT-I'!$A$1:$EA$1758,12,0) -> 40 | AN23: =VLOOKUP($A23,'HALF YEARLY'!$1:$1048576,12,0) -> 27 | AO23: =VLOOKUP($A23,'UT-II'!$1:$1048576,12,0) -> 0 | AP23: =VLOOKUP($A23,ANNUAL!$1:$1048576,12,0) -> 50 | AQ23: =VLOOKUP(A23,'UT-I'!$A$1:$EA$1758,13,0) -> B | AR23: =VLOOKUP($A23,'HALF YEARLY'!$1:$1048576,13,0) -> AB | AS23: =VLOOKUP($A23,'UT-II'!$1:$1048576,13,0) -> 0 | AT23: =VLOOKUP($A23,ANNUAL!$1:$1048576,13,0) -> A | AU23: =VLOOKUP(A23,'UT-I'!$A$1:$EA$1758,14,0) -> B | AV23: =VLOOKUP($A23,'HALF YEARLY'!$1:$1048576,14,0) -> B | AW23: =VLOOKUP($A23,'UT-II'!$1:$1048576,14,0) -> 0 | AX23: =VLOOKUP($A23,ANNUAL!$1:$1048576,14,0) -> A | AY23: =VLOOKUP(A23,'UT-I'!$A$1:$EA$1758,15,0) -> A | AZ23: =VLOOKUP($A23,'HALF YEARLY'!$1:$1048576,15,0) -> C | BA23: =VLOOKUP($A23,'UT-II'!$1:$1048576,15,0) -> 0 | BB23: =VLOOKUP($A23,ANNUAL!$1:$1048576,15,0) -> A | BC23: =VLOOKUP(A23,'UT-I'!$A$1:$EA$1758,16,0) -> A | BD23: =VLOOKUP($A23,'HALF YEARLY'!$1:$1048576,16,0) -> A | BE23: =VLOOKUP($A23,'UT-II'!$1:$1048576,16,0) -> 0 | BF23: =VLOOKUP($A23,ANNUAL!$1:$1048576,16,0) -> A | BG23: =VLOOKUP(A23,'UT-I'!$A$1:$EA$1758,17,0) -> 386 | BH23: =VLOOKUP($A23,'HALF YEARLY'!$1:$1048576,17,0) -> 284 | BI23: =VLOOKUP($A23,'UT-II'!$1:$1048576,17,0) -> 0 | BJ23: =VLOOKUP($A23,ANNUAL!$1:$1048576,17,0) -> A | BK23: =VLOOKUP($A23,ANNUAL!$1:$1048576,18,0) -> 170 | BL23: =VLOOKUP($A23,ANNUAL!$1:$1048576,19,0) -> 214 | BM23: =VLOOKUP($A23,ANNUAL!$1:$1048576,20,0) -> Good. Can do better.
A24: =DETAILS!#REF! -> #REF! | B24: =DETAILS!#REF! -> #REF! | C24: =VLOOKUP(A24,'UT-I'!$A$1:$EA$1758,3,0) -> #REF! | D24: =VLOOKUP($A24,'HALF YEARLY'!$1:$1048576,3,0) -> #REF! | E24: =VLOOKUP($A24,'UT-II'!$1:$1048576,3,0) -> #REF! | F24: =VLOOKUP($A24,ANNUAL!$1:$1048576,3,0) -> #REF! | G24: =VLOOKUP(A24,'UT-I'!$A$1:$EA$1758,4,0) -> #REF! | H24: =VLOOKUP($A24,'HALF YEARLY'!$1:$1048576,4,0) -> #REF! | I24: =VLOOKUP($A24,'UT-II'!$1:$1048576,4,0) -> #REF! | J24: =VLOOKUP($A24,ANNUAL!$1:$1048576,4,0) -> #REF! | K24: =VLOOKUP(A24,'UT-I'!$A$1:$EA$1758,5,0) -> #REF! | L24: =VLOOKUP($A24,'HALF YEARLY'!$1:$1048576,5,0) -> #REF! | M24: =VLOOKUP($A24,'UT-II'!$1:$1048576,5,0) -> #REF! | N24: =VLOOKUP($A24,ANNUAL!$1:$1048576,5,0) -> #REF! | O24: =VLOOKUP(A24,'UT-I'!$A$1:$EA$1758,6,0) -> #REF! | P24: =VLOOKUP($A24,'HALF YEARLY'!$1:$1048576,6,0) -> #REF! | Q24: =VLOOKUP($A24,'UT-II'!$1:$1048576,6,0) -> #REF! | R24: =VLOOKUP($A24,ANNUAL!$1:$1048576,6,0) -> #REF! | S24: =VLOOKUP(A24,'UT-I'!$A$1:$EA$1758,7,0) -> #REF! | T24: =VLOOKUP($A24,'HALF YEARLY'!$1:$1048576,7,0) -> #REF! | U24: =VLOOKUP($A24,'UT-II'!$1:$1048576,7,0) -> #REF! | V24: =VLOOKUP($A24,ANNUAL!$1:$1048576,7,0) -> #REF! | W24: =VLOOKUP(A24,'UT-I'!$A$1:$EA$1758,8,0) -> #REF! | X24: =VLOOKUP($A24,'HALF YEARLY'!$1:$1048576,8,0) -> #REF! | Y24: =VLOOKUP($A24,'UT-II'!$1:$1048576,8,0) -> #REF! | Z24: =VLOOKUP($A24,ANNUAL!$1:$1048576,8,0) -> #REF! | AA24: =VLOOKUP(A24,'UT-I'!$A$1:$EA$1758,9,0) -> #REF! | AB24: =VLOOKUP($A24,'HALF YEARLY'!$1:$1048576,9,0) -> #REF! | AC24: =VLOOKUP($A24,'UT-II'!$1:$1048576,9,0) -> #REF! | AD24: =VLOOKUP($A24,ANNUAL!$1:$1048576,9,0) -> #REF! | AE24: =VLOOKUP(A24,'UT-I'!$A$1:$EA$1758,10,0) -> #REF! | AF24: =VLOOKUP($A24,'HALF YEARLY'!$1:$1048576,10,0) -> #REF! | AG24: =VLOOKUP($A24,'UT-II'!$1:$1048576,10,0) -> #REF! | AH24: =VLOOKUP($A24,ANNUAL!$1:$1048576,10,0) -> #REF! | AI24: =VLOOKUP(A24,'UT-I'!$A$1:$EA$1758,11,0) -> #REF! | AJ24: =VLOOKUP($A24,'HALF YEARLY'!$1:$1048576,11,0) -> #REF! | AK24: =VLOOKUP($A24,'UT-II'!$1:$1048576,11,0) -> #REF! | AL24: =VLOOKUP($A24,ANNUAL!$1:$1048576,11,0) -> #REF! | AM24: =VLOOKUP(A24,'UT-I'!$A$1:$EA$1758,12,0) -> #REF! | AN24: =VLOOKUP($A24,'HALF YEARLY'!$1:$1048576,12,0) -> #REF! | AO24: =VLOOKUP($A24,'UT-II'!$1:$1048576,12,0) -> #REF! | AP24: =VLOOKUP($A24,ANNUAL!$1:$1048576,12,0) -> #REF! | AQ24: =VLOOKUP(A24,'UT-I'!$A$1:$EA$1758,13,0) -> #REF! | AR24: =VLOOKUP($A24,'HALF YEARLY'!$1:$1048576,13,0) -> #REF! | AS24: =VLOOKUP($A24,'UT-II'!$1:$1048576,13,0) -> #REF! | AT24: =VLOOKUP($A24,ANNUAL!$1:$1048576,13,0) -> #REF! | AU24: =VLOOKUP(A24,'UT-I'!$A$1:$EA$1758,14,0) -> #REF! | AV24: =VLOOKUP($A24,'HALF YEARLY'!$1:$1048576,14,0) -> #REF! | AW24: =VLOOKUP($A24,'UT-II'!$1:$1048576,14,0) -> #REF! | AX24: =VLOOKUP($A24,ANNUAL!$1:$1048576,14,0) -> #REF! | AY24: =VLOOKUP(A24,'UT-I'!$A$1:$EA$1758,15,0) -> #REF! | AZ24: =VLOOKUP($A24,'HALF YEARLY'!$1:$1048576,15,0) -> #REF! | BA24: =VLOOKUP($A24,'UT-II'!$1:$1048576,15,0) -> #REF! | BB24: =VLOOKUP($A24,ANNUAL!$1:$1048576,15,0) -> #REF! | BC24: =VLOOKUP(A24,'UT-I'!$A$1:$EA$1758,16,0) -> #REF! | BD24: =VLOOKUP($A24,'HALF YEARLY'!$1:$1048576,16,0) -> #REF! | BE24: =VLOOKUP($A24,'UT-II'!$1:$1048576,16,0) -> #REF! | BF24: =VLOOKUP($A24,ANNUAL!$1:$1048576,16,0) -> #REF! | BG24: =VLOOKUP(A24,'UT-I'!$A$1:$EA$1758,17,0) -> #REF! | BH24: =VLOOKUP($A24,'HALF YEARLY'!$1:$1048576,17,0) -> #REF! | BI24: =VLOOKUP($A24,'UT-II'!$1:$1048576,17,0) -> #REF! | BJ24: =VLOOKUP($A24,ANNUAL!$1:$1048576,17,0) -> #REF! | BK24: =VLOOKUP($A24,ANNUAL!$1:$1048576,18,0) -> #REF! | BL24: =VLOOKUP($A24,ANNUAL!$1:$1048576,19,0) -> #REF! | BM24: =VLOOKUP($A24,ANNUAL!$1:$1048576,20,0) -> #REF!
A25: =DETAILS!#REF! -> #REF! | B25: =DETAILS!#REF! -> #REF! | C25: =VLOOKUP(A25,'UT-I'!$A$1:$EA$1758,3,0) -> #REF! | D25: =VLOOKUP($A25,'HALF YEARLY'!$1:$1048576,3,0) -> #REF! | E25: =VLOOKUP($A25,'UT-II'!$1:$1048576,3,0) -> #REF! | F25: =VLOOKUP($A25,ANNUAL!$1:$1048576,3,0) -> #REF! | G25: =VLOOKUP(A25,'UT-I'!$A$1:$EA$1758,4,0) -> #REF! | H25: =VLOOKUP($A25,'HALF YEARLY'!$1:$1048576,4,0) -> #REF! | I25: =VLOOKUP($A25,'UT-II'!$1:$1048576,4,0) -> #REF! | J25: =VLOOKUP($A25,ANNUAL!$1:$1048576,4,0) -> #REF! | K25: =VLOOKUP(A25,'UT-I'!$A$1:$EA$1758,5,0) -> #REF! | L25: =VLOOKUP($A25,'HALF YEARLY'!$1:$1048576,5,0) -> #REF! | M25: =VLOOKUP($A25,'UT-II'!$1:$1048576,5,0) -> #REF! | N25: =VLOOKUP($A25,ANNUAL!$1:$1048576,5,0) -> #REF! | O25: =VLOOKUP(A25,'UT-I'!$A$1:$EA$1758,6,0) -> #REF! | P25: =VLOOKUP($A25,'HALF YEARLY'!$1:$1048576,6,0) -> #REF! | Q25: =VLOOKUP($A25,'UT-II'!$1:$1048576,6,0) -> #REF! | R25: =VLOOKUP($A25,ANNUAL!$1:$1048576,6,0) -> #REF! | S25: =VLOOKUP(A25,'UT-I'!$A$1:$EA$1758,7,0) -> #REF! | T25: =VLOOKUP($A25,'HALF YEARLY'!$1:$1048576,7,0) -> #REF! | U25: =VLOOKUP($A25,'UT-II'!$1:$1048576,7,0) -> #REF! | V25: =VLOOKUP($A25,ANNUAL!$1:$1048576,7,0) -> #REF! | W25: =VLOOKUP(A25,'UT-I'!$A$1:$EA$1758,8,0) -> #REF! | X25: =VLOOKUP($A25,'HALF YEARLY'!$1:$1048576,8,0) -> #REF! | Y25: =VLOOKUP($A25,'UT-II'!$1:$1048576,8,0) -> #REF! | Z25: =VLOOKUP($A25,ANNUAL!$1:$1048576,8,0) -> #REF! | AA25: =VLOOKUP(A25,'UT-I'!$A$1:$EA$1758,9,0) -> #REF! | AB25: =VLOOKUP($A25,'HALF YEARLY'!$1:$1048576,9,0) -> #REF! | AC25: =VLOOKUP($A25,'UT-II'!$1:$1048576,9,0) -> #REF! | AD25: =VLOOKUP($A25,ANNUAL!$1:$1048576,9,0) -> #REF! | AE25: =VLOOKUP(A25,'UT-I'!$A$1:$EA$1758,10,0) -> #REF! | AF25: =VLOOKUP($A25,'HALF YEARLY'!$1:$1048576,10,0) -> #REF! | AG25: =VLOOKUP($A25,'UT-II'!$1:$1048576,10,0) -> #REF! | AH25: =VLOOKUP($A25,ANNUAL!$1:$1048576,10,0) -> #REF! | AI25: =VLOOKUP(A25,'UT-I'!$A$1:$EA$1758,11,0) -> #REF! | AJ25: =VLOOKUP($A25,'HALF YEARLY'!$1:$1048576,11,0) -> #REF! | AK25: =VLOOKUP($A25,'UT-II'!$1:$1048576,11,0) -> #REF! | AL25: =VLOOKUP($A25,ANNUAL!$1:$1048576,11,0) -> #REF! | AM25: =VLOOKUP(A25,'UT-I'!$A$1:$EA$1758,12,0) -> #REF! | AN25: =VLOOKUP($A25,'HALF YEARLY'!$1:$1048576,12,0) -> #REF! | AO25: =VLOOKUP($A25,'UT-II'!$1:$1048576,12,0) -> #REF! | AP25: =VLOOKUP($A25,ANNUAL!$1:$1048576,12,0) -> #REF! | AQ25: =VLOOKUP(A25,'UT-I'!$A$1:$EA$1758,13,0) -> #REF! | AR25: =VLOOKUP($A25,'HALF YEARLY'!$1:$1048576,13,0) -> #REF! | AS25: =VLOOKUP($A25,'UT-II'!$1:$1048576,13,0) -> #REF! | AT25: =VLOOKUP($A25,ANNUAL!$1:$1048576,13,0) -> #REF! | AU25: =VLOOKUP(A25,'UT-I'!$A$1:$EA$1758,14,0) -> #REF! | AV25: =VLOOKUP($A25,'HALF YEARLY'!$1:$1048576,14,0) -> #REF! | AW25: =VLOOKUP($A25,'UT-II'!$1:$1048576,14,0) -> #REF! | AX25: =VLOOKUP($A25,ANNUAL!$1:$1048576,14,0) -> #REF! | AY25: =VLOOKUP(A25,'UT-I'!$A$1:$EA$1758,15,0) -> #REF! | AZ25: =VLOOKUP($A25,'HALF YEARLY'!$1:$1048576,15,0) -> #REF! | BA25: =VLOOKUP($A25,'UT-II'!$1:$1048576,15,0) -> #REF! | BB25: =VLOOKUP($A25,ANNUAL!$1:$1048576,15,0) -> #REF! | BC25: =VLOOKUP(A25,'UT-I'!$A$1:$EA$1758,16,0) -> #REF! | BD25: =VLOOKUP($A25,'HALF YEARLY'!$1:$1048576,16,0) -> #REF! | BE25: =VLOOKUP($A25,'UT-II'!$1:$1048576,16,0) -> #REF! | BF25: =VLOOKUP($A25,ANNUAL!$1:$1048576,16,0) -> #REF! | BG25: =VLOOKUP(A25,'UT-I'!$A$1:$EA$1758,17,0) -> #REF! | BH25: =VLOOKUP($A25,'HALF YEARLY'!$1:$1048576,17,0) -> #REF! | BI25: =VLOOKUP($A25,'UT-II'!$1:$1048576,17,0) -> #REF! | BJ25: =VLOOKUP($A25,ANNUAL!$1:$1048576,17,0) -> #REF! | BK25: =VLOOKUP($A25,ANNUAL!$1:$1048576,18,0) -> #REF! | BL25: =VLOOKUP($A25,ANNUAL!$1:$1048576,19,0) -> #REF! | BM25: =VLOOKUP($A25,ANNUAL!$1:$1048576,20,0) -> #REF!
A26: =DETAILS!#REF! -> #REF! | B26: =DETAILS!#REF! -> #REF! | C26: =VLOOKUP(A26,'UT-I'!$A$1:$EA$1758,3,0) -> #REF! | D26: =VLOOKUP($A26,'HALF YEARLY'!$1:$1048576,3,0) -> #REF! | E26: =VLOOKUP($A26,'UT-II'!$1:$1048576,3,0) -> #REF! | F26: =VLOOKUP($A26,ANNUAL!$1:$1048576,3,0) -> #REF! | G26: =VLOOKUP(A26,'UT-I'!$A$1:$EA$1758,4,0) -> #REF! | H26: =VLOOKUP($A26,'HALF YEARLY'!$1:$1048576,4,0) -> #REF! | I26: =VLOOKUP($A26,'UT-II'!$1:$1048576,4,0) -> #REF! | J26: =VLOOKUP($A26,ANNUAL!$1:$1048576,4,0) -> #REF! | K26: =VLOOKUP(A26,'UT-I'!$A$1:$EA$1758,5,0) -> #REF! | L26: =VLOOKUP($A26,'HALF YEARLY'!$1:$1048576,5,0) -> #REF! | M26: =VLOOKUP($A26,'UT-II'!$1:$1048576,5,0) -> #REF! | N26: =VLOOKUP($A26,ANNUAL!$1:$1048576,5,0) -> #REF! | O26: =VLOOKUP(A26,'UT-I'!$A$1:$EA$1758,6,0) -> #REF! | P26: =VLOOKUP($A26,'HALF YEARLY'!$1:$1048576,6,0) -> #REF! | Q26: =VLOOKUP($A26,'UT-II'!$1:$1048576,6,0) -> #REF! | R26: =VLOOKUP($A26,ANNUAL!$1:$1048576,6,0) -> #REF! | S26: =VLOOKUP(A26,'UT-I'!$A$1:$EA$1758,7,0) -> #REF! | T26: =VLOOKUP($A26,'HALF YEARLY'!$1:$1048576,7,0) -> #REF! | U26: =VLOOKUP($A26,'UT-II'!$1:$1048576,7,0) -> #REF! | V26: =VLOOKUP($A26,ANNUAL!$1:$1048576,7,0) -> #REF! | W26: =VLOOKUP(A26,'UT-I'!$A$1:$EA$1758,8,0) -> #REF! | X26: =VLOOKUP($A26,'HALF YEARLY'!$1:$1048576,8,0) -> #REF! | Y26: =VLOOKUP($A26,'UT-II'!$1:$1048576,8,0) -> #REF! | Z26: =VLOOKUP($A26,ANNUAL!$1:$1048576,8,0) -> #REF! | AA26: =VLOOKUP(A26,'UT-I'!$A$1:$EA$1758,9,0) -> #REF! | AB26: =VLOOKUP($A26,'HALF YEARLY'!$1:$1048576,9,0) -> #REF! | AC26: =VLOOKUP($A26,'UT-II'!$1:$1048576,9,0) -> #REF! | AD26: =VLOOKUP($A26,ANNUAL!$1:$1048576,9,0) -> #REF! | AE26: =VLOOKUP(A26,'UT-I'!$A$1:$EA$1758,10,0) -> #REF! | AF26: =VLOOKUP($A26,'HALF YEARLY'!$1:$1048576,10,0) -> #REF! | AG26: =VLOOKUP($A26,'UT-II'!$1:$1048576,10,0) -> #REF! | AH26: =VLOOKUP($A26,ANNUAL!$1:$1048576,10,0) -> #REF! | AI26: =VLOOKUP(A26,'UT-I'!$A$1:$EA$1758,11,0) -> #REF! | AJ26: =VLOOKUP($A26,'HALF YEARLY'!$1:$1048576,11,0) -> #REF! | AK26: =VLOOKUP($A26,'UT-II'!$1:$1048576,11,0) -> #REF! | AL26: =VLOOKUP($A26,ANNUAL!$1:$1048576,11,0) -> #REF! | AM26: =VLOOKUP(A26,'UT-I'!$A$1:$EA$1758,12,0) -> #REF! | AN26: =VLOOKUP($A26,'HALF YEARLY'!$1:$1048576,12,0) -> #REF! | AO26: =VLOOKUP($A26,'UT-II'!$1:$1048576,12,0) -> #REF! | AP26: =VLOOKUP($A26,ANNUAL!$1:$1048576,12,0) -> #REF! | AQ26: =VLOOKUP(A26,'UT-I'!$A$1:$EA$1758,13,0) -> #REF! | AR26: =VLOOKUP($A26,'HALF YEARLY'!$1:$1048576,13,0) -> #REF! | AS26: =VLOOKUP($A26,'UT-II'!$1:$1048576,13,0) -> #REF! | AT26: =VLOOKUP($A26,ANNUAL!$1:$1048576,13,0) -> #REF! | AU26: =VLOOKUP(A26,'UT-I'!$A$1:$EA$1758,14,0) -> #REF! | AV26: =VLOOKUP($A26,'HALF YEARLY'!$1:$1048576,14,0) -> #REF! | AW26: =VLOOKUP($A26,'UT-II'!$1:$1048576,14,0) -> #REF! | AX26: =VLOOKUP($A26,ANNUAL!$1:$1048576,14,0) -> #REF! | AY26: =VLOOKUP(A26,'UT-I'!$A$1:$EA$1758,15,0) -> #REF! | AZ26: =VLOOKUP($A26,'HALF YEARLY'!$1:$1048576,15,0) -> #REF! | BA26: =VLOOKUP($A26,'UT-II'!$1:$1048576,15,0) -> #REF! | BB26: =VLOOKUP($A26,ANNUAL!$1:$1048576,15,0) -> #REF! | BC26: =VLOOKUP(A26,'UT-I'!$A$1:$EA$1758,16,0) -> #REF! | BD26: =VLOOKUP($A26,'HALF YEARLY'!$1:$1048576,16,0) -> #REF! | BE26: =VLOOKUP($A26,'UT-II'!$1:$1048576,16,0) -> #REF! | BF26: =VLOOKUP($A26,ANNUAL!$1:$1048576,16,0) -> #REF! | BG26: =VLOOKUP(A26,'UT-I'!$A$1:$EA$1758,17,0) -> #REF! | BH26: =VLOOKUP($A26,'HALF YEARLY'!$1:$1048576,17,0) -> #REF! | BI26: =VLOOKUP($A26,'UT-II'!$1:$1048576,17,0) -> #REF! | BJ26: =VLOOKUP($A26,ANNUAL!$1:$1048576,17,0) -> #REF! | BK26: =VLOOKUP($A26,ANNUAL!$1:$1048576,18,0) -> #REF! | BL26: =VLOOKUP($A26,ANNUAL!$1:$1048576,19,0) -> #REF! | BM26: =VLOOKUP($A26,ANNUAL!$1:$1048576,20,0) -> #REF!
A27: =DETAILS!A14 -> 1858 | B27: =DETAILS!B14 -> DEVESH RAJPOOT | C27: =VLOOKUP(A27,'UT-I'!$A$1:$EA$1758,3,0) -> 46 | D27: =VLOOKUP($A27,'HALF YEARLY'!$1:$1048576,3,0) -> 34 | E27: =VLOOKUP($A27,'UT-II'!$1:$1048576,3,0) -> 0 | F27: =VLOOKUP($A27,ANNUAL!$1:$1048576,3,0) -> 44 | G27: =VLOOKUP(A27,'UT-I'!$A$1:$EA$1758,4,0) -> 45 | H27: =VLOOKUP($A27,'HALF YEARLY'!$1:$1048576,4,0) -> 25 | I27: =VLOOKUP($A27,'UT-II'!$1:$1048576,4,0) -> 0 | J27: =VLOOKUP($A27,ANNUAL!$1:$1048576,4,0) -> 48 | K27: =VLOOKUP(A27,'UT-I'!$A$1:$EA$1758,5,0) -> 40 | L27: =VLOOKUP($A27,'HALF YEARLY'!$1:$1048576,5,0) -> 38 | M27: =VLOOKUP($A27,'UT-II'!$1:$1048576,5,0) -> 0 | N27: =VLOOKUP($A27,ANNUAL!$1:$1048576,5,0) -> 42 | O27: =VLOOKUP(A27,'UT-I'!$A$1:$EA$1758,6,0) -> 44 | P27: =VLOOKUP($A27,'HALF YEARLY'!$1:$1048576,6,0) -> 37 | Q27: =VLOOKUP($A27,'UT-II'!$1:$1048576,6,0) -> 0 | R27: =VLOOKUP($A27,ANNUAL!$1:$1048576,6,0) -> 50 | S27: =VLOOKUP(A27,'UT-I'!$A$1:$EA$1758,7,0) -> 50 | T27: =VLOOKUP($A27,'HALF YEARLY'!$1:$1048576,7,0) -> 20 | U27: =VLOOKUP($A27,'UT-II'!$1:$1048576,7,0) -> 0 | V27: =VLOOKUP($A27,ANNUAL!$1:$1048576,7,0) -> 48 | W27: =VLOOKUP(A27,'UT-I'!$A$1:$EA$1758,8,0) -> 40 | X27: =VLOOKUP($A27,'HALF YEARLY'!$1:$1048576,8,0) -> 41 | Y27: =VLOOKUP($A27,'UT-II'!$1:$1048576,8,0) -> 0 | Z27: =VLOOKUP($A27,ANNUAL!$1:$1048576,8,0) -> 45 | AA27: =VLOOKUP(A27,'UT-I'!$A$1:$EA$1758,9,0) -> 40 | AB27: =VLOOKUP($A27,'HALF YEARLY'!$1:$1048576,9,0) -> 27 | AC27: =VLOOKUP($A27,'UT-II'!$1:$1048576,9,0) -> 0 | AD27: =VLOOKUP($A27,ANNUAL!$1:$1048576,9,0) -> 50 | AE27: =VLOOKUP(A27,'UT-I'!$A$1:$EA$1758,10,0) -> 40 | AF27: =VLOOKUP($A27,'HALF YEARLY'!$1:$1048576,10,0) -> 20 | AG27: =VLOOKUP($A27,'UT-II'!$1:$1048576,10,0) -> 0 | AH27: =VLOOKUP($A27,ANNUAL!$1:$1048576,10,0) -> 45 | AI27: =VLOOKUP(A27,'UT-I'!$A$1:$EA$1758,11,0) -> 40 | AJ27: =VLOOKUP($A27,'HALF YEARLY'!$1:$1048576,11,0) -> 30 | AK27: =VLOOKUP($A27,'UT-II'!$1:$1048576,11,0) -> 0 | AL27: =VLOOKUP($A27,ANNUAL!$1:$1048576,11,0) -> 48 | AM27: =VLOOKUP(A27,'UT-I'!$A$1:$EA$1758,12,0) -> 40 | AN27: =VLOOKUP($A27,'HALF YEARLY'!$1:$1048576,12,0) -> 27 | AO27: =VLOOKUP($A27,'UT-II'!$1:$1048576,12,0) -> 0 | AP27: =VLOOKUP($A27,ANNUAL!$1:$1048576,12,0) -> 50 | AQ27: =VLOOKUP(A27,'UT-I'!$A$1:$EA$1758,13,0) -> A | AR27: =VLOOKUP($A27,'HALF YEARLY'!$1:$1048576,13,0) -> D | AS27: =VLOOKUP($A27,'UT-II'!$1:$1048576,13,0) -> 0 | AT27: =VLOOKUP($A27,ANNUAL!$1:$1048576,13,0) -> A | AU27: =VLOOKUP(A27,'UT-I'!$A$1:$EA$1758,14,0) -> A | AV27: =VLOOKUP($A27,'HALF YEARLY'!$1:$1048576,14,0) -> A | AW27: =VLOOKUP($A27,'UT-II'!$1:$1048576,14,0) -> 0 | AX27: =VLOOKUP($A27,ANNUAL!$1:$1048576,14,0) -> B | AY27: =VLOOKUP(A27,'UT-I'!$A$1:$EA$1758,15,0) -> A | AZ27: =VLOOKUP($A27,'HALF YEARLY'!$1:$1048576,15,0) -> B | BA27: =VLOOKUP($A27,'UT-II'!$1:$1048576,15,0) -> 0 | BB27: =VLOOKUP($A27,ANNUAL!$1:$1048576,15,0) -> A | BC27: =VLOOKUP(A27,'UT-I'!$A$1:$EA$1758,16,0) -> A | BD27: =VLOOKUP($A27,'HALF YEARLY'!$1:$1048576,16,0) -> A | BE27: =VLOOKUP($A27,'UT-II'!$1:$1048576,16,0) -> 0 | BF27: =VLOOKUP($A27,ANNUAL!$1:$1048576,16,0) -> A | BG27: =VLOOKUP(A27,'UT-I'!$A$1:$EA$1758,17,0) -> 425 | BH27: =VLOOKUP($A27,'HALF YEARLY'!$1:$1048576,17,0) -> 299 | BI27: =VLOOKUP($A27,'UT-II'!$1:$1048576,17,0) -> 0 | BJ27: =VLOOKUP($A27,ANNUAL!$1:$1048576,17,0) -> A | BK27: =VLOOKUP($A27,ANNUAL!$1:$1048576,18,0) -> 153 | BL27: =VLOOKUP($A27,ANNUAL!$1:$1048576,19,0) -> 169 | BM27: =VLOOKUP($A27,ANNUAL!$1:$1048576,20,0) -> Great Potential- Stay Focused!
A28: =DETAILS!A15 -> 1877 | B28: =DETAILS!B15 -> INDRABH YADAV | C28: =VLOOKUP(A28,'UT-I'!$A$1:$EA$1758,3,0) -> 43 | D28: =VLOOKUP($A28,'HALF YEARLY'!$1:$1048576,3,0) -> 25 | E28: =VLOOKUP($A28,'UT-II'!$1:$1048576,3,0) -> 0 | F28: =VLOOKUP($A28,ANNUAL!$1:$1048576,3,0) -> 17 | G28: =VLOOKUP(A28,'UT-I'!$A$1:$EA$1758,4,0) -> 50 | H28: =VLOOKUP($A28,'HALF YEARLY'!$1:$1048576,4,0) -> 25 | I28: =VLOOKUP($A28,'UT-II'!$1:$1048576,4,0) -> 0 | J28: =VLOOKUP($A28,ANNUAL!$1:$1048576,4,0) -> 17 | K28: =VLOOKUP(A28,'UT-I'!$A$1:$EA$1758,5,0) -> 40 | L28: =VLOOKUP($A28,'HALF YEARLY'!$1:$1048576,5,0) -> 41 | M28: =VLOOKUP($A28,'UT-II'!$1:$1048576,5,0) -> 0 | N28: =VLOOKUP($A28,ANNUAL!$1:$1048576,5,0) -> 17 | O28: =VLOOKUP(A28,'UT-I'!$A$1:$EA$1758,6,0) -> 41 | P28: =VLOOKUP($A28,'HALF YEARLY'!$1:$1048576,6,0) -> 40 | Q28: =VLOOKUP($A28,'UT-II'!$1:$1048576,6,0) -> 0 | R28: =VLOOKUP($A28,ANNUAL!$1:$1048576,6,0) -> 35 | S28: =VLOOKUP(A28,'UT-I'!$A$1:$EA$1758,7,0) -> 45 | T28: =VLOOKUP($A28,'HALF YEARLY'!$1:$1048576,7,0) -> 35 | U28: =VLOOKUP($A28,'UT-II'!$1:$1048576,7,0) -> 0 | V28: =VLOOKUP($A28,ANNUAL!$1:$1048576,7,0) -> 40 | W28: =VLOOKUP(A28,'UT-I'!$A$1:$EA$1758,8,0) -> 40 | X28: =VLOOKUP($A28,'HALF YEARLY'!$1:$1048576,8,0) -> 25 | Y28: =VLOOKUP($A28,'UT-II'!$1:$1048576,8,0) -> 0 | Z28: =VLOOKUP($A28,ANNUAL!$1:$1048576,8,0) -> 17 | AA28: =VLOOKUP(A28,'UT-I'!$A$1:$EA$1758,9,0) -> 45 | AB28: =VLOOKUP($A28,'HALF YEARLY'!$1:$1048576,9,0) -> 39 | AC28: =VLOOKUP($A28,'UT-II'!$1:$1048576,9,0) -> 0 | AD28: =VLOOKUP($A28,ANNUAL!$1:$1048576,9,0) -> 42 | AE28: =VLOOKUP(A28,'UT-I'!$A$1:$EA$1758,10,0) -> 45 | AF28: =VLOOKUP($A28,'HALF YEARLY'!$1:$1048576,10,0) -> 45 | AG28: =VLOOKUP($A28,'UT-II'!$1:$1048576,10,0) -> 0 | AH28: =VLOOKUP($A28,ANNUAL!$1:$1048576,10,0) -> 40 | AI28: =VLOOKUP(A28,'UT-I'!$A$1:$EA$1758,11,0) -> 50 | AJ28: =VLOOKUP($A28,'HALF YEARLY'!$1:$1048576,11,0) -> 45 | AK28: =VLOOKUP($A28,'UT-II'!$1:$1048576,11,0) -> 0 | AL28: =VLOOKUP($A28,ANNUAL!$1:$1048576,11,0) -> 17 | AM28: =VLOOKUP(A28,'UT-I'!$A$1:$EA$1758,12,0) -> 50 | AN28: =VLOOKUP($A28,'HALF YEARLY'!$1:$1048576,12,0) -> 25 | AO28: =VLOOKUP($A28,'UT-II'!$1:$1048576,12,0) -> 0 | AP28: =VLOOKUP($A28,ANNUAL!$1:$1048576,12,0) -> 17 | AQ28: =VLOOKUP(A28,'UT-I'!$A$1:$EA$1758,13,0) -> A | AR28: =VLOOKUP($A28,'HALF YEARLY'!$1:$1048576,13,0) -> A | AS28: =VLOOKUP($A28,'UT-II'!$1:$1048576,13,0) -> 0 | AT28: =VLOOKUP($A28,ANNUAL!$1:$1048576,13,0) -> B | AU28: =VLOOKUP(A28,'UT-I'!$A$1:$EA$1758,14,0) -> A | AV28: =VLOOKUP($A28,'HALF YEARLY'!$1:$1048576,14,0) -> C | AW28: =VLOOKUP($A28,'UT-II'!$1:$1048576,14,0) -> 0 | AX28: =VLOOKUP($A28,ANNUAL!$1:$1048576,14,0) -> B | AY28: =VLOOKUP(A28,'UT-I'!$A$1:$EA$1758,15,0) -> A | AZ28: =VLOOKUP($A28,'HALF YEARLY'!$1:$1048576,15,0) -> A | BA28: =VLOOKUP($A28,'UT-II'!$1:$1048576,15,0) -> 0 | BB28: =VLOOKUP($A28,ANNUAL!$1:$1048576,15,0) -> B | BC28: =VLOOKUP(A28,'UT-I'!$A$1:$EA$1758,16,0) -> A | BD28: =VLOOKUP($A28,'HALF YEARLY'!$1:$1048576,16,0) -> A | BE28: =VLOOKUP($A28,'UT-II'!$1:$1048576,16,0) -> 0 | BF28: =VLOOKUP($A28,ANNUAL!$1:$1048576,16,0) -> A | BG28: =VLOOKUP(A28,'UT-I'!$A$1:$EA$1758,17,0) -> 449 | BH28: =VLOOKUP($A28,'HALF YEARLY'!$1:$1048576,17,0) -> 345 | BI28: =VLOOKUP($A28,'UT-II'!$1:$1048576,17,0) -> 0 | BJ28: =VLOOKUP($A28,ANNUAL!$1:$1048576,17,0) -> A | BK28: =VLOOKUP($A28,ANNUAL!$1:$1048576,18,0) -> 136 | BL28: =VLOOKUP($A28,ANNUAL!$1:$1048576,19,0) -> 174 | BM28: =VLOOKUP($A28,ANNUAL!$1:$1048576,20,0) -> Good. Can do better.
A29: =DETAILS!A16 -> 1851 | B29: =DETAILS!B16 -> KARTIKEY SINGH | C29: =VLOOKUP(A29,'UT-I'!$A$1:$EA$1758,3,0) -> 47 | D29: =VLOOKUP($A29,'HALF YEARLY'!$1:$1048576,3,0) -> 46 | E29: =VLOOKUP($A29,'UT-II'!$1:$1048576,3,0) -> 0 | F29: =VLOOKUP($A29,ANNUAL!$1:$1048576,3,0) -> 44 | G29: =VLOOKUP(A29,'UT-I'!$A$1:$EA$1758,4,0) -> 45 | H29: =VLOOKUP($A29,'HALF YEARLY'!$1:$1048576,4,0) -> 30 | I29: =VLOOKUP($A29,'UT-II'!$1:$1048576,4,0) -> 0 | J29: =VLOOKUP($A29,ANNUAL!$1:$1048576,4,0) -> 50 | K29: =VLOOKUP(A29,'UT-I'!$A$1:$EA$1758,5,0) -> 47 | L29: =VLOOKUP($A29,'HALF YEARLY'!$1:$1048576,5,0) -> 44 | M29: =VLOOKUP($A29,'UT-II'!$1:$1048576,5,0) -> 0 | N29: =VLOOKUP($A29,ANNUAL!$1:$1048576,5,0) -> 36 | O29: =VLOOKUP(A29,'UT-I'!$A$1:$EA$1758,6,0) -> 40 | P29: =VLOOKUP($A29,'HALF YEARLY'!$1:$1048576,6,0) -> 45 | Q29: =VLOOKUP($A29,'UT-II'!$1:$1048576,6,0) -> 0 | R29: =VLOOKUP($A29,ANNUAL!$1:$1048576,6,0) -> 45 | S29: =VLOOKUP(A29,'UT-I'!$A$1:$EA$1758,7,0) -> 50 | T29: =VLOOKUP($A29,'HALF YEARLY'!$1:$1048576,7,0) -> 48 | U29: =VLOOKUP($A29,'UT-II'!$1:$1048576,7,0) -> 0 | V29: =VLOOKUP($A29,ANNUAL!$1:$1048576,7,0) -> 45 | W29: =VLOOKUP(A29,'UT-I'!$A$1:$EA$1758,8,0) -> 47 | X29: =VLOOKUP($A29,'HALF YEARLY'!$1:$1048576,8,0) -> 46 | Y29: =VLOOKUP($A29,'UT-II'!$1:$1048576,8,0) -> 0 | Z29: =VLOOKUP($A29,ANNUAL!$1:$1048576,8,0) -> 45 | AA29: =VLOOKUP(A29,'UT-I'!$A$1:$EA$1758,9,0) -> 47 | AB29: =VLOOKUP($A29,'HALF YEARLY'!$1:$1048576,9,0) -> 32 | AC29: =VLOOKUP($A29,'UT-II'!$1:$1048576,9,0) -> 0 | AD29: =VLOOKUP($A29,ANNUAL!$1:$1048576,9,0) -> 50 | AE29: =VLOOKUP(A29,'UT-I'!$A$1:$EA$1758,10,0) -> 50 | AF29: =VLOOKUP($A29,'HALF YEARLY'!$1:$1048576,10,0) -> 45 | AG29: =VLOOKUP($A29,'UT-II'!$1:$1048576,10,0) -> 0 | AH29: =VLOOKUP($A29,ANNUAL!$1:$1048576,10,0) -> 45 | AI29: =VLOOKUP(A29,'UT-I'!$A$1:$EA$1758,11,0) -> 50 | AJ29: =VLOOKUP($A29,'HALF YEARLY'!$1:$1048576,11,0) -> 40 | AK29: =VLOOKUP($A29,'UT-II'!$1:$1048576,11,0) -> 0 | AL29: =VLOOKUP($A29,ANNUAL!$1:$1048576,11,0) -> 50 | AM29: =VLOOKUP(A29,'UT-I'!$A$1:$EA$1758,12,0) -> 50 | AN29: =VLOOKUP($A29,'HALF YEARLY'!$1:$1048576,12,0) -> 45 | AO29: =VLOOKUP($A29,'UT-II'!$1:$1048576,12,0) -> 0 | AP29: =VLOOKUP($A29,ANNUAL!$1:$1048576,12,0) -> 50 | AQ29: =VLOOKUP(A29,'UT-I'!$A$1:$EA$1758,13,0) -> A | AR29: =VLOOKUP($A29,'HALF YEARLY'!$1:$1048576,13,0) -> B | AS29: =VLOOKUP($A29,'UT-II'!$1:$1048576,13,0) -> 0 | AT29: =VLOOKUP($A29,ANNUAL!$1:$1048576,13,0) -> A | AU29: =VLOOKUP(A29,'UT-I'!$A$1:$EA$1758,14,0) -> A | AV29: =VLOOKUP($A29,'HALF YEARLY'!$1:$1048576,14,0) -> A | AW29: =VLOOKUP($A29,'UT-II'!$1:$1048576,14,0) -> 0 | AX29: =VLOOKUP($A29,ANNUAL!$1:$1048576,14,0) -> A | AY29: =VLOOKUP(A29,'UT-I'!$A$1:$EA$1758,15,0) -> A | AZ29: =VLOOKUP($A29,'HALF YEARLY'!$1:$1048576,15,0) -> A | BA29: =VLOOKUP($A29,'UT-II'!$1:$1048576,15,0) -> 0 | BB29: =VLOOKUP($A29,ANNUAL!$1:$1048576,15,0) -> A | BC29: =VLOOKUP(A29,'UT-I'!$A$1:$EA$1758,16,0) -> A | BD29: =VLOOKUP($A29,'HALF YEARLY'!$1:$1048576,16,0) -> A | BE29: =VLOOKUP($A29,'UT-II'!$1:$1048576,16,0) -> 0 | BF29: =VLOOKUP($A29,ANNUAL!$1:$1048576,16,0) -> A | BG29: =VLOOKUP(A29,'UT-I'!$A$1:$EA$1758,17,0) -> 473 | BH29: =VLOOKUP($A29,'HALF YEARLY'!$1:$1048576,17,0) -> 421 | BI29: =VLOOKUP($A29,'UT-II'!$1:$1048576,17,0) -> 0 | BJ29: =VLOOKUP($A29,ANNUAL!$1:$1048576,17,0) -> A | BK29: =VLOOKUP($A29,ANNUAL!$1:$1048576,18,0) -> 140 | BL29: =VLOOKUP($A29,ANNUAL!$1:$1048576,19,0) -> 155 | BM29: =VLOOKUP($A29,ANNUAL!$1:$1048576,20,0) -> Great Potential- Stay Focused!
A30: =DETAILS!#REF! -> #REF! | B30: =DETAILS!#REF! -> #REF! | C30: =VLOOKUP(A30,'UT-I'!$A$1:$EA$1758,3,0) -> #REF! | D30: =VLOOKUP($A30,'HALF YEARLY'!$1:$1048576,3,0) -> #REF! | E30: =VLOOKUP($A30,'UT-II'!$1:$1048576,3,0) -> #REF! | F30: =VLOOKUP($A30,ANNUAL!$1:$1048576,3,0) -> #REF! | G30: =VLOOKUP(A30,'UT-I'!$A$1:$EA$1758,4,0) -> #REF! | H30: =VLOOKUP($A30,'HALF YEARLY'!$1:$1048576,4,0) -> #REF! | I30: =VLOOKUP($A30,'UT-II'!$1:$1048576,4,0) -> #REF! | J30: =VLOOKUP($A30,ANNUAL!$1:$1048576,4,0) -> #REF! | K30: =VLOOKUP(A30,'UT-I'!$A$1:$EA$1758,5,0) -> #REF! | L30: =VLOOKUP($A30,'HALF YEARLY'!$1:$1048576,5,0) -> #REF! | M30: =VLOOKUP($A30,'UT-II'!$1:$1048576,5,0) -> #REF! | N30: =VLOOKUP($A30,ANNUAL!$1:$1048576,5,0) -> #REF! | O30: =VLOOKUP(A30,'UT-I'!$A$1:$EA$1758,6,0) -> #REF! | P30: =VLOOKUP($A30,'HALF YEARLY'!$1:$1048576,6,0) -> #REF! | Q30: =VLOOKUP($A30,'UT-II'!$1:$1048576,6,0) -> #REF! | R30: =VLOOKUP($A30,ANNUAL!$1:$1048576,6,0) -> #REF! | S30: =VLOOKUP(A30,'UT-I'!$A$1:$EA$1758,7,0) -> #REF! | T30: =VLOOKUP($A30,'HALF YEARLY'!$1:$1048576,7,0) -> #REF! | U30: =VLOOKUP($A30,'UT-II'!$1:$1048576,7,0) -> #REF! | V30: =VLOOKUP($A30,ANNUAL!$1:$1048576,7,0) -> #REF! | W30: =VLOOKUP(A30,'UT-I'!$A$1:$EA$1758,8,0) -> #REF! | X30: =VLOOKUP($A30,'HALF YEARLY'!$1:$1048576,8,0) -> #REF! | Y30: =VLOOKUP($A30,'UT-II'!$1:$1048576,8,0) -> #REF! | Z30: =VLOOKUP($A30,ANNUAL!$1:$1048576,8,0) -> #REF! | AA30: =VLOOKUP(A30,'UT-I'!$A$1:$EA$1758,9,0) -> #REF! | AB30: =VLOOKUP($A30,'HALF YEARLY'!$1:$1048576,9,0) -> #REF! | AC30: =VLOOKUP($A30,'UT-II'!$1:$1048576,9,0) -> #REF! | AD30: =VLOOKUP($A30,ANNUAL!$1:$1048576,9,0) -> #REF! | AE30: =VLOOKUP(A30,'UT-I'!$A$1:$EA$1758,10,0) -> #REF! | AF30: =VLOOKUP($A30,'HALF YEARLY'!$1:$1048576,10,0) -> #REF! | AG30: =VLOOKUP($A30,'UT-II'!$1:$1048576,10,0) -> #REF! | AH30: =VLOOKUP($A30,ANNUAL!$1:$1048576,10,0) -> #REF! | AI30: =VLOOKUP(A30,'UT-I'!$A$1:$EA$1758,11,0) -> #REF! | AJ30: =VLOOKUP($A30,'HALF YEARLY'!$1:$1048576,11,0) -> #REF! | AK30: =VLOOKUP($A30,'UT-II'!$1:$1048576,11,0) -> #REF! | AL30: =VLOOKUP($A30,ANNUAL!$1:$1048576,11,0) -> #REF! | AM30: =VLOOKUP(A30,'UT-I'!$A$1:$EA$1758,12,0) -> #REF! | AN30: =VLOOKUP($A30,'HALF YEARLY'!$1:$1048576,12,0) -> #REF! | AO30: =VLOOKUP($A30,'UT-II'!$1:$1048576,12,0) -> #REF! | AP30: =VLOOKUP($A30,ANNUAL!$1:$1048576,12,0) -> #REF! | AQ30: =VLOOKUP(A30,'UT-I'!$A$1:$EA$1758,13,0) -> #REF! | AR30: =VLOOKUP($A30,'HALF YEARLY'!$1:$1048576,13,0) -> #REF! | AS30: =VLOOKUP($A30,'UT-II'!$1:$1048576,13,0) -> #REF! | AT30: =VLOOKUP($A30,ANNUAL!$1:$1048576,13,0) -> #REF! | AU30: =VLOOKUP(A30,'UT-I'!$A$1:$EA$1758,14,0) -> #REF! | AV30: =VLOOKUP($A30,'HALF YEARLY'!$1:$1048576,14,0) -> #REF! | AW30: =VLOOKUP($A30,'UT-II'!$1:$1048576,14,0) -> #REF! | AX30: =VLOOKUP($A30,ANNUAL!$1:$1048576,14,0) -> #REF! | AY30: =VLOOKUP(A30,'UT-I'!$A$1:$EA$1758,15,0) -> #REF! | AZ30: =VLOOKUP($A30,'HALF YEARLY'!$1:$1048576,15,0) -> #REF! | BA30: =VLOOKUP($A30,'UT-II'!$1:$1048576,15,0) -> #REF! | BB30: =VLOOKUP($A30,ANNUAL!$1:$1048576,15,0) -> #REF! | BC30: =VLOOKUP(A30,'UT-I'!$A$1:$EA$1758,16,0) -> #REF! | BD30: =VLOOKUP($A30,'HALF YEARLY'!$1:$1048576,16,0) -> #REF! | BE30: =VLOOKUP($A30,'UT-II'!$1:$1048576,16,0) -> #REF! | BF30: =VLOOKUP($A30,ANNUAL!$1:$1048576,16,0) -> #REF! | BG30: =VLOOKUP(A30,'UT-I'!$A$1:$EA$1758,17,0) -> #REF! | BH30: =VLOOKUP($A30,'HALF YEARLY'!$1:$1048576,17,0) -> #REF! | BI30: =VLOOKUP($A30,'UT-II'!$1:$1048576,17,0) -> #REF! | BJ30: =VLOOKUP($A30,ANNUAL!$1:$1048576,17,0) -> #REF! | BK30: =VLOOKUP($A30,ANNUAL!$1:$1048576,18,0) -> #REF! | BL30: =VLOOKUP($A30,ANNUAL!$1:$1048576,19,0) -> #REF! | BM30: =VLOOKUP($A30,ANNUAL!$1:$1048576,20,0) -> #REF!
A31: =DETAILS!A17 -> 1889 | B31: =DETAILS!B17 -> MOHD. ARIZ | C31: =VLOOKUP(A31,'UT-I'!$A$1:$EA$1758,3,0) -> 44 | D31: =VLOOKUP($A31,'HALF YEARLY'!$1:$1048576,3,0) -> 48 | E31: =VLOOKUP($A31,'UT-II'!$1:$1048576,3,0) -> 0 | F31: =VLOOKUP($A31,ANNUAL!$1:$1048576,3,0) -> 48 | G31: =VLOOKUP(A31,'UT-I'!$A$1:$EA$1758,4,0) -> 45 | H31: =VLOOKUP($A31,'HALF YEARLY'!$1:$1048576,4,0) -> 35 | I31: =VLOOKUP($A31,'UT-II'!$1:$1048576,4,0) -> 0 | J31: =VLOOKUP($A31,ANNUAL!$1:$1048576,4,0) -> 50 | K31: =VLOOKUP(A31,'UT-I'!$A$1:$EA$1758,5,0) -> 30 | L31: =VLOOKUP($A31,'HALF YEARLY'!$1:$1048576,5,0) -> 31 | M31: =VLOOKUP($A31,'UT-II'!$1:$1048576,5,0) -> 0 | N31: =VLOOKUP($A31,ANNUAL!$1:$1048576,5,0) -> 50 | O31: =VLOOKUP(A31,'UT-I'!$A$1:$EA$1758,6,0) -> 46 | P31: =VLOOKUP($A31,'HALF YEARLY'!$1:$1048576,6,0) -> 40 | Q31: =VLOOKUP($A31,'UT-II'!$1:$1048576,6,0) -> 0 | R31: =VLOOKUP($A31,ANNUAL!$1:$1048576,6,0) -> 48 | S31: =VLOOKUP(A31,'UT-I'!$A$1:$EA$1758,7,0) -> 50 | T31: =VLOOKUP($A31,'HALF YEARLY'!$1:$1048576,7,0) -> 35 | U31: =VLOOKUP($A31,'UT-II'!$1:$1048576,7,0) -> 0 | V31: =VLOOKUP($A31,ANNUAL!$1:$1048576,7,0) -> 49 | W31: =VLOOKUP(A31,'UT-I'!$A$1:$EA$1758,8,0) -> 30 | X31: =VLOOKUP($A31,'HALF YEARLY'!$1:$1048576,8,0) -> 36 | Y31: =VLOOKUP($A31,'UT-II'!$1:$1048576,8,0) -> 0 | Z31: =VLOOKUP($A31,ANNUAL!$1:$1048576,8,0) -> 50 | AA31: =VLOOKUP(A31,'UT-I'!$A$1:$EA$1758,9,0) -> 46 | AB31: =VLOOKUP($A31,'HALF YEARLY'!$1:$1048576,9,0) -> 32 | AC31: =VLOOKUP($A31,'UT-II'!$1:$1048576,9,0) -> 0 | AD31: =VLOOKUP($A31,ANNUAL!$1:$1048576,9,0) -> 50 | AE31: =VLOOKUP(A31,'UT-I'!$A$1:$EA$1758,10,0) -> 50 | AF31: =VLOOKUP($A31,'HALF YEARLY'!$1:$1048576,10,0) -> 20 | AG31: =VLOOKUP($A31,'UT-II'!$1:$1048576,10,0) -> 0 | AH31: =VLOOKUP($A31,ANNUAL!$1:$1048576,10,0) -> 50 | AI31: =VLOOKUP(A31,'UT-I'!$A$1:$EA$1758,11,0) -> 45 | AJ31: =VLOOKUP($A31,'HALF YEARLY'!$1:$1048576,11,0) -> 30 | AK31: =VLOOKUP($A31,'UT-II'!$1:$1048576,11,0) -> 0 | AL31: =VLOOKUP($A31,ANNUAL!$1:$1048576,11,0) -> 50 | AM31: =VLOOKUP(A31,'UT-I'!$A$1:$EA$1758,12,0) -> 50 | AN31: =VLOOKUP($A31,'HALF YEARLY'!$1:$1048576,12,0) -> 17 | AO31: =VLOOKUP($A31,'UT-II'!$1:$1048576,12,0) -> 0 | AP31: =VLOOKUP($A31,ANNUAL!$1:$1048576,12,0) -> 50 | AQ31: =VLOOKUP(A31,'UT-I'!$A$1:$EA$1758,13,0) -> A | AR31: =VLOOKUP($A31,'HALF YEARLY'!$1:$1048576,13,0) -> C | AS31: =VLOOKUP($A31,'UT-II'!$1:$1048576,13,0) -> 0 | AT31: =VLOOKUP($A31,ANNUAL!$1:$1048576,13,0) -> A | AU31: =VLOOKUP(A31,'UT-I'!$A$1:$EA$1758,14,0) -> A | AV31: =VLOOKUP($A31,'HALF YEARLY'!$1:$1048576,14,0) -> B | AW31: =VLOOKUP($A31,'UT-II'!$1:$1048576,14,0) -> 0 | AX31: =VLOOKUP($A31,ANNUAL!$1:$1048576,14,0) -> A | AY31: =VLOOKUP(A31,'UT-I'!$A$1:$EA$1758,15,0) -> A | AZ31: =VLOOKUP($A31,'HALF YEARLY'!$1:$1048576,15,0) -> C | BA31: =VLOOKUP($A31,'UT-II'!$1:$1048576,15,0) -> 0 | BB31: =VLOOKUP($A31,ANNUAL!$1:$1048576,15,0) -> A | BC31: =VLOOKUP(A31,'UT-I'!$A$1:$EA$1758,16,0) -> A | BD31: =VLOOKUP($A31,'HALF YEARLY'!$1:$1048576,16,0) -> A | BE31: =VLOOKUP($A31,'UT-II'!$1:$1048576,16,0) -> 0 | BF31: =VLOOKUP($A31,ANNUAL!$1:$1048576,16,0) -> A | BG31: =VLOOKUP(A31,'UT-I'!$A$1:$EA$1758,17,0) -> 436 | BH31: =VLOOKUP($A31,'HALF YEARLY'!$1:$1048576,17,0) -> 324 | BI31: =VLOOKUP($A31,'UT-II'!$1:$1048576,17,0) -> 0 | BJ31: =VLOOKUP($A31,ANNUAL!$1:$1048576,17,0) -> A | BK31: =VLOOKUP($A31,ANNUAL!$1:$1048576,18,0) -> 174 | BL31: =VLOOKUP($A31,ANNUAL!$1:$1048576,19,0) -> 201 | BM31: =VLOOKUP($A31,ANNUAL!$1:$1048576,20,0) -> Outstanding effort all year.
A32: =DETAILS!#REF! -> #REF! | B32: =DETAILS!#REF! -> #REF! | C32: =VLOOKUP(A32,'UT-I'!$A$1:$EA$1758,3,0) -> #REF! | D32: =VLOOKUP($A32,'HALF YEARLY'!$1:$1048576,3,0) -> #REF! | E32: =VLOOKUP($A32,'UT-II'!$1:$1048576,3,0) -> #REF! | F32: =VLOOKUP($A32,ANNUAL!$1:$1048576,3,0) -> #REF! | G32: =VLOOKUP(A32,'UT-I'!$A$1:$EA$1758,4,0) -> #REF! | H32: =VLOOKUP($A32,'HALF YEARLY'!$1:$1048576,4,0) -> #REF! | I32: =VLOOKUP($A32,'UT-II'!$1:$1048576,4,0) -> #REF! | J32: =VLOOKUP($A32,ANNUAL!$1:$1048576,4,0) -> #REF! | K32: =VLOOKUP(A32,'UT-I'!$A$1:$EA$1758,5,0) -> #REF! | L32: =VLOOKUP($A32,'HALF YEARLY'!$1:$1048576,5,0) -> #REF! | M32: =VLOOKUP($A32,'UT-II'!$1:$1048576,5,0) -> #REF! | N32: =VLOOKUP($A32,ANNUAL!$1:$1048576,5,0) -> #REF! | O32: =VLOOKUP(A32,'UT-I'!$A$1:$EA$1758,6,0) -> #REF! | P32: =VLOOKUP($A32,'HALF YEARLY'!$1:$1048576,6,0) -> #REF! | Q32: =VLOOKUP($A32,'UT-II'!$1:$1048576,6,0) -> #REF! | R32: =VLOOKUP($A32,ANNUAL!$1:$1048576,6,0) -> #REF! | S32: =VLOOKUP(A32,'UT-I'!$A$1:$EA$1758,7,0) -> #REF! | T32: =VLOOKUP($A32,'HALF YEARLY'!$1:$1048576,7,0) -> #REF! | U32: =VLOOKUP($A32,'UT-II'!$1:$1048576,7,0) -> #REF! | V32: =VLOOKUP($A32,ANNUAL!$1:$1048576,7,0) -> #REF! | W32: =VLOOKUP(A32,'UT-I'!$A$1:$EA$1758,8,0) -> #REF! | X32: =VLOOKUP($A32,'HALF YEARLY'!$1:$1048576,8,0) -> #REF! | Y32: =VLOOKUP($A32,'UT-II'!$1:$1048576,8,0) -> #REF! | Z32: =VLOOKUP($A32,ANNUAL!$1:$1048576,8,0) -> #REF! | AA32: =VLOOKUP(A32,'UT-I'!$A$1:$EA$1758,9,0) -> #REF! | AB32: =VLOOKUP($A32,'HALF YEARLY'!$1:$1048576,9,0) -> #REF! | AC32: =VLOOKUP($A32,'UT-II'!$1:$1048576,9,0) -> #REF! | AD32: =VLOOKUP($A32,ANNUAL!$1:$1048576,9,0) -> #REF! | AE32: =VLOOKUP(A32,'UT-I'!$A$1:$EA$1758,10,0) -> #REF! | AF32: =VLOOKUP($A32,'HALF YEARLY'!$1:$1048576,10,0) -> #REF! | AG32: =VLOOKUP($A32,'UT-II'!$1:$1048576,10,0) -> #REF! | AH32: =VLOOKUP($A32,ANNUAL!$1:$1048576,10,0) -> #REF! | AI32: =VLOOKUP(A32,'UT-I'!$A$1:$EA$1758,11,0) -> #REF! | AJ32: =VLOOKUP($A32,'HALF YEARLY'!$1:$1048576,11,0) -> #REF! | AK32: =VLOOKUP($A32,'UT-II'!$1:$1048576,11,0) -> #REF! | AL32: =VLOOKUP($A32,ANNUAL!$1:$1048576,11,0) -> #REF! | AM32: =VLOOKUP(A32,'UT-I'!$A$1:$EA$1758,12,0) -> #REF! | AN32: =VLOOKUP($A32,'HALF YEARLY'!$1:$1048576,12,0) -> #REF! | AO32: =VLOOKUP($A32,'UT-II'!$1:$1048576,12,0) -> #REF! | AP32: =VLOOKUP($A32,ANNUAL!$1:$1048576,12,0) -> #REF! | AQ32: =VLOOKUP(A32,'UT-I'!$A$1:$EA$1758,13,0) -> #REF! | AR32: =VLOOKUP($A32,'HALF YEARLY'!$1:$1048576,13,0) -> #REF! | AS32: =VLOOKUP($A32,'UT-II'!$1:$1048576,13,0) -> #REF! | AT32: =VLOOKUP($A32,ANNUAL!$1:$1048576,13,0) -> #REF! | AU32: =VLOOKUP(A32,'UT-I'!$A$1:$EA$1758,14,0) -> #REF! | AV32: =VLOOKUP($A32,'HALF YEARLY'!$1:$1048576,14,0) -> #REF! | AW32: =VLOOKUP($A32,'UT-II'!$1:$1048576,14,0) -> #REF! | AX32: =VLOOKUP($A32,ANNUAL!$1:$1048576,14,0) -> #REF! | AY32: =VLOOKUP(A32,'UT-I'!$A$1:$EA$1758,15,0) -> #REF! | AZ32: =VLOOKUP($A32,'HALF YEARLY'!$1:$1048576,15,0) -> #REF! | BA32: =VLOOKUP($A32,'UT-II'!$1:$1048576,15,0) -> #REF! | BB32: =VLOOKUP($A32,ANNUAL!$1:$1048576,15,0) -> #REF! | BC32: =VLOOKUP(A32,'UT-I'!$A$1:$EA$1758,16,0) -> #REF! | BD32: =VLOOKUP($A32,'HALF YEARLY'!$1:$1048576,16,0) -> #REF! | BE32: =VLOOKUP($A32,'UT-II'!$1:$1048576,16,0) -> #REF! | BF32: =VLOOKUP($A32,ANNUAL!$1:$1048576,16,0) -> #REF! | BG32: =VLOOKUP(A32,'UT-I'!$A$1:$EA$1758,17,0) -> #REF! | BH32: =VLOOKUP($A32,'HALF YEARLY'!$1:$1048576,17,0) -> #REF! | BI32: =VLOOKUP($A32,'UT-II'!$1:$1048576,17,0) -> #REF! | BJ32: =VLOOKUP($A32,ANNUAL!$1:$1048576,17,0) -> #REF! | BK32: =VLOOKUP($A32,ANNUAL!$1:$1048576,18,0) -> #REF! | BL32: =VLOOKUP($A32,ANNUAL!$1:$1048576,19,0) -> #REF! | BM32: =VLOOKUP($A32,ANNUAL!$1:$1048576,20,0) -> #REF!
A33: =DETAILS!#REF! -> #REF! | B33: =DETAILS!#REF! -> #REF! | C33: =VLOOKUP(A33,'UT-I'!$A$1:$EA$1758,3,0) -> #REF! | D33: =VLOOKUP($A33,'HALF YEARLY'!$1:$1048576,3,0) -> #REF! | E33: =VLOOKUP($A33,'UT-II'!$1:$1048576,3,0) -> #REF! | F33: =VLOOKUP($A33,ANNUAL!$1:$1048576,3,0) -> #REF! | G33: =VLOOKUP(A33,'UT-I'!$A$1:$EA$1758,4,0) -> #REF! | H33: =VLOOKUP($A33,'HALF YEARLY'!$1:$1048576,4,0) -> #REF! | I33: =VLOOKUP($A33,'UT-II'!$1:$1048576,4,0) -> #REF! | J33: =VLOOKUP($A33,ANNUAL!$1:$1048576,4,0) -> #REF! | K33: =VLOOKUP(A33,'UT-I'!$A$1:$EA$1758,5,0) -> #REF! | L33: =VLOOKUP($A33,'HALF YEARLY'!$1:$1048576,5,0) -> #REF! | M33: =VLOOKUP($A33,'UT-II'!$1:$1048576,5,0) -> #REF! | N33: =VLOOKUP($A33,ANNUAL!$1:$1048576,5,0) -> #REF! | O33: =VLOOKUP(A33,'UT-I'!$A$1:$EA$1758,6,0) -> #REF! | P33: =VLOOKUP($A33,'HALF YEARLY'!$1:$1048576,6,0) -> #REF! | Q33: =VLOOKUP($A33,'UT-II'!$1:$1048576,6,0) -> #REF! | R33: =VLOOKUP($A33,ANNUAL!$1:$1048576,6,0) -> #REF! | S33: =VLOOKUP(A33,'UT-I'!$A$1:$EA$1758,7,0) -> #REF! | T33: =VLOOKUP($A33,'HALF YEARLY'!$1:$1048576,7,0) -> #REF! | U33: =VLOOKUP($A33,'UT-II'!$1:$1048576,7,0) -> #REF! | V33: =VLOOKUP($A33,ANNUAL!$1:$1048576,7,0) -> #REF! | W33: =VLOOKUP(A33,'UT-I'!$A$1:$EA$1758,8,0) -> #REF! | X33: =VLOOKUP($A33,'HALF YEARLY'!$1:$1048576,8,0) -> #REF! | Y33: =VLOOKUP($A33,'UT-II'!$1:$1048576,8,0) -> #REF! | Z33: =VLOOKUP($A33,ANNUAL!$1:$1048576,8,0) -> #REF! | AA33: =VLOOKUP(A33,'UT-I'!$A$1:$EA$1758,9,0) -> #REF! | AB33: =VLOOKUP($A33,'HALF YEARLY'!$1:$1048576,9,0) -> #REF! | AC33: =VLOOKUP($A33,'UT-II'!$1:$1048576,9,0) -> #REF! | AD33: =VLOOKUP($A33,ANNUAL!$1:$1048576,9,0) -> #REF! | AE33: =VLOOKUP(A33,'UT-I'!$A$1:$EA$1758,10,0) -> #REF! | AF33: =VLOOKUP($A33,'HALF YEARLY'!$1:$1048576,10,0) -> #REF! | AG33: =VLOOKUP($A33,'UT-II'!$1:$1048576,10,0) -> #REF! | AH33: =VLOOKUP($A33,ANNUAL!$1:$1048576,10,0) -> #REF! | AI33: =VLOOKUP(A33,'UT-I'!$A$1:$EA$1758,11,0) -> #REF! | AJ33: =VLOOKUP($A33,'HALF YEARLY'!$1:$1048576,11,0) -> #REF! | AK33: =VLOOKUP($A33,'UT-II'!$1:$1048576,11,0) -> #REF! | AL33: =VLOOKUP($A33,ANNUAL!$1:$1048576,11,0) -> #REF! | AM33: =VLOOKUP(A33,'UT-I'!$A$1:$EA$1758,12,0) -> #REF! | AN33: =VLOOKUP($A33,'HALF YEARLY'!$1:$1048576,12,0) -> #REF! | AO33: =VLOOKUP($A33,'UT-II'!$1:$1048576,12,0) -> #REF! | AP33: =VLOOKUP($A33,ANNUAL!$1:$1048576,12,0) -> #REF! | AQ33: =VLOOKUP(A33,'UT-I'!$A$1:$EA$1758,13,0) -> #REF! | AR33: =VLOOKUP($A33,'HALF YEARLY'!$1:$1048576,13,0) -> #REF! | AS33: =VLOOKUP($A33,'UT-II'!$1:$1048576,13,0) -> #REF! | AT33: =VLOOKUP($A33,ANNUAL!$1:$1048576,13,0) -> #REF! | AU33: =VLOOKUP(A33,'UT-I'!$A$1:$EA$1758,14,0) -> #REF! | AV33: =VLOOKUP($A33,'HALF YEARLY'!$1:$1048576,14,0) -> #REF! | AW33: =VLOOKUP($A33,'UT-II'!$1:$1048576,14,0) -> #REF! | AX33: =VLOOKUP($A33,ANNUAL!$1:$1048576,14,0) -> #REF! | AY33: =VLOOKUP(A33,'UT-I'!$A$1:$EA$1758,15,0) -> #REF! | AZ33: =VLOOKUP($A33,'HALF YEARLY'!$1:$1048576,15,0) -> #REF! | BA33: =VLOOKUP($A33,'UT-II'!$1:$1048576,15,0) -> #REF! | BB33: =VLOOKUP($A33,ANNUAL!$1:$1048576,15,0) -> #REF! | BC33: =VLOOKUP(A33,'UT-I'!$A$1:$EA$1758,16,0) -> #REF! | BD33: =VLOOKUP($A33,'HALF YEARLY'!$1:$1048576,16,0) -> #REF! | BE33: =VLOOKUP($A33,'UT-II'!$1:$1048576,16,0) -> #REF! | BF33: =VLOOKUP($A33,ANNUAL!$1:$1048576,16,0) -> #REF! | BG33: =VLOOKUP(A33,'UT-I'!$A$1:$EA$1758,17,0) -> #REF! | BH33: =VLOOKUP($A33,'HALF YEARLY'!$1:$1048576,17,0) -> #REF! | BI33: =VLOOKUP($A33,'UT-II'!$1:$1048576,17,0) -> #REF! | BJ33: =VLOOKUP($A33,ANNUAL!$1:$1048576,17,0) -> #REF! | BK33: =VLOOKUP($A33,ANNUAL!$1:$1048576,18,0) -> #REF! | BL33: =VLOOKUP($A33,ANNUAL!$1:$1048576,19,0) -> #REF! | BM33: =VLOOKUP($A33,ANNUAL!$1:$1048576,20,0) -> #REF!
A34: =DETAILS!#REF! -> #REF! | B34: =DETAILS!#REF! -> #REF! | C34: =VLOOKUP(A34,'UT-I'!$A$1:$EA$1758,3,0) -> #REF! | D34: =VLOOKUP($A34,'HALF YEARLY'!$1:$1048576,3,0) -> #REF! | E34: =VLOOKUP($A34,'UT-II'!$1:$1048576,3,0) -> #REF! | F34: =VLOOKUP($A34,ANNUAL!$1:$1048576,3,0) -> #REF! | G34: =VLOOKUP(A34,'UT-I'!$A$1:$EA$1758,4,0) -> #REF! | H34: =VLOOKUP($A34,'HALF YEARLY'!$1:$1048576,4,0) -> #REF! | I34: =VLOOKUP($A34,'UT-II'!$1:$1048576,4,0) -> #REF! | J34: =VLOOKUP($A34,ANNUAL!$1:$1048576,4,0) -> #REF! | K34: =VLOOKUP(A34,'UT-I'!$A$1:$EA$1758,5,0) -> #REF! | L34: =VLOOKUP($A34,'HALF YEARLY'!$1:$1048576,5,0) -> #REF! | M34: =VLOOKUP($A34,'UT-II'!$1:$1048576,5,0) -> #REF! | N34: =VLOOKUP($A34,ANNUAL!$1:$1048576,5,0) -> #REF! | O34: =VLOOKUP(A34,'UT-I'!$A$1:$EA$1758,6,0) -> #REF! | P34: =VLOOKUP($A34,'HALF YEARLY'!$1:$1048576,6,0) -> #REF! | Q34: =VLOOKUP($A34,'UT-II'!$1:$1048576,6,0) -> #REF! | R34: =VLOOKUP($A34,ANNUAL!$1:$1048576,6,0) -> #REF! | S34: =VLOOKUP(A34,'UT-I'!$A$1:$EA$1758,7,0) -> #REF! | T34: =VLOOKUP($A34,'HALF YEARLY'!$1:$1048576,7,0) -> #REF! | U34: =VLOOKUP($A34,'UT-II'!$1:$1048576,7,0) -> #REF! | V34: =VLOOKUP($A34,ANNUAL!$1:$1048576,7,0) -> #REF! | W34: =VLOOKUP(A34,'UT-I'!$A$1:$EA$1758,8,0) -> #REF! | X34: =VLOOKUP($A34,'HALF YEARLY'!$1:$1048576,8,0) -> #REF! | Y34: =VLOOKUP($A34,'UT-II'!$1:$1048576,8,0) -> #REF! | Z34: =VLOOKUP($A34,ANNUAL!$1:$1048576,8,0) -> #REF! | AA34: =VLOOKUP(A34,'UT-I'!$A$1:$EA$1758,9,0) -> #REF! | AB34: =VLOOKUP($A34,'HALF YEARLY'!$1:$1048576,9,0) -> #REF! | AC34: =VLOOKUP($A34,'UT-II'!$1:$1048576,9,0) -> #REF! | AD34: =VLOOKUP($A34,ANNUAL!$1:$1048576,9,0) -> #REF! | AE34: =VLOOKUP(A34,'UT-I'!$A$1:$EA$1758,10,0) -> #REF! | AF34: =VLOOKUP($A34,'HALF YEARLY'!$1:$1048576,10,0) -> #REF! | AG34: =VLOOKUP($A34,'UT-II'!$1:$1048576,10,0) -> #REF! | AH34: =VLOOKUP($A34,ANNUAL!$1:$1048576,10,0) -> #REF! | AI34: =VLOOKUP(A34,'UT-I'!$A$1:$EA$1758,11,0) -> #REF! | AJ34: =VLOOKUP($A34,'HALF YEARLY'!$1:$1048576,11,0) -> #REF! | AK34: =VLOOKUP($A34,'UT-II'!$1:$1048576,11,0) -> #REF! | AL34: =VLOOKUP($A34,ANNUAL!$1:$1048576,11,0) -> #REF! | AM34: =VLOOKUP(A34,'UT-I'!$A$1:$EA$1758,12,0) -> #REF! | AN34: =VLOOKUP($A34,'HALF YEARLY'!$1:$1048576,12,0) -> #REF! | AO34: =VLOOKUP($A34,'UT-II'!$1:$1048576,12,0) -> #REF! | AP34: =VLOOKUP($A34,ANNUAL!$1:$1048576,12,0) -> #REF! | AQ34: =VLOOKUP(A34,'UT-I'!$A$1:$EA$1758,13,0) -> #REF! | AR34: =VLOOKUP($A34,'HALF YEARLY'!$1:$1048576,13,0) -> #REF! | AS34: =VLOOKUP($A34,'UT-II'!$1:$1048576,13,0) -> #REF! | AT34: =VLOOKUP($A34,ANNUAL!$1:$1048576,13,0) -> #REF! | AU34: =VLOOKUP(A34,'UT-I'!$A$1:$EA$1758,14,0) -> #REF! | AV34: =VLOOKUP($A34,'HALF YEARLY'!$1:$1048576,14,0) -> #REF! | AW34: =VLOOKUP($A34,'UT-II'!$1:$1048576,14,0) -> #REF! | AX34: =VLOOKUP($A34,ANNUAL!$1:$1048576,14,0) -> #REF! | AY34: =VLOOKUP(A34,'UT-I'!$A$1:$EA$1758,15,0) -> #REF! | AZ34: =VLOOKUP($A34,'HALF YEARLY'!$1:$1048576,15,0) -> #REF! | BA34: =VLOOKUP($A34,'UT-II'!$1:$1048576,15,0) -> #REF! | BB34: =VLOOKUP($A34,ANNUAL!$1:$1048576,15,0) -> #REF! | BC34: =VLOOKUP(A34,'UT-I'!$A$1:$EA$1758,16,0) -> #REF! | BD34: =VLOOKUP($A34,'HALF YEARLY'!$1:$1048576,16,0) -> #REF! | BE34: =VLOOKUP($A34,'UT-II'!$1:$1048576,16,0) -> #REF! | BF34: =VLOOKUP($A34,ANNUAL!$1:$1048576,16,0) -> #REF! | BG34: =VLOOKUP(A34,'UT-I'!$A$1:$EA$1758,17,0) -> #REF! | BH34: =VLOOKUP($A34,'HALF YEARLY'!$1:$1048576,17,0) -> #REF! | BI34: =VLOOKUP($A34,'UT-II'!$1:$1048576,17,0) -> #REF! | BJ34: =VLOOKUP($A34,ANNUAL!$1:$1048576,17,0) -> #REF! | BK34: =VLOOKUP($A34,ANNUAL!$1:$1048576,18,0) -> #REF! | BL34: =VLOOKUP($A34,ANNUAL!$1:$1048576,19,0) -> #REF! | BM34: =VLOOKUP($A34,ANNUAL!$1:$1048576,20,0) -> #REF!
A35: =DETAILS!#REF! -> #REF! | B35: =DETAILS!#REF! -> #REF! | C35: =VLOOKUP(A35,'UT-I'!$A$1:$EA$1758,3,0) -> #REF! | D35: =VLOOKUP($A35,'HALF YEARLY'!$1:$1048576,3,0) -> #REF! | E35: =VLOOKUP($A35,'UT-II'!$1:$1048576,3,0) -> #REF! | F35: =VLOOKUP($A35,ANNUAL!$1:$1048576,3,0) -> #REF! | G35: =VLOOKUP(A35,'UT-I'!$A$1:$EA$1758,4,0) -> #REF! | H35: =VLOOKUP($A35,'HALF YEARLY'!$1:$1048576,4,0) -> #REF! | I35: =VLOOKUP($A35,'UT-II'!$1:$1048576,4,0) -> #REF! | J35: =VLOOKUP($A35,ANNUAL!$1:$1048576,4,0) -> #REF! | K35: =VLOOKUP(A35,'UT-I'!$A$1:$EA$1758,5,0) -> #REF! | L35: =VLOOKUP($A35,'HALF YEARLY'!$1:$1048576,5,0) -> #REF! | M35: =VLOOKUP($A35,'UT-II'!$1:$1048576,5,0) -> #REF! | N35: =VLOOKUP($A35,ANNUAL!$1:$1048576,5,0) -> #REF! | O35: =VLOOKUP(A35,'UT-I'!$A$1:$EA$1758,6,0) -> #REF! | P35: =VLOOKUP($A35,'HALF YEARLY'!$1:$1048576,6,0) -> #REF! | Q35: =VLOOKUP($A35,'UT-II'!$1:$1048576,6,0) -> #REF! | R35: =VLOOKUP($A35,ANNUAL!$1:$1048576,6,0) -> #REF! | S35: =VLOOKUP(A35,'UT-I'!$A$1:$EA$1758,7,0) -> #REF! | T35: =VLOOKUP($A35,'HALF YEARLY'!$1:$1048576,7,0) -> #REF! | U35: =VLOOKUP($A35,'UT-II'!$1:$1048576,7,0) -> #REF! | V35: =VLOOKUP($A35,ANNUAL!$1:$1048576,7,0) -> #REF! | W35: =VLOOKUP(A35,'UT-I'!$A$1:$EA$1758,8,0) -> #REF! | X35: =VLOOKUP($A35,'HALF YEARLY'!$1:$1048576,8,0) -> #REF! | Y35: =VLOOKUP($A35,'UT-II'!$1:$1048576,8,0) -> #REF! | Z35: =VLOOKUP($A35,ANNUAL!$1:$1048576,8,0) -> #REF! | AA35: =VLOOKUP(A35,'UT-I'!$A$1:$EA$1758,9,0) -> #REF! | AB35: =VLOOKUP($A35,'HALF YEARLY'!$1:$1048576,9,0) -> #REF! | AC35: =VLOOKUP($A35,'UT-II'!$1:$1048576,9,0) -> #REF! | AD35: =VLOOKUP($A35,ANNUAL!$1:$1048576,9,0) -> #REF! | AE35: =VLOOKUP(A35,'UT-I'!$A$1:$EA$1758,10,0) -> #REF! | AF35: =VLOOKUP($A35,'HALF YEARLY'!$1:$1048576,10,0) -> #REF! | AG35: =VLOOKUP($A35,'UT-II'!$1:$1048576,10,0) -> #REF! | AH35: =VLOOKUP($A35,ANNUAL!$1:$1048576,10,0) -> #REF! | AI35: =VLOOKUP(A35,'UT-I'!$A$1:$EA$1758,11,0) -> #REF! | AJ35: =VLOOKUP($A35,'HALF YEARLY'!$1:$1048576,11,0) -> #REF! | AK35: =VLOOKUP($A35,'UT-II'!$1:$1048576,11,0) -> #REF! | AL35: =VLOOKUP($A35,ANNUAL!$1:$1048576,11,0) -> #REF! | AM35: =VLOOKUP(A35,'UT-I'!$A$1:$EA$1758,12,0) -> #REF! | AN35: =VLOOKUP($A35,'HALF YEARLY'!$1:$1048576,12,0) -> #REF! | AO35: =VLOOKUP($A35,'UT-II'!$1:$1048576,12,0) -> #REF! | AP35: =VLOOKUP($A35,ANNUAL!$1:$1048576,12,0) -> #REF! | AQ35: =VLOOKUP(A35,'UT-I'!$A$1:$EA$1758,13,0) -> #REF! | AR35: =VLOOKUP($A35,'HALF YEARLY'!$1:$1048576,13,0) -> #REF! | AS35: =VLOOKUP($A35,'UT-II'!$1:$1048576,13,0) -> #REF! | AT35: =VLOOKUP($A35,ANNUAL!$1:$1048576,13,0) -> #REF! | AU35: =VLOOKUP(A35,'UT-I'!$A$1:$EA$1758,14,0) -> #REF! | AV35: =VLOOKUP($A35,'HALF YEARLY'!$1:$1048576,14,0) -> #REF! | AW35: =VLOOKUP($A35,'UT-II'!$1:$1048576,14,0) -> #REF! | AX35: =VLOOKUP($A35,ANNUAL!$1:$1048576,14,0) -> #REF! | AY35: =VLOOKUP(A35,'UT-I'!$A$1:$EA$1758,15,0) -> #REF! | AZ35: =VLOOKUP($A35,'HALF YEARLY'!$1:$1048576,15,0) -> #REF! | BA35: =VLOOKUP($A35,'UT-II'!$1:$1048576,15,0) -> #REF! | BB35: =VLOOKUP($A35,ANNUAL!$1:$1048576,15,0) -> #REF! | BC35: =VLOOKUP(A35,'UT-I'!$A$1:$EA$1758,16,0) -> #REF! | BD35: =VLOOKUP($A35,'HALF YEARLY'!$1:$1048576,16,0) -> #REF! | BE35: =VLOOKUP($A35,'UT-II'!$1:$1048576,16,0) -> #REF! | BF35: =VLOOKUP($A35,ANNUAL!$1:$1048576,16,0) -> #REF! | BG35: =VLOOKUP(A35,'UT-I'!$A$1:$EA$1758,17,0) -> #REF! | BH35: =VLOOKUP($A35,'HALF YEARLY'!$1:$1048576,17,0) -> #REF! | BI35: =VLOOKUP($A35,'UT-II'!$1:$1048576,17,0) -> #REF! | BJ35: =VLOOKUP($A35,ANNUAL!$1:$1048576,17,0) -> #REF! | BK35: =VLOOKUP($A35,ANNUAL!$1:$1048576,18,0) -> #REF! | BL35: =VLOOKUP($A35,ANNUAL!$1:$1048576,19,0) -> #REF! | BM35: =VLOOKUP($A35,ANNUAL!$1:$1048576,20,0) -> #REF!
A36: =DETAILS!A18 -> 1905 | B36: =DETAILS!B18 -> RAVNOOR KAUR | C36: =VLOOKUP(A36,'UT-I'!$A$1:$EA$1758,3,0) -> AB | D36: =VLOOKUP($A36,'HALF YEARLY'!$1:$1048576,3,0) -> 44 | E36: =VLOOKUP($A36,'UT-II'!$1:$1048576,3,0) -> 0 | F36: =VLOOKUP($A36,ANNUAL!$1:$1048576,3,0) -> 0 | G36: =VLOOKUP(A36,'UT-I'!$A$1:$EA$1758,4,0) -> AB | H36: =VLOOKUP($A36,'HALF YEARLY'!$1:$1048576,4,0) -> 40 | I36: =VLOOKUP($A36,'UT-II'!$1:$1048576,4,0) -> 0 | J36: =VLOOKUP($A36,ANNUAL!$1:$1048576,4,0) -> 0 | K36: =VLOOKUP(A36,'UT-I'!$A$1:$EA$1758,5,0) -> 48 | L36: =VLOOKUP($A36,'HALF YEARLY'!$1:$1048576,5,0) -> 40 | M36: =VLOOKUP($A36,'UT-II'!$1:$1048576,5,0) -> 0 | N36: =VLOOKUP($A36,ANNUAL!$1:$1048576,5,0) -> 0 | O36: =VLOOKUP(A36,'UT-I'!$A$1:$EA$1758,6,0) -> 40 | P36: =VLOOKUP($A36,'HALF YEARLY'!$1:$1048576,6,0) -> 42 | Q36: =VLOOKUP($A36,'UT-II'!$1:$1048576,6,0) -> 0 | R36: =VLOOKUP($A36,ANNUAL!$1:$1048576,6,0) -> 0 | S36: =VLOOKUP(A36,'UT-I'!$A$1:$EA$1758,7,0) -> 50 | T36: =VLOOKUP($A36,'HALF YEARLY'!$1:$1048576,7,0) -> 20 | U36: =VLOOKUP($A36,'UT-II'!$1:$1048576,7,0) -> 0 | V36: =VLOOKUP($A36,ANNUAL!$1:$1048576,7,0) -> 0 | W36: =VLOOKUP(A36,'UT-I'!$A$1:$EA$1758,8,0) -> 48 | X36: =VLOOKUP($A36,'HALF YEARLY'!$1:$1048576,8,0) -> 37 | Y36: =VLOOKUP($A36,'UT-II'!$1:$1048576,8,0) -> 0 | Z36: =VLOOKUP($A36,ANNUAL!$1:$1048576,8,0) -> 0 | AA36: =VLOOKUP(A36,'UT-I'!$A$1:$EA$1758,9,0) -> 49 | AB36: =VLOOKUP($A36,'HALF YEARLY'!$1:$1048576,9,0) -> 39 | AC36: =VLOOKUP($A36,'UT-II'!$1:$1048576,9,0) -> 0 | AD36: =VLOOKUP($A36,ANNUAL!$1:$1048576,9,0) -> 0 | AE36: =VLOOKUP(A36,'UT-I'!$A$1:$EA$1758,10,0) -> 50 | AF36: =VLOOKUP($A36,'HALF YEARLY'!$1:$1048576,10,0) -> 30 | AG36: =VLOOKUP($A36,'UT-II'!$1:$1048576,10,0) -> 0 | AH36: =VLOOKUP($A36,ANNUAL!$1:$1048576,10,0) -> 0 | AI36: =VLOOKUP(A36,'UT-I'!$A$1:$EA$1758,11,0) -> AB | AJ36: =VLOOKUP($A36,'HALF YEARLY'!$1:$1048576,11,0) -> 30 | AK36: =VLOOKUP($A36,'UT-II'!$1:$1048576,11,0) -> 0 | AL36: =VLOOKUP($A36,ANNUAL!$1:$1048576,11,0) -> 0 | AM36: =VLOOKUP(A36,'UT-I'!$A$1:$EA$1758,12,0) -> 40 | AN36: =VLOOKUP($A36,'HALF YEARLY'!$1:$1048576,12,0) -> 35 | AO36: =VLOOKUP($A36,'UT-II'!$1:$1048576,12,0) -> 0 | AP36: =VLOOKUP($A36,ANNUAL!$1:$1048576,12,0) -> 0 | AQ36: =VLOOKUP(A36,'UT-I'!$A$1:$EA$1758,13,0) -> A | AR36: =VLOOKUP($A36,'HALF YEARLY'!$1:$1048576,13,0) -> D | AS36: =VLOOKUP($A36,'UT-II'!$1:$1048576,13,0) -> 0 | AT36: =VLOOKUP($A36,ANNUAL!$1:$1048576,13,0) -> 0 | AU36: =VLOOKUP(A36,'UT-I'!$A$1:$EA$1758,14,0) -> AB | AV36: =VLOOKUP($A36,'HALF YEARLY'!$1:$1048576,14,0) -> A | AW36: =VLOOKUP($A36,'UT-II'!$1:$1048576,14,0) -> 0 | AX36: =VLOOKUP($A36,ANNUAL!$1:$1048576,14,0) -> 0 | AY36: =VLOOKUP(A36,'UT-I'!$A$1:$EA$1758,15,0) -> A | AZ36: =VLOOKUP($A36,'HALF YEARLY'!$1:$1048576,15,0) -> A | BA36: =VLOOKUP($A36,'UT-II'!$1:$1048576,15,0) -> 0 | BB36: =VLOOKUP($A36,ANNUAL!$1:$1048576,15,0) -> 0 | BC36: =VLOOKUP(A36,'UT-I'!$A$1:$EA$1758,16,0) -> A | BD36: =VLOOKUP($A36,'HALF YEARLY'!$1:$1048576,16,0) -> A | BE36: =VLOOKUP($A36,'UT-II'!$1:$1048576,16,0) -> 0 | BF36: =VLOOKUP($A36,ANNUAL!$1:$1048576,16,0) -> 0 | BG36: =VLOOKUP(A36,'UT-I'!$A$1:$EA$1758,17,0) -> 325 | BH36: =VLOOKUP($A36,'HALF YEARLY'!$1:$1048576,17,0) -> 357 | BI36: =VLOOKUP($A36,'UT-II'!$1:$1048576,17,0) -> 0 | BJ36: =VLOOKUP($A36,ANNUAL!$1:$1048576,17,0) -> 0 | BK36: =VLOOKUP($A36,ANNUAL!$1:$1048576,18,0) -> 0 | BL36: =VLOOKUP($A36,ANNUAL!$1:$1048576,19,0) -> 0 | BM36: =VLOOKUP($A36,ANNUAL!$1:$1048576,20,0) -> 0
A37: =DETAILS!#REF! -> #REF! | B37: =DETAILS!#REF! -> #REF! | C37: =VLOOKUP(A37,'UT-I'!$A$1:$EA$1758,3,0) -> #REF! | D37: =VLOOKUP($A37,'HALF YEARLY'!$1:$1048576,3,0) -> #REF! | E37: =VLOOKUP($A37,'UT-II'!$1:$1048576,3,0) -> #REF! | F37: =VLOOKUP($A37,ANNUAL!$1:$1048576,3,0) -> #REF! | G37: =VLOOKUP(A37,'UT-I'!$A$1:$EA$1758,4,0) -> #REF! | H37: =VLOOKUP($A37,'HALF YEARLY'!$1:$1048576,4,0) -> #REF! | I37: =VLOOKUP($A37,'UT-II'!$1:$1048576,4,0) -> #REF! | J37: =VLOOKUP($A37,ANNUAL!$1:$1048576,4,0) -> #REF! | K37: =VLOOKUP(A37,'UT-I'!$A$1:$EA$1758,5,0) -> #REF! | L37: =VLOOKUP($A37,'HALF YEARLY'!$1:$1048576,5,0) -> #REF! | M37: =VLOOKUP($A37,'UT-II'!$1:$1048576,5,0) -> #REF! | N37: =VLOOKUP($A37,ANNUAL!$1:$1048576,5,0) -> #REF! | O37: =VLOOKUP(A37,'UT-I'!$A$1:$EA$1758,6,0) -> #REF! | P37: =VLOOKUP($A37,'HALF YEARLY'!$1:$1048576,6,0) -> #REF! | Q37: =VLOOKUP($A37,'UT-II'!$1:$1048576,6,0) -> #REF! | R37: =VLOOKUP($A37,ANNUAL!$1:$1048576,6,0) -> #REF! | S37: =VLOOKUP(A37,'UT-I'!$A$1:$EA$1758,7,0) -> #REF! | T37: =VLOOKUP($A37,'HALF YEARLY'!$1:$1048576,7,0) -> #REF! | U37: =VLOOKUP($A37,'UT-II'!$1:$1048576,7,0) -> #REF! | V37: =VLOOKUP($A37,ANNUAL!$1:$1048576,7,0) -> #REF! | W37: =VLOOKUP(A37,'UT-I'!$A$1:$EA$1758,8,0) -> #REF! | X37: =VLOOKUP($A37,'HALF YEARLY'!$1:$1048576,8,0) -> #REF! | Y37: =VLOOKUP($A37,'UT-II'!$1:$1048576,8,0) -> #REF! | Z37: =VLOOKUP($A37,ANNUAL!$1:$1048576,8,0) -> #REF! | AA37: =VLOOKUP(A37,'UT-I'!$A$1:$EA$1758,9,0) -> #REF! | AB37: =VLOOKUP($A37,'HALF YEARLY'!$1:$1048576,9,0) -> #REF! | AC37: =VLOOKUP($A37,'UT-II'!$1:$1048576,9,0) -> #REF! | AD37: =VLOOKUP($A37,ANNUAL!$1:$1048576,9,0) -> #REF! | AE37: =VLOOKUP(A37,'UT-I'!$A$1:$EA$1758,10,0) -> #REF! | AF37: =VLOOKUP($A37,'HALF YEARLY'!$1:$1048576,10,0) -> #REF! | AG37: =VLOOKUP($A37,'UT-II'!$1:$1048576,10,0) -> #REF! | AH37: =VLOOKUP($A37,ANNUAL!$1:$1048576,10,0) -> #REF! | AI37: =VLOOKUP(A37,'UT-I'!$A$1:$EA$1758,11,0) -> #REF! | AJ37: =VLOOKUP($A37,'HALF YEARLY'!$1:$1048576,11,0) -> #REF! | AK37: =VLOOKUP($A37,'UT-II'!$1:$1048576,11,0) -> #REF! | AL37: =VLOOKUP($A37,ANNUAL!$1:$1048576,11,0) -> #REF! | AM37: =VLOOKUP(A37,'UT-I'!$A$1:$EA$1758,12,0) -> #REF! | AN37: =VLOOKUP($A37,'HALF YEARLY'!$1:$1048576,12,0) -> #REF! | AO37: =VLOOKUP($A37,'UT-II'!$1:$1048576,12,0) -> #REF! | AP37: =VLOOKUP($A37,ANNUAL!$1:$1048576,12,0) -> #REF! | AQ37: =VLOOKUP(A37,'UT-I'!$A$1:$EA$1758,13,0) -> #REF! | AR37: =VLOOKUP($A37,'HALF YEARLY'!$1:$1048576,13,0) -> #REF! | AS37: =VLOOKUP($A37,'UT-II'!$1:$1048576,13,0) -> #REF! | AT37: =VLOOKUP($A37,ANNUAL!$1:$1048576,13,0) -> #REF! | AU37: =VLOOKUP(A37,'UT-I'!$A$1:$EA$1758,14,0) -> #REF! | AV37: =VLOOKUP($A37,'HALF YEARLY'!$1:$1048576,14,0) -> #REF! | AW37: =VLOOKUP($A37,'UT-II'!$1:$1048576,14,0) -> #REF! | AX37: =VLOOKUP($A37,ANNUAL!$1:$1048576,14,0) -> #REF! | AY37: =VLOOKUP(A37,'UT-I'!$A$1:$EA$1758,15,0) -> #REF! | AZ37: =VLOOKUP($A37,'HALF YEARLY'!$1:$1048576,15,0) -> #REF! | BA37: =VLOOKUP($A37,'UT-II'!$1:$1048576,15,0) -> #REF! | BB37: =VLOOKUP($A37,ANNUAL!$1:$1048576,15,0) -> #REF! | BC37: =VLOOKUP(A37,'UT-I'!$A$1:$EA$1758,16,0) -> #REF! | BD37: =VLOOKUP($A37,'HALF YEARLY'!$1:$1048576,16,0) -> #REF! | BE37: =VLOOKUP($A37,'UT-II'!$1:$1048576,16,0) -> #REF! | BF37: =VLOOKUP($A37,ANNUAL!$1:$1048576,16,0) -> #REF! | BG37: =VLOOKUP(A37,'UT-I'!$A$1:$EA$1758,17,0) -> #REF! | BH37: =VLOOKUP($A37,'HALF YEARLY'!$1:$1048576,17,0) -> #REF! | BI37: =VLOOKUP($A37,'UT-II'!$1:$1048576,17,0) -> #REF! | BJ37: =VLOOKUP($A37,ANNUAL!$1:$1048576,17,0) -> #REF! | BK37: =VLOOKUP($A37,ANNUAL!$1:$1048576,18,0) -> #REF! | BL37: =VLOOKUP($A37,ANNUAL!$1:$1048576,19,0) -> #REF! | BM37: =VLOOKUP($A37,ANNUAL!$1:$1048576,20,0) -> #REF!
A38: =DETAILS!#REF! -> #REF! | B38: =DETAILS!#REF! -> #REF! | C38: =VLOOKUP(A38,'UT-I'!$A$1:$EA$1758,3,0) -> #REF! | D38: =VLOOKUP($A38,'HALF YEARLY'!$1:$1048576,3,0) -> #REF! | E38: =VLOOKUP($A38,'UT-II'!$1:$1048576,3,0) -> #REF! | F38: =VLOOKUP($A38,ANNUAL!$1:$1048576,3,0) -> #REF! | G38: =VLOOKUP(A38,'UT-I'!$A$1:$EA$1758,4,0) -> #REF! | H38: =VLOOKUP($A38,'HALF YEARLY'!$1:$1048576,4,0) -> #REF! | I38: =VLOOKUP($A38,'UT-II'!$1:$1048576,4,0) -> #REF! | J38: =VLOOKUP($A38,ANNUAL!$1:$1048576,4,0) -> #REF! | K38: =VLOOKUP(A38,'UT-I'!$A$1:$EA$1758,5,0) -> #REF! | L38: =VLOOKUP($A38,'HALF YEARLY'!$1:$1048576,5,0) -> #REF! | M38: =VLOOKUP($A38,'UT-II'!$1:$1048576,5,0) -> #REF! | N38: =VLOOKUP($A38,ANNUAL!$1:$1048576,5,0) -> #REF! | O38: =VLOOKUP(A38,'UT-I'!$A$1:$EA$1758,6,0) -> #REF! | P38: =VLOOKUP($A38,'HALF YEARLY'!$1:$1048576,6,0) -> #REF! | Q38: =VLOOKUP($A38,'UT-II'!$1:$1048576,6,0) -> #REF! | R38: =VLOOKUP($A38,ANNUAL!$1:$1048576,6,0) -> #REF! | S38: =VLOOKUP(A38,'UT-I'!$A$1:$EA$1758,7,0) -> #REF! | T38: =VLOOKUP($A38,'HALF YEARLY'!$1:$1048576,7,0) -> #REF! | U38: =VLOOKUP($A38,'UT-II'!$1:$1048576,7,0) -> #REF! | V38: =VLOOKUP($A38,ANNUAL!$1:$1048576,7,0) -> #REF! | W38: =VLOOKUP(A38,'UT-I'!$A$1:$EA$1758,8,0) -> #REF! | X38: =VLOOKUP($A38,'HALF YEARLY'!$1:$1048576,8,0) -> #REF! | Y38: =VLOOKUP($A38,'UT-II'!$1:$1048576,8,0) -> #REF! | Z38: =VLOOKUP($A38,ANNUAL!$1:$1048576,8,0) -> #REF! | AA38: =VLOOKUP(A38,'UT-I'!$A$1:$EA$1758,9,0) -> #REF! | AB38: =VLOOKUP($A38,'HALF YEARLY'!$1:$1048576,9,0) -> #REF! | AC38: =VLOOKUP($A38,'UT-II'!$1:$1048576,9,0) -> #REF! | AD38: =VLOOKUP($A38,ANNUAL!$1:$1048576,9,0) -> #REF! | AE38: =VLOOKUP(A38,'UT-I'!$A$1:$EA$1758,10,0) -> #REF! | AF38: =VLOOKUP($A38,'HALF YEARLY'!$1:$1048576,10,0) -> #REF! | AG38: =VLOOKUP($A38,'UT-II'!$1:$1048576,10,0) -> #REF! | AH38: =VLOOKUP($A38,ANNUAL!$1:$1048576,10,0) -> #REF! | AI38: =VLOOKUP(A38,'UT-I'!$A$1:$EA$1758,11,0) -> #REF! | AJ38: =VLOOKUP($A38,'HALF YEARLY'!$1:$1048576,11,0) -> #REF! | AK38: =VLOOKUP($A38,'UT-II'!$1:$1048576,11,0) -> #REF! | AL38: =VLOOKUP($A38,ANNUAL!$1:$1048576,11,0) -> #REF! | AM38: =VLOOKUP(A38,'UT-I'!$A$1:$EA$1758,12,0) -> #REF! | AN38: =VLOOKUP($A38,'HALF YEARLY'!$1:$1048576,12,0) -> #REF! | AO38: =VLOOKUP($A38,'UT-II'!$1:$1048576,12,0) -> #REF! | AP38: =VLOOKUP($A38,ANNUAL!$1:$1048576,12,0) -> #REF! | AQ38: =VLOOKUP(A38,'UT-I'!$A$1:$EA$1758,13,0) -> #REF! | AR38: =VLOOKUP($A38,'HALF YEARLY'!$1:$1048576,13,0) -> #REF! | AS38: =VLOOKUP($A38,'UT-II'!$1:$1048576,13,0) -> #REF! | AT38: =VLOOKUP($A38,ANNUAL!$1:$1048576,13,0) -> #REF! | AU38: =VLOOKUP(A38,'UT-I'!$A$1:$EA$1758,14,0) -> #REF! | AV38: =VLOOKUP($A38,'HALF YEARLY'!$1:$1048576,14,0) -> #REF! | AW38: =VLOOKUP($A38,'UT-II'!$1:$1048576,14,0) -> #REF! | AX38: =VLOOKUP($A38,ANNUAL!$1:$1048576,14,0) -> #REF! | AY38: =VLOOKUP(A38,'UT-I'!$A$1:$EA$1758,15,0) -> #REF! | AZ38: =VLOOKUP($A38,'HALF YEARLY'!$1:$1048576,15,0) -> #REF! | BA38: =VLOOKUP($A38,'UT-II'!$1:$1048576,15,0) -> #REF! | BB38: =VLOOKUP($A38,ANNUAL!$1:$1048576,15,0) -> #REF! | BC38: =VLOOKUP(A38,'UT-I'!$A$1:$EA$1758,16,0) -> #REF! | BD38: =VLOOKUP($A38,'HALF YEARLY'!$1:$1048576,16,0) -> #REF! | BE38: =VLOOKUP($A38,'UT-II'!$1:$1048576,16,0) -> #REF! | BF38: =VLOOKUP($A38,ANNUAL!$1:$1048576,16,0) -> #REF! | BG38: =VLOOKUP(A38,'UT-I'!$A$1:$EA$1758,17,0) -> #REF! | BH38: =VLOOKUP($A38,'HALF YEARLY'!$1:$1048576,17,0) -> #REF! | BI38: =VLOOKUP($A38,'UT-II'!$1:$1048576,17,0) -> #REF! | BJ38: =VLOOKUP($A38,ANNUAL!$1:$1048576,17,0) -> #REF! | BK38: =VLOOKUP($A38,ANNUAL!$1:$1048576,18,0) -> #REF! | BL38: =VLOOKUP($A38,ANNUAL!$1:$1048576,19,0) -> #REF! | BM38: =VLOOKUP($A38,ANNUAL!$1:$1048576,20,0) -> #REF!
A39: =DETAILS!#REF! -> #REF! | B39: =DETAILS!#REF! -> #REF! | C39: =VLOOKUP(A39,'UT-I'!$A$1:$EA$1758,3,0) -> #REF! | D39: =VLOOKUP($A39,'HALF YEARLY'!$1:$1048576,3,0) -> #REF! | E39: =VLOOKUP($A39,'UT-II'!$1:$1048576,3,0) -> #REF! | F39: =VLOOKUP($A39,ANNUAL!$1:$1048576,3,0) -> #REF! | G39: =VLOOKUP(A39,'UT-I'!$A$1:$EA$1758,4,0) -> #REF! | H39: =VLOOKUP($A39,'HALF YEARLY'!$1:$1048576,4,0) -> #REF! | I39: =VLOOKUP($A39,'UT-II'!$1:$1048576,4,0) -> #REF! | J39: =VLOOKUP($A39,ANNUAL!$1:$1048576,4,0) -> #REF! | K39: =VLOOKUP(A39,'UT-I'!$A$1:$EA$1758,5,0) -> #REF! | L39: =VLOOKUP($A39,'HALF YEARLY'!$1:$1048576,5,0) -> #REF! | M39: =VLOOKUP($A39,'UT-II'!$1:$1048576,5,0) -> #REF! | N39: =VLOOKUP($A39,ANNUAL!$1:$1048576,5,0) -> #REF! | O39: =VLOOKUP(A39,'UT-I'!$A$1:$EA$1758,6,0) -> #REF! | P39: =VLOOKUP($A39,'HALF YEARLY'!$1:$1048576,6,0) -> #REF! | Q39: =VLOOKUP($A39,'UT-II'!$1:$1048576,6,0) -> #REF! | R39: =VLOOKUP($A39,ANNUAL!$1:$1048576,6,0) -> #REF! | S39: =VLOOKUP(A39,'UT-I'!$A$1:$EA$1758,7,0) -> #REF! | T39: =VLOOKUP($A39,'HALF YEARLY'!$1:$1048576,7,0) -> #REF! | U39: =VLOOKUP($A39,'UT-II'!$1:$1048576,7,0) -> #REF! | V39: =VLOOKUP($A39,ANNUAL!$1:$1048576,7,0) -> #REF! | W39: =VLOOKUP(A39,'UT-I'!$A$1:$EA$1758,8,0) -> #REF! | X39: =VLOOKUP($A39,'HALF YEARLY'!$1:$1048576,8,0) -> #REF! | Y39: =VLOOKUP($A39,'UT-II'!$1:$1048576,8,0) -> #REF! | Z39: =VLOOKUP($A39,ANNUAL!$1:$1048576,8,0) -> #REF! | AA39: =VLOOKUP(A39,'UT-I'!$A$1:$EA$1758,9,0) -> #REF! | AB39: =VLOOKUP($A39,'HALF YEARLY'!$1:$1048576,9,0) -> #REF! | AC39: =VLOOKUP($A39,'UT-II'!$1:$1048576,9,0) -> #REF! | AD39: =VLOOKUP($A39,ANNUAL!$1:$1048576,9,0) -> #REF! | AE39: =VLOOKUP(A39,'UT-I'!$A$1:$EA$1758,10,0) -> #REF! | AF39: =VLOOKUP($A39,'HALF YEARLY'!$1:$1048576,10,0) -> #REF! | AG39: =VLOOKUP($A39,'UT-II'!$1:$1048576,10,0) -> #REF! | AH39: =VLOOKUP($A39,ANNUAL!$1:$1048576,10,0) -> #REF! | AI39: =VLOOKUP(A39,'UT-I'!$A$1:$EA$1758,11,0) -> #REF! | AJ39: =VLOOKUP($A39,'HALF YEARLY'!$1:$1048576,11,0) -> #REF! | AK39: =VLOOKUP($A39,'UT-II'!$1:$1048576,11,0) -> #REF! | AL39: =VLOOKUP($A39,ANNUAL!$1:$1048576,11,0) -> #REF! | AM39: =VLOOKUP(A39,'UT-I'!$A$1:$EA$1758,12,0) -> #REF! | AN39: =VLOOKUP($A39,'HALF YEARLY'!$1:$1048576,12,0) -> #REF! | AO39: =VLOOKUP($A39,'UT-II'!$1:$1048576,12,0) -> #REF! | AP39: =VLOOKUP($A39,ANNUAL!$1:$1048576,12,0) -> #REF! | AQ39: =VLOOKUP(A39,'UT-I'!$A$1:$EA$1758,13,0) -> #REF! | AR39: =VLOOKUP($A39,'HALF YEARLY'!$1:$1048576,13,0) -> #REF! | AS39: =VLOOKUP($A39,'UT-II'!$1:$1048576,13,0) -> #REF! | AT39: =VLOOKUP($A39,ANNUAL!$1:$1048576,13,0) -> #REF! | AU39: =VLOOKUP(A39,'UT-I'!$A$1:$EA$1758,14,0) -> #REF! | AV39: =VLOOKUP($A39,'HALF YEARLY'!$1:$1048576,14,0) -> #REF! | AW39: =VLOOKUP($A39,'UT-II'!$1:$1048576,14,0) -> #REF! | AX39: =VLOOKUP($A39,ANNUAL!$1:$1048576,14,0) -> #REF! | AY39: =VLOOKUP(A39,'UT-I'!$A$1:$EA$1758,15,0) -> #REF! | AZ39: =VLOOKUP($A39,'HALF YEARLY'!$1:$1048576,15,0) -> #REF! | BA39: =VLOOKUP($A39,'UT-II'!$1:$1048576,15,0) -> #REF! | BB39: =VLOOKUP($A39,ANNUAL!$1:$1048576,15,0) -> #REF! | BC39: =VLOOKUP(A39,'UT-I'!$A$1:$EA$1758,16,0) -> #REF! | BD39: =VLOOKUP($A39,'HALF YEARLY'!$1:$1048576,16,0) -> #REF! | BE39: =VLOOKUP($A39,'UT-II'!$1:$1048576,16,0) -> #REF! | BF39: =VLOOKUP($A39,ANNUAL!$1:$1048576,16,0) -> #REF! | BG39: =VLOOKUP(A39,'UT-I'!$A$1:$EA$1758,17,0) -> #REF! | BH39: =VLOOKUP($A39,'HALF YEARLY'!$1:$1048576,17,0) -> #REF! | BI39: =VLOOKUP($A39,'UT-II'!$1:$1048576,17,0) -> #REF! | BJ39: =VLOOKUP($A39,ANNUAL!$1:$1048576,17,0) -> #REF! | BK39: =VLOOKUP($A39,ANNUAL!$1:$1048576,18,0) -> #REF! | BL39: =VLOOKUP($A39,ANNUAL!$1:$1048576,19,0) -> #REF! | BM39: =VLOOKUP($A39,ANNUAL!$1:$1048576,20,0) -> #REF!
A40: =DETAILS!A19 -> 1874 | B40: =DETAILS!B19 -> SEHRISH | C40: =VLOOKUP(A40,'UT-I'!$A$1:$EA$1758,3,0) -> 47 | D40: =VLOOKUP($A40,'HALF YEARLY'!$1:$1048576,3,0) -> 43 | E40: =VLOOKUP($A40,'UT-II'!$1:$1048576,3,0) -> 0 | F40: =VLOOKUP($A40,ANNUAL!$1:$1048576,3,0) -> 0 | G40: =VLOOKUP(A40,'UT-I'!$A$1:$EA$1758,4,0) -> 50 | H40: =VLOOKUP($A40,'HALF YEARLY'!$1:$1048576,4,0) -> 30 | I40: =VLOOKUP($A40,'UT-II'!$1:$1048576,4,0) -> 0 | J40: =VLOOKUP($A40,ANNUAL!$1:$1048576,4,0) -> 0 | K40: =VLOOKUP(A40,'UT-I'!$A$1:$EA$1758,5,0) -> 45 | L40: =VLOOKUP($A40,'HALF YEARLY'!$1:$1048576,5,0) -> 36 | M40: =VLOOKUP($A40,'UT-II'!$1:$1048576,5,0) -> 0 | N40: =VLOOKUP($A40,ANNUAL!$1:$1048576,5,0) -> 0 | O40: =VLOOKUP(A40,'UT-I'!$A$1:$EA$1758,6,0) -> 40 | P40: =VLOOKUP($A40,'HALF YEARLY'!$1:$1048576,6,0) -> 41 | Q40: =VLOOKUP($A40,'UT-II'!$1:$1048576,6,0) -> 0 | R40: =VLOOKUP($A40,ANNUAL!$1:$1048576,6,0) -> 0 | S40: =VLOOKUP(A40,'UT-I'!$A$1:$EA$1758,7,0) -> 45 | T40: =VLOOKUP($A40,'HALF YEARLY'!$1:$1048576,7,0) -> 25 | U40: =VLOOKUP($A40,'UT-II'!$1:$1048576,7,0) -> 0 | V40: =VLOOKUP($A40,ANNUAL!$1:$1048576,7,0) -> 0 | W40: =VLOOKUP(A40,'UT-I'!$A$1:$EA$1758,8,0) -> 45 | X40: =VLOOKUP($A40,'HALF YEARLY'!$1:$1048576,8,0) -> 47 | Y40: =VLOOKUP($A40,'UT-II'!$1:$1048576,8,0) -> 0 | Z40: =VLOOKUP($A40,ANNUAL!$1:$1048576,8,0) -> 0 | AA40: =VLOOKUP(A40,'UT-I'!$A$1:$EA$1758,9,0) -> 40 | AB40: =VLOOKUP($A40,'HALF YEARLY'!$1:$1048576,9,0) -> 41 | AC40: =VLOOKUP($A40,'UT-II'!$1:$1048576,9,0) -> 0 | AD40: =VLOOKUP($A40,ANNUAL!$1:$1048576,9,0) -> 0 | AE40: =VLOOKUP(A40,'UT-I'!$A$1:$EA$1758,10,0) -> 50 | AF40: =VLOOKUP($A40,'HALF YEARLY'!$1:$1048576,10,0) -> 30 | AG40: =VLOOKUP($A40,'UT-II'!$1:$1048576,10,0) -> 0 | AH40: =VLOOKUP($A40,ANNUAL!$1:$1048576,10,0) -> 0 | AI40: =VLOOKUP(A40,'UT-I'!$A$1:$EA$1758,11,0) -> 50 | AJ40: =VLOOKUP($A40,'HALF YEARLY'!$1:$1048576,11,0) -> 20 | AK40: =VLOOKUP($A40,'UT-II'!$1:$1048576,11,0) -> 0 | AL40: =VLOOKUP($A40,ANNUAL!$1:$1048576,11,0) -> 0 | AM40: =VLOOKUP(A40,'UT-I'!$A$1:$EA$1758,12,0) -> 50 | AN40: =VLOOKUP($A40,'HALF YEARLY'!$1:$1048576,12,0) -> 25 | AO40: =VLOOKUP($A40,'UT-II'!$1:$1048576,12,0) -> 0 | AP40: =VLOOKUP($A40,ANNUAL!$1:$1048576,12,0) -> 0 | AQ40: =VLOOKUP(A40,'UT-I'!$A$1:$EA$1758,13,0) -> AB | AR40: =VLOOKUP($A40,'HALF YEARLY'!$1:$1048576,13,0) -> D | AS40: =VLOOKUP($A40,'UT-II'!$1:$1048576,13,0) -> 0 | AT40: =VLOOKUP($A40,ANNUAL!$1:$1048576,13,0) -> 0 | AU40: =VLOOKUP(A40,'UT-I'!$A$1:$EA$1758,14,0) -> A | AV40: =VLOOKUP($A40,'HALF YEARLY'!$1:$1048576,14,0) -> A | AW40: =VLOOKUP($A40,'UT-II'!$1:$1048576,14,0) -> 0 | AX40: =VLOOKUP($A40,ANNUAL!$1:$1048576,14,0) -> 0 | AY40: =VLOOKUP(A40,'UT-I'!$A$1:$EA$1758,15,0) -> A | AZ40: =VLOOKUP($A40,'HALF YEARLY'!$1:$1048576,15,0) -> B | BA40: =VLOOKUP($A40,'UT-II'!$1:$1048576,15,0) -> 0 | BB40: =VLOOKUP($A40,ANNUAL!$1:$1048576,15,0) -> 0 | BC40: =VLOOKUP(A40,'UT-I'!$A$1:$EA$1758,16,0) -> A | BD40: =VLOOKUP($A40,'HALF YEARLY'!$1:$1048576,16,0) -> A | BE40: =VLOOKUP($A40,'UT-II'!$1:$1048576,16,0) -> 0 | BF40: =VLOOKUP($A40,ANNUAL!$1:$1048576,16,0) -> 0 | BG40: =VLOOKUP(A40,'UT-I'!$A$1:$EA$1758,17,0) -> 462 | BH40: =VLOOKUP($A40,'HALF YEARLY'!$1:$1048576,17,0) -> 338 | BI40: =VLOOKUP($A40,'UT-II'!$1:$1048576,17,0) -> 0 | BJ40: =VLOOKUP($A40,ANNUAL!$1:$1048576,17,0) -> 0 | BK40: =VLOOKUP($A40,ANNUAL!$1:$1048576,18,0) -> 0 | BL40: =VLOOKUP($A40,ANNUAL!$1:$1048576,19,0) -> 0 | BM40: =VLOOKUP($A40,ANNUAL!$1:$1048576,20,0) -> 0
A41: =DETAILS!A20 -> 0 | B41: =DETAILS!B20 -> 0 | C41: =VLOOKUP(A41,'UT-I'!$A$1:$EA$1758,3,0) -> #N/A | D41: =VLOOKUP($A41,'HALF YEARLY'!$1:$1048576,3,0) -> #N/A | E41: =VLOOKUP($A41,'UT-II'!$1:$1048576,3,0) -> 0 | F41: =VLOOKUP($A41,ANNUAL!$1:$1048576,3,0) -> 0 | G41: =VLOOKUP(A41,'UT-I'!$A$1:$EA$1758,4,0) -> #N/A | H41: =VLOOKUP($A41,'HALF YEARLY'!$1:$1048576,4,0) -> #N/A | I41: =VLOOKUP($A41,'UT-II'!$1:$1048576,4,0) -> 0 | J41: =VLOOKUP($A41,ANNUAL!$1:$1048576,4,0) -> 0 | K41: =VLOOKUP(A41,'UT-I'!$A$1:$EA$1758,5,0) -> #N/A | L41: =VLOOKUP($A41,'HALF YEARLY'!$1:$1048576,5,0) -> #N/A | M41: =VLOOKUP($A41,'UT-II'!$1:$1048576,5,0) -> 0 | N41: =VLOOKUP($A41,ANNUAL!$1:$1048576,5,0) -> 0 | O41: =VLOOKUP(A41,'UT-I'!$A$1:$EA$1758,6,0) -> #N/A | P41: =VLOOKUP($A41,'HALF YEARLY'!$1:$1048576,6,0) -> #N/A | Q41: =VLOOKUP($A41,'UT-II'!$1:$1048576,6,0) -> 0 | R41: =VLOOKUP($A41,ANNUAL!$1:$1048576,6,0) -> 0 | S41: =VLOOKUP(A41,'UT-I'!$A$1:$EA$1758,7,0) -> #N/A | T41: =VLOOKUP($A41,'HALF YEARLY'!$1:$1048576,7,0) -> #N/A | U41: =VLOOKUP($A41,'UT-II'!$1:$1048576,7,0) -> 0 | V41: =VLOOKUP($A41,ANNUAL!$1:$1048576,7,0) -> 0 | W41: =VLOOKUP(A41,'UT-I'!$A$1:$EA$1758,8,0) -> #N/A | X41: =VLOOKUP($A41,'HALF YEARLY'!$1:$1048576,8,0) -> #N/A | Y41: =VLOOKUP($A41,'UT-II'!$1:$1048576,8,0) -> 0 | Z41: =VLOOKUP($A41,ANNUAL!$1:$1048576,8,0) -> 0 | AA41: =VLOOKUP(A41,'UT-I'!$A$1:$EA$1758,9,0) -> #N/A | AB41: =VLOOKUP($A41,'HALF YEARLY'!$1:$1048576,9,0) -> #N/A | AC41: =VLOOKUP($A41,'UT-II'!$1:$1048576,9,0) -> 0 | AD41: =VLOOKUP($A41,ANNUAL!$1:$1048576,9,0) -> 0 | AE41: =VLOOKUP(A41,'UT-I'!$A$1:$EA$1758,10,0) -> #N/A | AF41: =VLOOKUP($A41,'HALF YEARLY'!$1:$1048576,10,0) -> #N/A | AG41: =VLOOKUP($A41,'UT-II'!$1:$1048576,10,0) -> 0 | AH41: =VLOOKUP($A41,ANNUAL!$1:$1048576,10,0) -> 0 | AI41: =VLOOKUP(A41,'UT-I'!$A$1:$EA$1758,11,0) -> #N/A | AJ41: =VLOOKUP($A41,'HALF YEARLY'!$1:$1048576,11,0) -> #N/A | AK41: =VLOOKUP($A41,'UT-II'!$1:$1048576,11,0) -> 0 | AL41: =VLOOKUP($A41,ANNUAL!$1:$1048576,11,0) -> 0 | AM41: =VLOOKUP(A41,'UT-I'!$A$1:$EA$1758,12,0) -> #N/A | AN41: =VLOOKUP($A41,'HALF YEARLY'!$1:$1048576,12,0) -> #N/A | AO41: =VLOOKUP($A41,'UT-II'!$1:$1048576,12,0) -> 0 | AP41: =VLOOKUP($A41,ANNUAL!$1:$1048576,12,0) -> 0 | AQ41: =VLOOKUP(A41,'UT-I'!$A$1:$EA$1758,13,0) -> #N/A | AR41: =VLOOKUP($A41,'HALF YEARLY'!$1:$1048576,13,0) -> #N/A | AS41: =VLOOKUP($A41,'UT-II'!$1:$1048576,13,0) -> 0 | AT41: =VLOOKUP($A41,ANNUAL!$1:$1048576,13,0) -> 0 | AU41: =VLOOKUP(A41,'UT-I'!$A$1:$EA$1758,14,0) -> #N/A | AV41: =VLOOKUP($A41,'HALF YEARLY'!$1:$1048576,14,0) -> #N/A | AW41: =VLOOKUP($A41,'UT-II'!$1:$1048576,14,0) -> 0 | AX41: =VLOOKUP($A41,ANNUAL!$1:$1048576,14,0) -> 0 | AY41: =VLOOKUP(A41,'UT-I'!$A$1:$EA$1758,15,0) -> #N/A | AZ41: =VLOOKUP($A41,'HALF YEARLY'!$1:$1048576,15,0) -> #N/A | BA41: =VLOOKUP($A41,'UT-II'!$1:$1048576,15,0) -> 0 | BB41: =VLOOKUP($A41,ANNUAL!$1:$1048576,15,0) -> 0 | BC41: =VLOOKUP(A41,'UT-I'!$A$1:$EA$1758,16,0) -> #N/A | BD41: =VLOOKUP($A41,'HALF YEARLY'!$1:$1048576,16,0) -> #N/A | BE41: =VLOOKUP($A41,'UT-II'!$1:$1048576,16,0) -> 0 | BF41: =VLOOKUP($A41,ANNUAL!$1:$1048576,16,0) -> 0 | BG41: =VLOOKUP(A41,'UT-I'!$A$1:$EA$1758,17,0) -> #N/A | BH41: =VLOOKUP($A41,'HALF YEARLY'!$1:$1048576,17,0) -> #N/A | BI41: =VLOOKUP($A41,'UT-II'!$1:$1048576,17,0) -> 0 | BJ41: =VLOOKUP($A41,ANNUAL!$1:$1048576,17,0) -> 0 | BK41: =VLOOKUP($A41,ANNUAL!$1:$1048576,18,0) -> 0 | BL41: =VLOOKUP($A41,ANNUAL!$1:$1048576,19,0) -> 0 | BM41: =VLOOKUP($A41,ANNUAL!$1:$1048576,20,0) -> 0
A42: =DETAILS!A21 -> 0 | B42: =DETAILS!B21 -> 0 | C42: =VLOOKUP(A42,'UT-I'!$A$1:$EA$1758,3,0) -> #N/A | D42: =VLOOKUP($A42,'HALF YEARLY'!$1:$1048576,3,0) -> #N/A | E42: =VLOOKUP($A42,'UT-II'!$1:$1048576,3,0) -> 0 | F42: =VLOOKUP($A42,ANNUAL!$1:$1048576,3,0) -> 0 | G42: =VLOOKUP(A42,'UT-I'!$A$1:$EA$1758,4,0) -> #N/A | H42: =VLOOKUP($A42,'HALF YEARLY'!$1:$1048576,4,0) -> #N/A | I42: =VLOOKUP($A42,'UT-II'!$1:$1048576,4,0) -> 0 | J42: =VLOOKUP($A42,ANNUAL!$1:$1048576,4,0) -> 0 | K42: =VLOOKUP(A42,'UT-I'!$A$1:$EA$1758,5,0) -> #N/A | L42: =VLOOKUP($A42,'HALF YEARLY'!$1:$1048576,5,0) -> #N/A | M42: =VLOOKUP($A42,'UT-II'!$1:$1048576,5,0) -> 0 | N42: =VLOOKUP($A42,ANNUAL!$1:$1048576,5,0) -> 0 | O42: =VLOOKUP(A42,'UT-I'!$A$1:$EA$1758,6,0) -> #N/A | P42: =VLOOKUP($A42,'HALF YEARLY'!$1:$1048576,6,0) -> #N/A | Q42: =VLOOKUP($A42,'UT-II'!$1:$1048576,6,0) -> 0 | R42: =VLOOKUP($A42,ANNUAL!$1:$1048576,6,0) -> 0 | S42: =VLOOKUP(A42,'UT-I'!$A$1:$EA$1758,7,0) -> #N/A | T42: =VLOOKUP($A42,'HALF YEARLY'!$1:$1048576,7,0) -> #N/A | U42: =VLOOKUP($A42,'UT-II'!$1:$1048576,7,0) -> 0 | V42: =VLOOKUP($A42,ANNUAL!$1:$1048576,7,0) -> 0 | W42: =VLOOKUP(A42,'UT-I'!$A$1:$EA$1758,8,0) -> #N/A | X42: =VLOOKUP($A42,'HALF YEARLY'!$1:$1048576,8,0) -> #N/A | Y42: =VLOOKUP($A42,'UT-II'!$1:$1048576,8,0) -> 0 | Z42: =VLOOKUP($A42,ANNUAL!$1:$1048576,8,0) -> 0 | AA42: =VLOOKUP(A42,'UT-I'!$A$1:$EA$1758,9,0) -> #N/A | AB42: =VLOOKUP($A42,'HALF YEARLY'!$1:$1048576,9,0) -> #N/A | AC42: =VLOOKUP($A42,'UT-II'!$1:$1048576,9,0) -> 0 | AD42: =VLOOKUP($A42,ANNUAL!$1:$1048576,9,0) -> 0 | AE42: =VLOOKUP(A42,'UT-I'!$A$1:$EA$1758,10,0) -> #N/A | AF42: =VLOOKUP($A42,'HALF YEARLY'!$1:$1048576,10,0) -> #N/A | AG42: =VLOOKUP($A42,'UT-II'!$1:$1048576,10,0) -> 0 | AH42: =VLOOKUP($A42,ANNUAL!$1:$1048576,10,0) -> 0 | AI42: =VLOOKUP(A42,'UT-I'!$A$1:$EA$1758,11,0) -> #N/A | AJ42: =VLOOKUP($A42,'HALF YEARLY'!$1:$1048576,11,0) -> #N/A | AK42: =VLOOKUP($A42,'UT-II'!$1:$1048576,11,0) -> 0 | AL42: =VLOOKUP($A42,ANNUAL!$1:$1048576,11,0) -> 0 | AM42: =VLOOKUP(A42,'UT-I'!$A$1:$EA$1758,12,0) -> #N/A | AN42: =VLOOKUP($A42,'HALF YEARLY'!$1:$1048576,12,0) -> #N/A | AO42: =VLOOKUP($A42,'UT-II'!$1:$1048576,12,0) -> 0 | AP42: =VLOOKUP($A42,ANNUAL!$1:$1048576,12,0) -> 0 | AQ42: =VLOOKUP(A42,'UT-I'!$A$1:$EA$1758,13,0) -> #N/A | AR42: =VLOOKUP($A42,'HALF YEARLY'!$1:$1048576,13,0) -> #N/A | AS42: =VLOOKUP($A42,'UT-II'!$1:$1048576,13,0) -> 0 | AT42: =VLOOKUP($A42,ANNUAL!$1:$1048576,13,0) -> 0 | AU42: =VLOOKUP(A42,'UT-I'!$A$1:$EA$1758,14,0) -> #N/A | AV42: =VLOOKUP($A42,'HALF YEARLY'!$1:$1048576,14,0) -> #N/A | AW42: =VLOOKUP($A42,'UT-II'!$1:$1048576,14,0) -> 0 | AX42: =VLOOKUP($A42,ANNUAL!$1:$1048576,14,0) -> 0 | AY42: =VLOOKUP(A42,'UT-I'!$A$1:$EA$1758,15,0) -> #N/A | AZ42: =VLOOKUP($A42,'HALF YEARLY'!$1:$1048576,15,0) -> #N/A | BA42: =VLOOKUP($A42,'UT-II'!$1:$1048576,15,0) -> 0 | BB42: =VLOOKUP($A42,ANNUAL!$1:$1048576,15,0) -> 0 | BC42: =VLOOKUP(A42,'UT-I'!$A$1:$EA$1758,16,0) -> #N/A | BD42: =VLOOKUP($A42,'HALF YEARLY'!$1:$1048576,16,0) -> #N/A | BE42: =VLOOKUP($A42,'UT-II'!$1:$1048576,16,0) -> 0 | BF42: =VLOOKUP($A42,ANNUAL!$1:$1048576,16,0) -> 0 | BG42: =VLOOKUP(A42,'UT-I'!$A$1:$EA$1758,17,0) -> #N/A | BH42: =VLOOKUP($A42,'HALF YEARLY'!$1:$1048576,17,0) -> #N/A | BI42: =VLOOKUP($A42,'UT-II'!$1:$1048576,17,0) -> 0 | BJ42: =VLOOKUP($A42,ANNUAL!$1:$1048576,17,0) -> 0 | BK42: =VLOOKUP($A42,ANNUAL!$1:$1048576,18,0) -> 0 | BL42: =VLOOKUP($A42,ANNUAL!$1:$1048576,19,0) -> 0 | BM42: =VLOOKUP($A42,ANNUAL!$1:$1048576,20,0) -> 0

Sheet REORT CARD
B1: SAINIK PUBLIC SCHOOL
B3: (Affiliated to C.B.S.E. New Delhi- Reg. No. : 2131299)
B4: Building NO. VB1893, Vikas Bhawan Ward,
B5: Nagar Palika Parishad, Nawabganj, Barabanki
B6: ANNUAL REPORT CARD
B7: SESSION 2024-25
B8: STUDENT PROFILE
B9: Student's Name | C9: =": "&VLOOKUP($H$9,DETAILS!$1:$1048576,2,0) -> #N/A | F9: Admission No. : | H9: 1697
B10: Mother's Name | C10: =": "&VLOOKUP($H$9,DETAILS!$1:$1048576,3,0) -> #N/A | F10: Class & Sec. : | H10: =VLOOKUP($H$9,DETAILS!1:1048576,6,0) -> #N/A
B11: Father's Name | C11: =": "&VLOOKUP($H$9,DETAILS!$1:$1048576,4,0) -> #N/A | F11: Date of Birth : | H11: =VLOOKUP($H$9,DETAILS!1:1048576,5,0) -> #N/A
B13: ACADEMIC ASSESSMENT
B14: SUBJECT | C14: Unit Test-1 (50) | D14: Half Yearly (50) | E14: TOTAL (100) | F14: Unit Test-2 (50) | G14: Annual (50) | H14: TOTAL (100) | I14: GRAND TOTAL (200)
B15: ENGLISH WRITTEN | C15: =VLOOKUP($H$9,'COMIPLE RESULT'!$1:$1048576,3,0) -> #N/A | D15: =VLOOKUP($H$9,'COMIPLE RESULT'!$1:$1048576,4,0) -> #N/A | E15: =SUM(C15:D15) -> #N/A | F15: =VLOOKUP($H$9,'COMIPLE RESULT'!$1:$1048576,5,0) -> #N/A | G15: =VLOOKUP($H$9,'COMIPLE RESULT'!$1:$1048576,6,0) -> #N/A | H15: =SUM(F15:G15) -> #N/A | I15: =SUM(E15,H15) -> #N/A
B16: ENGLISH ORAL | C16: =VLOOKUP($H$9,'COMIPLE RESULT'!$1:$1048576,7,0) -> #N/A | D16: =VLOOKUP($H$9,'COMIPLE RESULT'!$1:$1048576,8,0) -> #N/A | E16: =SUM(C16:D16) -> #N/A | F16: =VLOOKUP($H$9,'COMIPLE RESULT'!$1:$1048576,9,0) -> #N/A | G16: =VLOOKUP($H$9,'COMIPLE RESULT'!$1:$1048576,10,0) -> #N/A | H16: =SUM(F16:G16) -> #N/A | I16: =SUM(E16,H16) -> #N/A
B17: ENGLISH DICTATION | C17: =VLOOKUP($H$9,'COMIPLE RESULT'!$1:$1048576,11,0) -> #N/A | D17: =VLOOKUP($H$9,'COMIPLE RESULT'!$1:$1048576,12,0) -> #N/A | E17: =SUM(C17:D17) -> #N/A | F17: =VLOOKUP($H$9,'COMIPLE RESULT'!$1:$1048576,13,0) -> #N/A | G17: =VLOOKUP($H$9,'COMIPLE RESULT'!$1:$1048576,14,0) -> #N/A | H17: =SUM(F17:G17) -> #N/A | I17: =SUM(E17,H17) -> #N/A
B18: HINDI WRITTEN | C18: =VLOOKUP($H$9,'COMIPLE RESULT'!$1:$1048576,15,0) -> #N/A | D18: =VLOOKUP($H$9,'COMIPLE RESULT'!$1:$1048576,16,0) -> #N/A | E18: =SUM(C18:D18) -> #N/A | F18: =VLOOKUP($H$9,'COMIPLE RESULT'!$1:$1048576,17,0) -> #N/A | G18: =VLOOKUP($H$9,'COMIPLE RESULT'!$1:$1048576,18,0) -> #N/A | H18: =SUM(F18:G18) -> #N/A | I18: =SUM(E18,H18) -> #N/A
B19: HINDI ORAL | C19: =VLOOKUP($H$9,'COMIPLE RESULT'!$1:$1048576,19,0) -> #N/A | D19: =VLOOKUP($H$9,'COMIPLE RESULT'!$1:$1048576,20,0) -> #N/A | E19: =SUM(C19:D19) -> #N/A | F19: =VLOOKUP($H$9,'COMIPLE RESULT'!$1:$1048576,21,0) -> #N/A | G19: =VLOOKUP($H$9,'COMIPLE RESULT'!$1:$1048576,22,0) -> #N/A | H19: =SUM(F19:G19) -> #N/A | I19: =SUM(E19,H19) -> #N/A
B20: HINDI DICTATION | C20: =VLOOKUP($H$9,'COMIPLE RESULT'!$1:$1048576,23,0) -> #N/A | D20: =VLOOKUP($H$9,'COMIPLE RESULT'!$1:$1048576,24,0) -> #N/A | E20: =SUM(C20:D20) -> #N/A | F20: =VLOOKUP($H$9,'COMIPLE RESULT'!$1:$1048576,25,0) -> #N/A | G20: =VLOOKUP($H$9,'COMIPLE RESULT'!$1:$1048576,26,0) -> #N/A | H20: =SUM(F20:G20) -> #N/A | I20: =SUM(E20,H20) -> #N/A
B21: MATHS WRITTEN | C21: =VLOOKUP($H$9,'COMIPLE RESULT'!$1:$1048576,27,0) -> #N/A | D21: =VLOOKUP($H$9,'COMIPLE RESULT'!$1:$1048576,28,0) -> #N/A | E21: =SUM(C21:D21) -> #N/A | F21: =VLOOKUP($H$9,'COMIPLE RESULT'!$1:$1048576,29,0) -> #N/A | G21: =VLOOKUP($H$9,'COMIPLE RESULT'!$1:$1048576,30,0) -> #N/A | H21: =SUM(F21:G21) -> #N/A | I21: =SUM(E21,H21) -> #N/A
B22: MATHS ORAL | C22: =VLOOKUP($H$9,'COMIPLE RESULT'!$1:$1048576,31,0) -> #N/A | D22: =VLOOKUP($H$9,'COMIPLE RESULT'!$1:$1048576,32,0) -> #N/A | E22: =SUM(C22:D22) -> #N/A | F22: =VLOOKUP($H$9,'COMIPLE RESULT'!$1:$1048576,33,0) -> #N/A | G22: =VLOOKUP($H$9,'COMIPLE RESULT'!$1:$1048576,34,0) -> #N/A | H22: =SUM(F22:G22) -> #N/A | I22: =SUM(E22,H22) -> #N/A
B23: EVS | C23: =VLOOKUP($H$9,'COMIPLE RESULT'!$1:$1048576,35,0) -> #N/A | D23: =VLOOKUP($H$9,'COMIPLE RESULT'!$1:$1048576,36,0) -> #N/A | E23: =SUM(C23:D23) -> #N/A | F23: =VLOOKUP($H$9,'COMIPLE RESULT'!$1:$1048576,37,0) -> #N/A | G23: =VLOOKUP($H$9,'COMIPLE RESULT'!$1:$1048576,38,0) -> #N/A | H23: =SUM(F23:G23) -> #N/A | I23: =SUM(E23,H23) -> #N/A
B24: CONVERSATION | C24: =VLOOKUP($H$9,'COMIPLE RESULT'!$1:$1048576,39,0) -> #N/A | D24: =VLOOKUP($H$9,'COMIPLE RESULT'!$1:$1048576,40,0) -> #N/A | E24: =SUM(C24:D24) -> #N/A | F24: =VLOOKUP($H$9,'COMIPLE RESULT'!$1:$1048576,41,0) -> #N/A | G24: =VLOOKUP($H$9,'COMIPLE RESULT'!$1:$1048576,42,0) -> #N/A | H24: =SUM(F24:G24) -> #N/A | I24: =SUM(E24,H24) -> #N/A
B25: GK | C25: =VLOOKUP($H$9,'COMIPLE RESULT'!$1:$1048576,43,0) -> #N/A | D25: =VLOOKUP($H$9,'COMIPLE RESULT'!$1:$1048576,44,0) -> #N/A | E25: =D25 -> #N/A | F25: =VLOOKUP($H$9,'COMIPLE RESULT'!$1:$1048576,45,0) -> #N/A | G25: =VLOOKUP($H$9,'COMIPLE RESULT'!$1:$1048576,46,0) -> #N/A | H25: =G25 -> #N/A | I25: =H25 -> #N/A
B26: DRAWING | C26: =VLOOKUP($H$9,'COMIPLE RESULT'!$1:$1048576,47,0) -> #N/A | D26: =VLOOKUP($H$9,'COMIPLE RESULT'!$1:$1048576,48,0) -> #N/A | E26: =D26 -> #N/A | F26: =VLOOKUP($H$9,'COMIPLE RESULT'!$1:$1048576,49,0) -> #N/A | G26: =VLOOKUP($H$9,'COMIPLE RESULT'!$1:$1048576,50,0) -> #N/A | H26: =G26 -> #N/A | I26: =H26 -> #N/A
B27: RHYMES | C27: =VLOOKUP($H$9,'COMIPLE RESULT'!$1:$1048576,51,0) -> #N/A | D27: =VLOOKUP($H$9,'COMIPLE RESULT'!$1:$1048576,52,0) -> #N/A | E27: =D27 -> #N/A | F27: =VLOOKUP($H$9,'COMIPLE RESULT'!$1:$1048576,53,0) -> #N/A | G27: =VLOOKUP($H$9,'COMIPLE RESULT'!$1:$1048576,54,0) -> #N/A | H27: =G27 -> #N/A | I27: =H27 -> #N/A
B28: P.T. & GAMES | C28: =VLOOKUP($H$9,'COMIPLE RESULT'!$1:$1048576,55,0) -> #N/A | D28: =VLOOKUP($H$9,'COMIPLE RESULT'!$1:$1048576,56,0) -> #N/A | E28: =D28 -> #N/A | F28: =VLOOKUP($H$9,'COMIPLE RESULT'!$1:$1048576,57,0) -> #N/A | G28: =VLOOKUP($H$9,'COMIPLE RESULT'!$1:$1048576,58,0) -> #N/A | H28: =G28 -> #N/A | I28: =H28 -> #N/A
B29: MORAL VALUES | C29: =VLOOKUP($H$9,'COMIPLE RESULT'!$1:$1048576,59,0) -> #N/A | D29: =VLOOKUP($H$9,'COMIPLE RESULT'!$1:$1048576,60,0) -> #N/A | E29: =D29 -> #N/A | F29: =VLOOKUP($H$9,'COMIPLE RESULT'!$1:$1048576,61,0) -> #N/A | G29: =VLOOKUP($H$9,'COMIPLE RESULT'!$1:$1048576,62,0) -> #N/A | H29: =G29 -> #N/A | I29: =H29 -> #N/A
B31: Attendance | C31: =VLOOKUP($H$9,'COMIPLE RESULT'!$1:$1048576,63,0) -> #N/A | D31: =VLOOKUP($H$9,'COMIPLE RESULT'!$1:$1048576,64,0) -> #N/A | F31: PERCENTAGE | H31: =ROUND(SUM(I15:I24)/20,2)&" %" -> #N/A
C32: =VLOOKUP($H$9,'COMIPLE RESULT'!$1:$1048576,62,0) -> #N/A | D32: =VLOOKUP($H$9,'COMIPLE RESULT'!$1:$1048576,62,0) -> #N/A | F32: GRAND TOTAL | H32: =SUM(I15:I29)&"/2000" -> #N/A
B39: ="Class Teacher's Remark: "&VLOOKUP($H$9,'COMIPLE RESULT'!$1:$1048576,65,0) -> #N/A
B41: Issue Date: 28.03.2025
B44: Class Teacher's Signature | G44: Principal's Signature
