Workbook

Sheet DETAILS
A1: STUDENT'S DETAIL
A2: SR NO | B2: NAME | C2: MOTHER'S NAME | D2: FATHER'S NAME | E2: DOB | F2: CLASS & SEC | G2: Elective1 | H2: Elective1 Code
A3: 688 | B3: AMINUDDIN | C3: RAFIYA BANO | D3: ANSAR AHMAD | E3: 13.09.2008 | F3: XI-COM | G3: HINDI CORE | H3: 302 | K3: 83
A4: 1011 | B4: ARPIT VERMA | C4: SUNITA VERMA | D4: MANISH KUMAR VERMA | E4: 12.12.2008 | F4: XI-COM | H4: 83
A5: 692 | B5: ATUL VERMA | C5: SUSHEELA DEVI | D5: RAVI SHANKAR | E5: 31.10.2010 | F5: XI-COM | H5: 83
A6: 1931 | B6: GAURAV GAUTAM | C6: SUSHMA GAUTAM | D6: SUNIL KUMAR | E6: 09.05.2011 | F6: XI-COM | H6: 241
A7: 1509 | B7: HIMANSHU | C7: ANITA | D7: ANIL KUMAR | E7: 06.03.2008 | F7: XI-COM | H7: 83
A8: 694 | B8: JYOTIRADITYA DAS | C8: NEELAM DAS | D8: AJAY BAX DAS | E8: 31.08.2009 | F8: XI-COM | H8: 83
A9: 1873 | B9: MASIRA AKHTAR | C9: BABY TABASSUM | D9: SHAMSUL ARFEEN | E9: 12.04.2009 | F9: XI-COM | H9: 83
A10: 1491 | B10: SIDDHARTH | C10: PUSHPA GAUTAM | D10: JAGDISH KUMAR | E10: 19.09.2007 | F10: XI-COM | H10: 83
A11: 701 | B11: YASH SONI | C11: ARTI SONI | D11: ASHEESH KUMAR | E11: 15.08.2010 | F11: XI-COM | H11: 83

Sheet UT-I(Entry)
A1: UNIT TEST-I (2025-26) CLASS - XI-Comm
A2: SR. NO. | B2: NAME | C2: ENGLISH | D2: HINDI/CS/App. Maths | E2: ACCOUNTACNY | F2: BUSINESS STUDIES | G2: ECONOMICS | H2: PHYSICAL EDUCATION | I2: Attendance
I3: Present | J3: Working Day
A4: =DETAILS!A3 -> 688 | B4: =DETAILS!B3 -> AMINUDDIN | C4: AB | D4: AB | E4: AB | F4: AB | G4: AB | H4: AB | I4: 47 | J4: 71
A5: =DETAILS!A4 -> 1011 | B5: =DETAILS!B4 -> ARPIT VERMA | C5: 12 | D5: 12 | E5: 13 | F5: 9 | G5: 2 | H5: 10 | I5: 32 | J5: 71
A6: =DETAILS!A5 -> 692 | B6: =DETAILS!B5 -> ATUL VERMA | C6: 26 | D6: 36 | E6: 33 | F6: 38 | G6: 24 | H6: 33 | I6: 65 | J6: 71
A7: =DETAILS!A6 -> 1931 | B7: =DETAILS!B6 -> GAURAV GAUTAM | C7: 30 | D7: 40 | E7: 33 | F7: 39 | G7: 25 | H7: 29 | I7: 15 | J7: 18
A8: =DETAILS!A7 -> 1509 | B8: =DETAILS!B7 -> HIMANSHU | C8: 26 | D8: 24 | E8: 26 | F8: 32 | G8: 16 | H8: 23 | I8: 43 | J8: 71
A9: =DETAILS!A8 -> 694 | B9: =DETAILS!B8 -> JYOTIRADITYA DAS | C9: 17 | D9: 18 | E9: 25 | F9: 26 | G9: 10 | H9: 19 | I9: 33 | J9: 71
A10: =DETAILS!A9 -> 1873 | B10: =DETAILS!B9 -> MASIRA AKHTAR | C10: 26 | D10: 32 | E10: 31 | F10: 34 | G10: 28 | H10: 29 | I10: 42 | J10: 33
A11: =DETAILS!A10 -> 1491 | B11: =DETAILS!B10 -> SIDDHARTH | C11: 21 | D11: 17 | E11: 22 | F11: 31 | G11: 15 | H11: 26 | I11: 39 | J11: 71
A12: =DETAILS!A11 -> 701 | B12: =DETAILS!B11 -> YASH SONI | C12: AB | D12: AB | E12: AB | F12: AB | G12: AB | H12: AB | I12: 21 | J12: 71

Sheet UT-I 
A1: UNIT TEST-I (2025-26) CLASS - XI-Comm.
A2: SR. NO. | B2: NAME | C2: ENGLISH | D2: HINDI/CS | E2: ACCOUNTACNY | F2: BUSINESS STUDIES | G2: ECONOMICS | H2: PHYSICAL EDUCATION | I2: TOTAL | J2: PERCENTAGE | K2: Attendance | M2: RANK IN CLASS | N2: PARENT'S SIGNATURE
K3: Present | L3: Working Day
A4: =DETAILS!A3 -> 688 | B4: =DETAILS!B3 -> AMINUDDIN | C4: =IFERROR(ROUND((VLOOKUP(A4,'UT-I(Entry)'!$1:$1048576,3,0))/2,0),VLOOKUP(A4,'UT-I(Entry)'!$1:$1048576,3,0)) -> AB | D4: =IF(VLOOKUP($A4,DETAILS!$1:$1048576,8,0)=DETAILS!$K$3,IFERROR(ROUND((VLOOKUP($A4,'UT-I(Entry)'!$1:$1048576,4,0))/2.5,0),VLOOKUP($A4,'UT-I(Entry)'!$1:$1048576,4,0)),IFERROR(ROUND((VLOOKUP($A4,'UT-I(Entry)'!$1:$1048576,4,0))/2,0),VLOOKUP($A4,'UT-I(Entry)'!$1:$1048576,4,0))) -> AB | E4: =IFERROR(ROUND((VLOOKUP(A4,'UT-I(Entry)'!$1:$1048576,5,0))/2,0),VLOOKUP(A4,'UT-I(Entry)'!$1:$1048576,5,0)) -> AB | F4: =IFERROR(ROUND((VLOOKUP(A4,'UT-I(Entry)'!$1:$1048576,6,0))/2,0),VLOOKUP(A4,'UT-I(Entry)'!$1:$1048576,6,0)) -> AB | G4: =IFERROR(ROUND((VLOOKUP($A4,'UT-I(Entry)'!$1:$1048576,7,0))/2,0),VLOOKUP($A4,'UT-I(Entry)'!$1:$1048576,7,0)) -> AB | H4: =IFERROR(ROUND((VLOOKUP($A4,'UT-I(Entry)'!$1:$1048576,8,0))/1.75,0),VLOOKUP($A4,'UT-I(Entry)'!$1:$1048576,8,0)) -> AB | I4: =SUM(C4:H4) -> 0 | J4: =ROUND(I4/1.2,2)&" %" -> 0 % | K4: =VLOOKUP(A4,'UT-I(Entry)'!$1:$1048576,9,0) -> 47 | L4: =VLOOKUP(A4,'UT-I(Entry)'!$1:$1048576,10,0) -> 71
A5: =DETAILS!A4 -> 1011 | B5: =DETAILS!B4 -> ARPIT VERMA | C5: =IFERROR(ROUND((VLOOKUP(A5,'UT-I(Entry)'!$1:$1048576,3,0))/2,0),VLOOKUP(A5,'UT-I(Entry)'!$1:$1048576,3,0)) -> 6 | D5: =IF(VLOOKUP($A5,DETAILS!$1:$1048576,8,0)=DETAILS!$K$3,IFERROR(ROUND((VLOOKUP($A5,'UT-I(Entry)'!$1:$1048576,4,0))/2.5,0),VLOOKUP($A5,'UT-I(Entry)'!$1:$1048576,4,0)),IFERROR(ROUND((VLOOKUP($A5,'UT-I(Entry)'!$1:$1048576,4,0))/2,0),VLOOKUP($A5,'UT-I(Entry)'!$1:$1048576,4,0))) -> 5 | E5: =IFERROR(ROUND((VLOOKUP(A5,'UT-I(Entry)'!$1:$1048576,5,0))/2,0),VLOOKUP(A5,'UT-I(Entry)'!$1:$1048576,5,0)) -> 7 | F5: =IFERROR(ROUND((VLOOKUP(A5,'UT-I(Entry)'!$1:$1048576,6,0))/2,0),VLOOKUP(A5,'UT-I(Entry)'!$1:$1048576,6,0)) -> 5 | G5: =IFERROR(ROUND((VLOOKUP($A5,'UT-I(Entry)'!$1:$1048576,7,0))/2,0),VLOOKUP($A5,'UT-I(Entry)'!$1:$1048576,7,0)) -> 1 | H5: =IFERROR(ROUND((VLOOKUP($A5,'UT-I(Entry)'!$1:$1048576,8,0))/1.75,0),VLOOKUP($A5,'UT-I(Entry)'!$1:$1048576,8,0)) -> 6 | I5: =SUM(C5:H5) -> 30 | J5: =ROUND(I5/1.2,2)&" %" -> 25 % | K5: =VLOOKUP(A5,'UT-I(Entry)'!$1:$1048576,9,0) -> 32 | L5: =VLOOKUP(A5,'UT-I(Entry)'!$1:$1048576,10,0) -> 71
A6: =DETAILS!A5 -> 692 | B6: =DETAILS!B5 -> ATUL VERMA | C6: =IFERROR(ROUND((VLOOKUP(A6,'UT-I(Entry)'!$1:$1048576,3,0))/2,0),VLOOKUP(A6,'UT-I(Entry)'!$1:$1048576,3,0)) -> 13 | D6: =IF(VLOOKUP($A6,DETAILS!$1:$1048576,8,0)=DETAILS!$K$3,IFERROR(ROUND((VLOOKUP($A6,'UT-I(Entry)'!$1:$1048576,4,0))/2.5,0),VLOOKUP($A6,'UT-I(Entry)'!$1:$1048576,4,0)),IFERROR(ROUND((VLOOKUP($A6,'UT-I(Entry)'!$1:$1048576,4,0))/2,0),VLOOKUP($A6,'UT-I(Entry)'!$1:$1048576,4,0))) -> 14 | E6: =IFERROR(ROUND((VLOOKUP(A6,'UT-I(Entry)'!$1:$1048576,5,0))/2,0),VLOOKUP(A6,'UT-I(Entry)'!$1:$1048576,5,0)) -> 17 | F6: =IFERROR(ROUND((VLOOKUP(A6,'UT-I(Entry)'!$1:$1048576,6,0))/2,0),VLOOKUP(A6,'UT-I(Entry)'!$1:$1048576,6,0)) -> 19 | G6: =IFERROR(ROUND((VLOOKUP($A6,'UT-I(Entry)'!$1:$1048576,7,0))/2,0),VLOOKUP($A6,'UT-I(Entry)'!$1:$1048576,7,0)) -> 12 | H6: =IFERROR(ROUND((VLOOKUP($A6,'UT-I(Entry)'!$1:$1048576,8,0))/1.75,0),VLOOKUP($A6,'UT-I(Entry)'!$1:$1048576,8,0)) -> 19 | I6: =SUM(C6:H6) -> 94 | J6: =ROUND(I6/1.2,2)&" %" -> 78.33 % | K6: =VLOOKUP(A6,'UT-I(Entry)'!$1:$1048576,9,0) -> 65 | L6: =VLOOKUP(A6,'UT-I(Entry)'!$1:$1048576,10,0) -> 71 | M6: II
A7: =DETAILS!A6 -> 1931 | B7: =DETAILS!B6 -> GAURAV GAUTAM | C7: =IFERROR(ROUND((VLOOKUP(A7,'UT-I(Entry)'!$1:$1048576,3,0))/2,0),VLOOKUP(A7,'UT-I(Entry)'!$1:$1048576,3,0)) -> 15 | D7: =IF(VLOOKUP($A7,DETAILS!$1:$1048576,8,0)=DETAILS!$K$3,IFERROR(ROUND((VLOOKUP($A7,'UT-I(Entry)'!$1:$1048576,4,0))/2.5,0),VLOOKUP($A7,'UT-I(Entry)'!$1:$1048576,4,0)),IFERROR(ROUND((VLOOKUP($A7,'UT-I(Entry)'!$1:$1048576,4,0))/2,0),VLOOKUP($A7,'UT-I(Entry)'!$1:$1048576,4,0))) -> 20 | E7: =IFERROR(ROUND((VLOOKUP(A7,'UT-I(Entry)'!$1:$1048576,5,0))/2,0),VLOOKUP(A7,'UT-I(Entry)'!$1:$1048576,5,0)) -> 17 | F7: =IFERROR(ROUND((VLOOKUP(A7,'UT-I(Entry)'!$1:$1048576,6,0))/2,0),VLOOKUP(A7,'UT-I(Entry)'!$1:$1048576,6,0)) -> 20 | G7: =IFERROR(ROUND((VLOOKUP($A7,'UT-I(Entry)'!$1:$1048576,7,0))/2,0),VLOOKUP($A7,'UT-I(Entry)'!$1:$1048576,7,0)) -> 13 | H7: =IFERROR(ROUND((VLOOKUP($A7,'UT-I(Entry)'!$1:$1048576,8,0))/1.75,0),VLOOKUP($A7,'UT-I(Entry)'!$1:$1048576,8,0)) -> 17 | I7: =SUM(C7:H7) -> 102 | J7: =ROUND(I7/1.2,2)&" %" -> 85 % | K7: =VLOOKUP(A7,'UT-I(Entry)'!$1:$1048576,9,0) -> 15 | L7: =VLOOKUP(A7,'UT-I(Entry)'!$1:$1048576,10,0) -> 18 | M7: I
A8: =DETAILS!A7 -> 1509 | B8: =DETAILS!B7 -> HIMANSHU | C8: =IFERROR(ROUND((VLOOKUP(A8,'UT-I(Entry)'!$1:$1048576,3,0))/2,0),VLOOKUP(A8,'UT-I(Entry)'!$1:$1048576,3,0)) -> 13 | D8: =IF(VLOOKUP($A8,DETAILS!$1:$1048576,8,0)=DETAILS!$K$3,IFERROR(ROUND((VLOOKUP($A8,'UT-I(Entry)'!$1:$1048576,4,0))/2.5,0),VLOOKUP($A8,'UT-I(Entry)'!$1:$1048576,4,0)),IFERROR(ROUND((VLOOKUP($A8,'UT-I(Entry)'!$1:$1048576,4,0))/2,0),VLOOKUP($A8,'UT-I(Entry)'!$1:$1048576,4,0))) -> 10 | E8: =IFERROR(ROUND((VLOOKUP(A8,'UT-I(Entry)'!$1:$1048576,5,0))/2,0),VLOOKUP(A8,'UT-I(Entry)'!$1:$1048576,5,0)) -> 13 | F8: =IFERROR(ROUND((VLOOKUP(A8,'UT-I(Entry)'!$1:$1048576,6,0))/2,0),VLOOKUP(A8,'UT-I(Entry)'!$1:$1048576,6,0)) -> 16 | G8: =IFERROR(ROUND((VLOOKUP($A8,'UT-I(Entry)'!$1:$1048576,7,0))/2,0),VLOOKUP($A8,'UT-I(Entry)'!$1:$1048576,7,0)) -> 8 | H8: =IFERROR(ROUND((VLOOKUP($A8,'UT-I(Entry)'!$1:$1048576,8,0))/1.75,0),VLOOKUP($A8,'UT-I(Entry)'!$1:$1048576,8,0)) -> 13 | I8: =SUM(C8:H8) -> 73 | J8: =ROUND(I8/1.2,2)&" %" -> 60.83 % | K8: =VLOOKUP(A8,'UT-I(Entry)'!$1:$1048576,9,0) -> 43 | L8: =VLOOKUP(A8,'UT-I(Entry)'!$1:$1048576,10,0) -> 71
A9: =DETAILS!A8 -> 694 | B9: =DETAILS!B8 -> JYOTIRADITYA DAS | C9: =IFERROR(ROUND((VLOOKUP(A9,'UT-I(Entry)'!$1:$1048576,3,0))/2,0),VLOOKUP(A9,'UT-I(Entry)'!$1:$1048576,3,0)) -> 9 | D9: =IF(VLOOKUP($A9,DETAILS!$1:$1048576,8,0)=DETAILS!$K$3,IFERROR(ROUND((VLOOKUP($A9,'UT-I(Entry)'!$1:$1048576,4,0))/2.5,0),VLOOKUP($A9,'UT-I(Entry)'!$1:$1048576,4,0)),IFERROR(ROUND((VLOOKUP($A9,'UT-I(Entry)'!$1:$1048576,4,0))/2,0),VLOOKUP($A9,'UT-I(Entry)'!$1:$1048576,4,0))) -> 7 | E9: =IFERROR(ROUND((VLOOKUP(A9,'UT-I(Entry)'!$1:$1048576,5,0))/2,0),VLOOKUP(A9,'UT-I(Entry)'!$1:$1048576,5,0)) -> 13 | F9: =IFERROR(ROUND((VLOOKUP(A9,'UT-I(Entry)'!$1:$1048576,6,0))/2,0),VLOOKUP(A9,'UT-I(Entry)'!$1:$1048576,6,0)) -> 13 | G9: =IFERROR(ROUND((VLOOKUP($A9,'UT-I(Entry)'!$1:$1048576,7,0))/2,0),VLOOKUP($A9,'UT-I(Entry)'!$1:$1048576,7,0)) -> 5 | H9: =IFERROR(ROUND((VLOOKUP($A9,'UT-I(Entry)'!$1:$1048576,8,0))/1.75,0),VLOOKUP($A9,'UT-I(Entry)'!$1:$1048576,8,0)) -> 11 | I9: =SUM(C9:H9) -> 58 | J9: =ROUND(I9/1.2,2)&" %" -> 48.33 % | K9: =VLOOKUP(A9,'UT-I(Entry)'!$1:$1048576,9,0) -> 33 | L9: =VLOOKUP(A9,'UT-I(Entry)'!$1:$1048576,10,0) -> 71
A10: =DETAILS!A9 -> 1873 | B10: =DETAILS!B9 -> MASIRA AKHTAR | C10: =IFERROR(ROUND((VLOOKUP(A10,'UT-I(Entry)'!$1:$1048576,3,0))/2,0),VLOOKUP(A10,'UT-I(Entry)'!$1:$1048576,3,0)) -> 13 | D10: =IF(VLOOKUP($A10,DETAILS!$1:$1048576,8,0)=DETAILS!$K$3,IFERROR(ROUND((VLOOKUP($A10,'UT-I(Entry)'!$1:$1048576,4,0))/2.5,0),VLOOKUP($A10,'UT-I(Entry)'!$1:$1048576,4,0)),IFERROR(ROUND((VLOOKUP($A10,'UT-I(Entry)'!$1:$1048576,4,0))/2,0),VLOOKUP($A10,'UT-I(Entry)'!$1:$1048576,4,0))) -> 13 | E10: =IFERROR(ROUND((VLOOKUP(A10,'UT-I(Entry)'!$1:$1048576,5,0))/2,0),VLOOKUP(A10,'UT-I(Entry)'!$1:$1048576,5,0)) -> 16 | F10: =IFERROR(ROUND((VLOOKUP(A10,'UT-I(Entry)'!$1:$1048576,6,0))/2,0),VLOOKUP(A10,'UT-I(Entry)'!$1:$1048576,6,0)) -> 17 | G10: =IFERROR(ROUND((VLOOKUP($A10,'UT-I(Entry)'!$1:$1048576,7,0))/2,0),VLOOKUP($A10,'UT-I(Entry)'!$1:$1048576,7,0)) -> 14 | H10: =IFERROR(ROUND((VLOOKUP($A10,'UT-I(Entry)'!$1:$1048576,8,0))/1.75,0),VLOOKUP($A10,'UT-I(Entry)'!$1:$1048576,8,0)) -> 17 | I10: =SUM(C10:H10) -> 90 | J10: =ROUND(I10/1.2,2)&" %" -> 75 % | K10: =VLOOKUP(A10,'UT-I(Entry)'!$1:$1048576,9,0) -> 42 | L10: =VLOOKUP(A10,'UT-I(Entry)'!$1:$1048576,10,0) -> 33 | M10: III
A11: =DETAILS!A10 -> 1491 | B11: =DETAILS!B10 -> SIDDHARTH | C11: =IFERROR(ROUND((VLOOKUP(A11,'UT-I(Entry)'!$1:$1048576,3,0))/2,0),VLOOKUP(A11,'UT-I(Entry)'!$1:$1048576,3,0)) -> 11 | D11: =IF(VLOOKUP($A11,DETAILS!$1:$1048576,8,0)=DETAILS!$K$3,IFERROR(ROUND((VLOOKUP($A11,'UT-I(Entry)'!$1:$1048576,4,0))/2.5,0),VLOOKUP($A11,'UT-I(Entry)'!$1:$1048576,4,0)),IFERROR(ROUND((VLOOKUP($A11,'UT-I(Entry)'!$1:$1048576,4,0))/2,0),VLOOKUP($A11,'UT-I(Entry)'!$1:$1048576,4,0))) -> 7 | E11: =IFERROR(ROUND((VLOOKUP(A11,'UT-I(Entry)'!$1:$1048576,5,0))/2,0),VLOOKUP(A11,'UT-I(Entry)'!$1:$1048576,5,0)) -> 11 | F11: =IFERROR(ROUND((VLOOKUP(A11,'UT-I(Entry)'!$1:$1048576,6,0))/2,0),VLOOKUP(A11,'UT-I(Entry)'!$1:$1048576,6,0)) -> 16 | G11: =IFERROR(ROUND((VLOOKUP($A11,'UT-I(Entry)'!$1:$1048576,7,0))/2,0),VLOOKUP($A11,'UT-I(Entry)'!$1:$1048576,7,0)) -> 8 | H11: =IFERROR(ROUND((VLOOKUP($A11,'UT-I(Entry)'!$1:$1048576,8,0))/1.75,0),VLOOKUP($A11,'UT-I(Entry)'!$1:$1048576,8,0)) -> 15 | I11: =SUM(C11:H11) -> 68 | J11: =ROUND(I11/1.2,2)&" %" -> 56.67 % | K11: =VLOOKUP(A11,'UT-I(Entry)'!$1:$1048576,9,0) -> 39 | L11: =VLOOKUP(A11,'UT-I(Entry)'!$1:$1048576,10,0) -> 71
A12: =DETAILS!A11 -> 701 | B12: =DETAILS!B11 -> YASH SONI | C12: =IFERROR(ROUND((VLOOKUP(A12,'UT-I(Entry)'!$1:$1048576,3,0))/2,0),VLOOKUP(A12,'UT-I(Entry)'!$1:$1048576,3,0)) -> AB | D12: =IF(VLOOKUP($A12,DETAILS!$1:$1048576,8,0)=DETAILS!$K$3,IFERROR(ROUND((VLOOKUP($A12,'UT-I(Entry)'!$1:$1048576,4,0))/2.5,0),VLOOKUP($A12,'UT-I(Entry)'!$1:$1048576,4,0)),IFERROR(ROUND((VLOOKUP($A12,'UT-I(Entry)'!$1:$1048576,4,0))/2,0),VLOOKUP($A12,'UT-I(Entry)'!$1:$1048576,4,0))) -> AB | E12: =IFERROR(ROUND((VLOOKUP(A12,'UT-I(Entry)'!$1:$1048576,5,0))/2,0),VLOOKUP(A12,'UT-I(Entry)'!$1:$1048576,5,0)) -> AB | F12: =IFERROR(ROUND((VLOOKUP(A12,'UT-I(Entry)'!$1:$1048576,6,0))/2,0),VLOOKUP(A12,'UT-I(Entry)'!$1:$1048576,6,0)) -> AB | G12: =IFERROR(ROUND((VLOOKUP($A12,'UT-I(Entry)'!$1:$1048576,7,0))/2,0),VLOOKUP($A12,'UT-I(Entry)'!$1:$1048576,7,0)) -> AB | H12: =IFERROR(ROUND((VLOOKUP($A12,'UT-I(Entry)'!$1:$1048576,8,0))/1.75,0),VLOOKUP($A12,'UT-I(Entry)'!$1:$1048576,8,0)) -> AB | I12: =SUM(C12:H12) -> 0 | J12: =ROUND(I12/1.2,2)&" %" -> 0 % | K12: =VLOOKUP(A12,'UT-I(Entry)'!$1:$1048576,9,0) -> 21 | L12: =VLOOKUP(A12,'UT-I(Entry)'!$1:$1048576,10,0) -> 71

Sheet Grade(40)
A2: 40 | B2: A
A3: 39 | B3: A
A4: 38 | B4: A
A5: 37 | B5: A
A6: 36 | B6: A
A7: 35 | B7: A
A8: 34 | B8: A
A9: 33 | B9: A
A10: 32 | B10: B
A11: 31 | B11: B
A12: 30 | B12: B
A13: 29 | B13: B
... A42: 0 | B42: E

Sheet HALF YEARLY(Entry)
A1: HALF YEARLY EXAMINATION (2025-26) CLASS - XI-Comm
A2: SR. NO. | B2: NAME | C2: ENGLISH | D2: HINDI/CS | E2: ACCOUNTACNY | F2: BUSINESS STUDIES | G2: ECONOMICS | H2: PHYSICAL EDUCATION | I2: WORK EDUCATION | J2: ART EDUCATION | K2: HEALTH & PHYSICAL EDUCATION | L2: DISCIPLINE | M2: Total Present | N2: Total Working | O2: Class Teacher's Remark | P2: TOTAL | Q2: Percentage
A3: =DETAILS!A3 -> 688 | B3: =DETAILS!B3 -> AMINUDDIN | P3: =SUM(C3:H3) -> 0 | Q3: =ROUND(P3/6,2)&" %" -> 0 %
A4: =DETAILS!A4 -> 1011 | B4: =DETAILS!B4 -> ARPIT VERMA | P4: =SUM(C4:H4) -> 0 | Q4: =ROUND(P4/6,2)&" %" -> 0 %
A5: =DETAILS!A5 -> 692 | B5: =DETAILS!B5 -> ATUL VERMA | P5: =SUM(C5:H5) -> 0 | Q5: =ROUND(P5/6,2)&" %" -> 0 %
A6: =DETAILS!A6 -> 1931 | B6: =DETAILS!B6 -> GAURAV GAUTAM | P6: =SUM(C6:H6) -> 0 | Q6: =ROUND(P6/6,2)&" %" -> 0 %
A7: =DETAILS!A7 -> 1509 | B7: =DETAILS!B7 -> HIMANSHU | P7: =SUM(C7:H7) -> 0 | Q7: =ROUND(P7/6,2)&" %" -> 0 %
A8: =DETAILS!A8 -> 694 | B8: =DETAILS!B8 -> JYOTIRADITYA DAS | P8: =SUM(C8:H8) -> 0 | Q8: =ROUND(P8/6,2)&" %" -> 0 %
A9: =DETAILS!A9 -> 1873 | B9: =DETAILS!B9 -> MASIRA AKHTAR | P9: =SUM(C9:H9) -> 0 | Q9: =ROUND(P9/6,2)&" %" -> 0 %
A10: =DETAILS!A10 -> 1491 | B10: =DETAILS!B10 -> SIDDHARTH | P10: =SUM(C10:H10) -> 0 | Q10: =ROUND(P10/6,2)&" %" -> 0 %
A11: =DETAILS!A11 -> 701 | B11: =DETAILS!B11 -> YASH SONI | P11: =SUM(C11:H11) -> 0 | Q11: =ROUND(P11/6,2)&" %" -> 0 %
A12: =DETAILS!#REF! -> #REF! | B12: =DETAILS!#REF! -> #REF! | P12: =SUM(C12:H12) -> 0 | Q12: =ROUND(P12/6,2)&" %" -> 0 %
A13: =DETAILS!#REF! -> #REF! | B13: =DETAILS!#REF! -> #REF! | P13: =SUM(C13:H13) -> 0 | Q13: =ROUND(P13/6,2)&" %" -> 0 %
A14: =DETAILS!#REF! -> #REF! | B14: =DETAILS!#REF! -> #REF! | P14: =SUM(C14:H14) -> 0 | Q14: =ROUND(P14/6,2)&" %" -> 0 %
A15: =DETAILS!#REF! -> #REF! | B15: =DETAILS!#REF! -> #REF! | P15: =SUM(C15:H15) -> 0 | Q15: =ROUND(P15/6,2)&" %" -> 0 %
A16: =DETAILS!#REF! -> #REF! | B16: =DETAILS!#REF! -> #REF! | P16: =SUM(C16:H16) -> 0 | Q16: =ROUND(P16/6,2)&" %" -> 0 %
A17: =DETAILS!#REF! -> #REF! | B17: =DETAILS!#REF! -> #REF! | P17: =SUM(C17:H17) -> 0 | Q17: =ROUND(P17/6,2)&" %" -> 0 %
A18: =DETAILS!#REF! -> #REF! | B18: =DETAILS!#REF! -> #REF! | P18: =SUM(C18:H18) -> 0 | Q18: =ROUND(P18/6,2)&" %" -> 0 %
A19: =DETAILS!#REF! -> #REF! | B19: =DETAILS!#REF! -> #REF! | P19: =SUM(C19:H19) -> 0 | Q19: =ROUND(P19/6,2)&" %" -> 0 %
A20: =DETAILS!#REF! -> #REF! | B20: =DETAILS!#REF! -> #REF! | P20: =SUM(C20:H20) -> 0 | Q20: =ROUND(P20/6,2)&" %" -> 0 %
A21: =DETAILS!#REF! -> #REF! | B21: =DETAILS!#REF! -> #REF! | P21: =SUM(C21:H21) -> 0 | Q21: =ROUND(P21/6,2)&" %" -> 0 %
A22: =DETAILS!#REF! -> #REF! | B22: =DETAILS!#REF! -> #REF! | P22: =SUM(C22:H22) -> 0 | Q22: =ROUND(P22/6,2)&" %" -> 0 %
A23: =DETAILS!#REF! -> #REF! | B23: =DETAILS!#REF! -> #REF! | P23: =SUM(C23:H23) -> 0 | Q23: =ROUND(P23/6,2)&" %" -> 0 %
... A41: =DETAILS!#REF! -> #REF! | B41: =DETAILS!#REF! -> #REF! | P41: =SUM(C41:H41) -> 0 | Q41: =ROUND(P41/6,2)&" %" -> 0 %

Sheet HALF YEARLY
A1: HALF YEARLY EXAMINATION (2025-26) CLASS - XI-Comm
A2: SR. NO. | B2: NAME | C2: ENGLISH | D2: HINDI/CS | E2: ACCOUNTACNY | F2: BUSINESS STUDIES | G2: ECONOMICS | H2: PHYSICAL EDUCATION | I2: WORK EDUCATION | J2: ART EDUCATION | K2: HEALTH & PHYSICAL EDUCATION | L2: DISCIPLINE | M2: Total Present | N2: Total Working | O2: Class Teacher's Remark | P2: TOTAL | Q2: Percentage
A3: =DETAILS!A3 -> 688 | B3: =DETAILS!B3 -> AMINUDDIN | C3: =VLOOKUP($A3,'HALF YEARLY(Entry)'!$1:$1048576,3,0) -> 0 | D3: =VLOOKUP($A3,'HALF YEARLY(Entry)'!$1:$1048576,4,0) -> 0 | E3: =VLOOKUP($A3,'HALF YEARLY(Entry)'!$1:$1048576,5,0) -> 0 | F3: =VLOOKUP($A3,'HALF YEARLY(Entry)'!$1:$1048576,6,0) -> 0 | G3: =VLOOKUP($A3,'HALF YEARLY(Entry)'!$1:$1048576,7,0) -> 0 | H3: =VLOOKUP($A3,'HALF YEARLY(Entry)'!$1:$1048576,8,0) -> 0 | I3: =VLOOKUP($A3,'HALF YEARLY(Entry)'!$1:$1048576,9,0) -> 0 | J3: =VLOOKUP($A3,'HALF YEARLY(Entry)'!$1:$1048576,10,0) -> 0 | K3: =VLOOKUP($A3,'HALF YEARLY(Entry)'!$1:$1048576,11,0) -> 0 | L3: =VLOOKUP($A3,'HALF YEARLY(Entry)'!$1:$1048576,12,0) -> 0 | M3: =VLOOKUP($A3,'HALF YEARLY(Entry)'!$1:$1048576,13,0) -> 0 | N3: =VLOOKUP($A3,'HALF YEARLY(Entry)'!$1:$1048576,14,0) -> 0 | O3: =VLOOKUP($A3,'HALF YEARLY(Entry)'!$1:$1048576,15,0) -> 0 | P3: =SUM(C3:H3) -> 0 | Q3: =ROUND(P3/6,2)&" %" -> 0 %
A4: =DETAILS!A4 -> 1011 | B4: =DETAILS!B4 -> ARPIT VERMA | C4: =VLOOKUP($A4,'HALF YEARLY(Entry)'!$1:$1048576,3,0) -> 0 | D4: =VLOOKUP($A4,'HALF YEARLY(Entry)'!$1:$1048576,4,0) -> 0 | E4: =VLOOKUP($A4,'HALF YEARLY(Entry)'!$1:$1048576,5,0) -> 0 | F4: =VLOOKUP($A4,'HALF YEARLY(Entry)'!$1:$1048576,6,0) -> 0 | G4: =VLOOKUP($A4,'HALF YEARLY(Entry)'!$1:$1048576,7,0) -> 0 | H4: =VLOOKUP($A4,'HALF YEARLY(Entry)'!$1:$1048576,8,0) -> 0 | I4: =VLOOKUP($A4,'HALF YEARLY(Entry)'!$1:$1048576,9,0) -> 0 | J4: =VLOOKUP($A4,'HALF YEARLY(Entry)'!$1:$1048576,10,0) -> 0 | K4: =VLOOKUP($A4,'HALF YEARLY(Entry)'!$1:$1048576,11,0) -> 0 | L4: =VLOOKUP($A4,'HALF YEARLY(Entry)'!$1:$1048576,12,0) -> 0 | M4: =VLOOKUP($A4,'HALF YEARLY(Entry)'!$1:$1048576,13,0) -> 0 | N4: =VLOOKUP($A4,'HALF YEARLY(Entry)'!$1:$1048576,14,0) -> 0 | O4: =VLOOKUP($A4,'HALF YEARLY(Entry)'!$1:$1048576,15,0) -> 0 | P4: =SUM(C4:H4) -> 0 | Q4: =ROUND(P4/6,2)&" %" -> 0 %
A5: =DETAILS!A5 -> 692 | B5: =DETAILS!B5 -> ATUL VERMA | C5: =VLOOKUP($A5,'HALF YEARLY(Entry)'!$1:$1048576,3,0) -> 0 | D5: =VLOOKUP($A5,'HALF YEARLY(Entry)'!$1:$1048576,4,0) -> 0 | E5: =VLOOKUP($A5,'HALF YEARLY(Entry)'!$1:$1048576,5,0) -> 0 | F5: =VLOOKUP($A5,'HALF YEARLY(Entry)'!$1:$1048576,6,0) -> 0 | G5: =VLOOKUP($A5,'HALF YEARLY(Entry)'!$1:$1048576,7,0) -> 0 | H5: =VLOOKUP($A5,'HALF YEARLY(Entry)'!$1:$1048576,8,0) -> 0 | I5: =VLOOKUP($A5,'HALF YEARLY(Entry)'!$1:$1048576,9,0) -> 0 | J5: =VLOOKUP($A5,'HALF YEARLY(Entry)'!$1:$1048576,10,0) -> 0 | K5: =VLOOKUP($A5,'HALF YEARLY(Entry)'!$1:$1048576,11,0) -> 0 | L5: =VLOOKUP($A5,'HALF YEARLY(Entry)'!$1:$1048576,12,0) -> 0 | M5: =VLOOKUP($A5,'HALF YEARLY(Entry)'!$1:$1048576,13,0) -> 0 | N5: =VLOOKUP($A5,'HALF YEARLY(Entry)'!$1:$1048576,14,0) -> 0 | O5: =VLOOKUP($A5,'HALF YEARLY(Entry)'!$1:$1048576,15,0) -> 0 | P5: =SUM(C5:H5) -> 0 | Q5: =ROUND(P5/6,2)&" %" -> 0 %
A6: =DETAILS!A6 -> 1931 | B6: =DETAILS!B6 -> GAURAV GAUTAM | C6: =VLOOKUP($A6,'HALF YEARLY(Entry)'!$1:$1048576,3,0) -> 0 | D6: =VLOOKUP($A6,'HALF YEARLY(Entry)'!$1:$1048576,4,0) -> 0 | E6: =VLOOKUP($A6,'HALF YEARLY(Entry)'!$1:$1048576,5,0) -> 0 | F6: =VLOOKUP($A6,'HALF YEARLY(Entry)'!$1:$1048576,6,0) -> 0 | G6: =VLOOKUP($A6,'HALF YEARLY(Entry)'!$1:$1048576,7,0) -> 0 | H6: =VLOOKUP($A6,'HALF YEARLY(Entry)'!$1:$1048576,8,0) -> 0 | I6: =VLOOKUP($A6,'HALF YEARLY(Entry)'!$1:$1048576,9,0) -> 0 | J6: =VLOOKUP($A6,'HALF YEARLY(Entry)'!$1:$1048576,10,0) -> 0 | K6: =VLOOKUP($A6,'HALF YEARLY(Entry)'!$1:$1048576,11,0) -> 0 | L6: =VLOOKUP($A6,'HALF YEARLY(Entry)'!$1:$1048576,12,0) -> 0 | M6: =VLOOKUP($A6,'HALF YEARLY(Entry)'!$1:$1048576,13,0) -> 0 | N6: =VLOOKUP($A6,'HALF YEARLY(Entry)'!$1:$1048576,14,0) -> 0 | O6: =VLOOKUP($A6,'HALF YEARLY(Entry)'!$1:$1048576,15,0) -> 0 | P6: =SUM(C6:H6) -> 0 | Q6: =ROUND(P6/6,2)&" %" -> 0 %
A7: =DETAILS!A7 -> 1509 | B7: =DETAILS!B7 -> HIMANSHU | C7: =VLOOKUP($A7,'HALF YEARLY(Entry)'!$1:$1048576,3,0) -> 0 | D7: =VLOOKUP($A7,'HALF YEARLY(Entry)'!$1:$1048576,4,0) -> 0 | E7: =VLOOKUP($A7,'HALF YEARLY(Entry)'!$1:$1048576,5,0) -> 0 | F7: =VLOOKUP($A7,'HALF YEARLY(Entry)'!$1:$1048576,6,0) -> 0 | G7: =VLOOKUP($A7,'HALF YEARLY(Entry)'!$1:$1048576,7,0) -> 0 | H7: =VLOOKUP($A7,'HALF YEARLY(Entry)'!$1:$1048576,8,0) -> 0 | I7: =VLOOKUP($A7,'HALF YEARLY(Entry)'!$1:$1048576,9,0) -> 0 | J7: =VLOOKUP($A7,'HALF YEARLY(Entry)'!$1:$1048576,10,0) -> 0 | K7: =VLOOKUP($A7,'HALF YEARLY(Entry)'!$1:$1048576,11,0) -> 0 | L7: =VLOOKUP($A7,'HALF YEARLY(Entry)'!$1:$1048576,12,0) -> 0 | M7: =VLOOKUP($A7,'HALF YEARLY(Entry)'!$1:$1048576,13,0) -> 0 | N7: =VLOOKUP($A7,'HALF YEARLY(Entry)'!$1:$1048576,14,0) -> 0 | O7: =VLOOKUP($A7,'HALF YEARLY(Entry)'!$1:$1048576,15,0) -> 0 | P7: =SUM(C7:H7) -> 0 | Q7: =ROUND(P7/6,2)&" %" -> 0 %
A8: =DETAILS!A8 -> 694 | B8: =DETAILS!B8 -> JYOTIRADITYA DAS | C8: =VLOOKUP($A8,'HALF YEARLY(Entry)'!$1:$1048576,3,0) -> 0 | D8: =VLOOKUP($A8,'HALF YEARLY(Entry)'!$1:$1048576,4,0) -> 0 | E8: =VLOOKUP($A8,'HALF YEARLY(Entry)'!$1:$1048576,5,0) -> 0 | F8: =VLOOKUP($A8,'HALF YEARLY(Entry)'!$1:$1048576,6,0) -> 0 | G8: =VLOOKUP($A8,'HALF YEARLY(Entry)'!$1:$1048576,7,0) -> 0 | H8: =VLOOKUP($A8,'HALF YEARLY(Entry)'!$1:$1048576,8,0) -> 0 | I8: =VLOOKUP($A8,'HALF YEARLY(Entry)'!$1:$1048576,9,0) -> 0 | J8: =VLOOKUP($A8,'HALF YEARLY(Entry)'!$1:$1048576,10,0) -> 0 | K8: =VLOOKUP($A8,'HALF YEARLY(Entry)'!$1:$1048576,11,0) -> 0 | L8: =VLOOKUP($A8,'HALF YEARLY(Entry)'!$1:$1048576,12,0) -> 0 | M8: =VLOOKUP($A8,'HALF YEARLY(Entry)'!$1:$1048576,13,0) -> 0 | N8: =VLOOKUP($A8,'HALF YEARLY(Entry)'!$1:$1048576,14,0) -> 0 | O8: =VLOOKUP($A8,'HALF YEARLY(Entry)'!$1:$1048576,15,0) -> 0 | P8: =SUM(C8:H8) -> 0 | Q8: =ROUND(P8/6,2)&" %" -> 0 %
A9: =DETAILS!A9 -> 1873 | B9: =DETAILS!B9 -> MASIRA AKHTAR | C9: =VLOOKUP($A9,'HALF YEARLY(Entry)'!$1:$1048576,3,0) -> 0 | D9: =VLOOKUP($A9,'HALF YEARLY(Entry)'!$1:$1048576,4,0) -> 0 | E9: =VLOOKUP($A9,'HALF YEARLY(Entry)'!$1:$1048576,5,0) -> 0 | F9: =VLOOKUP($A9,'HALF YEARLY(Entry)'!$1:$1048576,6,0) -> 0 | G9: =VLOOKUP($A9,'HALF YEARLY(Entry)'!$1:$1048576,7,0) -> 0 | H9: =VLOOKUP($A9,'HALF YEARLY(Entry)'!$1:$1048576,8,0) -> 0 | I9: =VLOOKUP($A9,'HALF YEARLY(Entry)'!$1:$1048576,9,0) -> 0 | J9: =VLOOKUP($A9,'HALF YEARLY(Entry)'!$1:$1048576,10,0) -> 0 | K9: =VLOOKUP($A9,'HALF YEARLY(Entry)'!$1:$1048576,11,0) -> 0 | L9: =VLOOKUP($A9,'HALF YEARLY(Entry)'!$1:$1048576,12,0) -> 0 | M9: =VLOOKUP($A9,'HALF YEARLY(Entry)'!$1:$1048576,13,0) -> 0 | N9: =VLOOKUP($A9,'HALF YEARLY(Entry)'!$1:$1048576,14,0) -> 0 | O9: =VLOOKUP($A9,'HALF YEARLY(Entry)'!$1:$1048576,15,0) -> 0 | P9: =SUM(C9:H9) -> 0 | Q9: =ROUND(P9/6,2)&" %" -> 0 %
A10: =DETAILS!A10 -> 1491 | B10: =DETAILS!B10 -> SIDDHARTH | C10: =VLOOKUP($A10,'HALF YEARLY(Entry)'!$1:$1048576,3,0) -> 0 | D10: =VLOOKUP($A10,'HALF YEARLY(Entry)'!$1:$1048576,4,0) -> 0 | E10: =VLOOKUP($A10,'HALF YEARLY(Entry)'!$1:$1048576,5,0) -> 0 | F10: =VLOOKUP($A10,'HALF YEARLY(Entry)'!$1:$1048576,6,0) -> 0 | G10: =VLOOKUP($A10,'HALF YEARLY(Entry)'!$1:$1048576,7,0) -> 0 | H10: =VLOOKUP($A10,'HALF YEARLY(Entry)'!$1:$1048576,8,0) -> 0 | I10: =VLOOKUP($A10,'HALF YEARLY(Entry)'!$1:$1048576,9,0) -> 0 | J10: =VLOOKUP($A10,'HALF YEARLY(Entry)'!$1:$1048576,10,0) -> 0 | K10: =VLOOKUP($A10,'HALF YEARLY(Entry)'!$1:$1048576,11,0) -> 0 | L10: =VLOOKUP($A10,'HALF YEARLY(Entry)'!$1:$1048576,12,0) -> 0 | M10: =VLOOKUP($A10,'HALF YEARLY(Entry)'!$1:$1048576,13,0) -> 0 | N10: =VLOOKUP($A10,'HALF YEARLY(Entry)'!$1:$1048576,14,0) -> 0 | O10: =VLOOKUP($A10,'HALF YEARLY(Entry)'!$1:$1048576,15,0) -> 0 | P10: =SUM(C10:H10) -> 0 | Q10: =ROUND(P10/6,2)&" %" -> 0 %
A11: =DETAILS!A11 -> 701 | B11: =DETAILS!B11 -> YASH SONI | C11: =VLOOKUP($A11,'HALF YEARLY(Entry)'!$1:$1048576,3,0) -> 0 | D11: =VLOOKUP($A11,'HALF YEARLY(Entry)'!$1:$1048576,4,0) -> 0 | E11: =VLOOKUP($A11,'HALF YEARLY(Entry)'!$1:$1048576,5,0) -> 0 | F11: =VLOOKUP($A11,'HALF YEARLY(Entry)'!$1:$1048576,6,0) -> 0 | G11: =VLOOKUP($A11,'HALF YEARLY(Entry)'!$1:$1048576,7,0) -> 0 | H11: =VLOOKUP($A11,'HALF YEARLY(Entry)'!$1:$1048576,8,0) -> 0 | I11: =VLOOKUP($A11,'HALF YEARLY(Entry)'!$1:$1048576,9,0) -> 0 | J11: =VLOOKUP($A11,'HALF YEARLY(Entry)'!$1:$1048576,10,0) -> 0 | K11: =VLOOKUP($A11,'HALF YEARLY(Entry)'!$1:$1048576,11,0) -> 0 | L11: =VLOOKUP($A11,'HALF YEARLY(Entry)'!$1:$1048576,12,0) -> 0 | M11: =VLOOKUP($A11,'HALF YEARLY(Entry)'!$1:$1048576,13,0) -> 0 | N11: =VLOOKUP($A11,'HALF YEARLY(Entry)'!$1:$1048576,14,0) -> 0 | O11: =VLOOKUP($A11,'HALF YEARLY(Entry)'!$1:$1048576,15,0) -> 0 | P11: =SUM(C11:H11) -> 0 | Q11: =ROUND(P11/6,2)&" %" -> 0 %
A12: =DETAILS!#REF! -> #REF! | B12: =DETAILS!#REF! -> #REF! | C12: =VLOOKUP($A12,'HALF YEARLY(Entry)'!$1:$1048576,3,0) -> #REF! | D12: =VLOOKUP($A12,'HALF YEARLY(Entry)'!$1:$1048576,4,0) -> #REF! | E12: =VLOOKUP($A12,'HALF YEARLY(Entry)'!$1:$1048576,5,0) -> #REF! | F12: =VLOOKUP($A12,'HALF YEARLY(Entry)'!$1:$1048576,6,0) -> #REF! | G12: =VLOOKUP($A12,'HALF YEARLY(Entry)'!$1:$1048576,7,0) -> #REF! | H12: =VLOOKUP($A12,'HALF YEARLY(Entry)'!$1:$1048576,8,0) -> #REF! | I12: =VLOOKUP($A12,'HALF YEARLY(Entry)'!$1:$1048576,9,0) -> #REF! | J12: =VLOOKUP($A12,'HALF YEARLY(Entry)'!$1:$1048576,10,0) -> #REF! | K12: =VLOOKUP($A12,'HALF YEARLY(Entry)'!$1:$1048576,11,0) -> #REF! | L12: =VLOOKUP($A12,'HALF YEARLY(Entry)'!$1:$1048576,12,0) -> #REF! | M12: =VLOOKUP($A12,'HALF YEARLY(Entry)'!$1:$1048576,13,0) -> #REF! | N12: =VLOOKUP($A12,'HALF YEARLY(Entry)'!$1:$1048576,14,0) -> #REF! | O12: =VLOOKUP($A12,'HALF YEARLY(Entry)'!$1:$1048576,15,0) -> #REF! | P12: =SUM(C12:H12) -> #REF! | Q12: =ROUND(P12/6,2)&" %" -> #REF!
A13: =DETAILS!#REF! -> #REF! | B13: =DETAILS!#REF! -> #REF! | C13: =VLOOKUP($A13,'HALF YEARLY(Entry)'!$1:$1048576,3,0) -> #REF! | D13: =VLOOKUP($A13,'HALF YEARLY(Entry)'!$1:$1048576,4,0) -> #REF! | E13: =VLOOKUP($A13,'HALF YEARLY(Entry)'!$1:$1048576,5,0) -> #REF! | F13: =VLOOKUP($A13,'HALF YEARLY(Entry)'!$1:$1048576,6,0) -> #REF! | G13: =VLOOKUP($A13,'HALF YEARLY(Entry)'!$1:$1048576,7,0) -> #REF! | H13: =VLOOKUP($A13,'HALF YEARLY(Entry)'!$1:$1048576,8,0) -> #REF! | I13: =VLOOKUP($A13,'HALF YEARLY(Entry)'!$1:$1048576,9,0) -> #REF! | J13: =VLOOKUP($A13,'HALF YEARLY(Entry)'!$1:$1048576,10,0) -> #REF! | K13: =VLOOKUP($A13,'HALF YEARLY(Entry)'!$1:$1048576,11,0) -> #REF! | L13: =VLOOKUP($A13,'HALF YEARLY(Entry)'!$1:$1048576,12,0) -> #REF! | M13: =VLOOKUP($A13,'HALF YEARLY(Entry)'!$1:$1048576,13,0) -> #REF! | N13: =VLOOKUP($A13,'HALF YEARLY(Entry)'!$1:$1048576,14,0) -> #REF! | O13: =VLOOKUP($A13,'HALF YEARLY(Entry)'!$1:$1048576,15,0) -> #REF! | P13: =SUM(C13:H13) -> #REF! | Q13: =ROUND(P13/6,2)&" %" -> #REF!
A14: =DETAILS!#REF! -> #REF! | B14: =DETAILS!#REF! -> #REF! | C14: =VLOOKUP($A14,'HALF YEARLY(Entry)'!$1:$1048576,3,0) -> #REF! | D14: =VLOOKUP($A14,'HALF YEARLY(Entry)'!$1:$1048576,4,0) -> #REF! | E14: =VLOOKUP($A14,'HALF YEARLY(Entry)'!$1:$1048576,5,0) -> #REF! | F14: =VLOOKUP($A14,'HALF YEARLY(Entry)'!$1:$1048576,6,0) -> #REF! | G14: =VLOOKUP($A14,'HALF YEARLY(Entry)'!$1:$1048576,7,0) -> #REF! | H14: =VLOOKUP($A14,'HALF YEARLY(Entry)'!$1:$1048576,8,0) -> #REF! | I14: =VLOOKUP($A14,'HALF YEARLY(Entry)'!$1:$1048576,9,0) -> #REF! | J14: =VLOOKUP($A14,'HALF YEARLY(Entry)'!$1:$1048576,10,0) -> #REF! | K14: =VLOOKUP($A14,'HALF YEARLY(Entry)'!$1:$1048576,11,0) -> #REF! | L14: =VLOOKUP($A14,'HALF YEARLY(Entry)'!$1:$1048576,12,0) -> #REF! | M14: =VLOOKUP($A14,'HALF YEARLY(Entry)'!$1:$1048576,13,0) -> #REF! | N14: =VLOOKUP($A14,'HALF YEARLY(Entry)'!$1:$1048576,14,0) -> #REF! | O14: =VLOOKUP($A14,'HALF YEARLY(Entry)'!$1:$1048576,15,0) -> #REF! | P14: =SUM(C14:H14) -> #REF! | Q14: =ROUND(P14/6,2)&" %" -> #REF!
A15: =DETAILS!#REF! -> #REF! | B15: =DETAILS!#REF! -> #REF! | C15: =VLOOKUP($A15,'HALF YEARLY(Entry)'!$1:$1048576,3,0) -> #REF! | D15: =VLOOKUP($A15,'HALF YEARLY(Entry)'!$1:$1048576,4,0) -> #REF! | E15: =VLOOKUP($A15,'HALF YEARLY(Entry)'!$1:$1048576,5,0) -> #REF! | F15: =VLOOKUP($A15,'HALF YEARLY(Entry)'!$1:$1048576,6,0) -> #REF! | G15: =VLOOKUP($A15,'HALF YEARLY(Entry)'!$1:$1048576,7,0) -> #REF! | H15: =VLOOKUP($A15,'HALF YEARLY(Entry)'!$1:$1048576,8,0) -> #REF! | I15: =VLOOKUP($A15,'HALF YEARLY(Entry)'!$1:$1048576,9,0) -> #REF! | J15: =VLOOKUP($A15,'HALF YEARLY(Entry)'!$1:$1048576,10,0) -> #REF! | K15: =VLOOKUP($A15,'HALF YEARLY(Entry)'!$1:$1048576,11,0) -> #REF! | L15: =VLOOKUP($A15,'HALF YEARLY(Entry)'!$1:$1048576,12,0) -> #REF! | M15: =VLOOKUP($A15,'HALF YEARLY(Entry)'!$1:$1048576,13,0) -> #REF! | N15: =VLOOKUP($A15,'HALF YEARLY(Entry)'!$1:$1048576,14,0) -> #REF! | O15: =VLOOKUP($A15,'HALF YEARLY(Entry)'!$1:$1048576,15,0) -> #REF! | P15: =SUM(C15:H15) -> #REF! | Q15: =ROUND(P15/6,2)&" %" -> #REF!
A16: =DETAILS!#REF! -> #REF! | B16: =DETAILS!#REF! -> #REF! | C16: =VLOOKUP($A16,'HALF YEARLY(Entry)'!$1:$1048576,3,0) -> #REF! | D16: =VLOOKUP($A16,'HALF YEARLY(Entry)'!$1:$1048576,4,0) -> #REF! | E16: =VLOOKUP($A16,'HALF YEARLY(Entry)'!$1:$1048576,5,0) -> #REF! | F16: =VLOOKUP($A16,'HALF YEARLY(Entry)'!$1:$1048576,6,0) -> #REF! | G16: =VLOOKUP($A16,'HALF YEARLY(Entry)'!$1:$1048576,7,0) -> #REF! | H16: =VLOOKUP($A16,'HALF YEARLY(Entry)'!$1:$1048576,8,0) -> #REF! | I16: =VLOOKUP($A16,'HALF YEARLY(Entry)'!$1:$1048576,9,0) -> #REF! | J16: =VLOOKUP($A16,'HALF YEARLY(Entry)'!$1:$1048576,10,0) -> #REF! | K16: =VLOOKUP($A16,'HALF YEARLY(Entry)'!$1:$1048576,11,0) -> #REF! | L16: =VLOOKUP($A16,'HALF YEARLY(Entry)'!$1:$1048576,12,0) -> #REF! | M16: =VLOOKUP($A16,'HALF YEARLY(Entry)'!$1:$1048576,13,0) -> #REF! | N16: =VLOOKUP($A16,'HALF YEARLY(Entry)'!$1:$1048576,14,0) -> #REF! | O16: =VLOOKUP($A16,'HALF YEARLY(Entry)'!$1:$1048576,15,0) -> #REF! | P16: =SUM(C16:H16) -> #REF! | Q16: =ROUND(P16/6,2)&" %" -> #REF!
A17: =DETAILS!#REF! -> #REF! | B17: =DETAILS!#REF! -> #REF! | C17: =VLOOKUP($A17,'HALF YEARLY(Entry)'!$1:$1048576,3,0) -> #REF! | D17: =VLOOKUP($A17,'HALF YEARLY(Entry)'!$1:$1048576,4,0) -> #REF! | E17: =VLOOKUP($A17,'HALF YEARLY(Entry)'!$1:$1048576,5,0) -> #REF! | F17: =VLOOKUP($A17,'HALF YEARLY(Entry)'!$1:$1048576,6,0) -> #REF! | G17: =VLOOKUP($A17,'HALF YEARLY(Entry)'!$1:$1048576,7,0) -> #REF! | H17: =VLOOKUP($A17,'HALF YEARLY(Entry)'!$1:$1048576,8,0) -> #REF! | I17: =VLOOKUP($A17,'HALF YEARLY(Entry)'!$1:$1048576,9,0) -> #REF! | J17: =VLOOKUP($A17,'HALF YEARLY(Entry)'!$1:$1048576,10,0) -> #REF! | K17: =VLOOKUP($A17,'HALF YEARLY(Entry)'!$1:$1048576,11,0) -> #REF! | L17: =VLOOKUP($A17,'HALF YEARLY(Entry)'!$1:$1048576,12,0) -> #REF! | M17: =VLOOKUP($A17,'HALF YEARLY(Entry)'!$1:$1048576,13,0) -> #REF! | N17: =VLOOKUP($A17,'HALF YEARLY(Entry)'!$1:$1048576,14,0) -> #REF! | O17: =VLOOKUP($A17,'HALF YEARLY(Entry)'!$1:$1048576,15,0) -> #REF! | P17: =SUM(C17:H17) -> #REF! | Q17: =ROUND(P17/6,2)&" %" -> #REF!
A18: =DETAILS!#REF! -> #REF! | B18: =DETAILS!#REF! -> #REF! | C18: =VLOOKUP($A18,'HALF YEARLY(Entry)'!$1:$1048576,3,0) -> #REF! | D18: =VLOOKUP($A18,'HALF YEARLY(Entry)'!$1:$1048576,4,0) -> #REF! | E18: =VLOOKUP($A18,'HALF YEARLY(Entry)'!$1:$1048576,5,0) -> #REF! | F18: =VLOOKUP($A18,'HALF YEARLY(Entry)'!$1:$1048576,6,0) -> #REF! | G18: =VLOOKUP($A18,'HALF YEARLY(Entry)'!$1:$1048576,7,0) -> #REF! | H18: =VLOOKUP($A18,'HALF YEARLY(Entry)'!$1:$1048576,8,0) -> #REF! | I18: =VLOOKUP($A18,'HALF YEARLY(Entry)'!$1:$1048576,9,0) -> #REF! | J18: =VLOOKUP($A18,'HALF YEARLY(Entry)'!$1:$1048576,10,0) -> #REF! | K18: =VLOOKUP($A18,'HALF YEARLY(Entry)'!$1:$1048576,11,0) -> #REF! | L18: =VLOOKUP($A18,'HALF YEARLY(Entry)'!$1:$1048576,12,0) -> #REF! | M18: =VLOOKUP($A18,'HALF YEARLY(Entry)'!$1:$1048576,13,0) -> #REF! | N18: =VLOOKUP($A18,'HALF YEARLY(Entry)'!$1:$1048576,14,0) -> #REF! | O18: =VLOOKUP($A18,'HALF YEARLY(Entry)'!$1:$1048576,15,0) -> #REF! | P18: =SUM(C18:H18) -> #REF! | Q18: =ROUND(P18/6,2)&" %" -> #REF!
A19: =DETAILS!#REF! -> #REF! | B19: =DETAILS!#REF! -> #REF! | C19: =VLOOKUP($A19,'HALF YEARLY(Entry)'!$1:$1048576,3,0) -> #REF! | D19: =VLOOKUP($A19,'HALF YEARLY(Entry)'!$1:$1048576,4,0) -> #REF! | E19: =VLOOKUP($A19,'HALF YEARLY(Entry)'!$1:$1048576,5,0) -> #REF! | F19: =VLOOKUP($A19,'HALF YEARLY(Entry)'!$1:$1048576,6,0) -> #REF! | G19: =VLOOKUP($A19,'HALF YEARLY(Entry)'!$1:$1048576,7,0) -> #REF! | H19: =VLOOKUP($A19,'HALF YEARLY(Entry)'!$1:$1048576,8,0) -> #REF! | I19: =VLOOKUP($A19,'HALF YEARLY(Entry)'!$1:$1048576,9,0) -> #REF! | J19: =VLOOKUP($A19,'HALF YEARLY(Entry)'!$1:$1048576,10,0) -> #REF! | K19: =VLOOKUP($A19,'HALF YEARLY(Entry)'!$1:$1048576,11,0) -> #REF! | L19: =VLOOKUP($A19,'HALF YEARLY(Entry)'!$1:$1048576,12,0) -> #REF! | M19: =VLOOKUP($A19,'HALF YEARLY(Entry)'!$1:$1048576,13,0) -> #REF! | N19: =VLOOKUP($A19,'HALF YEARLY(Entry)'!$1:$1048576,14,0) -> #REF! | O19: =VLOOKUP($A19,'HALF YEARLY(Entry)'!$1:$1048576,15,0) -> #REF! | P19: =SUM(C19:H19) -> #REF! | Q19: =ROUND(P19/6,2)&" %" -> #REF!
A20: =DETAILS!#REF! -> #REF! | B20: =DETAILS!#REF! -> #REF! | C20: =VLOOKUP($A20,'HALF YEARLY(Entry)'!$1:$1048576,3,0) -> #REF! | D20: =VLOOKUP($A20,'HALF YEARLY(Entry)'!$1:$1048576,4,0) -> #REF! | E20: =VLOOKUP($A20,'HALF YEARLY(Entry)'!$1:$1048576,5,0) -> #REF! | F20: =VLOOKUP($A20,'HALF YEARLY(Entry)'!$1:$1048576,6,0) -> #REF! | G20: =VLOOKUP($A20,'HALF YEARLY(Entry)'!$1:$1048576,7,0) -> #REF! | H20: =VLOOKUP($A20,'HALF YEARLY(Entry)'!$1:$1048576,8,0) -> #REF! | I20: =VLOOKUP($A20,'HALF YEARLY(Entry)'!$1:$1048576,9,0) -> #REF! | J20: =VLOOKUP($A20,'HALF YEARLY(Entry)'!$1:$1048576,10,0) -> #REF! | K20: =VLOOKUP($A20,'HALF YEARLY(Entry)'!$1:$1048576,11,0) -> #REF! | L20: =VLOOKUP($A20,'HALF YEARLY(Entry)'!$1:$1048576,12,0) -> #REF! | M20: =VLOOKUP($A20,'HALF YEARLY(Entry)'!$1:$1048576,13,0) -> #REF! | N20: =VLOOKUP($A20,'HALF YEARLY(Entry)'!$1:$1048576,14,0) -> #REF! | O20: =VLOOKUP($A20,'HALF YEARLY(Entry)'!$1:$1048576,15,0) -> #REF! | P20: =SUM(C20:H20) -> #REF! | Q20: =ROUND(P20/6,2)&" %" -> #REF!
A21: =DETAILS!#REF! -> #REF! | B21: =DETAILS!#REF! -> #REF! | C21: =VLOOKUP($A21,'HALF YEARLY(Entry)'!$1:$1048576,3,0) -> #REF! | D21: =VLOOKUP($A21,'HALF YEARLY(Entry)'!$1:$1048576,4,0) -> #REF! | E21: =VLOOKUP($A21,'HALF YEARLY(Entry)'!$1:$1048576,5,0) -> #REF! | F21: =VLOOKUP($A21,'HALF YEARLY(Entry)'!$1:$1048576,6,0) -> #REF! | G21: =VLOOKUP($A21,'HALF YEARLY(Entry)'!$1:$1048576,7,0) -> #REF! | H21: =VLOOKUP($A21,'HALF YEARLY(Entry)'!$1:$1048576,8,0) -> #REF! | I21: =VLOOKUP($A21,'HALF YEARLY(Entry)'!$1:$1048576,9,0) -> #REF! | J21: =VLOOKUP($A21,'HALF YEARLY(Entry)'!$1:$1048576,10,0) -> #REF! | K21: =VLOOKUP($A21,'HALF YEARLY(Entry)'!$1:$1048576,11,0) -> #REF! | L21: =VLOOKUP($A21,'HALF YEARLY(Entry)'!$1:$1048576,12,0) -> #REF! | M21: =VLOOKUP($A21,'HALF YEARLY(Entry)'!$1:$1048576,13,0) -> #REF! | N21: =VLOOKUP($A21,'HALF YEARLY(Entry)'!$1:$1048576,14,0) -> #REF! | O21: =VLOOKUP($A21,'HALF YEARLY(Entry)'!$1:$1048576,15,0) -> #REF! | P21: =SUM(C21:H21) -> #REF! | Q21: =ROUND(P21/6,2)&" %" -> #REF!
A22: =DETAILS!#REF! -> #REF! | B22: =DETAILS!#REF! -> #REF! | C22: =VLOOKUP($A22,'HALF YEARLY(Entry)'!$1:$1048576,3,0) -> #REF! | D22: =VLOOKUP($A22,'HALF YEARLY(Entry)'!$1:$1048576,4,0) -> #REF! | E22: =VLOOKUP($A22,'HALF YEARLY(Entry)'!$1:$1048576,5,0) -> #REF! | F22: =VLOOKUP($A22,'HALF YEARLY(Entry)'!$1:$1048576,6,0) -> #REF! | G22: =VLOOKUP($A22,'HALF YEARLY(Entry)'!$1:$1048576,7,0) -> #REF! | H22: =VLOOKUP($A22,'HALF YEARLY(Entry)'!$1:$1048576,8,0) -> #REF! | I22: =VLOOKUP($A22,'HALF YEARLY(Entry)'!$1:$1048576,9,0) -> #REF! | J22: =VLOOKUP($A22,'HALF YEARLY(Entry)'!$1:$1048576,10,0) -> #REF! | K22: =VLOOKUP($A22,'HALF YEARLY(Entry)'!$1:$1048576,11,0) -> #REF! | L22: =VLOOKUP($A22,'HALF YEARLY(Entry)'!$1:$1048576,12,0) -> #REF! | M22: =VLOOKUP($A22,'HALF YEARLY(Entry)'!$1:$1048576,13,0) -> #REF! | N22: =VLOOKUP($A22,'HALF YEARLY(Entry)'!$1:$1048576,14,0) -> #REF! | O22: =VLOOKUP($A22,'HALF YEARLY(Entry)'!$1:$1048576,15,0) -> #REF! | P22: =SUM(C22:H22) -> #REF! | Q22: =ROUND(P22/6,2)&" %" -> #REF!
A23: =DETAILS!#REF! -> #REF! | B23: =DETAILS!#REF! -> #REF! | C23: =VLOOKUP($A23,'HALF YEARLY(Entry)'!$1:$1048576,3,0) -> #REF! | D23: =VLOOKUP($A23,'HALF YEARLY(Entry)'!$1:$1048576,4,0) -> #REF! | E23: =VLOOKUP($A23,'HALF YEARLY(Entry)'!$1:$1048576,5,0) -> #REF! | F23: =VLOOKUP($A23,'HALF YEARLY(Entry)'!$1:$1048576,6,0) -> #REF! | G23: =VLOOKUP($A23,'HALF YEARLY(Entry)'!$1:$1048576,7,0) -> #REF! | H23: =VLOOKUP($A23,'HALF YEARLY(Entry)'!$1:$1048576,8,0) -> #REF! | I23: =VLOOKUP($A23,'HALF YEARLY(Entry)'!$1:$1048576,9,0) -> #REF! | J23: =VLOOKUP($A23,'HALF YEARLY(Entry)'!$1:$1048576,10,0) -> #REF! | K23: =VLOOKUP($A23,'HALF YEARLY(Entry)'!$1:$1048576,11,0) -> #REF! | L23: =VLOOKUP($A23,'HALF YEARLY(Entry)'!$1:$1048576,12,0) -> #REF! | M23: =VLOOKUP($A23,'HALF YEARLY(Entry)'!$1:$1048576,13,0) -> #REF! | N23: =VLOOKUP($A23,'HALF YEARLY(Entry)'!$1:$1048576,14,0) -> #REF! | O23: =VLOOKUP($A23,'HALF YEARLY(Entry)'!$1:$1048576,15,0) -> #REF! | P23: =SUM(C23:H23) -> #REF! | Q23: =ROUND(P23/6,2)&" %" -> #REF!
... A41: =DETAILS!#REF! -> #REF! | B41: =DETAILS!#REF! -> #REF! | C41: =VLOOKUP($A41,'HALF YEARLY(Entry)'!$1:$1048576,3,0) -> #REF! | D41: =VLOOKUP($A41,'HALF YEARLY(Entry)'!$1:$1048576,4,0) -> #REF! | E41: =VLOOKUP($A41,'HALF YEARLY(Entry)'!$1:$1048576,5,0) -> #REF! | F41: =VLOOKUP($A41,'HALF YEARLY(Entry)'!$1:$1048576,6,0) -> #REF! | G41: =VLOOKUP($A41,'HALF YEARLY(Entry)'!$1:$1048576,7,0) -> #REF! | H41: =VLOOKUP($A41,'HALF YEARLY(Entry)'!$1:$1048576,8,0) -> #REF! | I41: =VLOOKUP($A41,'HALF YEARLY(Entry)'!$1:$1048576,9,0) -> #REF! | J41: =VLOOKUP($A41,'HALF YEARLY(Entry)'!$1:$1048576,10,0) -> #REF! | K41: =VLOOKUP($A41,'HALF YEARLY(Entry)'!$1:$1048576,11,0) -> #REF! | L41: =VLOOKUP($A41,'HALF YEARLY(Entry)'!$1:$1048576,12,0) -> #REF! | M41: =VLOOKUP($A41,'HALF YEARLY(Entry)'!$1:$1048576,13,0) -> #REF! | N41: =VLOOKUP($A41,'HALF YEARLY(Entry)'!$1:$1048576,14,0) -> #REF! | O41: =VLOOKUP($A41,'HALF YEARLY(Entry)'!$1:$1048576,15,0) -> #REF! | P41: =SUM(C41:H41) -> #REF! | Q41: =ROUND(P41/6,2)&" %" -> #REF!

Sheet Grade 50
A2: 50 | B2: A
A3: 49 | B3: A
A4: 48 | B4: A
A5: 47 | B5: A
A6: 46 | B6: A
A7: 45 | B7: A
A8: 44 | B8: A
A9: 43 | B9: A
A10: 42 | B10: A
A11: 41 | B11: A
A12: 40 | B12: B
A13: 39 | B13: B
... A52: 0 | B52: E

Sheet HY Compile
A1: Half Yearly Compile Report (2025-26) Class - XI-Comm
A2: S.R. No. | B2: Student's Name | C2: ENGLISH | F2: HINDI/CS | I2: ACCOUNTACNY | L2: BUSINESS STUDIES | O2: ECONOMICS | R2: PHYSICAL EDUCATION | U2: WORK EDUCATION | V2: ART EDUCATION | W2: HEALTH & PHYSICAL EDUCATION | X2: DISCIPLINE | Y2: TOTAL PRESENT | Z2: TORAL WORKING DAY | AA2: CLASS TEACHER'S REAMRK
C3: UT-I | D3: HY | E3: Total | F3: UT-I | G3: HY | H3: Total | I3: UT-I | J3: HY | K3: Total | L3: UT-I | M3: HY | N3: Total | O3: UT-I | P3: HY | Q3: Total | R3: UT-I | S3: HY | T3: Total
A4: =DETAILS!A3 -> 688 | B4: =DETAILS!B3 -> AMINUDDIN | C4: =VLOOKUP($A4,'UT-I '!$1:$1048576,3,0) -> AB | D4: =IFERROR(ROUND(VLOOKUP($A4,'HALF YEARLY'!$1:$1048576,3,0)*0.8,0),VLOOKUP($A4,'HALF YEARLY'!$1:$1048576,3,0)) -> 0 | E4: =SUM(C4:D4) -> 0 | F4: =VLOOKUP($A4,'UT-I '!$1:$1048576,4,0) -> AB | G4: =IFERROR(ROUND(VLOOKUP($A4,'HALF YEARLY'!$1:$1048576,4,0)*0.8,0),VLOOKUP($A4,'HALF YEARLY'!$1:$1048576,4,0)) -> 0 | H4: =SUM(F4:G4) -> 0 | I4: =VLOOKUP($A4,'UT-I '!$1:$1048576,5,0) -> AB | J4: =IFERROR(ROUND(VLOOKUP($A4,'HALF YEARLY'!$1:$1048576,5,0)*0.8,0),VLOOKUP($A4,'HALF YEARLY'!$1:$1048576,5,0)) -> 0 | K4: =SUM(I4:J4) -> 0 | L4: =VLOOKUP($A4,'UT-I '!$1:$1048576,6,0) -> AB | M4: =IFERROR(ROUND(VLOOKUP($A4,'HALF YEARLY'!$1:$1048576,6,0)*0.8,0),VLOOKUP($A4,'HALF YEARLY'!$1:$1048576,6,0)) -> 0 | N4: =SUM(L4:M4) -> 0 | O4: =VLOOKUP($A4,'UT-I '!$1:$1048576,7,0) -> AB | P4: =IFERROR(ROUND(VLOOKUP($A4,'HALF YEARLY'!$1:$1048576,7,0)*0.8,0),VLOOKUP($A4,'HALF YEARLY'!$1:$1048576,7,0)) -> 0 | Q4: =SUM(O4:P4) -> 0 | R4: =VLOOKUP($A4,'UT-I '!$1:$1048576,8,0) -> AB | S4: =IFERROR(ROUND(VLOOKUP($A4,'HALF YEARLY'!$1:$1048576,8,0)*0.8,0),VLOOKUP($A4,'HALF YEARLY'!$1:$1048576,8,0)) -> 0 | T4: =SUM(R4:S4) -> 0 | U4: =VLOOKUP($A4,'HALF YEARLY'!$1:$1048576,9,0) -> 0 | V4: =VLOOKUP($A4,'HALF YEARLY'!$1:$1048576,10,0) -> 0 | W4: =VLOOKUP($A4,'HALF YEARLY'!$1:$1048576,11,0) -> 0 | X4: =VLOOKUP($A4,'HALF YEARLY'!$1:$1048576,12,0) -> 0 | Y4: =VLOOKUP($A4,'HALF YEARLY'!$1:$1048576,13,0) -> 0 | Z4: =VLOOKUP($A4,'HALF YEARLY'!$1:$1048576,14,0) -> 0 | AA4: =VLOOKUP($A4,'HALF YEARLY'!$1:$1048576,15,0) -> 0
A5: =DETAILS!A4 -> 1011 | B5: =DETAILS!B4 -> ARPIT VERMA | C5: =VLOOKUP($A5,'UT-I '!$1:$1048576,3,0) -> 6 | D5: =IFERROR(ROUND(VLOOKUP($A5,'HALF YEARLY'!$1:$1048576,3,0)*0.8,0),VLOOKUP($A5,'HALF YEARLY'!$1:$1048576,3,0)) -> 0 | E5: =SUM(C5:D5) -> 6 | F5: =VLOOKUP($A5,'UT-I '!$1:$1048576,4,0) -> 5 | G5: =IFERROR(ROUND(VLOOKUP($A5,'HALF YEARLY'!$1:$1048576,4,0)*0.8,0),VLOOKUP($A5,'HALF YEARLY'!$1:$1048576,4,0)) -> 0 | H5: =SUM(F5:G5) -> 5 | I5: =VLOOKUP($A5,'UT-I '!$1:$1048576,5,0) -> 7 | J5: =IFERROR(ROUND(VLOOKUP($A5,'HALF YEARLY'!$1:$1048576,5,0)*0.8,0),VLOOKUP($A5,'HALF YEARLY'!$1:$1048576,5,0)) -> 0 | K5: =SUM(I5:J5) -> 7 | L5: =VLOOKUP($A5,'UT-I '!$1:$1048576,6,0) -> 5 | M5: =IFERROR(ROUND(VLOOKUP($A5,'HALF YEARLY'!$1:$1048576,6,0)*0.8,0),VLOOKUP($A5,'HALF YEARLY'!$1:$1048576,6,0)) -> 0 | N5: =SUM(L5:M5) -> 5 | O5: =VLOOKUP($A5,'UT-I '!$1:$1048576,7,0) -> 1 | P5: =IFERROR(ROUND(VLOOKUP($A5,'HALF YEARLY'!$1:$1048576,7,0)*0.8,0),VLOOKUP($A5,'HALF YEARLY'!$1:$1048576,7,0)) -> 0 | Q5: =SUM(O5:P5) -> 1 | R5: =VLOOKUP($A5,'UT-I '!$1:$1048576,8,0) -> 6 | S5: =IFERROR(ROUND(VLOOKUP($A5,'HALF YEARLY'!$1:$1048576,8,0)*0.8,0),VLOOKUP($A5,'HALF YEARLY'!$1:$1048576,8,0)) -> 0 | T5: =SUM(R5:S5) -> 6 | U5: =VLOOKUP($A5,'HALF YEARLY'!$1:$1048576,9,0) -> 0 | V5: =VLOOKUP($A5,'HALF YEARLY'!$1:$1048576,10,0) -> 0 | W5: =VLOOKUP($A5,'HALF YEARLY'!$1:$1048576,11,0) -> 0 | X5: =VLOOKUP($A5,'HALF YEARLY'!$1:$1048576,12,0) -> 0 | Y5: =VLOOKUP($A5,'HALF YEARLY'!$1:$1048576,13,0) -> 0 | Z5: =VLOOKUP($A5,'HALF YEARLY'!$1:$1048576,14,0) -> 0 | AA5: =VLOOKUP($A5,'HALF YEARLY'!$1:$1048576,15,0) -> 0
A6: =DETAILS!A5 -> 692 | B6: =DETAILS!B5 -> ATUL VERMA | C6: =VLOOKUP($A6,'UT-I '!$1:$1048576,3,0) -> 13 | D6: =IFERROR(ROUND(VLOOKUP($A6,'HALF YEARLY'!$1:$1048576,3,0)*0.8,0),VLOOKUP($A6,'HALF YEARLY'!$1:$1048576,3,0)) -> 0 | E6: =SUM(C6:D6) -> 13 | F6: =VLOOKUP($A6,'UT-I '!$1:$1048576,4,0) -> 14 | G6: =IFERROR(ROUND(VLOOKUP($A6,'HALF YEARLY'!$1:$1048576,4,0)*0.8,0),VLOOKUP($A6,'HALF YEARLY'!$1:$1048576,4,0)) -> 0 | H6: =SUM(F6:G6) -> 14 | I6: =VLOOKUP($A6,'UT-I '!$1:$1048576,5,0) -> 17 | J6: =IFERROR(ROUND(VLOOKUP($A6,'HALF YEARLY'!$1:$1048576,5,0)*0.8,0),VLOOKUP($A6,'HALF YEARLY'!$1:$1048576,5,0)) -> 0 | K6: =SUM(I6:J6) -> 17 | L6: =VLOOKUP($A6,'UT-I '!$1:$1048576,6,0) -> 19 | M6: =IFERROR(ROUND(VLOOKUP($A6,'HALF YEARLY'!$1:$1048576,6,0)*0.8,0),VLOOKUP($A6,'HALF YEARLY'!$1:$1048576,6,0)) -> 0 | N6: =SUM(L6:M6) -> 19 | O6: =VLOOKUP($A6,'UT-I '!$1:$1048576,7,0) -> 12 | P6: =IFERROR(ROUND(VLOOKUP($A6,'HALF YEARLY'!$1:$1048576,7,0)*0.8,0),VLOOKUP($A6,'HALF YEARLY'!$1:$1048576,7,0)) -> 0 | Q6: =SUM(O6:P6) -> 12 | R6: =VLOOKUP($A6,'UT-I '!$1:$1048576,8,0) -> 19 | S6: =IFERROR(ROUND(VLOOKUP($A6,'HALF YEARLY'!$1:$1048576,8,0)*0.8,0),VLOOKUP($A6,'HALF YEARLY'!$1:$1048576,8,0)) -> 0 | T6: =SUM(R6:S6) -> 19 | U6: =VLOOKUP($A6,'HALF YEARLY'!$1:$1048576,9,0) -> 0 | V6: =VLOOKUP($A6,'HALF YEARLY'!$1:$1048576,10,0) -> 0 | W6: =VLOOKUP($A6,'HALF YEARLY'!$1:$1048576,11,0) -> 0 | X6: =VLOOKUP($A6,'HALF YEARLY'!$1:$1048576,12,0) -> 0 | Y6: =VLOOKUP($A6,'HALF YEARLY'!$1:$1048576,13,0) -> 0 | Z6: =VLOOKUP($A6,'HALF YEARLY'!$1:$1048576,14,0) -> 0 | AA6: =VLOOKUP($A6,'HALF YEARLY'!$1:$1048576,15,0) -> 0
A7: =DETAILS!A6 -> 1931 | B7: =DETAILS!B6 -> GAURAV GAUTAM | C7: =VLOOKUP($A7,'UT-I '!$1:$1048576,3,0) -> 15 | D7: =IFERROR(ROUND(VLOOKUP($A7,'HALF YEARLY'!$1:$1048576,3,0)*0.8,0),VLOOKUP($A7,'HALF YEARLY'!$1:$1048576,3,0)) -> 0 | E7: =SUM(C7:D7) -> 15 | F7: =VLOOKUP($A7,'UT-I '!$1:$1048576,4,0) -> 20 | G7: =IFERROR(ROUND(VLOOKUP($A7,'HALF YEARLY'!$1:$1048576,4,0)*0.8,0),VLOOKUP($A7,'HALF YEARLY'!$1:$1048576,4,0)) -> 0 | H7: =SUM(F7:G7) -> 20 | I7: =VLOOKUP($A7,'UT-I '!$1:$1048576,5,0) -> 17 | J7: =IFERROR(ROUND(VLOOKUP($A7,'HALF YEARLY'!$1:$1048576,5,0)*0.8,0),VLOOKUP($A7,'HALF YEARLY'!$1:$1048576,5,0)) -> 0 | K7: =SUM(I7:J7) -> 17 | L7: =VLOOKUP($A7,'UT-I '!$1:$1048576,6,0) -> 20 | M7: =IFERROR(ROUND(VLOOKUP($A7,'HALF YEARLY'!$1:$1048576,6,0)*0.8,0),VLOOKUP($A7,'HALF YEARLY'!$1:$1048576,6,0)) -> 0 | N7: =SUM(L7:M7) -> 20 | O7: =VLOOKUP($A7,'UT-I '!$1:$1048576,7,0) -> 13 | P7: =IFERROR(ROUND(VLOOKUP($A7,'HALF YEARLY'!$1:$1048576,7,0)*0.8,0),VLOOKUP($A7,'HALF YEARLY'!$1:$1048576,7,0)) -> 0 | Q7: =SUM(O7:P7) -> 13 | R7: =VLOOKUP($A7,'UT-I '!$1:$1048576,8,0) -> 17 | S7: =IFERROR(ROUND(VLOOKUP($A7,'HALF YEARLY'!$1:$1048576,8,0)*0.8,0),VLOOKUP($A7,'HALF YEARLY'!$1:$1048576,8,0)) -> 0 | T7: =SUM(R7:S7) -> 17 | U7: =VLOOKUP($A7,'HALF YEARLY'!$1:$1048576,9,0) -> 0 | V7: =VLOOKUP($A7,'HALF YEARLY'!$1:$1048576,10,0) -> 0 | W7: =VLOOKUP($A7,'HALF YEARLY'!$1:$1048576,11,0) -> 0 | X7: =VLOOKUP($A7,'HALF YEARLY'!$1:$1048576,12,0) -> 0 | Y7: =VLOOKUP($A7,'HALF YEARLY'!$1:$1048576,13,0) -> 0 | Z7: =VLOOKUP($A7,'HALF YEARLY'!$1:$1048576,14,0) -> 0 | AA7: =VLOOKUP($A7,'HALF YEARLY'!$1:$1048576,15,0) -> 0
A8: =DETAILS!A7 -> 1509 | B8: =DETAILS!B7 -> HIMANSHU | C8: =VLOOKUP($A8,'UT-I '!$1:$1048576,3,0) -> 13 | D8: =IFERROR(ROUND(VLOOKUP($A8,'HALF YEARLY'!$1:$1048576,3,0)*0.8,0),VLOOKUP($A8,'HALF YEARLY'!$1:$1048576,3,0)) -> 0 | E8: =SUM(C8:D8) -> 13 | F8: =VLOOKUP($A8,'UT-I '!$1:$1048576,4,0) -> 10 | G8: =IFERROR(ROUND(VLOOKUP($A8,'HALF YEARLY'!$1:$1048576,4,0)*0.8,0),VLOOKUP($A8,'HALF YEARLY'!$1:$1048576,4,0)) -> 0 | H8: =SUM(F8:G8) -> 10 | I8: =VLOOKUP($A8,'UT-I '!$1:$1048576,5,0) -> 13 | J8: =IFERROR(ROUND(VLOOKUP($A8,'HALF YEARLY'!$1:$1048576,5,0)*0.8,0),VLOOKUP($A8,'HALF YEARLY'!$1:$1048576,5,0)) -> 0 | K8: =SUM(I8:J8) -> 13 | L8: =VLOOKUP($A8,'UT-I '!$1:$1048576,6,0) -> 16 | M8: =IFERROR(ROUND(VLOOKUP($A8,'HALF YEARLY'!$1:$1048576,6,0)*0.8,0),VLOOKUP($A8,'HALF YEARLY'!$1:$1048576,6,0)) -> 0 | N8: =SUM(L8:M8) -> 16 | O8: =VLOOKUP($A8,'UT-I '!$1:$1048576,7,0) -> 8 | P8: =IFERROR(ROUND(VLOOKUP($A8,'HALF YEARLY'!$1:$1048576,7,0)*0.8,0),VLOOKUP($A8,'HALF YEARLY'!$1:$1048576,7,0)) -> 0 | Q8: =SUM(O8:P8) -> 8 | R8: =VLOOKUP($A8,'UT-I '!$1:$1048576,8,0) -> 13 | S8: =IFERROR(ROUND(VLOOKUP($A8,'HALF YEARLY'!$1:$1048576,8,0)*0.8,0),VLOOKUP($A8,'HALF YEARLY'!$1:$1048576,8,0)) -> 0 | T8: =SUM(R8:S8) -> 13 | U8: =VLOOKUP($A8,'HALF YEARLY'!$1:$1048576,9,0) -> 0 | V8: =VLOOKUP($A8,'HALF YEARLY'!$1:$1048576,10,0) -> 0 | W8: =VLOOKUP($A8,'HALF YEARLY'!$1:$1048576,11,0) -> 0 | X8: =VLOOKUP($A8,'HALF YEARLY'!$1:$1048576,12,0) -> 0 | Y8: =VLOOKUP($A8,'HALF YEARLY'!$1:$1048576,13,0) -> 0 | Z8: =VLOOKUP($A8,'HALF YEARLY'!$1:$1048576,14,0) -> 0 | AA8: =VLOOKUP($A8,'HALF YEARLY'!$1:$1048576,15,0) -> 0
A9: =DETAILS!A8 -> 694 | B9: =DETAILS!B8 -> JYOTIRADITYA DAS | C9: =VLOOKUP($A9,'UT-I '!$1:$1048576,3,0) -> 9 | D9: =IFERROR(ROUND(VLOOKUP($A9,'HALF YEARLY'!$1:$1048576,3,0)*0.8,0),VLOOKUP($A9,'HALF YEARLY'!$1:$1048576,3,0)) -> 0 | E9: =SUM(C9:D9) -> 9 | F9: =VLOOKUP($A9,'UT-I '!$1:$1048576,4,0) -> 7 | G9: =IFERROR(ROUND(VLOOKUP($A9,'HALF YEARLY'!$1:$1048576,4,0)*0.8,0),VLOOKUP($A9,'HALF YEARLY'!$1:$1048576,4,0)) -> 0 | H9: =SUM(F9:G9) -> 7 | I9: =VLOOKUP($A9,'UT-I '!$1:$1048576,5,0) -> 13 | J9: =IFERROR(ROUND(VLOOKUP($A9,'HALF YEARLY'!$1:$1048576,5,0)*0.8,0),VLOOKUP($A9,'HALF YEARLY'!$1:$1048576,5,0)) -> 0 | K9: =SUM(I9:J9) -> 13 | L9: =VLOOKUP($A9,'UT-I '!$1:$1048576,6,0) -> 13 | M9: =IFERROR(ROUND(VLOOKUP($A9,'HALF YEARLY'!$1:$1048576,6,0)*0.8,0),VLOOKUP($A9,'HALF YEARLY'!$1:$1048576,6,0)) -> 0 | N9: =SUM(L9:M9) -> 13 | O9: =VLOOKUP($A9,'UT-I '!$1:$1048576,7,0) -> 5 | P9: =IFERROR(ROUND(VLOOKUP($A9,'HALF YEARLY'!$1:$1048576,7,0)*0.8,0),VLOOKUP($A9,'HALF YEARLY'!$1:$1048576,7,0)) -> 0 | Q9: =SUM(O9:P9) -> 5 | R9: =VLOOKUP($A9,'UT-I '!$1:$1048576,8,0) -> 11 | S9: =IFERROR(ROUND(VLOOKUP($A9,'HALF YEARLY'!$1:$1048576,8,0)*0.8,0),VLOOKUP($A9,'HALF YEARLY'!$1:$1048576,8,0)) -> 0 | T9: =SUM(R9:S9) -> 11 | U9: =VLOOKUP($A9,'HALF YEARLY'!$1:$1048576,9,0) -> 0 | V9: =VLOOKUP($A9,'HALF YEARLY'!$1:$1048576,10,0) -> 0 | W9: =VLOOKUP($A9,'HALF YEARLY'!$1:$1048576,11,0) -> 0 | X9: =VLOOKUP($A9,'HALF YEARLY'!$1:$1048576,12,0) -> 0 | Y9: =VLOOKUP($A9,'HALF YEARLY'!$1:$1048576,13,0) -> 0 | Z9: =VLOOKUP($A9,'HALF YEARLY'!$1:$1048576,14,0) -> 0 | AA9: =VLOOKUP($A9,'HALF YEARLY'!$1:$1048576,15,0) -> 0
A10: =DETAILS!A9 -> 1873 | B10: =DETAILS!B9 -> MASIRA AKHTAR | C10: =VLOOKUP($A10,'UT-I '!$1:$1048576,3,0) -> 13 | D10: =IFERROR(ROUND(VLOOKUP($A10,'HALF YEARLY'!$1:$1048576,3,0)*0.8,0),VLOOKUP($A10,'HALF YEARLY'!$1:$1048576,3,0)) -> 0 | E10: =SUM(C10:D10) -> 13 | F10: =VLOOKUP($A10,'UT-I '!$1:$1048576,4,0) -> 13 | G10: =IFERROR(ROUND(VLOOKUP($A10,'HALF YEARLY'!$1:$1048576,4,0)*0.8,0),VLOOKUP($A10,'HALF YEARLY'!$1:$1048576,4,0)) -> 0 | H10: =SUM(F10:G10) -> 13 | I10: =VLOOKUP($A10,'UT-I '!$1:$1048576,5,0) -> 16 | J10: =IFERROR(ROUND(VLOOKUP($A10,'HALF YEARLY'!$1:$1048576,5,0)*0.8,0),VLOOKUP($A10,'HALF YEARLY'!$1:$1048576,5,0)) -> 0 | K10: =SUM(I10:J10) -> 16 | L10: =VLOOKUP($A10,'UT-I '!$1:$1048576,6,0) -> 17 | M10: =IFERROR(ROUND(VLOOKUP($A10,'HALF YEARLY'!$1:$1048576,6,0)*0.8,0),VLOOKUP($A10,'HALF YEARLY'!$1:$1048576,6,0)) -> 0 | N10: =SUM(L10:M10) -> 17 | O10: =VLOOKUP($A10,'UT-I '!$1:$1048576,7,0) -> 14 | P10: =IFERROR(ROUND(VLOOKUP($A10,'HALF YEARLY'!$1:$1048576,7,0)*0.8,0),VLOOKUP($A10,'HALF YEARLY'!$1:$1048576,7,0)) -> 0 | Q10: =SUM(O10:P10) -> 14 | R10: =VLOOKUP($A10,'UT-I '!$1:$1048576,8,0) -> 17 | S10: =IFERROR(ROUND(VLOOKUP($A10,'HALF YEARLY'!$1:$1048576,8,0)*0.8,0),VLOOKUP($A10,'HALF YEARLY'!$1:$1048576,8,0)) -> 0 | T10: =SUM(R10:S10) -> 17 | U10: =VLOOKUP($A10,'HALF YEARLY'!$1:$1048576,9,0) -> 0 | V10: =VLOOKUP($A10,'HALF YEARLY'!$1:$1048576,10,0) -> 0 | W10: =VLOOKUP($A10,'HALF YEARLY'!$1:$1048576,11,0) -> 0 | X10: =VLOOKUP($A10,'HALF YEARLY'!$1:$1048576,12,0) -> 0 | Y10: =VLOOKUP($A10,'HALF YEARLY'!$1:$1048576,13,0) -> 0 | Z10: =VLOOKUP($A10,'HALF YEARLY'!$1:$1048576,14,0) -> 0 | AA10: =VLOOKUP($A10,'HALF YEARLY'!$1:$1048576,15,0) -> 0
A11: =DETAILS!A10 -> 1491 | B11: =DETAILS!B10 -> SIDDHARTH | C11: =VLOOKUP($A11,'UT-I '!$1:$1048576,3,0) -> 11 | D11: =IFERROR(ROUND(VLOOKUP($A11,'HALF YEARLY'!$1:$1048576,3,0)*0.8,0),VLOOKUP($A11,'HALF YEARLY'!$1:$1048576,3,0)) -> 0 | E11: =SUM(C11:D11) -> 11 | F11: =VLOOKUP($A11,'UT-I '!$1:$1048576,4,0) -> 7 | G11: =IFERROR(ROUND(VLOOKUP($A11,'HALF YEARLY'!$1:$1048576,4,0)*0.8,0),VLOOKUP($A11,'HALF YEARLY'!$1:$1048576,4,0)) -> 0 | H11: =SUM(F11:G11) -> 7 | I11: =VLOOKUP($A11,'UT-I '!$1:$1048576,5,0) -> 11 | J11: =IFERROR(ROUND(VLOOKUP($A11,'HALF YEARLY'!$1:$1048576,5,0)*0.8,0),VLOOKUP($A11,'HALF YEARLY'!$1:$1048576,5,0)) -> 0 | K11: =SUM(I11:J11) -> 11 | L11: =VLOOKUP($A11,'UT-I '!$1:$1048576,6,0) -> 16 | M11: =IFERROR(ROUND(VLOOKUP($A11,'HALF YEARLY'!$1:$1048576,6,0)*0.8,0),VLOOKUP($A11,'HALF YEARLY'!$1:$1048576,6,0)) -> 0 | N11: =SUM(L11:M11) -> 16 | O11: =VLOOKUP($A11,'UT-I '!$1:$1048576,7,0) -> 8 | P11: =IFERROR(ROUND(VLOOKUP($A11,'HALF YEARLY'!$1:$1048576,7,0)*0.8,0),VLOOKUP($A11,'HALF YEARLY'!$1:$1048576,7,0)) -> 0 | Q11: =SUM(O11:P11) -> 8 | R11: =VLOOKUP($A11,'UT-I '!$1:$1048576,8,0) -> 15 | S11: =IFERROR(ROUND(VLOOKUP($A11,'HALF YEARLY'!$1:$1048576,8,0)*0.8,0),VLOOKUP($A11,'HALF YEARLY'!$1:$1048576,8,0)) -> 0 | T11: =SUM(R11:S11) -> 15 | U11: =VLOOKUP($A11,'HALF YEARLY'!$1:$1048576,9,0) -> 0 | V11: =VLOOKUP($A11,'HALF YEARLY'!$1:$1048576,10,0) -> 0 | W11: =VLOOKUP($A11,'HALF YEARLY'!$1:$1048576,11,0) -> 0 | X11: =VLOOKUP($A11,'HALF YEARLY'!$1:$1048576,12,0) -> 0 | Y11: =VLOOKUP($A11,'HALF YEARLY'!$1:$1048576,13,0) -> 0 | Z11: =VLOOKUP($A11,'HALF YEARLY'!$1:$1048576,14,0) -> 0 | AA11: =VLOOKUP($A11,'HALF YEARLY'!$1:$1048576,15,0) -> 0
A12: =DETAILS!A11 -> 701 | B12: =DETAILS!B11 -> YASH SONI | C12: =VLOOKUP($A12,'UT-I '!$1:$1048576,3,0) -> AB | D12: =IFERROR(ROUND(VLOOKUP($A12,'HALF YEARLY'!$1:$1048576,3,0)*0.8,0),VLOOKUP($A12,'HALF YEARLY'!$1:$1048576,3,0)) -> 0 | E12: =SUM(C12:D12) -> 0 | F12: =VLOOKUP($A12,'UT-I '!$1:$1048576,4,0) -> AB | G12: =IFERROR(ROUND(VLOOKUP($A12,'HALF YEARLY'!$1:$1048576,4,0)*0.8,0),VLOOKUP($A12,'HALF YEARLY'!$1:$1048576,4,0)) -> 0 | H12: =SUM(F12:G12) -> 0 | I12: =VLOOKUP($A12,'UT-I '!$1:$1048576,5,0) -> AB | J12: =IFERROR(ROUND(VLOOKUP($A12,'HALF YEARLY'!$1:$1048576,5,0)*0.8,0),VLOOKUP($A12,'HALF YEARLY'!$1:$1048576,5,0)) -> 0 | K12: =SUM(I12:J12) -> 0 | L12: =VLOOKUP($A12,'UT-I '!$1:$1048576,6,0) -> AB | M12: =IFERROR(ROUND(VLOOKUP($A12,'HALF YEARLY'!$1:$1048576,6,0)*0.8,0),VLOOKUP($A12,'HALF YEARLY'!$1:$1048576,6,0)) -> 0 | N12: =SUM(L12:M12) -> 0 | O12: =VLOOKUP($A12,'UT-I '!$1:$1048576,7,0) -> AB | P12: =IFERROR(ROUND(VLOOKUP($A12,'HALF YEARLY'!$1:$1048576,7,0)*0.8,0),VLOOKUP($A12,'HALF YEARLY'!$1:$1048576,7,0)) -> 0 | Q12: =SUM(O12:P12) -> 0 | R12: =VLOOKUP($A12,'UT-I '!$1:$1048576,8,0) -> AB | S12: =IFERROR(ROUND(VLOOKUP($A12,'HALF YEARLY'!$1:$1048576,8,0)*0.8,0),VLOOKUP($A12,'HALF YEARLY'!$1:$1048576,8,0)) -> 0 | T12: =SUM(R12:S12) -> 0 | U12: =VLOOKUP($A12,'HALF YEARLY'!$1:$1048576,9,0) -> 0 | V12: =VLOOKUP($A12,'HALF YEARLY'!$1:$1048576,10,0) -> 0 | W12: =VLOOKUP($A12,'HALF YEARLY'!$1:$1048576,11,0) -> 0 | X12: =VLOOKUP($A12,'HALF YEARLY'!$1:$1048576,12,0) -> 0 | Y12: =VLOOKUP($A12,'HALF YEARLY'!$1:$1048576,13,0) -> 0 | Z12: =VLOOKUP($A12,'HALF YEARLY'!$1:$1048576,14,0) -> 0 | AA12: =VLOOKUP($A12,'HALF YEARLY'!$1:$1048576,15,0) -> 0
A13: =DETAILS!#REF! -> #REF! | B13: =DETAILS!#REF! -> #REF! | C13: =VLOOKUP($A13,'UT-I '!$1:$1048576,3,0) -> #REF! | D13: =IFERROR(ROUND(VLOOKUP($A13,'HALF YEARLY'!$1:$1048576,3,0)*0.8,0),VLOOKUP($A13,'HALF YEARLY'!$1:$1048576,3,0)) -> #REF! | E13: =SUM(C13:D13) -> #REF! | F13: =VLOOKUP($A13,'UT-I '!$1:$1048576,4,0) -> #REF! | G13: =IFERROR(ROUND(VLOOKUP($A13,'HALF YEARLY'!$1:$1048576,4,0)*0.8,0),VLOOKUP($A13,'HALF YEARLY'!$1:$1048576,4,0)) -> #REF! | H13: =SUM(F13:G13) -> #REF! | I13: =VLOOKUP($A13,'UT-I '!$1:$1048576,5,0) -> #REF! | J13: =IFERROR(ROUND(VLOOKUP($A13,'HALF YEARLY'!$1:$1048576,5,0)*0.8,0),VLOOKUP($A13,'HALF YEARLY'!$1:$1048576,5,0)) -> #REF! | K13: =SUM(I13:J13) -> #REF! | L13: =VLOOKUP($A13,'UT-I '!$1:$1048576,6,0) -> #REF! | M13: =IFERROR(ROUND(VLOOKUP($A13,'HALF YEARLY'!$1:$1048576,6,0)*0.8,0),VLOOKUP($A13,'HALF YEARLY'!$1:$1048576,6,0)) -> #REF! | N13: =SUM(L13:M13) -> #REF! | O13: =VLOOKUP($A13,'UT-I '!$1:$1048576,7,0) -> #REF! | P13: =IFERROR(ROUND(VLOOKUP($A13,'HALF YEARLY'!$1:$1048576,7,0)*0.8,0),VLOOKUP($A13,'HALF YEARLY'!$1:$1048576,7,0)) -> #REF! | Q13: =SUM(O13:P13) -> #REF! | R13: =VLOOKUP($A13,'UT-I '!$1:$1048576,8,0) -> #REF! | S13: =IFERROR(ROUND(VLOOKUP($A13,'HALF YEARLY'!$1:$1048576,8,0)*0.8,0),VLOOKUP($A13,'HALF YEARLY'!$1:$1048576,8,0)) -> #REF! | T13: =SUM(R13:S13) -> #REF! | U13: =VLOOKUP($A13,'HALF YEARLY'!$1:$1048576,9,0) -> #REF! | V13: =VLOOKUP($A13,'HALF YEARLY'!$1:$1048576,10,0) -> #REF! | W13: =VLOOKUP($A13,'HALF YEARLY'!$1:$1048576,11,0) -> #REF! | X13: =VLOOKUP($A13,'HALF YEARLY'!$1:$1048576,12,0) -> #REF! | Y13: =VLOOKUP($A13,'HALF YEARLY'!$1:$1048576,13,0) -> #REF! | Z13: =VLOOKUP($A13,'HALF YEARLY'!$1:$1048576,14,0) -> #REF! | AA13: =VLOOKUP($A13,'HALF YEARLY'!$1:$1048576,15,0) -> #REF!
A14: =DETAILS!#REF! -> #REF! | B14: =DETAILS!#REF! -> #REF! | C14: =VLOOKUP($A14,'UT-I '!$1:$1048576,3,0) -> #REF! | D14: =IFERROR(ROUND(VLOOKUP($A14,'HALF YEARLY'!$1:$1048576,3,0)*0.8,0),VLOOKUP($A14,'HALF YEARLY'!$1:$1048576,3,0)) -> #REF! | E14: =SUM(C14:D14) -> #REF! | F14: =VLOOKUP($A14,'UT-I '!$1:$1048576,4,0) -> #REF! | G14: =IFERROR(ROUND(VLOOKUP($A14,'HALF YEARLY'!$1:$1048576,4,0)*0.8,0),VLOOKUP($A14,'HALF YEARLY'!$1:$1048576,4,0)) -> #REF! | H14: =SUM(F14:G14) -> #REF! | I14: =VLOOKUP($A14,'UT-I '!$1:$1048576,5,0) -> #REF! | J14: =IFERROR(ROUND(VLOOKUP($A14,'HALF YEARLY'!$1:$1048576,5,0)*0.8,0),VLOOKUP($A14,'HALF YEARLY'!$1:$1048576,5,0)) -> #REF! | K14: =SUM(I14:J14) -> #REF! | L14: =VLOOKUP($A14,'UT-I '!$1:$1048576,6,0) -> #REF! | M14: =IFERROR(ROUND(VLOOKUP($A14,'HALF YEARLY'!$1:$1048576,6,0)*0.8,0),VLOOKUP($A14,'HALF YEARLY'!$1:$1048576,6,0)) -> #REF! | N14: =SUM(L14:M14) -> #REF! | O14: =VLOOKUP($A14,'UT-I '!$1:$1048576,7,0) -> #REF! | P14: =IFERROR(ROUND(VLOOKUP($A14,'HALF YEARLY'!$1:$1048576,7,0)*0.8,0),VLOOKUP($A14,'HALF YEARLY'!$1:$1048576,7,0)) -> #REF! | Q14: =SUM(O14:P14) -> #REF! | R14: =VLOOKUP($A14,'UT-I '!$1:$1048576,8,0) -> #REF! | S14: =IFERROR(ROUND(VLOOKUP($A14,'HALF YEARLY'!$1:$1048576,8,0)*0.8,0),VLOOKUP($A14,'HALF YEARLY'!$1:$1048576,8,0)) -> #REF! | T14: =SUM(R14:S14) -> #REF! | U14: =VLOOKUP($A14,'HALF YEARLY'!$1:$1048576,9,0) -> #REF! | V14: =VLOOKUP($A14,'HALF YEARLY'!$1:$1048576,10,0) -> #REF! | W14: =VLOOKUP($A14,'HALF YEARLY'!$1:$1048576,11,0) -> #REF! | X14: =VLOOKUP($A14,'HALF YEARLY'!$1:$1048576,12,0) -> #REF! | Y14: =VLOOKUP($A14,'HALF YEARLY'!$1:$1048576,13,0) -> #REF! | Z14: =VLOOKUP($A14,'HALF YEARLY'!$1:$1048576,14,0) -> #REF! | AA14: =VLOOKUP($A14,'HALF YEARLY'!$1:$1048576,15,0) -> #REF!
A15: =DETAILS!#REF! -> #REF! | B15: =DETAILS!#REF! -> #REF! | C15: =VLOOKUP($A15,'UT-I '!$1:$1048576,3,0) -> #REF! | D15: =IFERROR(ROUND(VLOOKUP($A15,'HALF YEARLY'!$1:$1048576,3,0)*0.8,0),VLOOKUP($A15,'HALF YEARLY'!$1:$1048576,3,0)) -> #REF! | E15: =SUM(C15:D15) -> #REF! | F15: =VLOOKUP($A15,'UT-I '!$1:$1048576,4,0) -> #REF! | G15: =IFERROR(ROUND(VLOOKUP($A15,'HALF YEARLY'!$1:$1048576,4,0)*0.8,0),VLOOKUP($A15,'HALF YEARLY'!$1:$1048576,4,0)) -> #REF! | H15: =SUM(F15:G15) -> #REF! | I15: =VLOOKUP($A15,'UT-I '!$1:$1048576,5,0) -> #REF! | J15: =IFERROR(ROUND(VLOOKUP($A15,'HALF YEARLY'!$1:$1048576,5,0)*0.8,0),VLOOKUP($A15,'HALF YEARLY'!$1:$1048576,5,0)) -> #REF! | K15: =SUM(I15:J15) -> #REF! | L15: =VLOOKUP($A15,'UT-I '!$1:$1048576,6,0) -> #REF! | M15: =IFERROR(ROUND(VLOOKUP($A15,'HALF YEARLY'!$1:$1048576,6,0)*0.8,0),VLOOKUP($A15,'HALF YEARLY'!$1:$1048576,6,0)) -> #REF! | N15: =SUM(L15:M15) -> #REF! | O15: =VLOOKUP($A15,'UT-I '!$1:$1048576,7,0) -> #REF! | P15: =IFERROR(ROUND(VLOOKUP($A15,'HALF YEARLY'!$1:$1048576,7,0)*0.8,0),VLOOKUP($A15,'HALF YEARLY'!$1:$1048576,7,0)) -> #REF! | Q15: =SUM(O15:P15) -> #REF! | R15: =VLOOKUP($A15,'UT-I '!$1:$1048576,8,0) -> #REF! | S15: =IFERROR(ROUND(VLOOKUP($A15,'HALF YEARLY'!$1:$1048576,8,0)*0.8,0),VLOOKUP($A15,'HALF YEARLY'!$1:$1048576,8,0)) -> #REF! | T15: =SUM(R15:S15) -> #REF! | U15: =VLOOKUP($A15,'HALF YEARLY'!$1:$1048576,9,0) -> #REF! | V15: =VLOOKUP($A15,'HALF YEARLY'!$1:$1048576,10,0) -> #REF! | W15: =VLOOKUP($A15,'HALF YEARLY'!$1:$1048576,11,0) -> #REF! | X15: =VLOOKUP($A15,'HALF YEARLY'!$1:$1048576,12,0) -> #REF! | Y15: =VLOOKUP($A15,'HALF YEARLY'!$1:$1048576,13,0) -> #REF! | Z15: =VLOOKUP($A15,'HALF YEARLY'!$1:$1048576,14,0) -> #REF! | AA15: =VLOOKUP($A15,'HALF YEARLY'!$1:$1048576,15,0) -> #REF!
A16: =DETAILS!#REF! -> #REF! | B16: =DETAILS!#REF! -> #REF! | C16: =VLOOKUP($A16,'UT-I '!$1:$1048576,3,0) -> #REF! | D16: =IFERROR(ROUND(VLOOKUP($A16,'HALF YEARLY'!$1:$1048576,3,0)*0.8,0),VLOOKUP($A16,'HALF YEARLY'!$1:$1048576,3,0)) -> #REF! | E16: =SUM(C16:D16) -> #REF! | F16: =VLOOKUP($A16,'UT-I '!$1:$1048576,4,0) -> #REF! | G16: =IFERROR(ROUND(VLOOKUP($A16,'HALF YEARLY'!$1:$1048576,4,0)*0.8,0),VLOOKUP($A16,'HALF YEARLY'!$1:$1048576,4,0)) -> #REF! | H16: =SUM(F16:G16) -> #REF! | I16: =VLOOKUP($A16,'UT-I '!$1:$1048576,5,0) -> #REF! | J16: =IFERROR(ROUND(VLOOKUP($A16,'HALF YEARLY'!$1:$1048576,5,0)*0.8,0),VLOOKUP($A16,'HALF YEARLY'!$1:$1048576,5,0)) -> #REF! | K16: =SUM(I16:J16) -> #REF! | L16: =VLOOKUP($A16,'UT-I '!$1:$1048576,6,0) -> #REF! | M16: =IFERROR(ROUND(VLOOKUP($A16,'HALF YEARLY'!$1:$1048576,6,0)*0.8,0),VLOOKUP($A16,'HALF YEARLY'!$1:$1048576,6,0)) -> #REF! | N16: =SUM(L16:M16) -> #REF! | O16: =VLOOKUP($A16,'UT-I '!$1:$1048576,7,0) -> #REF! | P16: =IFERROR(ROUND(VLOOKUP($A16,'HALF YEARLY'!$1:$1048576,7,0)*0.8,0),VLOOKUP($A16,'HALF YEARLY'!$1:$1048576,7,0)) -> #REF! | Q16: =SUM(O16:P16) -> #REF! | R16: =VLOOKUP($A16,'UT-I '!$1:$1048576,8,0) -> #REF! | S16: =IFERROR(ROUND(VLOOKUP($A16,'HALF YEARLY'!$1:$1048576,8,0)*0.8,0),VLOOKUP($A16,'HALF YEARLY'!$1:$1048576,8,0)) -> #REF! | T16: =SUM(R16:S16) -> #REF! | U16: =VLOOKUP($A16,'HALF YEARLY'!$1:$1048576,9,0) -> #REF! | V16: =VLOOKUP($A16,'HALF YEARLY'!$1:$1048576,10,0) -> #REF! | W16: =VLOOKUP($A16,'HALF YEARLY'!$1:$1048576,11,0) -> #REF! | X16: =VLOOKUP($A16,'HALF YEARLY'!$1:$1048576,12,0) -> #REF! | Y16: =VLOOKUP($A16,'HALF YEARLY'!$1:$1048576,13,0) -> #REF! | Z16: =VLOOKUP($A16,'HALF YEARLY'!$1:$1048576,14,0) -> #REF! | AA16: =VLOOKUP($A16,'HALF YEARLY'!$1:$1048576,15,0) -> #REF!
A17: =DETAILS!#REF! -> #REF! | B17: =DETAILS!#REF! -> #REF! | C17: =VLOOKUP($A17,'UT-I '!$1:$1048576,3,0) -> #REF! | D17: =IFERROR(ROUND(VLOOKUP($A17,'HALF YEARLY'!$1:$1048576,3,0)*0.8,0),VLOOKUP($A17,'HALF YEARLY'!$1:$1048576,3,0)) -> #REF! | E17: =SUM(C17:D17) -> #REF! | F17: =VLOOKUP($A17,'UT-I '!$1:$1048576,4,0) -> #REF! | G17: =IFERROR(ROUND(VLOOKUP($A17,'HALF YEARLY'!$1:$1048576,4,0)*0.8,0),VLOOKUP($A17,'HALF YEARLY'!$1:$1048576,4,0)) -> #REF! | H17: =SUM(F17:G17) -> #REF! | I17: =VLOOKUP($A17,'UT-I '!$1:$1048576,5,0) -> #REF! | J17: =IFERROR(ROUND(VLOOKUP($A17,'HALF YEARLY'!$1:$1048576,5,0)*0.8,0),VLOOKUP($A17,'HALF YEARLY'!$1:$1048576,5,0)) -> #REF! | K17: =SUM(I17:J17) -> #REF! | L17: =VLOOKUP($A17,'UT-I '!$1:$1048576,6,0) -> #REF! | M17: =IFERROR(ROUND(VLOOKUP($A17,'HALF YEARLY'!$1:$1048576,6,0)*0.8,0),VLOOKUP($A17,'HALF YEARLY'!$1:$1048576,6,0)) -> #REF! | N17: =SUM(L17:M17) -> #REF! | O17: =VLOOKUP($A17,'UT-I '!$1:$1048576,7,0) -> #REF! | P17: =IFERROR(ROUND(VLOOKUP($A17,'HALF YEARLY'!$1:$1048576,7,0)*0.8,0),VLOOKUP($A17,'HALF YEARLY'!$1:$1048576,7,0)) -> #REF! | Q17: =SUM(O17:P17) -> #REF! | R17: =VLOOKUP($A17,'UT-I '!$1:$1048576,8,0) -> #REF! | S17: =IFERROR(ROUND(VLOOKUP($A17,'HALF YEARLY'!$1:$1048576,8,0)*0.8,0),VLOOKUP($A17,'HALF YEARLY'!$1:$1048576,8,0)) -> #REF! | T17: =SUM(R17:S17) -> #REF! | U17: =VLOOKUP($A17,'HALF YEARLY'!$1:$1048576,9,0) -> #REF! | V17: =VLOOKUP($A17,'HALF YEARLY'!$1:$1048576,10,0) -> #REF! | W17: =VLOOKUP($A17,'HALF YEARLY'!$1:$1048576,11,0) -> #REF! | X17: =VLOOKUP($A17,'HALF YEARLY'!$1:$1048576,12,0) -> #REF! | Y17: =VLOOKUP($A17,'HALF YEARLY'!$1:$1048576,13,0) -> #REF! | Z17: =VLOOKUP($A17,'HALF YEARLY'!$1:$1048576,14,0) -> #REF! | AA17: =VLOOKUP($A17,'HALF YEARLY'!$1:$1048576,15,0) -> #REF!
A18: =DETAILS!#REF! -> #REF! | B18: =DETAILS!#REF! -> #REF! | C18: =VLOOKUP($A18,'UT-I '!$1:$1048576,3,0) -> #REF! | D18: =IFERROR(ROUND(VLOOKUP($A18,'HALF YEARLY'!$1:$1048576,3,0)*0.8,0),VLOOKUP($A18,'HALF YEARLY'!$1:$1048576,3,0)) -> #REF! | E18: =SUM(C18:D18) -> #REF! | F18: =VLOOKUP($A18,'UT-I '!$1:$1048576,4,0) -> #REF! | G18: =IFERROR(ROUND(VLOOKUP($A18,'HALF YEARLY'!$1:$1048576,4,0)*0.8,0),VLOOKUP($A18,'HALF YEARLY'!$1:$1048576,4,0)) -> #REF! | H18: =SUM(F18:G18) -> #REF! | I18: =VLOOKUP($A18,'UT-I '!$1:$1048576,5,0) -> #REF! | J18: =IFERROR(ROUND(VLOOKUP($A18,'HALF YEARLY'!$1:$1048576,5,0)*0.8,0),VLOOKUP($A18,'HALF YEARLY'!$1:$1048576,5,0)) -> #REF! | K18: =SUM(I18:J18) -> #REF! | L18: =VLOOKUP($A18,'UT-I '!$1:$1048576,6,0) -> #REF! | M18: =IFERROR(ROUND(VLOOKUP($A18,'HALF YEARLY'!$1:$1048576,6,0)*0.8,0),VLOOKUP($A18,'HALF YEARLY'!$1:$1048576,6,0)) -> #REF! | N18: =SUM(L18:M18) -> #REF! | O18: =VLOOKUP($A18,'UT-I '!$1:$1048576,7,0) -> #REF! | P18: =IFERROR(ROUND(VLOOKUP($A18,'HALF YEARLY'!$1:$1048576,7,0)*0.8,0),VLOOKUP($A18,'HALF YEARLY'!$1:$1048576,7,0)) -> #REF! | Q18: =SUM(O18:P18) -> #REF! | R18: =VLOOKUP($A18,'UT-I '!$1:$1048576,8,0) -> #REF! | S18: =IFERROR(ROUND(VLOOKUP($A18,'HALF YEARLY'!$1:$1048576,8,0)*0.8,0),VLOOKUP($A18,'HALF YEARLY'!$1:$1048576,8,0)) -> #REF! | T18: =SUM(R18:S18) -> #REF! | U18: =VLOOKUP($A18,'HALF YEARLY'!$1:$1048576,9,0) -> #REF! | V18: =VLOOKUP($A18,'HALF YEARLY'!$1:$1048576,10,0) -> #REF! | W18: =VLOOKUP($A18,'HALF YEARLY'!$1:$1048576,11,0) -> #REF! | X18: =VLOOKUP($A18,'HALF YEARLY'!$1:$1048576,12,0) -> #REF! | Y18: =VLOOKUP($A18,'HALF YEARLY'!$1:$1048576,13,0) -> #REF! | Z18: =VLOOKUP($A18,'HALF YEARLY'!$1:$1048576,14,0) -> #REF! | AA18: =VLOOKUP($A18,'HALF YEARLY'!$1:$1048576,15,0) -> #REF!
A19: =DETAILS!#REF! -> #REF! | B19: =DETAILS!#REF! -> #REF! | C19: =VLOOKUP($A19,'UT-I '!$1:$1048576,3,0) -> #REF! | D19: =IFERROR(ROUND(VLOOKUP($A19,'HALF YEARLY'!$1:$1048576,3,0)*0.8,0),VLOOKUP($A19,'HALF YEARLY'!$1:$1048576,3,0)) -> #REF! | E19: =SUM(C19:D19) -> #REF! | F19: =VLOOKUP($A19,'UT-I '!$1:$1048576,4,0) -> #REF! | G19: =IFERROR(ROUND(VLOOKUP($A19,'HALF YEARLY'!$1:$1048576,4,0)*0.8,0),VLOOKUP($A19,'HALF YEARLY'!$1:$1048576,4,0)) -> #REF! | H19: =SUM(F19:G19) -> #REF! | I19: =VLOOKUP($A19,'UT-I '!$1:$1048576,5,0) -> #REF! | J19: =IFERROR(ROUND(VLOOKUP($A19,'HALF YEARLY'!$1:$1048576,5,0)*0.8,0),VLOOKUP($A19,'HALF YEARLY'!$1:$1048576,5,0)) -> #REF! | K19: =SUM(I19:J19) -> #REF! | L19: =VLOOKUP($A19,'UT-I '!$1:$1048576,6,0) -> #REF! | M19: =IFERROR(ROUND(VLOOKUP($A19,'HALF YEARLY'!$1:$1048576,6,0)*0.8,0),VLOOKUP($A19,'HALF YEARLY'!$1:$1048576,6,0)) -> #REF! | N19: =SUM(L19:M19) -> #REF! | O19: =VLOOKUP($A19,'UT-I '!$1:$1048576,7,0) -> #REF! | P19: =IFERROR(ROUND(VLOOKUP($A19,'HALF YEARLY'!$1:$1048576,7,0)*0.8,0),VLOOKUP($A19,'HALF YEARLY'!$1:$1048576,7,0)) -> #REF! | Q19: =SUM(O19:P19) -> #REF! | R19: =VLOOKUP($A19,'UT-I '!$1:$1048576,8,0) -> #REF! | S19: =IFERROR(ROUND(VLOOKUP($A19,'HALF YEARLY'!$1:$1048576,8,0)*0.8,0),VLOOKUP($A19,'HALF YEARLY'!$1:$1048576,8,0)) -> #REF! | T19: =SUM(R19:S19) -> #REF! | U19: =VLOOKUP($A19,'HALF YEARLY'!$1:$1048576,9,0) -> #REF! | V19: =VLOOKUP($A19,'HALF YEARLY'!$1:$1048576,10,0) -> #REF! | W19: =VLOOKUP($A19,'HALF YEARLY'!$1:$1048576,11,0) -> #REF! | X19: =VLOOKUP($A19,'HALF YEARLY'!$1:$1048576,12,0) -> #REF! | Y19: =VLOOKUP($A19,'HALF YEARLY'!$1:$1048576,13,0) -> #REF! | Z19: =VLOOKUP($A19,'HALF YEARLY'!$1:$1048576,14,0) -> #REF! | AA19: =VLOOKUP($A19,'HALF YEARLY'!$1:$1048576,15,0) -> #REF!
A20: =DETAILS!#REF! -> #REF! | B20: =DETAILS!#REF! -> #REF! | C20: =VLOOKUP($A20,'UT-I '!$1:$1048576,3,0) -> #REF! | D20: =IFERROR(ROUND(VLOOKUP($A20,'HALF YEARLY'!$1:$1048576,3,0)*0.8,0),VLOOKUP($A20,'HALF YEARLY'!$1:$1048576,3,0)) -> #REF! | E20: =SUM(C20:D20) -> #REF! | F20: =VLOOKUP($A20,'UT-I '!$1:$1048576,4,0) -> #REF! | G20: =IFERROR(ROUND(VLOOKUP($A20,'HALF YEARLY'!$1:$1048576,4,0)*0.8,0),VLOOKUP($A20,'HALF YEARLY'!$1:$1048576,4,0)) -> #REF! | H20: =SUM(F20:G20) -> #REF! | I20: =VLOOKUP($A20,'UT-I '!$1:$1048576,5,0) -> #REF! | J20: =IFERROR(ROUND(VLOOKUP($A20,'HALF YEARLY'!$1:$1048576,5,0)*0.8,0),VLOOKUP($A20,'HALF YEARLY'!$1:$1048576,5,0)) -> #REF! | K20: =SUM(I20:J20) -> #REF! | L20: =VLOOKUP($A20,'UT-I '!$1:$1048576,6,0) -> #REF! | M20: =IFERROR(ROUND(VLOOKUP($A20,'HALF YEARLY'!$1:$1048576,6,0)*0.8,0),VLOOKUP($A20,'HALF YEARLY'!$1:$1048576,6,0)) -> #REF! | N20: =SUM(L20:M20) -> #REF! | O20: =VLOOKUP($A20,'UT-I '!$1:$1048576,7,0) -> #REF! | P20: =IFERROR(ROUND(VLOOKUP($A20,'HALF YEARLY'!$1:$1048576,7,0)*0.8,0),VLOOKUP($A20,'HALF YEARLY'!$1:$1048576,7,0)) -> #REF! | Q20: =SUM(O20:P20) -> #REF! | R20: =VLOOKUP($A20,'UT-I '!$1:$1048576,8,0) -> #REF! | S20: =IFERROR(ROUND(VLOOKUP($A20,'HALF YEARLY'!$1:$1048576,8,0)*0.8,0),VLOOKUP($A20,'HALF YEARLY'!$1:$1048576,8,0)) -> #REF! | T20: =SUM(R20:S20) -> #REF! | U20: =VLOOKUP($A20,'HALF YEARLY'!$1:$1048576,9,0) -> #REF! | V20: =VLOOKUP($A20,'HALF YEARLY'!$1:$1048576,10,0) -> #REF! | W20: =VLOOKUP($A20,'HALF YEARLY'!$1:$1048576,11,0) -> #REF! | X20: =VLOOKUP($A20,'HALF YEARLY'!$1:$1048576,12,0) -> #REF! | Y20: =VLOOKUP($A20,'HALF YEARLY'!$1:$1048576,13,0) -> #REF! | Z20: =VLOOKUP($A20,'HALF YEARLY'!$1:$1048576,14,0) -> #REF! | AA20: =VLOOKUP($A20,'HALF YEARLY'!$1:$1048576,15,0) -> #REF!
A21: =DETAILS!#REF! -> #REF! | B21: =DETAILS!#REF! -> #REF! | C21: =VLOOKUP($A21,'UT-I '!$1:$1048576,3,0) -> #REF! | D21: =IFERROR(ROUND(VLOOKUP($A21,'HALF YEARLY'!$1:$1048576,3,0)*0.8,0),VLOOKUP($A21,'HALF YEARLY'!$1:$1048576,3,0)) -> #REF! | E21: =SUM(C21:D21) -> #REF! | F21: =VLOOKUP($A21,'UT-I '!$1:$1048576,4,0) -> #REF! | G21: =IFERROR(ROUND(VLOOKUP($A21,'HALF YEARLY'!$1:$1048576,4,0)*0.8,0),VLOOKUP($A21,'HALF YEARLY'!$1:$1048576,4,0)) -> #REF! | H21: =SUM(F21:G21) -> #REF! | I21: =VLOOKUP($A21,'UT-I '!$1:$1048576,5,0) -> #REF! | J21: =IFERROR(ROUND(VLOOKUP($A21,'HALF YEARLY'!$1:$1048576,5,0)*0.8,0),VLOOKUP($A21,'HALF YEARLY'!$1:$1048576,5,0)) -> #REF! | K21: =SUM(I21:J21) -> #REF! | L21: =VLOOKUP($A21,'UT-I '!$1:$1048576,6,0) -> #REF! | M21: =IFERROR(ROUND(VLOOKUP($A21,'HALF YEARLY'!$1:$1048576,6,0)*0.8,0),VLOOKUP($A21,'HALF YEARLY'!$1:$1048576,6,0)) -> #REF! | N21: =SUM(L21:M21) -> #REF! | O21: =VLOOKUP($A21,'UT-I '!$1:$1048576,7,0) -> #REF! | P21: =IFERROR(ROUND(VLOOKUP($A21,'HALF YEARLY'!$1:$1048576,7,0)*0.8,0),VLOOKUP($A21,'HALF YEARLY'!$1:$1048576,7,0)) -> #REF! | Q21: =SUM(O21:P21) -> #REF! | R21: =VLOOKUP($A21,'UT-I '!$1:$1048576,8,0) -> #REF! | S21: =IFERROR(ROUND(VLOOKUP($A21,'HALF YEARLY'!$1:$1048576,8,0)*0.8,0),VLOOKUP($A21,'HALF YEARLY'!$1:$1048576,8,0)) -> #REF! | T21: =SUM(R21:S21) -> #REF! | U21: =VLOOKUP($A21,'HALF YEARLY'!$1:$1048576,9,0) -> #REF! | V21: =VLOOKUP($A21,'HALF YEARLY'!$1:$1048576,10,0) -> #REF! | W21: =VLOOKUP($A21,'HALF YEARLY'!$1:$1048576,11,0) -> #REF! | X21: =VLOOKUP($A21,'HALF YEARLY'!$1:$1048576,12,0) -> #REF! | Y21: =VLOOKUP($A21,'HALF YEARLY'!$1:$1048576,13,0) -> #REF! | Z21: =VLOOKUP($A21,'HALF YEARLY'!$1:$1048576,14,0) -> #REF! | AA21: =VLOOKUP($A21,'HALF YEARLY'!$1:$1048576,15,0) -> #REF!
A22: =DETAILS!#REF! -> #REF! | B22: =DETAILS!#REF! -> #REF! | C22: =VLOOKUP($A22,'UT-I '!$1:$1048576,3,0) -> #REF! | D22: =IFERROR(ROUND(VLOOKUP($A22,'HALF YEARLY'!$1:$1048576,3,0)*0.8,0),VLOOKUP($A22,'HALF YEARLY'!$1:$1048576,3,0)) -> #REF! | E22: =SUM(C22:D22) -> #REF! | F22: =VLOOKUP($A22,'UT-I '!$1:$1048576,4,0) -> #REF! | G22: =IFERROR(ROUND(VLOOKUP($A22,'HALF YEARLY'!$1:$1048576,4,0)*0.8,0),VLOOKUP($A22,'HALF YEARLY'!$1:$1048576,4,0)) -> #REF! | H22: =SUM(F22:G22) -> #REF! | I22: =VLOOKUP($A22,'UT-I '!$1:$1048576,5,0) -> #REF! | J22: =IFERROR(ROUND(VLOOKUP($A22,'HALF YEARLY'!$1:$1048576,5,0)*0.8,0),VLOOKUP($A22,'HALF YEARLY'!$1:$1048576,5,0)) -> #REF! | K22: =SUM(I22:J22) -> #REF! | L22: =VLOOKUP($A22,'UT-I '!$1:$1048576,6,0) -> #REF! | M22: =IFERROR(ROUND(VLOOKUP($A22,'HALF YEARLY'!$1:$1048576,6,0)*0.8,0),VLOOKUP($A22,'HALF YEARLY'!$1:$1048576,6,0)) -> #REF! | N22: =SUM(L22:M22) -> #REF! | O22: =VLOOKUP($A22,'UT-I '!$1:$1048576,7,0) -> #REF! | P22: =IFERROR(ROUND(VLOOKUP($A22,'HALF YEARLY'!$1:$1048576,7,0)*0.8,0),VLOOKUP($A22,'HALF YEARLY'!$1:$1048576,7,0)) -> #REF! | Q22: =SUM(O22:P22) -> #REF! | R22: =VLOOKUP($A22,'UT-I '!$1:$1048576,8,0) -> #REF! | S22: =IFERROR(ROUND(VLOOKUP($A22,'HALF YEARLY'!$1:$1048576,8,0)*0.8,0),VLOOKUP($A22,'HALF YEARLY'!$1:$1048576,8,0)) -> #REF! | T22: =SUM(R22:S22) -> #REF! | U22: =VLOOKUP($A22,'HALF YEARLY'!$1:$1048576,9,0) -> #REF! | V22: =VLOOKUP($A22,'HALF YEARLY'!$1:$1048576,10,0) -> #REF! | W22: =VLOOKUP($A22,'HALF YEARLY'!$1:$1048576,11,0) -> #REF! | X22: =VLOOKUP($A22,'HALF YEARLY'!$1:$1048576,12,0) -> #REF! | Y22: =VLOOKUP($A22,'HALF YEARLY'!$1:$1048576,13,0) -> #REF! | Z22: =VLOOKUP($A22,'HALF YEARLY'!$1:$1048576,14,0) -> #REF! | AA22: =VLOOKUP($A22,'HALF YEARLY'!$1:$1048576,15,0) -> #REF!
A23: =DETAILS!#REF! -> #REF! | B23: =DETAILS!#REF! -> #REF! | C23: =VLOOKUP($A23,'UT-I '!$1:$1048576,3,0) -> #REF! | D23: =IFERROR(ROUND(VLOOKUP($A23,'HALF YEARLY'!$1:$1048576,3,0)*0.8,0),VLOOKUP($A23,'HALF YEARLY'!$1:$1048576,3,0)) -> #REF! | E23: =SUM(C23:D23) -> #REF! | F23: =VLOOKUP($A23,'UT-I '!$1:$1048576,4,0) -> #REF! | G23: =IFERROR(ROUND(VLOOKUP($A23,'HALF YEARLY'!$1:$1048576,4,0)*0.8,0),VLOOKUP($A23,'HALF YEARLY'!$1:$1048576,4,0)) -> #REF! | H23: =SUM(F23:G23) -> #REF! | I23: =VLOOKUP($A23,'UT-I '!$1:$1048576,5,0) -> #REF! | J23: =IFERROR(ROUND(VLOOKUP($A23,'HALF YEARLY'!$1:$1048576,5,0)*0.8,0),VLOOKUP($A23,'HALF YEARLY'!$1:$1048576,5,0)) -> #REF! | K23: =SUM(I23:J23) -> #REF! | L23: =VLOOKUP($A23,'UT-I '!$1:$1048576,6,0) -> #REF! | M23: =IFERROR(ROUND(VLOOKUP($A23,'HALF YEARLY'!$1:$1048576,6,0)*0.8,0),VLOOKUP($A23,'HALF YEARLY'!$1:$1048576,6,0)) -> #REF! | N23: =SUM(L23:M23) -> #REF! | O23: =VLOOKUP($A23,'UT-I '!$1:$1048576,7,0) -> #REF! | P23: =IFERROR(ROUND(VLOOKUP($A23,'HALF YEARLY'!$1:$1048576,7,0)*0.8,0),VLOOKUP($A23,'HALF YEARLY'!$1:$1048576,7,0)) -> #REF! | Q23: =SUM(O23:P23) -> #REF! | R23: =VLOOKUP($A23,'UT-I '!$1:$1048576,8,0) -> #REF! | S23: =IFERROR(ROUND(VLOOKUP($A23,'HALF YEARLY'!$1:$1048576,8,0)*0.8,0),VLOOKUP($A23,'HALF YEARLY'!$1:$1048576,8,0)) -> #REF! | T23: =SUM(R23:S23) -> #REF! | U23: =VLOOKUP($A23,'HALF YEARLY'!$1:$1048576,9,0) -> #REF! | V23: =VLOOKUP($A23,'HALF YEARLY'!$1:$1048576,10,0) -> #REF! | W23: =VLOOKUP($A23,'HALF YEARLY'!$1:$1048576,11,0) -> #REF! | X23: =VLOOKUP($A23,'HALF YEARLY'!$1:$1048576,12,0) -> #REF! | Y23: =VLOOKUP($A23,'HALF YEARLY'!$1:$1048576,13,0) -> #REF! | Z23: =VLOOKUP($A23,'HALF YEARLY'!$1:$1048576,14,0) -> #REF! | AA23: =VLOOKUP($A23,'HALF YEARLY'!$1:$1048576,15,0) -> #REF!
A24: =DETAILS!#REF! -> #REF! | B24: =DETAILS!#REF! -> #REF! | C24: =VLOOKUP($A24,'UT-I '!$1:$1048576,3,0) -> #REF! | D24: =IFERROR(ROUND(VLOOKUP($A24,'HALF YEARLY'!$1:$1048576,3,0)*0.8,0),VLOOKUP($A24,'HALF YEARLY'!$1:$1048576,3,0)) -> #REF! | E24: =SUM(C24:D24) -> #REF! | F24: =VLOOKUP($A24,'UT-I '!$1:$1048576,4,0) -> #REF! | G24: =IFERROR(ROUND(VLOOKUP($A24,'HALF YEARLY'!$1:$1048576,4,0)*0.8,0),VLOOKUP($A24,'HALF YEARLY'!$1:$1048576,4,0)) -> #REF! | H24: =SUM(F24:G24) -> #REF! | I24: =VLOOKUP($A24,'UT-I '!$1:$1048576,5,0) -> #REF! | J24: =IFERROR(ROUND(VLOOKUP($A24,'HALF YEARLY'!$1:$1048576,5,0)*0.8,0),VLOOKUP($A24,'HALF YEARLY'!$1:$1048576,5,0)) -> #REF! | K24: =SUM(I24:J24) -> #REF! | L24: =VLOOKUP($A24,'UT-I '!$1:$1048576,6,0) -> #REF! | M24: =IFERROR(ROUND(VLOOKUP($A24,'HALF YEARLY'!$1:$1048576,6,0)*0.8,0),VLOOKUP($A24,'HALF YEARLY'!$1:$1048576,6,0)) -> #REF! | N24: =SUM(L24:M24) -> #REF! | O24: =VLOOKUP($A24,'UT-I '!$1:$1048576,7,0) -> #REF! | P24: =IFERROR(ROUND(VLOOKUP($A24,'HALF YEARLY'!$1:$1048576,7,0)*0.8,0),VLOOKUP($A24,'HALF YEARLY'!$1:$1048576,7,0)) -> #REF! | Q24: =SUM(O24:P24) -> #REF! | R24: =VLOOKUP($A24,'UT-I '!$1:$1048576,8,0) -> #REF! | S24: =IFERROR(ROUND(VLOOKUP($A24,'HALF YEARLY'!$1:$1048576,8,0)*0.8,0),VLOOKUP($A24,'HALF YEARLY'!$1:$1048576,8,0)) -> #REF! | T24: =SUM(R24:S24) -> #REF! | U24: =VLOOKUP($A24,'HALF YEARLY'!$1:$1048576,9,0) -> #REF! | V24: =VLOOKUP($A24,'HALF YEARLY'!$1:$1048576,10,0) -> #REF! | W24: =VLOOKUP($A24,'HALF YEARLY'!$1:$1048576,11,0) -> #REF! | X24: =VLOOKUP($A24,'HALF YEARLY'!$1:$1048576,12,0) -> #REF! | Y24: =VLOOKUP($A24,'HALF YEARLY'!$1:$1048576,13,0) -> #REF! | Z24: =VLOOKUP($A24,'HALF YEARLY'!$1:$1048576,14,0) -> #REF! | AA24: =VLOOKUP($A24,'HALF YEARLY'!$1:$1048576,15,0) -> #REF!
... A41: =DETAILS!#REF! -> #REF! | B41: =DETAILS!#REF! -> #REF! | C41: =VLOOKUP($A41,'UT-I '!$1:$1048576,3,0) -> #REF! | D41: =IFERROR(ROUND(VLOOKUP($A41,'HALF YEARLY'!$1:$1048576,3,0)*0.8,0),VLOOKUP($A41,'HALF YEARLY'!$1:$1048576,3,0)) -> #REF! | E41: =SUM(C41:D41) -> #REF! | F41: =VLOOKUP($A41,'UT-I '!$1:$1048576,4,0) -> #REF! | G41: =IFERROR(ROUND(VLOOKUP($A41,'HALF YEARLY'!$1:$1048576,4,0)*0.8,0),VLOOKUP($A41,'HALF YEARLY'!$1:$1048576,4,0)) -> #REF! | H41: =SUM(F41:G41) -> #REF! | I41: =VLOOKUP($A41,'UT-I '!$1:$1048576,5,0) -> #REF! | J41: =IFERROR(ROUND(VLOOKUP($A41,'HALF YEARLY'!$1:$1048576,5,0)*0.8,0),VLOOKUP($A41,'HALF YEARLY'!$1:$1048576,5,0)) -> #REF! | K41: =SUM(I41:J41) -> #REF! | L41: =VLOOKUP($A41,'UT-I '!$1:$1048576,6,0) -> #REF! | M41: =IFERROR(ROUND(VLOOKUP($A41,'HALF YEARLY'!$1:$1048576,6,0)*0.8,0),VLOOKUP($A41,'HALF YEARLY'!$1:$1048576,6,0)) -> #REF! | N41: =SUM(L41:M41) -> #REF! | O41: =VLOOKUP($A41,'UT-I '!$1:$1048576,7,0) -> #REF! | P41: =IFERROR(ROUND(VLOOKUP($A41,'HALF YEARLY'!$1:$1048576,7,0)*0.8,0),VLOOKUP($A41,'HALF YEARLY'!$1:$1048576,7,0)) -> #REF! | Q41: =SUM(O41:P41) -> #REF! | R41: =VLOOKUP($A41,'UT-I '!$1:$1048576,8,0) -> #REF! | S41: =IFERROR(ROUND(VLOOKUP($A41,'HALF YEARLY'!$1:$1048576,8,0)*0.8,0),VLOOKUP($A41,'HALF YEARLY'!$1:$1048576,8,0)) -> #REF! | T41: =SUM(R41:S41) -> #REF! | U41: =VLOOKUP($A41,'HALF YEARLY'!$1:$1048576,9,0) -> #REF! | V41: =VLOOKUP($A41,'HALF YEARLY'!$1:$1048576,10,0) -> #REF! | W41: =VLOOKUP($A41,'HALF YEARLY'!$1:$1048576,11,0) -> #REF! | X41: =VLOOKUP($A41,'HALF YEARLY'!$1:$1048576,12,0) -> #REF! | Y41: =VLOOKUP($A41,'HALF YEARLY'!$1:$1048576,13,0) -> #REF! | Z41: =VLOOKUP($A41,'HALF YEARLY'!$1:$1048576,14,0) -> #REF! | AA41: =VLOOKUP($A41,'HALF YEARLY'!$1:$1048576,15,0) -> #REF!

Sheet HY Report
B2: SAINIK PUBLIC SCHOOL
B3: (Affiliated to C.B.S.E. New Delhi- Reg. No. : 2131299)
B4: Building No. VB1893, Vikas Bhawan Ward,
B5: Nagar Palika Parishad, Nawabganj, Barabanki
B6: HALF YEARLY REPORT CARD
B7: SESSION 2025-26
B8: STUDENT PROFILE
B9: Student's Name | C9: =": "&VLOOKUP($K$9,DETAILS!$1:$1048576,2,0) -> #N/A | I9: Admission No. : | K9: 1
B10: Mother's Name | C10: =": "&VLOOKUP($K$9,DETAILS!$1:$1048576,3,0) -> #N/A | I10: Class & Sec. : | K10: =VLOOKUP($K$9,DETAILS!$1:$1048576,6,0) -> #N/A
B11: Father's Name | C11: =": "&VLOOKUP($K$9,DETAILS!$1:$1048576,4,0) -> #N/A | I11: Date of Birth : | K11: =VLOOKUP($K$9,DETAILS!$1:$1048576,5,0) -> #N/A
B13: PART-1 : ACADEMIC PERFORMANCE-SCHOLASTIC AREAS
B14: SUBJECT | D14: UNIT TEST - I (20) | G14: HALF YEARLY (80) | K14: TOTAL (100)
B15: ENGLISH CORE | D15: =VLOOKUP($K$9,'HY Compile'!$1:$1048576,3,0) -> #N/A | G15: =VLOOKUP($K$9,'HY Compile'!$1:$1048576,4,0) -> #N/A | K15: =SUM(D15:J15) -> #N/A
B16: =VLOOKUP($K$9,DETAILS!$1:$1048576,7,0) -> #N/A | D16: =VLOOKUP($K$9,'HY Compile'!$1:$1048576,6,0) -> #N/A | G16: =VLOOKUP($K$9,'HY Compile'!$1:$1048576,7,0) -> #N/A | K16: =SUM(D16:J16) -> #N/A
B17: ACCOUNTANCY | D17: =VLOOKUP($K$9,'HY Compile'!$1:$1048576,9,0) -> #N/A | G17: =VLOOKUP($K$9,'HY Compile'!$1:$1048576,10,0) -> #N/A | K17: =SUM(D17:J17) -> #N/A
B18: BUSINESS STUDIES | D18: =VLOOKUP($K$9,'HY Compile'!$1:$1048576,12,0) -> #N/A | G18: =VLOOKUP($K$9,'HY Compile'!$1:$1048576,13,0) -> #N/A | K18: =SUM(D18:J18) -> #N/A
B19: ECONOMICS | D19: =VLOOKUP($K$9,'HY Compile'!$1:$1048576,15,0) -> #N/A | G19: =VLOOKUP($K$9,'HY Compile'!$1:$1048576,16,0) -> #N/A | K19: =SUM(D19:J19) -> #N/A
B20: PHYSICAL EDUCATION | D20: =VLOOKUP($K$9,'HY Compile'!$1:$1048576,18,0) -> #N/A | G20: =VLOOKUP($K$9,'HY Compile'!$1:$1048576,19,0) -> #N/A | K20: =SUM(D20:J20) -> #N/A
B22: Attendance | C22: =VLOOKUP($K$9,'HY Compile'!$1:$1048576,25,0) -> #N/A | D22: =VLOOKUP($K$9,'HY Compile'!$1:$1048576,26,0) -> #N/A | J22: Percentage : | L22: =ROUND(SUM(K15:M20)/6,2)&" %" -> #N/A
C23: =VLOOKUP($K$9,'HY Compile'!$1:$1048576,38,0) -> #N/A | D23: =VLOOKUP($K$9,'HY Compile'!$1:$1048576,38,0) -> #N/A | J23: Grand Total : | L23: =SUM(K15:M20)& "/600" -> #N/A
B26: PART-2:CO-SCHOLASTIC AREAS | K26: GRADE
B27: Work Education | K27: =VLOOKUP($K$9,'HY Compile'!$1:$1048576,21,0) -> #N/A
B28: Art Education | K28: =VLOOKUP($K$9,'HY Compile'!$1:$1048576,22,0) -> #N/A
B29: Health & Physical Education | K29: =VLOOKUP($K$9,'HY Compile'!$1:$1048576,23,0) -> #N/A
B30: Discipline | K30: =VLOOKUP($K$9,'HY Compile'!$1:$1048576,24,0) -> #N/A
B32: Mark Range | D32: 100-81 | F32: 80-61 | H32: 60-41 | J32: 40-33 | L32: 32-0
B33: Grade | D33: A | F33: B | H33: C | J33: D | L33: E
B36: ="Class Teacher's Remark: "&VLOOKUP($K$9,'HY Compile'!$1:$1048576,27,0) -> #N/A
B38: Issue Date: 10.10.2025
B41: Class Teacher's Signature | J41: Principal's Signature

Sheet UT-2(Entry)
A1: UNIT TEST-II (2025-26) CLASS - XI-Comm
A2: SR. NO. | B2: NAME | C2: ENGLISH | D2: HINDI/CS | E2: ACCOUNTANCY | F2: BUSINESS STUDIES | G2: ECONOMICS | H2: PHYSICAL EDUCATION | I2: Attendance
I3: Present | J3: Working Day
A4: =DETAILS!A3 -> 688 | B4: =DETAILS!B3 -> AMINUDDIN
A5: =DETAILS!A4 -> 1011 | B5: =DETAILS!B4 -> ARPIT VERMA
A6: =DETAILS!A5 -> 692 | B6: =DETAILS!B5 -> ATUL VERMA
A7: =DETAILS!A6 -> 1931 | B7: =DETAILS!B6 -> GAURAV GAUTAM
A8: =DETAILS!A7 -> 1509 | B8: =DETAILS!B7 -> HIMANSHU
A9: =DETAILS!A8 -> 694 | B9: =DETAILS!B8 -> JYOTIRADITYA DAS
A10: =DETAILS!A9 -> 1873 | B10: =DETAILS!B9 -> MASIRA AKHTAR
A11: =DETAILS!A10 -> 1491 | B11: =DETAILS!B10 -> SIDDHARTH
A12: =DETAILS!A11 -> 701 | B12: =DETAILS!B11 -> YASH SONI
A13: =DETAILS!#REF! -> #REF! | B13: =DETAILS!#REF! -> #REF!
A14: =DETAILS!#REF! -> #REF! | B14: =DETAILS!#REF! -> #REF!
A15: =DETAILS!#REF! -> #REF! | B15: =DETAILS!#REF! -> #REF!
A16: =DETAILS!#REF! -> #REF! | B16: =DETAILS!#REF! -> #REF!
A17: =DETAILS!#REF! -> #REF! | B17: =DETAILS!#REF! -> #REF!
A18: =DETAILS!#REF! -> #REF! | B18: =DETAILS!#REF! -> #REF!
A19: =DETAILS!#REF! -> #REF! | B19: =DETAILS!#REF! -> #REF!
A20: =DETAILS!#REF! -> #REF! | B20: =DETAILS!#REF! -> #REF!
A21: =DETAILS!#REF! -> #REF! | B21: =DETAILS!#REF! -> #REF!
A22: =DETAILS!#REF! -> #REF! | B22: =DETAILS!#REF! -> #REF!
A23: =DETAILS!#REF! -> #REF! | B23: =DETAILS!#REF! -> #REF!
A24: =DETAILS!#REF! -> #REF! | B24: =DETAILS!#REF! -> #REF!
... A42: =DETAILS!#REF! -> #REF! | B42: =DETAILS!#REF! -> #REF!

Sheet UT-2
A1: UNIT TEST-II (2025-26) CLASS - XI-Comm
A2: SR. NO. | B2: NAME | C2: ENGLISH | D2: HINDI/CS | E2: ACCOUNTANCY | F2: BUSINESS STUDIES | G2: ECONOMICS | H2: PHYSICAL EDUCATION | I2: TOTAL | J2: PERCENTAGE | K2: Attendance
K3: Present | L3: Working Day
A4: =DETAILS!A3 -> 688 | B4: =DETAILS!B3 -> AMINUDDIN | C4: =IFERROR(ROUND((VLOOKUP(A4,'UT-2(Entry)'!$1:$1048576,3,0))/2.5,0),VLOOKUP(A4,'UT-2(Entry)'!$1:$1048576,3,0)) -> 0 | D4: =IFERROR(ROUND((VLOOKUP(A4,'UT-2(Entry)'!$1:$1048576,4,0))/2.5,0),VLOOKUP(A4,'UT-2(Entry)'!$1:$1048576,4,0)) -> 0 | E4: =IFERROR(ROUND((VLOOKUP(A4,'UT-2(Entry)'!$1:$1048576,5,0))/2.5,0),VLOOKUP(A4,'UT-2(Entry)'!$1:$1048576,5,0)) -> 0 | F4: =IFERROR(ROUND((VLOOKUP(A4,'UT-2(Entry)'!$1:$1048576,6,0))/2.5,0),VLOOKUP(A4,'UT-2(Entry)'!$1:$1048576,6,0)) -> 0 | G4: =IFERROR(ROUND((VLOOKUP($A4,'UT-2(Entry)'!$1:$1048576,7,0))/2.5,0),VLOOKUP($A4,'UT-2(Entry)'!$1:$1048576,7,0)) -> 0 | H4: =IFERROR(ROUND((VLOOKUP($A4,'UT-2(Entry)'!$1:$1048576,8,0))/2.5,0),VLOOKUP($A4,'UT-2(Entry)'!$1:$1048576,8,0)) -> 0 | I4: =SUM(C4:H4) -> 0 | J4: =ROUND(I4/1.2,2)&" %" -> 0 % | K4: =VLOOKUP(A4,'UT-2(Entry)'!$1:$1048576,9,0) -> 0 | L4: =VLOOKUP(A4,'UT-2(Entry)'!$1:$1048576,10,0) -> 0
A5: =DETAILS!A4 -> 1011 | B5: =DETAILS!B4 -> ARPIT VERMA | C5: =IFERROR(ROUND((VLOOKUP(A5,'UT-2(Entry)'!$1:$1048576,3,0))/2.5,0),VLOOKUP(A5,'UT-2(Entry)'!$1:$1048576,3,0)) -> 0 | D5: =IFERROR(ROUND((VLOOKUP(A5,'UT-2(Entry)'!$1:$1048576,4,0))/2.5,0),VLOOKUP(A5,'UT-2(Entry)'!$1:$1048576,4,0)) -> 0 | E5: =IFERROR(ROUND((VLOOKUP(A5,'UT-2(Entry)'!$1:$1048576,5,0))/2.5,0),VLOOKUP(A5,'UT-2(Entry)'!$1:$1048576,5,0)) -> 0 | F5: =IFERROR(ROUND((VLOOKUP(A5,'UT-2(Entry)'!$1:$1048576,6,0))/2.5,0),VLOOKUP(A5,'UT-2(Entry)'!$1:$1048576,6,0)) -> 0 | G5: =IFERROR(ROUND((VLOOKUP($A5,'UT-2(Entry)'!$1:$1048576,7,0))/2.5,0),VLOOKUP($A5,'UT-2(Entry)'!$1:$1048576,7,0)) -> 0 | H5: =IFERROR(ROUND((VLOOKUP($A5,'UT-2(Entry)'!$1:$1048576,8,0))/2.5,0),VLOOKUP($A5,'UT-2(Entry)'!$1:$1048576,8,0)) -> 0 | I5: =SUM(C5:H5) -> 0 | J5: =ROUND(I5/1.2,2)&" %" -> 0 % | K5: =VLOOKUP(A5,'UT-2(Entry)'!$1:$1048576,9,0) -> 0 | L5: =VLOOKUP(A5,'UT-2(Entry)'!$1:$1048576,10,0) -> 0
A6: =DETAILS!A5 -> 692 | B6: =DETAILS!B5 -> ATUL VERMA | C6: =IFERROR(ROUND((VLOOKUP(A6,'UT-2(Entry)'!$1:$1048576,3,0))/2.5,0),VLOOKUP(A6,'UT-2(Entry)'!$1:$1048576,3,0)) -> 0 | D6: =IFERROR(ROUND((VLOOKUP(A6,'UT-2(Entry)'!$1:$1048576,4,0))/2.5,0),VLOOKUP(A6,'UT-2(Entry)'!$1:$1048576,4,0)) -> 0 | E6: =IFERROR(ROUND((VLOOKUP(A6,'UT-2(Entry)'!$1:$1048576,5,0))/2.5,0),VLOOKUP(A6,'UT-2(Entry)'!$1:$1048576,5,0)) -> 0 | F6: =IFERROR(ROUND((VLOOKUP(A6,'UT-2(Entry)'!$1:$1048576,6,0))/2.5,0),VLOOKUP(A6,'UT-2(Entry)'!$1:$1048576,6,0)) -> 0 | G6: =IFERROR(ROUND((VLOOKUP($A6,'UT-2(Entry)'!$1:$1048576,7,0))/2.5,0),VLOOKUP($A6,'UT-2(Entry)'!$1:$1048576,7,0)) -> 0 | H6: =IFERROR(ROUND((VLOOKUP($A6,'UT-2(Entry)'!$1:$1048576,8,0))/2.5,0),VLOOKUP($A6,'UT-2(Entry)'!$1:$1048576,8,0)) -> 0 | I6: =SUM(C6:H6) -> 0 | J6: =ROUND(I6/1.2,2)&" %" -> 0 % | K6: =VLOOKUP(A6,'UT-2(Entry)'!$1:$1048576,9,0) -> 0 | L6: =VLOOKUP(A6,'UT-2(Entry)'!$1:$1048576,10,0) -> 0
A7: =DETAILS!A6 -> 1931 | B7: =DETAILS!B6 -> GAURAV GAUTAM | C7: =IFERROR(ROUND((VLOOKUP(A7,'UT-2(Entry)'!$1:$1048576,3,0))/2.5,0),VLOOKUP(A7,'UT-2(Entry)'!$1:$1048576,3,0)) -> 0 | D7: =IFERROR(ROUND((VLOOKUP(A7,'UT-2(Entry)'!$1:$1048576,4,0))/2.5,0),VLOOKUP(A7,'UT-2(Entry)'!$1:$1048576,4,0)) -> 0 | E7: =IFERROR(ROUND((VLOOKUP(A7,'UT-2(Entry)'!$1:$1048576,5,0))/2.5,0),VLOOKUP(A7,'UT-2(Entry)'!$1:$1048576,5,0)) -> 0 | F7: =IFERROR(ROUND((VLOOKUP(A7,'UT-2(Entry)'!$1:$1048576,6,0))/2.5,0),VLOOKUP(A7,'UT-2(Entry)'!$1:$1048576,6,0)) -> 0 | G7: =IFERROR(ROUND((VLOOKUP($A7,'UT-2(Entry)'!$1:$1048576,7,0))/2.5,0),VLOOKUP($A7,'UT-2(Entry)'!$1:$1048576,7,0)) -> 0 | H7: =IFERROR(ROUND((VLOOKUP($A7,'UT-2(Entry)'!$1:$1048576,8,0))/2.5,0),VLOOKUP($A7,'UT-2(Entry)'!$1:$1048576,8,0)) -> 0 | I7: =SUM(C7:H7) -> 0 | J7: =ROUND(I7/1.2,2)&" %" -> 0 % | K7: =VLOOKUP(A7,'UT-2(Entry)'!$1:$1048576,9,0) -> 0 | L7: =VLOOKUP(A7,'UT-2(Entry)'!$1:$1048576,10,0) -> 0
A8: =DETAILS!A7 -> 1509 | B8: =DETAILS!B7 -> HIMANSHU | C8: =IFERROR(ROUND((VLOOKUP(A8,'UT-2(Entry)'!$1:$1048576,3,0))/2.5,0),VLOOKUP(A8,'UT-2(Entry)'!$1:$1048576,3,0)) -> 0 | D8: =IFERROR(ROUND((VLOOKUP(A8,'UT-2(Entry)'!$1:$1048576,4,0))/2.5,0),VLOOKUP(A8,'UT-2(Entry)'!$1:$1048576,4,0)) -> 0 | E8: =IFERROR(ROUND((VLOOKUP(A8,'UT-2(Entry)'!$1:$1048576,5,0))/2.5,0),VLOOKUP(A8,'UT-2(Entry)'!$1:$1048576,5,0)) -> 0 | F8: =IFERROR(ROUND((VLOOKUP(A8,'UT-2(Entry)'!$1:$1048576,6,0))/2.5,0),VLOOKUP(A8,'UT-2(Entry)'!$1:$1048576,6,0)) -> 0 | G8: =IFERROR(ROUND((VLOOKUP($A8,'UT-2(Entry)'!$1:$1048576,7,0))/2.5,0),VLOOKUP($A8,'UT-2(Entry)'!$1:$1048576,7,0)) -> 0 | H8: =IFERROR(ROUND((VLOOKUP($A8,'UT-2(Entry)'!$1:$1048576,8,0))/2.5,0),VLOOKUP($A8,'UT-2(Entry)'!$1:$1048576,8,0)) -> 0 | I8: =SUM(C8:H8) -> 0 | J8: =ROUND(I8/1.2,2)&" %" -> 0 % | K8: =VLOOKUP(A8,'UT-2(Entry)'!$1:$1048576,9,0) -> 0 | L8: =VLOOKUP(A8,'UT-2(Entry)'!$1:$1048576,10,0) -> 0
A9: =DETAILS!A8 -> 694 | B9: =DETAILS!B8 -> JYOTIRADITYA DAS | C9: =IFERROR(ROUND((VLOOKUP(A9,'UT-2(Entry)'!$1:$1048576,3,0))/2.5,0),VLOOKUP(A9,'UT-2(Entry)'!$1:$1048576,3,0)) -> 0 | D9: =IFERROR(ROUND((VLOOKUP(A9,'UT-2(Entry)'!$1:$1048576,4,0))/2.5,0),VLOOKUP(A9,'UT-2(Entry)'!$1:$1048576,4,0)) -> 0 | E9: =IFERROR(ROUND((VLOOKUP(A9,'UT-2(Entry)'!$1:$1048576,5,0))/2.5,0),VLOOKUP(A9,'UT-2(Entry)'!$1:$1048576,5,0)) -> 0 | F9: =IFERROR(ROUND((VLOOKUP(A9,'UT-2(Entry)'!$1:$1048576,6,0))/2.5,0),VLOOKUP(A9,'UT-2(Entry)'!$1:$1048576,6,0)) -> 0 | G9: =IFERROR(ROUND((VLOOKUP($A9,'UT-2(Entry)'!$1:$1048576,7,0))/2.5,0),VLOOKUP($A9,'UT-2(Entry)'!$1:$1048576,7,0)) -> 0 | H9: =IFERROR(ROUND((VLOOKUP($A9,'UT-2(Entry)'!$1:$1048576,8,0))/2.5,0),VLOOKUP($A9,'UT-2(Entry)'!$1:$1048576,8,0)) -> 0 | I9: =SUM(C9:H9) -> 0 | J9: =ROUND(I9/1.2,2)&" %" -> 0 % | K9: =VLOOKUP(A9,'UT-2(Entry)'!$1:$1048576,9,0) -> 0 | L9: =VLOOKUP(A9,'UT-2(Entry)'!$1:$1048576,10,0) -> 0
A10: =DETAILS!A9 -> 1873 | B10: =DETAILS!B9 -> MASIRA AKHTAR | C10: =IFERROR(ROUND((VLOOKUP(A10,'UT-2(Entry)'!$1:$1048576,3,0))/2.5,0),VLOOKUP(A10,'UT-2(Entry)'!$1:$1048576,3,0)) -> 0 | D10: =IFERROR(ROUND((VLOOKUP(A10,'UT-2(Entry)'!$1:$1048576,4,0))/2.5,0),VLOOKUP(A10,'UT-2(Entry)'!$1:$1048576,4,0)) -> 0 | E10: =IFERROR(ROUND((VLOOKUP(A10,'UT-2(Entry)'!$1:$1048576,5,0))/2.5,0),VLOOKUP(A10,'UT-2(Entry)'!$1:$1048576,5,0)) -> 0 | F10: =IFERROR(ROUND((VLOOKUP(A10,'UT-2(Entry)'!$1:$1048576,6,0))/2.5,0),VLOOKUP(A10,'UT-2(Entry)'!$1:$1048576,6,0)) -> 0 | G10: =IFERROR(ROUND((VLOOKUP($A10,'UT-2(Entry)'!$1:$1048576,7,0))/2.5,0),VLOOKUP($A10,'UT-2(Entry)'!$1:$1048576,7,0)) -> 0 | H10: =IFERROR(ROUND((VLOOKUP($A10,'UT-2(Entry)'!$1:$1048576,8,0))/2.5,0),VLOOKUP($A10,'UT-2(Entry)'!$1:$1048576,8,0)) -> 0 | I10: =SUM(C10:H10) -> 0 | J10: =ROUND(I10/1.2,2)&" %" -> 0 % | K10: =VLOOKUP(A10,'UT-2(Entry)'!$1:$1048576,9,0) -> 0 | L10: =VLOOKUP(A10,'UT-2(Entry)'!$1:$1048576,10,0) -> 0
A11: =DETAILS!A10 -> 1491 | B11: =DETAILS!B10 -> SIDDHARTH | C11: =IFERROR(ROUND((VLOOKUP(A11,'UT-2(Entry)'!$1:$1048576,3,0))/2.5,0),VLOOKUP(A11,'UT-2(Entry)'!$1:$1048576,3,0)) -> 0 | D11: =IFERROR(ROUND((VLOOKUP(A11,'UT-2(Entry)'!$1:$1048576,4,0))/2.5,0),VLOOKUP(A11,'UT-2(Entry)'!$1:$1048576,4,0)) -> 0 | E11: =IFERROR(ROUND((VLOOKUP(A11,'UT-2(Entry)'!$1:$1048576,5,0))/2.5,0),VLOOKUP(A11,'UT-2(Entry)'!$1:$1048576,5,0)) -> 0 | F11: =IFERROR(ROUND((VLOOKUP(A11,'UT-2(Entry)'!$1:$1048576,6,0))/2.5,0),VLOOKUP(A11,'UT-2(Entry)'!$1:$1048576,6,0)) -> 0 | G11: =IFERROR(ROUND((VLOOKUP($A11,'UT-2(Entry)'!$1:$1048576,7,0))/2.5,0),VLOOKUP($A11,'UT-2(Entry)'!$1:$1048576,7,0)) -> 0 | H11: =IFERROR(ROUND((VLOOKUP($A11,'UT-2(Entry)'!$1:$1048576,8,0))/2.5,0),VLOOKUP($A11,'UT-2(Entry)'!$1:$1048576,8,0)) -> 0 | I11: =SUM(C11:H11) -> 0 | J11: =ROUND(I11/1.2,2)&" %" -> 0 % | K11: =VLOOKUP(A11,'UT-2(Entry)'!$1:$1048576,9,0) -> 0 | L11: =VLOOKUP(A11,'UT-2(Entry)'!$1:$1048576,10,0) -> 0
A12: =DETAILS!A11 -> 701 | B12: =DETAILS!B11 -> YASH SONI | C12: =IFERROR(ROUND((VLOOKUP(A12,'UT-2(Entry)'!$1:$1048576,3,0))/2.5,0),VLOOKUP(A12,'UT-2(Entry)'!$1:$1048576,3,0)) -> 0 | D12: =IFERROR(ROUND((VLOOKUP(A12,'UT-2(Entry)'!$1:$1048576,4,0))/2.5,0),VLOOKUP(A12,'UT-2(Entry)'!$1:$1048576,4,0)) -> 0 | E12: =IFERROR(ROUND((VLOOKUP(A12,'UT-2(Entry)'!$1:$1048576,5,0))/2.5,0),VLOOKUP(A12,'UT-2(Entry)'!$1:$1048576,5,0)) -> 0 | F12: =IFERROR(ROUND((VLOOKUP(A12,'UT-2(Entry)'!$1:$1048576,6,0))/2.5,0),VLOOKUP(A12,'UT-2(Entry)'!$1:$1048576,6,0)) -> 0 | G12: =IFERROR(ROUND((VLOOKUP($A12,'UT-2(Entry)'!$1:$1048576,7,0))/2.5,0),VLOOKUP($A12,'UT-2(Entry)'!$1:$1048576,7,0)) -> 0 | H12: =IFERROR(ROUND((VLOOKUP($A12,'UT-2(Entry)'!$1:$1048576,8,0))/2.5,0),VLOOKUP($A12,'UT-2(Entry)'!$1:$1048576,8,0)) -> 0 | I12: =SUM(C12:H12) -> 0 | J12: =ROUND(I12/1.2,2)&" %" -> 0 % | K12: =VLOOKUP(A12,'UT-2(Entry)'!$1:$1048576,9,0) -> 0 | L12: =VLOOKUP(A12,'UT-2(Entry)'!$1:$1048576,10,0) -> 0
A13: =DETAILS!#REF! -> #REF! | B13: =DETAILS!#REF! -> #REF! | C13: =IFERROR(ROUND((VLOOKUP(A13,'UT-2(Entry)'!$1:$1048576,3,0))/2.5,0),VLOOKUP(A13,'UT-2(Entry)'!$1:$1048576,3,0)) -> #REF! | D13: =IFERROR(ROUND((VLOOKUP(A13,'UT-2(Entry)'!$1:$1048576,4,0))/2.5,0),VLOOKUP(A13,'UT-2(Entry)'!$1:$1048576,4,0)) -> #REF! | E13: =IFERROR(ROUND((VLOOKUP(A13,'UT-2(Entry)'!$1:$1048576,5,0))/2.5,0),VLOOKUP(A13,'UT-2(Entry)'!$1:$1048576,5,0)) -> #REF! | F13: =IFERROR(ROUND((VLOOKUP(A13,'UT-2(Entry)'!$1:$1048576,6,0))/2.5,0),VLOOKUP(A13,'UT-2(Entry)'!$1:$1048576,6,0)) -> #REF! | G13: =IFERROR(ROUND((VLOOKUP($A13,'UT-2(Entry)'!$1:$1048576,7,0))/2.5,0),VLOOKUP($A13,'UT-2(Entry)'!$1:$1048576,7,0)) -> #REF! | H13: =IFERROR(ROUND((VLOOKUP($A13,'UT-2(Entry)'!$1:$1048576,8,0))/2.5,0),VLOOKUP($A13,'UT-2(Entry)'!$1:$1048576,8,0)) -> #REF! | I13: =SUM(C13:H13) -> #REF! | J13: =ROUND(I13/1.2,2)&" %" -> #REF! | K13: =VLOOKUP(A13,'UT-2(Entry)'!$1:$1048576,9,0) -> #REF! | L13: =VLOOKUP(A13,'UT-2(Entry)'!$1:$1048576,10,0) -> #REF!
A14: =DETAILS!#REF! -> #REF! | B14: =DETAILS!#REF! -> #REF! | C14: =IFERROR(ROUND((VLOOKUP(A14,'UT-2(Entry)'!$1:$1048576,3,0))/2.5,0),VLOOKUP(A14,'UT-2(Entry)'!$1:$1048576,3,0)) -> #REF! | D14: =IFERROR(ROUND((VLOOKUP(A14,'UT-2(Entry)'!$1:$1048576,4,0))/2.5,0),VLOOKUP(A14,'UT-2(Entry)'!$1:$1048576,4,0)) -> #REF! | E14: =IFERROR(ROUND((VLOOKUP(A14,'UT-2(Entry)'!$1:$1048576,5,0))/2.5,0),VLOOKUP(A14,'UT-2(Entry)'!$1:$1048576,5,0)) -> #REF! | F14: =IFERROR(ROUND((VLOOKUP(A14,'UT-2(Entry)'!$1:$1048576,6,0))/2.5,0),VLOOKUP(A14,'UT-2(Entry)'!$1:$1048576,6,0)) -> #REF! | G14: =IFERROR(ROUND((VLOOKUP($A14,'UT-2(Entry)'!$1:$1048576,7,0))/2.5,0),VLOOKUP($A14,'UT-2(Entry)'!$1:$1048576,7,0)) -> #REF! | H14: =IFERROR(ROUND((VLOOKUP($A14,'UT-2(Entry)'!$1:$1048576,8,0))/2.5,0),VLOOKUP($A14,'UT-2(Entry)'!$1:$1048576,8,0)) -> #REF! | I14: =SUM(C14:H14) -> #REF! | J14: =ROUND(I14/1.2,2)&" %" -> #REF! | K14: =VLOOKUP(A14,'UT-2(Entry)'!$1:$1048576,9,0) -> #REF! | L14: =VLOOKUP(A14,'UT-2(Entry)'!$1:$1048576,10,0) -> #REF!
A15: =DETAILS!#REF! -> #REF! | B15: =DETAILS!#REF! -> #REF! | C15: =IFERROR(ROUND((VLOOKUP(A15,'UT-2(Entry)'!$1:$1048576,3,0))/2.5,0),VLOOKUP(A15,'UT-2(Entry)'!$1:$1048576,3,0)) -> #REF! | D15: =IFERROR(ROUND((VLOOKUP(A15,'UT-2(Entry)'!$1:$1048576,4,0))/2.5,0),VLOOKUP(A15,'UT-2(Entry)'!$1:$1048576,4,0)) -> #REF! | E15: =IFERROR(ROUND((VLOOKUP(A15,'UT-2(Entry)'!$1:$1048576,5,0))/2.5,0),VLOOKUP(A15,'UT-2(Entry)'!$1:$1048576,5,0)) -> #REF! | F15: =IFERROR(ROUND((VLOOKUP(A15,'UT-2(Entry)'!$1:$1048576,6,0))/2.5,0),VLOOKUP(A15,'UT-2(Entry)'!$1:$1048576,6,0)) -> #REF! | G15: =IFERROR(ROUND((VLOOKUP($A15,'UT-2(Entry)'!$1:$1048576,7,0))/2.5,0),VLOOKUP($A15,'UT-2(Entry)'!$1:$1048576,7,0)) -> #REF! | H15: =IFERROR(ROUND((VLOOKUP($A15,'UT-2(Entry)'!$1:$1048576,8,0))/2.5,0),VLOOKUP($A15,'UT-2(Entry)'!$1:$1048576,8,0)) -> #REF! | I15: =SUM(C15:H15) -> #REF! | J15: =ROUND(I15/1.2,2)&" %" -> #REF! | K15: =VLOOKUP(A15,'UT-2(Entry)'!$1:$1048576,9,0) -> #REF! | L15: =VLOOKUP(A15,'UT-2(Entry)'!$1:$1048576,10,0) -> #REF!
A16: =DETAILS!#REF! -> #REF! | B16: =DETAILS!#REF! -> #REF! | C16: =IFERROR(ROUND((VLOOKUP(A16,'UT-2(Entry)'!$1:$1048576,3,0))/2.5,0),VLOOKUP(A16,'UT-2(Entry)'!$1:$1048576,3,0)) -> #REF! | D16: =IFERROR(ROUND((VLOOKUP(A16,'UT-2(Entry)'!$1:$1048576,4,0))/2.5,0),VLOOKUP(A16,'UT-2(Entry)'!$1:$1048576,4,0)) -> #REF! | E16: =IFERROR(ROUND((VLOOKUP(A16,'UT-2(Entry)'!$1:$1048576,5,0))/2.5,0),VLOOKUP(A16,'UT-2(Entry)'!$1:$1048576,5,0)) -> #REF! | F16: =IFERROR(ROUND((VLOOKUP(A16,'UT-2(Entry)'!$1:$1048576,6,0))/2.5,0),VLOOKUP(A16,'UT-2(Entry)'!$1:$1048576,6,0)) -> #REF! | G16: =IFERROR(ROUND((VLOOKUP($A16,'UT-2(Entry)'!$1:$1048576,7,0))/2.5,0),VLOOKUP($A16,'UT-2(Entry)'!$1:$1048576,7,0)) -> #REF! | H16: =IFERROR(ROUND((VLOOKUP($A16,'UT-2(Entry)'!$1:$1048576,8,0))/2.5,0),VLOOKUP($A16,'UT-2(Entry)'!$1:$1048576,8,0)) -> #REF! | I16: =SUM(C16:H16) -> #REF! | J16: =ROUND(I16/1.2,2)&" %" -> #REF! | K16: =VLOOKUP(A16,'UT-2(Entry)'!$1:$1048576,9,0) -> #REF! | L16: =VLOOKUP(A16,'UT-2(Entry)'!$1:$1048576,10,0) -> #REF!
A17: =DETAILS!#REF! -> #REF! | B17: =DETAILS!#REF! -> #REF! | C17: =IFERROR(ROUND((VLOOKUP(A17,'UT-2(Entry)'!$1:$1048576,3,0))/2.5,0),VLOOKUP(A17,'UT-2(Entry)'!$1:$1048576,3,0)) -> #REF! | D17: =IFERROR(ROUND((VLOOKUP(A17,'UT-2(Entry)'!$1:$1048576,4,0))/2.5,0),VLOOKUP(A17,'UT-2(Entry)'!$1:$1048576,4,0)) -> #REF! | E17: =IFERROR(ROUND((VLOOKUP(A17,'UT-2(Entry)'!$1:$1048576,5,0))/2.5,0),VLOOKUP(A17,'UT-2(Entry)'!$1:$1048576,5,0)) -> #REF! | F17: =IFERROR(ROUND((VLOOKUP(A17,'UT-2(Entry)'!$1:$1048576,6,0))/2.5,0),VLOOKUP(A17,'UT-2(Entry)'!$1:$1048576,6,0)) -> #REF! | G17: =IFERROR(ROUND((VLOOKUP($A17,'UT-2(Entry)'!$1:$1048576,7,0))/2.5,0),VLOOKUP($A17,'UT-2(Entry)'!$1:$1048576,7,0)) -> #REF! | H17: =IFERROR(ROUND((VLOOKUP($A17,'UT-2(Entry)'!$1:$1048576,8,0))/2.5,0),VLOOKUP($A17,'UT-2(Entry)'!$1:$1048576,8,0)) -> #REF! | I17: =SUM(C17:H17) -> #REF! | J17: =ROUND(I17/1.2,2)&" %" -> #REF! | K17: =VLOOKUP(A17,'UT-2(Entry)'!$1:$1048576,9,0) -> #REF! | L17: =VLOOKUP(A17,'UT-2(Entry)'!$1:$1048576,10,0) -> #REF!
A18: =DETAILS!#REF! -> #REF! | B18: =DETAILS!#REF! -> #REF! | C18: =IFERROR(ROUND((VLOOKUP(A18,'UT-2(Entry)'!$1:$1048576,3,0))/2.5,0),VLOOKUP(A18,'UT-2(Entry)'!$1:$1048576,3,0)) -> #REF! | D18: =IFERROR(ROUND((VLOOKUP(A18,'UT-2(Entry)'!$1:$1048576,4,0))/2.5,0),VLOOKUP(A18,'UT-2(Entry)'!$1:$1048576,4,0)) -> #REF! | E18: =IFERROR(ROUND((VLOOKUP(A18,'UT-2(Entry)'!$1:$1048576,5,0))/2.5,0),VLOOKUP(A18,'UT-2(Entry)'!$1:$1048576,5,0)) -> #REF! | F18: =IFERROR(ROUND((VLOOKUP(A18,'UT-2(Entry)'!$1:$1048576,6,0))/2.5,0),VLOOKUP(A18,'UT-2(Entry)'!$1:$1048576,6,0)) -> #REF! | G18: =IFERROR(ROUND((VLOOKUP($A18,'UT-2(Entry)'!$1:$1048576,7,0))/2.5,0),VLOOKUP($A18,'UT-2(Entry)'!$1:$1048576,7,0)) -> #REF! | H18: =IFERROR(ROUND((VLOOKUP($A18,'UT-2(Entry)'!$1:$1048576,8,0))/2.5,0),VLOOKUP($A18,'UT-2(Entry)'!$1:$1048576,8,0)) -> #REF! | I18: =SUM(C18:H18) -> #REF! | J18: =ROUND(I18/1.2,2)&" %" -> #REF! | K18: =VLOOKUP(A18,'UT-2(Entry)'!$1:$1048576,9,0) -> #REF! | L18: =VLOOKUP(A18,'UT-2(Entry)'!$1:$1048576,10,0) -> #REF!
A19: =DETAILS!#REF! -> #REF! | B19: =DETAILS!#REF! -> #REF! | C19: =IFERROR(ROUND((VLOOKUP(A19,'UT-2(Entry)'!$1:$1048576,3,0))/2.5,0),VLOOKUP(A19,'UT-2(Entry)'!$1:$1048576,3,0)) -> #REF! | D19: =IFERROR(ROUND((VLOOKUP(A19,'UT-2(Entry)'!$1:$1048576,4,0))/2.5,0),VLOOKUP(A19,'UT-2(Entry)'!$1:$1048576,4,0)) -> #REF! | E19: =IFERROR(ROUND((VLOOKUP(A19,'UT-2(Entry)'!$1:$1048576,5,0))/2.5,0),VLOOKUP(A19,'UT-2(Entry)'!$1:$1048576,5,0)) -> #REF! | F19: =IFERROR(ROUND((VLOOKUP(A19,'UT-2(Entry)'!$1:$1048576,6,0))/2.5,0),VLOOKUP(A19,'UT-2(Entry)'!$1:$1048576,6,0)) -> #REF! | G19: =IFERROR(ROUND((VLOOKUP($A19,'UT-2(Entry)'!$1:$1048576,7,0))/2.5,0),VLOOKUP($A19,'UT-2(Entry)'!$1:$1048576,7,0)) -> #REF! | H19: =IFERROR(ROUND((VLOOKUP($A19,'UT-2(Entry)'!$1:$1048576,8,0))/2.5,0),VLOOKUP($A19,'UT-2(Entry)'!$1:$1048576,8,0)) -> #REF! | I19: =SUM(C19:H19) -> #REF! | J19: =ROUND(I19/1.2,2)&" %" -> #REF! | K19: =VLOOKUP(A19,'UT-2(Entry)'!$1:$1048576,9,0) -> #REF! | L19: =VLOOKUP(A19,'UT-2(Entry)'!$1:$1048576,10,0) -> #REF!
A20: =DETAILS!#REF! -> #REF! | B20: =DETAILS!#REF! -> #REF! | C20: =IFERROR(ROUND((VLOOKUP(A20,'UT-2(Entry)'!$1:$1048576,3,0))/2.5,0),VLOOKUP(A20,'UT-2(Entry)'!$1:$1048576,3,0)) -> #REF! | D20: =IFERROR(ROUND((VLOOKUP(A20,'UT-2(Entry)'!$1:$1048576,4,0))/2.5,0),VLOOKUP(A20,'UT-2(Entry)'!$1:$1048576,4,0)) -> #REF! | E20: =IFERROR(ROUND((VLOOKUP(A20,'UT-2(Entry)'!$1:$1048576,5,0))/2.5,0),VLOOKUP(A20,'UT-2(Entry)'!$1:$1048576,5,0)) -> #REF! | F20: =IFERROR(ROUND((VLOOKUP(A20,'UT-2(Entry)'!$1:$1048576,6,0))/2.5,0),VLOOKUP(A20,'UT-2(Entry)'!$1:$1048576,6,0)) -> #REF! | G20: =IFERROR(ROUND((VLOOKUP($A20,'UT-2(Entry)'!$1:$1048576,7,0))/2.5,0),VLOOKUP($A20,'UT-2(Entry)'!$1:$1048576,7,0)) -> #REF! | H20: =IFERROR(ROUND((VLOOKUP($A20,'UT-2(Entry)'!$1:$1048576,8,0))/2.5,0),VLOOKUP($A20,'UT-2(Entry)'!$1:$1048576,8,0)) -> #REF! | I20: =SUM(C20:H20) -> #REF! | J20: =ROUND(I20/1.2,2)&" %" -> #REF! | K20: =VLOOKUP(A20,'UT-2(Entry)'!$1:$1048576,9,0) -> #REF! | L20: =VLOOKUP(A20,'UT-2(Entry)'!$1:$1048576,10,0) -> #REF!
A21: =DETAILS!#REF! -> #REF! | B21: =DETAILS!#REF! -> #REF! | C21: =IFERROR(ROUND((VLOOKUP(A21,'UT-2(Entry)'!$1:$1048576,3,0))/2.5,0),VLOOKUP(A21,'UT-2(Entry)'!$1:$1048576,3,0)) -> #REF! | D21: =IFERROR(ROUND((VLOOKUP(A21,'UT-2(Entry)'!$1:$1048576,4,0))/2.5,0),VLOOKUP(A21,'UT-2(Entry)'!$1:$1048576,4,0)) -> #REF! | E21: =IFERROR(ROUND((VLOOKUP(A21,'UT-2(Entry)'!$1:$1048576,5,0))/2.5,0),VLOOKUP(A21,'UT-2(Entry)'!$1:$1048576,5,0)) -> #REF! | F21: =IFERROR(ROUND((VLOOKUP(A21,'UT-2(Entry)'!$1:$1048576,6,0))/2.5,0),VLOOKUP(A21,'UT-2(Entry)'!$1:$1048576,6,0)) -> #REF! | G21: =IFERROR(ROUND((VLOOKUP($A21,'UT-2(Entry)'!$1:$1048576,7,0))/2.5,0),VLOOKUP($A21,'UT-2(Entry)'!$1:$1048576,7,0)) -> #REF! | H21: =IFERROR(ROUND((VLOOKUP($A21,'UT-2(Entry)'!$1:$1048576,8,0))/2.5,0),VLOOKUP($A21,'UT-2(Entry)'!$1:$1048576,8,0)) -> #REF! | I21: =SUM(C21:H21) -> #REF! | J21: =ROUND(I21/1.2,2)&" %" -> #REF! | K21: =VLOOKUP(A21,'UT-2(Entry)'!$1:$1048576,9,0) -> #REF! | L21: =VLOOKUP(A21,'UT-2(Entry)'!$1:$1048576,10,0) -> #REF!
A22: =DETAILS!#REF! -> #REF! | B22: =DETAILS!#REF! -> #REF! | C22: =IFERROR(ROUND((VLOOKUP(A22,'UT-2(Entry)'!$1:$1048576,3,0))/2.5,0),VLOOKUP(A22,'UT-2(Entry)'!$1:$1048576,3,0)) -> #REF! | D22: =IFERROR(ROUND((VLOOKUP(A22,'UT-2(Entry)'!$1:$1048576,4,0))/2.5,0),VLOOKUP(A22,'UT-2(Entry)'!$1:$1048576,4,0)) -> #REF! | E22: =IFERROR(ROUND((VLOOKUP(A22,'UT-2(Entry)'!$1:$1048576,5,0))/2.5,0),VLOOKUP(A22,'UT-2(Entry)'!$1:$1048576,5,0)) -> #REF! | F22: =IFERROR(ROUND((VLOOKUP(A22,'UT-2(Entry)'!$1:$1048576,6,0))/2.5,0),VLOOKUP(A22,'UT-2(Entry)'!$1:$1048576,6,0)) -> #REF! | G22: =IFERROR(ROUND((VLOOKUP($A22,'UT-2(Entry)'!$1:$1048576,7,0))/2.5,0),VLOOKUP($A22,'UT-2(Entry)'!$1:$1048576,7,0)) -> #REF! | H22: =IFERROR(ROUND((VLOOKUP($A22,'UT-2(Entry)'!$1:$1048576,8,0))/2.5,0),VLOOKUP($A22,'UT-2(Entry)'!$1:$1048576,8,0)) -> #REF! | I22: =SUM(C22:H22) -> #REF! | J22: =ROUND(I22/1.2,2)&" %" -> #REF! | K22: =VLOOKUP(A22,'UT-2(Entry)'!$1:$1048576,9,0) -> #REF! | L22: =VLOOKUP(A22,'UT-2(Entry)'!$1:$1048576,10,0) -> #REF!
A23: =DETAILS!#REF! -> #REF! | B23: =DETAILS!#REF! -> #REF! | C23: =IFERROR(ROUND((VLOOKUP(A23,'UT-2(Entry)'!$1:$1048576,3,0))/2.5,0),VLOOKUP(A23,'UT-2(Entry)'!$1:$1048576,3,0)) -> #REF! | D23: =IFERROR(ROUND((VLOOKUP(A23,'UT-2(Entry)'!$1:$1048576,4,0))/2.5,0),VLOOKUP(A23,'UT-2(Entry)'!$1:$1048576,4,0)) -> #REF! | E23: =IFERROR(ROUND((VLOOKUP(A23,'UT-2(Entry)'!$1:$1048576,5,0))/2.5,0),VLOOKUP(A23,'UT-2(Entry)'!$1:$1048576,5,0)) -> #REF! | F23: =IFERROR(ROUND((VLOOKUP(A23,'UT-2(Entry)'!$1:$1048576,6,0))/2.5,0),VLOOKUP(A23,'UT-2(Entry)'!$1:$1048576,6,0)) -> #REF! | G23: =IFERROR(ROUND((VLOOKUP($A23,'UT-2(Entry)'!$1:$1048576,7,0))/2.5,0),VLOOKUP($A23,'UT-2(Entry)'!$1:$1048576,7,0)) -> #REF! | H23: =IFERROR(ROUND((VLOOKUP($A23,'UT-2(Entry)'!$1:$1048576,8,0))/2.5,0),VLOOKUP($A23,'UT-2(Entry)'!$1:$1048576,8,0)) -> #REF! | I23: =SUM(C23:H23) -> #REF! | J23: =ROUND(I23/1.2,2)&" %" -> #REF! | K23: =VLOOKUP(A23,'UT-2(Entry)'!$1:$1048576,9,0) -> #REF! | L23: =VLOOKUP(A23,'UT-2(Entry)'!$1:$1048576,10,0) -> #REF!
A24: =DETAILS!#REF! -> #REF! | B24: =DETAILS!#REF! -> #REF! | C24: =IFERROR(ROUND((VLOOKUP(A24,'UT-2(Entry)'!$1:$1048576,3,0))/2.5,0),VLOOKUP(A24,'UT-2(Entry)'!$1:$1048576,3,0)) -> #REF! | D24: =IFERROR(ROUND((VLOOKUP(A24,'UT-2(Entry)'!$1:$1048576,4,0))/2.5,0),VLOOKUP(A24,'UT-2(Entry)'!$1:$1048576,4,0)) -> #REF! | E24: =IFERROR(ROUND((VLOOKUP(A24,'UT-2(Entry)'!$1:$1048576,5,0))/2.5,0),VLOOKUP(A24,'UT-2(Entry)'!$1:$1048576,5,0)) -> #REF! | F24: =IFERROR(ROUND((VLOOKUP(A24,'UT-2(Entry)'!$1:$1048576,6,0))/2.5,0),VLOOKUP(A24,'UT-2(Entry)'!$1:$1048576,6,0)) -> #REF! | G24: =IFERROR(ROUND((VLOOKUP($A24,'UT-2(Entry)'!$1:$1048576,7,0))/2.5,0),VLOOKUP($A24,'UT-2(Entry)'!$1:$1048576,7,0)) -> #REF! | H24: =IFERROR(ROUND((VLOOKUP($A24,'UT-2(Entry)'!$1:$1048576,8,0))/2.5,0),VLOOKUP($A24,'UT-2(Entry)'!$1:$1048576,8,0)) -> #REF! | I24: =SUM(C24:H24) -> #REF! | J24: =ROUND(I24/1.2,2)&" %" -> #REF! | K24: =VLOOKUP(A24,'UT-2(Entry)'!$1:$1048576,9,0) -> #REF! | L24: =VLOOKUP(A24,'UT-2(Entry)'!$1:$1048576,10,0) -> #REF!
... A42: =DETAILS!#REF! -> #REF! | B42: =DETAILS!#REF! -> #REF! | C42: =IFERROR(ROUND((VLOOKUP(A42,'UT-2(Entry)'!$1:$1048576,3,0))/2.5,0),VLOOKUP(A42,'UT-2(Entry)'!$1:$1048576,3,0)) -> #REF! | D42: =IFERROR(ROUND((VLOOKUP(A42,'UT-2(Entry)'!$1:$1048576,4,0))/2.5,0),VLOOKUP(A42,'UT-2(Entry)'!$1:$1048576,4,0)) -> #REF! | E42: =IFERROR(ROUND((VLOOKUP(A42,'UT-2(Entry)'!$1:$1048576,5,0))/2.5,0),VLOOKUP(A42,'UT-2(Entry)'!$1:$1048576,5,0)) -> #REF! | F42: =IFERROR(ROUND((VLOOKUP(A42,'UT-2(Entry)'!$1:$1048576,6,0))/2.5,0),VLOOKUP(A42,'UT-2(Entry)'!$1:$1048576,6,0)) -> #REF! | G42: =IFERROR(ROUND((VLOOKUP($A42,'UT-2(Entry)'!$1:$1048576,7,0))/2.5,0),VLOOKUP($A42,'UT-2(Entry)'!$1:$1048576,7,0)) -> #REF! | H42: =IFERROR(ROUND((VLOOKUP($A42,'UT-2(Entry)'!$1:$1048576,8,0))/2.5,0),VLOOKUP($A42,'UT-2(Entry)'!$1:$1048576,8,0)) -> #REF! | I42: =SUM(C42:H42) -> #REF! | J42: =ROUND(I42/1.2,2)&" %" -> #REF! | K42: =VLOOKUP(A42,'UT-2(Entry)'!$1:$1048576,9,0) -> #REF! | L42: =VLOOKUP(A42,'UT-2(Entry)'!$1:$1048576,10,0) -> #REF!

Sheet Annual(Entry)
A1: ANNUAL EXAMINATION (2025-26) CLASS - XI-Comm
A2: SR. NO. | B2: NAME | C2: ENGLISH | D2: HINDI/CS | E2: ACCOUNTACNY | F2: BUSINESS STUDIES | G2: ECONOMICS | H2: PHYSICAL EDUCATION | I2: WORK EDUCATION | J2: ART EDUCATION | K2: HEALTH & PHYSICAL EDUCATION | L2: DISCIPLINE | M2: Total Present | N2: Total Working | O2: Class Teacher's Remark | P2: TOTAL | Q2: Percentage
A3: =DETAILS!A3 -> 688 | B3: =DETAILS!B3 -> AMINUDDIN | P3: =SUM(C3:H3) -> 0 | Q3: =ROUND(P3/6,2)&" %" -> 0 %
A4: =DETAILS!A4 -> 1011 | B4: =DETAILS!B4 -> ARPIT VERMA | P4: =SUM(C4:H4) -> 0 | Q4: =ROUND(P4/6,2)&" %" -> 0 %
A5: =DETAILS!A5 -> 692 | B5: =DETAILS!B5 -> ATUL VERMA | P5: =SUM(C5:H5) -> 0 | Q5: =ROUND(P5/6,2)&" %" -> 0 %
A6: =DETAILS!A6 -> 1931 | B6: =DETAILS!B6 -> GAURAV GAUTAM | P6: =SUM(C6:H6) -> 0 | Q6: =ROUND(P6/6,2)&" %" -> 0 %
A7: =DETAILS!A7 -> 1509 | B7: =DETAILS!B7 -> HIMANSHU | P7: =SUM(C7:H7) -> 0 | Q7: =ROUND(P7/6,2)&" %" -> 0 %
A8: =DETAILS!A8 -> 694 | B8: =DETAILS!B8 -> JYOTIRADITYA DAS | P8: =SUM(C8:H8) -> 0 | Q8: =ROUND(P8/6,2)&" %" -> 0 %
A9: =DETAILS!A9 -> 1873 | B9: =DETAILS!B9 -> MASIRA AKHTAR | P9: =SUM(C9:H9) -> 0 | Q9: =ROUND(P9/6,2)&" %" -> 0 %
A10: =DETAILS!A10 -> 1491 | B10: =DETAILS!B10 -> SIDDHARTH | P10: =SUM(C10:H10) -> 0 | Q10: =ROUND(P10/6,2)&" %" -> 0 %
A11: =DETAILS!A11 -> 701 | B11: =DETAILS!B11 -> YASH SONI | P11: =SUM(C11:H11) -> 0 | Q11: =ROUND(P11/6,2)&" %" -> 0 %
A12: =DETAILS!#REF! -> #REF! | B12: =DETAILS!#REF! -> #REF! | P12: =SUM(C12:H12) -> 0 | Q12: =ROUND(P12/6,2)&" %" -> 0 %
A13: =DETAILS!#REF! -> #REF! | B13: =DETAILS!#REF! -> #REF! | P13: =SUM(C13:H13) -> 0 | Q13: =ROUND(P13/6,2)&" %" -> 0 %
A14: =DETAILS!#REF! -> #REF! | B14: =DETAILS!#REF! -> #REF! | P14: =SUM(C14:H14) -> 0 | Q14: =ROUND(P14/6,2)&" %" -> 0 %
A15: =DETAILS!#REF! -> #REF! | B15: =DETAILS!#REF! -> #REF! | P15: =SUM(C15:H15) -> 0 | Q15: =ROUND(P15/6,2)&" %" -> 0 %
A16: =DETAILS!#REF! -> #REF! | B16: =DETAILS!#REF! -> #REF! | P16: =SUM(C16:H16) -> 0 | Q16: =ROUND(P16/6,2)&" %" -> 0 %
A17: =DETAILS!#REF! -> #REF! | B17: =DETAILS!#REF! -> #REF! | P17: =SUM(C17:H17) -> 0 | Q17: =ROUND(P17/6,2)&" %" -> 0 %
A18: =DETAILS!#REF! -> #REF! | B18: =DETAILS!#REF! -> #REF! | P18: =SUM(C18:H18) -> 0 | Q18: =ROUND(P18/6,2)&" %" -> 0 %
A19: =DETAILS!#REF! -> #REF! | B19: =DETAILS!#REF! -> #REF! | P19: =SUM(C19:H19) -> 0 | Q19: =ROUND(P19/6,2)&" %" -> 0 %
A20: =DETAILS!#REF! -> #REF! | B20: =DETAILS!#REF! -> #REF! | P20: =SUM(C20:H20) -> 0 | Q20: =ROUND(P20/6,2)&" %" -> 0 %
A21: =DETAILS!#REF! -> #REF! | B21: =DETAILS!#REF! -> #REF! | P21: =SUM(C21:H21) -> 0 | Q21: =ROUND(P21/6,2)&" %" -> 0 %
A22: =DETAILS!#REF! -> #REF! | B22: =DETAILS!#REF! -> #REF! | P22: =SUM(C22:H22) -> 0 | Q22: =ROUND(P22/6,2)&" %" -> 0 %
A23: =DETAILS!#REF! -> #REF! | B23: =DETAILS!#REF! -> #REF! | P23: =SUM(C23:H23) -> 0 | Q23: =ROUND(P23/6,2)&" %" -> 0 %
... A41: =DETAILS!#REF! -> #REF! | B41: =DETAILS!#REF! -> #REF! | P41: =SUM(C41:H41) -> 0 | Q41: =ROUND(P41/6,2)&" %" -> 0 %

Sheet ANNUAL
A1: ANNUAL EXAMINATION (2025-26) CLASS - XI-Comm
A2: SR. NO. | B2: NAME | C2: ENGLISH | D2: HINDI/CS | E2: ACCOUNTANCY | F2: BUSINESS STUDIES | G2: ECONOMICS | H2: PHYSICAL EDUCATION | I2: WORK EDUCATION | J2: ART EDUCATION | K2: HEALTH & PHYSICAL EDUCATION | L2: DISCIPLINE | M2: Total Present | N2: Total Working | O2: Class Teacher's Remark | P2: TOTAL | Q2: Percentage
A3: =DETAILS!A3 -> 688 | B3: =DETAILS!B3 -> AMINUDDIN | C3: =VLOOKUP($A3,'Annual(Entry)'!$1:$1048576,3,0) -> 0 | D3: =VLOOKUP($A3,'Annual(Entry)'!$1:$1048576,4,0) -> 0 | E3: =VLOOKUP($A3,'Annual(Entry)'!$1:$1048576,5,0) -> 0 | F3: =VLOOKUP($A3,'Annual(Entry)'!$1:$1048576,6,0) -> 0 | G3: =VLOOKUP($A3,'Annual(Entry)'!$1:$1048576,7,0) -> 0 | H3: =VLOOKUP($A3,'Annual(Entry)'!$1:$1048576,8,0) -> 0 | I3: =VLOOKUP($A3,'Annual(Entry)'!$1:$1048576,9,0) -> 0 | J3: =VLOOKUP($A3,'Annual(Entry)'!$1:$1048576,10,0) -> 0 | K3: =VLOOKUP($A3,'Annual(Entry)'!$1:$1048576,11,0) -> 0 | L3: =VLOOKUP($A3,'Annual(Entry)'!$1:$1048576,12,0) -> 0 | M3: =VLOOKUP($A3,'Annual(Entry)'!$1:$1048576,13,0) -> 0 | N3: =VLOOKUP($A3,'Annual(Entry)'!$1:$1048576,14,0) -> 0 | O3: =VLOOKUP($A3,'Annual(Entry)'!$1:$1048576,15,0) -> 0 | P3: =SUM(C3:H3) -> 0 | Q3: =ROUND(P3/6,2)&" %" -> 0 %
A4: =DETAILS!A4 -> 1011 | B4: =DETAILS!B4 -> ARPIT VERMA | C4: =VLOOKUP($A4,'Annual(Entry)'!$1:$1048576,3,0) -> 0 | D4: =VLOOKUP($A4,'Annual(Entry)'!$1:$1048576,4,0) -> 0 | E4: =VLOOKUP($A4,'Annual(Entry)'!$1:$1048576,5,0) -> 0 | F4: =VLOOKUP($A4,'Annual(Entry)'!$1:$1048576,6,0) -> 0 | G4: =VLOOKUP($A4,'Annual(Entry)'!$1:$1048576,7,0) -> 0 | H4: =VLOOKUP($A4,'Annual(Entry)'!$1:$1048576,8,0) -> 0 | I4: =VLOOKUP($A4,'Annual(Entry)'!$1:$1048576,9,0) -> 0 | J4: =VLOOKUP($A4,'Annual(Entry)'!$1:$1048576,10,0) -> 0 | K4: =VLOOKUP($A4,'Annual(Entry)'!$1:$1048576,11,0) -> 0 | L4: =VLOOKUP($A4,'Annual(Entry)'!$1:$1048576,12,0) -> 0 | M4: =VLOOKUP($A4,'Annual(Entry)'!$1:$1048576,13,0) -> 0 | N4: =VLOOKUP($A4,'Annual(Entry)'!$1:$1048576,14,0) -> 0 | O4: =VLOOKUP($A4,'Annual(Entry)'!$1:$1048576,15,0) -> 0 | P4: =SUM(C4:H4) -> 0 | Q4: =ROUND(P4/6,2)&" %" -> 0 %
A5: =DETAILS!A5 -> 692 | B5: =DETAILS!B5 -> ATUL VERMA | C5: =VLOOKUP($A5,'Annual(Entry)'!$1:$1048576,3,0) -> 0 | D5: =VLOOKUP($A5,'Annual(Entry)'!$1:$1048576,4,0) -> 0 | E5: =VLOOKUP($A5,'Annual(Entry)'!$1:$1048576,5,0) -> 0 | F5: =VLOOKUP($A5,'Annual(Entry)'!$1:$1048576,6,0) -> 0 | G5: =VLOOKUP($A5,'Annual(Entry)'!$1:$1048576,7,0) -> 0 | H5: =VLOOKUP($A5,'Annual(Entry)'!$1:$1048576,8,0) -> 0 | I5: =VLOOKUP($A5,'Annual(Entry)'!$1:$1048576,9,0) -> 0 | J5: =VLOOKUP($A5,'Annual(Entry)'!$1:$1048576,10,0) -> 0 | K5: =VLOOKUP($A5,'Annual(Entry)'!$1:$1048576,11,0) -> 0 | L5: =VLOOKUP($A5,'Annual(Entry)'!$1:$1048576,12,0) -> 0 | M5: =VLOOKUP($A5,'Annual(Entry)'!$1:$1048576,13,0) -> 0 | N5: =VLOOKUP($A5,'Annual(Entry)'!$1:$1048576,14,0) -> 0 | O5: =VLOOKUP($A5,'Annual(Entry)'!$1:$1048576,15,0) -> 0 | P5: =SUM(C5:H5) -> 0 | Q5: =ROUND(P5/6,2)&" %" -> 0 %
A6: =DETAILS!A6 -> 1931 | B6: =DETAILS!B6 -> GAURAV GAUTAM | C6: =VLOOKUP($A6,'Annual(Entry)'!$1:$1048576,3,0) -> 0 | D6: =VLOOKUP($A6,'Annual(Entry)'!$1:$1048576,4,0) -> 0 | E6: =VLOOKUP($A6,'Annual(Entry)'!$1:$1048576,5,0) -> 0 | F6: =VLOOKUP($A6,'Annual(Entry)'!$1:$1048576,6,0) -> 0 | G6: =VLOOKUP($A6,'Annual(Entry)'!$1:$1048576,7,0) -> 0 | H6: =VLOOKUP($A6,'Annual(Entry)'!$1:$1048576,8,0) -> 0 | I6: =VLOOKUP($A6,'Annual(Entry)'!$1:$1048576,9,0) -> 0 | J6: =VLOOKUP($A6,'Annual(Entry)'!$1:$1048576,10,0) -> 0 | K6: =VLOOKUP($A6,'Annual(Entry)'!$1:$1048576,11,0) -> 0 | L6: =VLOOKUP($A6,'Annual(Entry)'!$1:$1048576,12,0) -> 0 | M6: =VLOOKUP($A6,'Annual(Entry)'!$1:$1048576,13,0) -> 0 | N6: =VLOOKUP($A6,'Annual(Entry)'!$1:$1048576,14,0) -> 0 | O6: =VLOOKUP($A6,'Annual(Entry)'!$1:$1048576,15,0) -> 0 | P6: =SUM(C6:H6) -> 0 | Q6: =ROUND(P6/6,2)&" %" -> 0 %
A7: =DETAILS!A7 -> 1509 | B7: =DETAILS!B7 -> HIMANSHU | C7: =VLOOKUP($A7,'Annual(Entry)'!$1:$1048576,3,0) -> 0 | D7: =VLOOKUP($A7,'Annual(Entry)'!$1:$1048576,4,0) -> 0 | E7: =VLOOKUP($A7,'Annual(Entry)'!$1:$1048576,5,0) -> 0 | F7: =VLOOKUP($A7,'Annual(Entry)'!$1:$1048576,6,0) -> 0 | G7: =VLOOKUP($A7,'Annual(Entry)'!$1:$1048576,7,0) -> 0 | H7: =VLOOKUP($A7,'Annual(Entry)'!$1:$1048576,8,0) -> 0 | I7: =VLOOKUP($A7,'Annual(Entry)'!$1:$1048576,9,0) -> 0 | J7: =VLOOKUP($A7,'Annual(Entry)'!$1:$1048576,10,0) -> 0 | K7: =VLOOKUP($A7,'Annual(Entry)'!$1:$1048576,11,0) -> 0 | L7: =VLOOKUP($A7,'Annual(Entry)'!$1:$1048576,12,0) -> 0 | M7: =VLOOKUP($A7,'Annual(Entry)'!$1:$1048576,13,0) -> 0 | N7: =VLOOKUP($A7,'Annual(Entry)'!$1:$1048576,14,0) -> 0 | O7: =VLOOKUP($A7,'Annual(Entry)'!$1:$1048576,15,0) -> 0 | P7: =SUM(C7:H7) -> 0 | Q7: =ROUND(P7/6,2)&" %" -> 0 %
A8: =DETAILS!A8 -> 694 | B8: =DETAILS!B8 -> JYOTIRADITYA DAS | C8: =VLOOKUP($A8,'Annual(Entry)'!$1:$1048576,3,0) -> 0 | D8: =VLOOKUP($A8,'Annual(Entry)'!$1:$1048576,4,0) -> 0 | E8: =VLOOKUP($A8,'Annual(Entry)'!$1:$1048576,5,0) -> 0 | F8: =VLOOKUP($A8,'Annual(Entry)'!$1:$1048576,6,0) -> 0 | G8: =VLOOKUP($A8,'Annual(Entry)'!$1:$1048576,7,0) -> 0 | H8: =VLOOKUP($A8,'Annual(Entry)'!$1:$1048576,8,0) -> 0 | I8: =VLOOKUP($A8,'Annual(Entry)'!$1:$1048576,9,0) -> 0 | J8: =VLOOKUP($A8,'Annual(Entry)'!$1:$1048576,10,0) -> 0 | K8: =VLOOKUP($A8,'Annual(Entry)'!$1:$1048576,11,0) -> 0 | L8: =VLOOKUP($A8,'Annual(Entry)'!$1:$1048576,12,0) -> 0 | M8: =VLOOKUP($A8,'Annual(Entry)'!$1:$1048576,13,0) -> 0 | N8: =VLOOKUP($A8,'Annual(Entry)'!$1:$1048576,14,0) -> 0 | O8: =VLOOKUP($A8,'Annual(Entry)'!$1:$1048576,15,0) -> 0 | P8: =SUM(C8:H8) -> 0 | Q8: =ROUND(P8/6,2)&" %" -> 0 %
A9: =DETAILS!A9 -> 1873 | B9: =DETAILS!B9 -> MASIRA AKHTAR | C9: =VLOOKUP($A9,'Annual(Entry)'!$1:$1048576,3,0) -> 0 | D9: =VLOOKUP($A9,'Annual(Entry)'!$1:$1048576,4,0) -> 0 | E9: =VLOOKUP($A9,'Annual(Entry)'!$1:$1048576,5,0) -> 0 | F9: =VLOOKUP($A9,'Annual(Entry)'!$1:$1048576,6,0) -> 0 | G9: =VLOOKUP($A9,'Annual(Entry)'!$1:$1048576,7,0) -> 0 | H9: =VLOOKUP($A9,'Annual(Entry)'!$1:$1048576,8,0) -> 0 | I9: =VLOOKUP($A9,'Annual(Entry)'!$1:$1048576,9,0) -> 0 | J9: =VLOOKUP($A9,'Annual(Entry)'!$1:$1048576,10,0) -> 0 | K9: =VLOOKUP($A9,'Annual(Entry)'!$1:$1048576,11,0) -> 0 | L9: =VLOOKUP($A9,'Annual(Entry)'!$1:$1048576,12,0) -> 0 | M9: =VLOOKUP($A9,'Annual(Entry)'!$1:$1048576,13,0) -> 0 | N9: =VLOOKUP($A9,'Annual(Entry)'!$1:$1048576,14,0) -> 0 | O9: =VLOOKUP($A9,'Annual(Entry)'!$1:$1048576,15,0) -> 0 | P9: =SUM(C9:H9) -> 0 | Q9: =ROUND(P9/6,2)&" %" -> 0 %
A10: =DETAILS!A10 -> 1491 | B10: =DETAILS!B10 -> SIDDHARTH | C10: =VLOOKUP($A10,'Annual(Entry)'!$1:$1048576,3,0) -> 0 | D10: =VLOOKUP($A10,'Annual(Entry)'!$1:$1048576,4,0) -> 0 | E10: =VLOOKUP($A10,'Annual(Entry)'!$1:$1048576,5,0) -> 0 | F10: =VLOOKUP($A10,'Annual(Entry)'!$1:$1048576,6,0) -> 0 | G10: =VLOOKUP($A10,'Annual(Entry)'!$1:$1048576,7,0) -> 0 | H10: =VLOOKUP($A10,'Annual(Entry)'!$1:$1048576,8,0) -> 0 | I10: =VLOOKUP($A10,'Annual(Entry)'!$1:$1048576,9,0) -> 0 | J10: =VLOOKUP($A10,'Annual(Entry)'!$1:$1048576,10,0) -> 0 | K10: =VLOOKUP($A10,'Annual(Entry)'!$1:$1048576,11,0) -> 0 | L10: =VLOOKUP($A10,'Annual(Entry)'!$1:$1048576,12,0) -> 0 | M10: =VLOOKUP($A10,'Annual(Entry)'!$1:$1048576,13,0) -> 0 | N10: =VLOOKUP($A10,'Annual(Entry)'!$1:$1048576,14,0) -> 0 | O10: =VLOOKUP($A10,'Annual(Entry)'!$1:$1048576,15,0) -> 0 | P10: =SUM(C10:H10) -> 0 | Q10: =ROUND(P10/6,2)&" %" -> 0 %
A11: =DETAILS!A11 -> 701 | B11: =DETAILS!B11 -> YASH SONI | C11: =VLOOKUP($A11,'Annual(Entry)'!$1:$1048576,3,0) -> 0 | D11: =VLOOKUP($A11,'Annual(Entry)'!$1:$1048576,4,0) -> 0 | E11: =VLOOKUP($A11,'Annual(Entry)'!$1:$1048576,5,0) -> 0 | F11: =VLOOKUP($A11,'Annual(Entry)'!$1:$1048576,6,0) -> 0 | G11: =VLOOKUP($A11,'Annual(Entry)'!$1:$1048576,7,0) -> 0 | H11: =VLOOKUP($A11,'Annual(Entry)'!$1:$1048576,8,0) -> 0 | I11: =VLOOKUP($A11,'Annual(Entry)'!$1:$1048576,9,0) -> 0 | J11: =VLOOKUP($A11,'Annual(Entry)'!$1:$1048576,10,0) -> 0 | K11: =VLOOKUP($A11,'Annual(Entry)'!$1:$1048576,11,0) -> 0 | L11: =VLOOKUP($A11,'Annual(Entry)'!$1:$1048576,12,0) -> 0 | M11: =VLOOKUP($A11,'Annual(Entry)'!$1:$1048576,13,0) -> 0 | N11: =VLOOKUP($A11,'Annual(Entry)'!$1:$1048576,14,0) -> 0 | O11: =VLOOKUP($A11,'Annual(Entry)'!$1:$1048576,15,0) -> 0 | P11: =SUM(C11:H11) -> 0 | Q11: =ROUND(P11/6,2)&" %" -> 0 %
A12: =DETAILS!#REF! -> #REF! | B12: =DETAILS!#REF! -> #REF! | C12: =VLOOKUP($A12,'Annual(Entry)'!$1:$1048576,3,0) -> #REF! | D12: =VLOOKUP($A12,'Annual(Entry)'!$1:$1048576,4,0) -> #REF! | E12: =VLOOKUP($A12,'Annual(Entry)'!$1:$1048576,5,0) -> #REF! | F12: =VLOOKUP($A12,'Annual(Entry)'!$1:$1048576,6,0) -> #REF! | G12: =VLOOKUP($A12,'Annual(Entry)'!$1:$1048576,7,0) -> #REF! | H12: =VLOOKUP($A12,'Annual(Entry)'!$1:$1048576,8,0) -> #REF! | I12: =VLOOKUP($A12,'Annual(Entry)'!$1:$1048576,9,0) -> #REF! | J12: =VLOOKUP($A12,'Annual(Entry)'!$1:$1048576,10,0) -> #REF! | K12: =VLOOKUP($A12,'Annual(Entry)'!$1:$1048576,11,0) -> #REF! | L12: =VLOOKUP($A12,'Annual(Entry)'!$1:$1048576,12,0) -> #REF! | M12: =VLOOKUP($A12,'Annual(Entry)'!$1:$1048576,13,0) -> #REF! | N12: =VLOOKUP($A12,'Annual(Entry)'!$1:$1048576,14,0) -> #REF! | O12: =VLOOKUP($A12,'Annual(Entry)'!$1:$1048576,15,0) -> #REF! | P12: =SUM(C12:H12) -> #REF! | Q12: =ROUND(P12/6,2)&" %" -> #REF!
A13: =DETAILS!#REF! -> #REF! | B13: =DETAILS!#REF! -> #REF! | C13: =VLOOKUP($A13,'Annual(Entry)'!$1:$1048576,3,0) -> #REF! | D13: =VLOOKUP($A13,'Annual(Entry)'!$1:$1048576,4,0) -> #REF! | E13: =VLOOKUP($A13,'Annual(Entry)'!$1:$1048576,5,0) -> #REF! | F13: =VLOOKUP($A13,'Annual(Entry)'!$1:$1048576,6,0) -> #REF! | G13: =VLOOKUP($A13,'Annual(Entry)'!$1:$1048576,7,0) -> #REF! | H13: =VLOOKUP($A13,'Annual(Entry)'!$1:$1048576,8,0) -> #REF! | I13: =VLOOKUP($A13,'Annual(Entry)'!$1:$1048576,9,0) -> #REF! | J13: =VLOOKUP($A13,'Annual(Entry)'!$1:$1048576,10,0) -> #REF! | K13: =VLOOKUP($A13,'Annual(Entry)'!$1:$1048576,11,0) -> #REF! | L13: =VLOOKUP($A13,'Annual(Entry)'!$1:$1048576,12,0) -> #REF! | M13: =VLOOKUP($A13,'Annual(Entry)'!$1:$1048576,13,0) -> #REF! | N13: =VLOOKUP($A13,'Annual(Entry)'!$1:$1048576,14,0) -> #REF! | O13: =VLOOKUP($A13,'Annual(Entry)'!$1:$1048576,15,0) -> #REF! | P13: =SUM(C13:H13) -> #REF! | Q13: =ROUND(P13/6,2)&" %" -> #REF!
A14: =DETAILS!#REF! -> #REF! | B14: =DETAILS!#REF! -> #REF! | C14: =VLOOKUP($A14,'Annual(Entry)'!$1:$1048576,3,0) -> #REF! | D14: =VLOOKUP($A14,'Annual(Entry)'!$1:$1048576,4,0) -> #REF! | E14: =VLOOKUP($A14,'Annual(Entry)'!$1:$1048576,5,0) -> #REF! | F14: =VLOOKUP($A14,'Annual(Entry)'!$1:$1048576,6,0) -> #REF! | G14: =VLOOKUP($A14,'Annual(Entry)'!$1:$1048576,7,0) -> #REF! | H14: =VLOOKUP($A14,'Annual(Entry)'!$1:$1048576,8,0) -> #REF! | I14: =VLOOKUP($A14,'Annual(Entry)'!$1:$1048576,9,0) -> #REF! | J14: =VLOOKUP($A14,'Annual(Entry)'!$1:$1048576,10,0) -> #REF! | K14: =VLOOKUP($A14,'Annual(Entry)'!$1:$1048576,11,0) -> #REF! | L14: =VLOOKUP($A14,'Annual(Entry)'!$1:$1048576,12,0) -> #REF! | M14: =VLOOKUP($A14,'Annual(Entry)'!$1:$1048576,13,0) -> #REF! | N14: =VLOOKUP($A14,'Annual(Entry)'!$1:$1048576,14,0) -> #REF! | O14: =VLOOKUP($A14,'Annual(Entry)'!$1:$1048576,15,0) -> #REF! | P14: =SUM(C14:H14) -> #REF! | Q14: =ROUND(P14/6,2)&" %" -> #REF!
A15: =DETAILS!#REF! -> #REF! | B15: =DETAILS!#REF! -> #REF! | C15: =VLOOKUP($A15,'Annual(Entry)'!$1:$1048576,3,0) -> #REF! | D15: =VLOOKUP($A15,'Annual(Entry)'!$1:$1048576,4,0) -> #REF! | E15: =VLOOKUP($A15,'Annual(Entry)'!$1:$1048576,5,0) -> #REF! | F15: =VLOOKUP($A15,'Annual(Entry)'!$1:$1048576,6,0) -> #REF! | G15: =VLOOKUP($A15,'Annual(Entry)'!$1:$1048576,7,0) -> #REF! | H15: =VLOOKUP($A15,'Annual(Entry)'!$1:$1048576,8,0) -> #REF! | I15: =VLOOKUP($A15,'Annual(Entry)'!$1:$1048576,9,0) -> #REF! | J15: =VLOOKUP($A15,'Annual(Entry)'!$1:$1048576,10,0) -> #REF! | K15: =VLOOKUP($A15,'Annual(Entry)'!$1:$1048576,11,0) -> #REF! | L15: =VLOOKUP($A15,'Annual(Entry)'!$1:$1048576,12,0) -> #REF! | M15: =VLOOKUP($A15,'Annual(Entry)'!$1:$1048576,13,0) -> #REF! | N15: =VLOOKUP($A15,'Annual(Entry)'!$1:$1048576,14,0) -> #REF! | O15: =VLOOKUP($A15,'Annual(Entry)'!$1:$1048576,15,0) -> #REF! | P15: =SUM(C15:H15) -> #REF! | Q15: =ROUND(P15/6,2)&" %" -> #REF!
A16: =DETAILS!#REF! -> #REF! | B16: =DETAILS!#REF! -> #REF! | C16: =VLOOKUP($A16,'Annual(Entry)'!$1:$1048576,3,0) -> #REF! | D16: =VLOOKUP($A16,'Annual(Entry)'!$1:$1048576,4,0) -> #REF! | E16: =VLOOKUP($A16,'Annual(Entry)'!$1:$1048576,5,0) -> #REF! | F16: =VLOOKUP($A16,'Annual(Entry)'!$1:$1048576,6,0) -> #REF! | G16: =VLOOKUP($A16,'Annual(Entry)'!$1:$1048576,7,0) -> #REF! | H16: =VLOOKUP($A16,'Annual(Entry)'!$1:$1048576,8,0) -> #REF! | I16: =VLOOKUP($A16,'Annual(Entry)'!$1:$1048576,9,0) -> #REF! | J16: =VLOOKUP($A16,'Annual(Entry)'!$1:$1048576,10,0) -> #REF! | K16: =VLOOKUP($A16,'Annual(Entry)'!$1:$1048576,11,0) -> #REF! | L16: =VLOOKUP($A16,'Annual(Entry)'!$1:$1048576,12,0) -> #REF! | M16: =VLOOKUP($A16,'Annual(Entry)'!$1:$1048576,13,0) -> #REF! | N16: =VLOOKUP($A16,'Annual(Entry)'!$1:$1048576,14,0) -> #REF! | O16: =VLOOKUP($A16,'Annual(Entry)'!$1:$1048576,15,0) -> #REF! | P16: =SUM(C16:H16) -> #REF! | Q16: =ROUND(P16/6,2)&" %" -> #REF!
A17: =DETAILS!#REF! -> #REF! | B17: =DETAILS!#REF! -> #REF! | C17: =VLOOKUP($A17,'Annual(Entry)'!$1:$1048576,3,0) -> #REF! | D17: =VLOOKUP($A17,'Annual(Entry)'!$1:$1048576,4,0) -> #REF! | E17: =VLOOKUP($A17,'Annual(Entry)'!$1:$1048576,5,0) -> #REF! | F17: =VLOOKUP($A17,'Annual(Entry)'!$1:$1048576,6,0) -> #REF! | G17: =VLOOKUP($A17,'Annual(Entry)'!$1:$1048576,7,0) -> #REF! | H17: =VLOOKUP($A17,'Annual(Entry)'!$1:$1048576,8,0) -> #REF! | I17: =VLOOKUP($A17,'Annual(Entry)'!$1:$1048576,9,0) -> #REF! | J17: =VLOOKUP($A17,'Annual(Entry)'!$1:$1048576,10,0) -> #REF! | K17: =VLOOKUP($A17,'Annual(Entry)'!$1:$1048576,11,0) -> #REF! | L17: =VLOOKUP($A17,'Annual(Entry)'!$1:$1048576,12,0) -> #REF! | M17: =VLOOKUP($A17,'Annual(Entry)'!$1:$1048576,13,0) -> #REF! | N17: =VLOOKUP($A17,'Annual(Entry)'!$1:$1048576,14,0) -> #REF! | O17: =VLOOKUP($A17,'Annual(Entry)'!$1:$1048576,15,0) -> #REF! | P17: =SUM(C17:H17) -> #REF! | Q17: =ROUND(P17/6,2)&" %" -> #REF!
A18: =DETAILS!#REF! -> #REF! | B18: =DETAILS!#REF! -> #REF! | C18: =VLOOKUP($A18,'Annual(Entry)'!$1:$1048576,3,0) -> #REF! | D18: =VLOOKUP($A18,'Annual(Entry)'!$1:$1048576,4,0) -> #REF! | E18: =VLOOKUP($A18,'Annual(Entry)'!$1:$1048576,5,0) -> #REF! | F18: =VLOOKUP($A18,'Annual(Entry)'!$1:$1048576,6,0) -> #REF! | G18: =VLOOKUP($A18,'Annual(Entry)'!$1:$1048576,7,0) -> #REF! | H18: =VLOOKUP($A18,'Annual(Entry)'!$1:$1048576,8,0) -> #REF! | I18: =VLOOKUP($A18,'Annual(Entry)'!$1:$1048576,9,0) -> #REF! | J18: =VLOOKUP($A18,'Annual(Entry)'!$1:$1048576,10,0) -> #REF! | K18: =VLOOKUP($A18,'Annual(Entry)'!$1:$1048576,11,0) -> #REF! | L18: =VLOOKUP($A18,'Annual(Entry)'!$1:$1048576,12,0) -> #REF! | M18: =VLOOKUP($A18,'Annual(Entry)'!$1:$1048576,13,0) -> #REF! | N18: =VLOOKUP($A18,'Annual(Entry)'!$1:$1048576,14,0) -> #REF! | O18: =VLOOKUP($A18,'Annual(Entry)'!$1:$1048576,15,0) -> #REF! | P18: =SUM(C18:H18) -> #REF! | Q18: =ROUND(P18/6,2)&" %" -> #REF!
A19: =DETAILS!#REF! -> #REF! | B19: =DETAILS!#REF! -> #REF! | C19: =VLOOKUP($A19,'Annual(Entry)'!$1:$1048576,3,0) -> #REF! | D19: =VLOOKUP($A19,'Annual(Entry)'!$1:$1048576,4,0) -> #REF! | E19: =VLOOKUP($A19,'Annual(Entry)'!$1:$1048576,5,0) -> #REF! | F19: =VLOOKUP($A19,'Annual(Entry)'!$1:$1048576,6,0) -> #REF! | G19: =VLOOKUP($A19,'Annual(Entry)'!$1:$1048576,7,0) -> #REF! | H19: =VLOOKUP($A19,'Annual(Entry)'!$1:$1048576,8,0) -> #REF! | I19: =VLOOKUP($A19,'Annual(Entry)'!$1:$1048576,9,0) -> #REF! | J19: =VLOOKUP($A19,'Annual(Entry)'!$1:$1048576,10,0) -> #REF! | K19: =VLOOKUP($A19,'Annual(Entry)'!$1:$1048576,11,0) -> #REF! | L19: =VLOOKUP($A19,'Annual(Entry)'!$1:$1048576,12,0) -> #REF! | M19: =VLOOKUP($A19,'Annual(Entry)'!$1:$1048576,13,0) -> #REF! | N19: =VLOOKUP($A19,'Annual(Entry)'!$1:$1048576,14,0) -> #REF! | O19: =VLOOKUP($A19,'Annual(Entry)'!$1:$1048576,15,0) -> #REF! | P19: =SUM(C19:H19) -> #REF! | Q19: =ROUND(P19/6,2)&" %" -> #REF!
A20: =DETAILS!#REF! -> #REF! | B20: =DETAILS!#REF! -> #REF! | C20: =VLOOKUP($A20,'Annual(Entry)'!$1:$1048576,3,0) -> #REF! | D20: =VLOOKUP($A20,'Annual(Entry)'!$1:$1048576,4,0) -> #REF! | E20: =VLOOKUP($A20,'Annual(Entry)'!$1:$1048576,5,0) -> #REF! | F20: =VLOOKUP($A20,'Annual(Entry)'!$1:$1048576,6,0) -> #REF! | G20: =VLOOKUP($A20,'Annual(Entry)'!$1:$1048576,7,0) -> #REF! | H20: =VLOOKUP($A20,'Annual(Entry)'!$1:$1048576,8,0) -> #REF! | I20: =VLOOKUP($A20,'Annual(Entry)'!$1:$1048576,9,0) -> #REF! | J20: =VLOOKUP($A20,'Annual(Entry)'!$1:$1048576,10,0) -> #REF! | K20: =VLOOKUP($A20,'Annual(Entry)'!$1:$1048576,11,0) -> #REF! | L20: =VLOOKUP($A20,'Annual(Entry)'!$1:$1048576,12,0) -> #REF! | M20: =VLOOKUP($A20,'Annual(Entry)'!$1:$1048576,13,0) -> #REF! | N20: =VLOOKUP($A20,'Annual(Entry)'!$1:$1048576,14,0) -> #REF! | O20: =VLOOKUP($A20,'Annual(Entry)'!$1:$1048576,15,0) -> #REF! | P20: =SUM(C20:H20) -> #REF! | Q20: =ROUND(P20/6,2)&" %" -> #REF!
A21: =DETAILS!#REF! -> #REF! | B21: =DETAILS!#REF! -> #REF! | C21: =VLOOKUP($A21,'Annual(Entry)'!$1:$1048576,3,0) -> #REF! | D21: =VLOOKUP($A21,'Annual(Entry)'!$1:$1048576,4,0) -> #REF! | E21: =VLOOKUP($A21,'Annual(Entry)'!$1:$1048576,5,0) -> #REF! | F21: =VLOOKUP($A21,'Annual(Entry)'!$1:$1048576,6,0) -> #REF! | G21: =VLOOKUP($A21,'Annual(Entry)'!$1:$1048576,7,0) -> #REF! | H21: =VLOOKUP($A21,'Annual(Entry)'!$1:$1048576,8,0) -> #REF! | I21: =VLOOKUP($A21,'Annual(Entry)'!$1:$1048576,9,0) -> #REF! | J21: =VLOOKUP($A21,'Annual(Entry)'!$1:$1048576,10,0) -> #REF! | K21: =VLOOKUP($A21,'Annual(Entry)'!$1:$1048576,11,0) -> #REF! | L21: =VLOOKUP($A21,'Annual(Entry)'!$1:$1048576,12,0) -> #REF! | M21: =VLOOKUP($A21,'Annual(Entry)'!$1:$1048576,13,0) -> #REF! | N21: =VLOOKUP($A21,'Annual(Entry)'!$1:$1048576,14,0) -> #REF! | O21: =VLOOKUP($A21,'Annual(Entry)'!$1:$1048576,15,0) -> #REF! | P21: =SUM(C21:H21) -> #REF! | Q21: =ROUND(P21/6,2)&" %" -> #REF!
A22: =DETAILS!#REF! -> #REF! | B22: =DETAILS!#REF! -> #REF! | C22: =VLOOKUP($A22,'Annual(Entry)'!$1:$1048576,3,0) -> #REF! | D22: =VLOOKUP($A22,'Annual(Entry)'!$1:$1048576,4,0) -> #REF! | E22: =VLOOKUP($A22,'Annual(Entry)'!$1:$1048576,5,0) -> #REF! | F22: =VLOOKUP($A22,'Annual(Entry)'!$1:$1048576,6,0) -> #REF! | G22: =VLOOKUP($A22,'Annual(Entry)'!$1:$1048576,7,0) -> #REF! | H22: =VLOOKUP($A22,'Annual(Entry)'!$1:$1048576,8,0) -> #REF! | I22: =VLOOKUP($A22,'Annual(Entry)'!$1:$1048576,9,0) -> #REF! | J22: =VLOOKUP($A22,'Annual(Entry)'!$1:$1048576,10,0) -> #REF! | K22: =VLOOKUP($A22,'Annual(Entry)'!$1:$1048576,11,0) -> #REF! | L22: =VLOOKUP($A22,'Annual(Entry)'!$1:$1048576,12,0) -> #REF! | M22: =VLOOKUP($A22,'Annual(Entry)'!$1:$1048576,13,0) -> #REF! | N22: =VLOOKUP($A22,'Annual(Entry)'!$1:$1048576,14,0) -> #REF! | O22: =VLOOKUP($A22,'Annual(Entry)'!$1:$1048576,15,0) -> #REF! | P22: =SUM(C22:H22) -> #REF! | Q22: =ROUND(P22/6,2)&" %" -> #REF!
A23: =DETAILS!#REF! -> #REF! | B23: =DETAILS!#REF! -> #REF! | C23: =VLOOKUP($A23,'Annual(Entry)'!$1:$1048576,3,0) -> #REF! | D23: =VLOOKUP($A23,'Annual(Entry)'!$1:$1048576,4,0) -> #REF! | E23: =VLOOKUP($A23,'Annual(Entry)'!$1:$1048576,5,0) -> #REF! | F23: =VLOOKUP($A23,'Annual(Entry)'!$1:$1048576,6,0) -> #REF! | G23: =VLOOKUP($A23,'Annual(Entry)'!$1:$1048576,7,0) -> #REF! | H23: =VLOOKUP($A23,'Annual(Entry)'!$1:$1048576,8,0) -> #REF! | I23: =VLOOKUP($A23,'Annual(Entry)'!$1:$1048576,9,0) -> #REF! | J23: =VLOOKUP($A23,'Annual(Entry)'!$1:$1048576,10,0) -> #REF! | K23: =VLOOKUP($A23,'Annual(Entry)'!$1:$1048576,11,0) -> #REF! | L23: =VLOOKUP($A23,'Annual(Entry)'!$1:$1048576,12,0) -> #REF! | M23: =VLOOKUP($A23,'Annual(Entry)'!$1:$1048576,13,0) -> #REF! | N23: =VLOOKUP($A23,'Annual(Entry)'!$1:$1048576,14,0) -> #REF! | O23: =VLOOKUP($A23,'Annual(Entry)'!$1:$1048576,15,0) -> #REF! | P23: =SUM(C23:H23) -> #REF! | Q23: =ROUND(P23/6,2)&" %" -> #REF!
... A41: =DETAILS!#REF! -> #REF! | B41: =DETAILS!#REF! -> #REF! | C41: =VLOOKUP($A41,'Annual(Entry)'!$1:$1048576,3,0) -> #REF! | D41: =VLOOKUP($A41,'Annual(Entry)'!$1:$1048576,4,0) -> #REF! | E41: =VLOOKUP($A41,'Annual(Entry)'!$1:$1048576,5,0) -> #REF! | F41: =VLOOKUP($A41,'Annual(Entry)'!$1:$1048576,6,0) -> #REF! | G41: =VLOOKUP($A41,'Annual(Entry)'!$1:$1048576,7,0) -> #REF! | H41: =VLOOKUP($A41,'Annual(Entry)'!$1:$1048576,8,0) -> #REF! | I41: =VLOOKUP($A41,'Annual(Entry)'!$1:$1048576,9,0) -> #REF! | J41: =VLOOKUP($A41,'Annual(Entry)'!$1:$1048576,10,0) -> #REF! | K41: =VLOOKUP($A41,'Annual(Entry)'!$1:$1048576,11,0) -> #REF! | L41: =VLOOKUP($A41,'Annual(Entry)'!$1:$1048576,12,0) -> #REF! | M41: =VLOOKUP($A41,'Annual(Entry)'!$1:$1048576,13,0) -> #REF! | N41: =VLOOKUP($A41,'Annual(Entry)'!$1:$1048576,14,0) -> #REF! | O41: =VLOOKUP($A41,'Annual(Entry)'!$1:$1048576,15,0) -> #REF! | P41: =SUM(C41:H41) -> #REF! | Q41: =ROUND(P41/6,2)&" %" -> #REF!

Sheet COMPILE REPORT
A1: COMIPILE REPORT (2025-26) CLASS - XI-Comm
A2: SR NO | B2: NAME | C2: ENGLISH | I2: HINDI/CS | O2: ACCOUNTANCY | U2: BUSINESS STUDIES | AA2: ECONOMICS | AG2: PHYSICAL EDUCATION | AM2: WORK EDUCATION | AN2: ART EDUCATION | AO2: HEALTH & PHYSICAL EDUCATION | AP2: DISCIPLINE | AQ2: TOTAL PRESENT | AR2: TORAL WORKING DAY | AS2: CLASS TEACHER'S REAMRK | AT2: Total | AU2: Percentage
C3: UT-I | D3: HY | E3: Total | F3: UT-II | G3: AE | H3: Total | I3: UT-I | J3: HY | K3: Total | L3: UT-II | M3: AE | N3: Total | O3: UT-I | P3: HY | Q3: Total | R3: UT-II | S3: AE | T3: Total | U3: UT-I | V3: HY | W3: Total | X3: UT-II | Y3: AE | Z3: Total | AA3: UT-I | AB3: HY | AC3: Total | AD3: UT-II | AE3: AE | AF3: Total | AG3: UT-I | AH3: HY | AI3: Total | AJ3: UT-II | AK3: AE | AL3: Total
A4: =DETAILS!A3 -> 688 | B4: =DETAILS!B3 -> AMINUDDIN | C4: =VLOOKUP($A4,'HY Compile'!$1:$1048576,3,0) -> AB | D4: =VLOOKUP($A4,'HY Compile'!$1:$1048576,4,0) -> 0 | E4: =SUM(C4:D4) -> 0 | F4: =VLOOKUP($A4,'UT-2'!$1:$1048576,3,0) -> 0 | G4: =IFERROR(ROUND(VLOOKUP($A4,ANNUAL!$1:$1048576,3,0)*0.8,0),VLOOKUP($A4,ANNUAL!$1:$1048576,3,0)) -> 0 | H4: =SUM(F4:G4) -> 0 | I4: =VLOOKUP($A4,'HY Compile'!$1:$1048576,6,0) -> AB | J4: =VLOOKUP($A4,'HY Compile'!$1:$1048576,7,0) -> 0 | K4: =SUM(I4:J4) -> 0 | L4: =VLOOKUP($A4,'UT-2'!$1:$1048576,4,0) -> 0 | M4: =IFERROR(ROUND(VLOOKUP($A4,ANNUAL!$1:$1048576,4,0)*0.8,0),VLOOKUP($A4,ANNUAL!$1:$1048576,4,0)) -> 0 | N4: =SUM(L4:M4) -> 0 | O4: =VLOOKUP($A4,'HY Compile'!$1:$1048576,9,0) -> AB | P4: =VLOOKUP($A4,'HY Compile'!$1:$1048576,10,0) -> 0 | Q4: =SUM(O4:P4) -> 0 | R4: =VLOOKUP($A4,'UT-2'!$1:$1048576,5,0) -> 0 | S4: =IFERROR(ROUND(VLOOKUP($A4,ANNUAL!$1:$1048576,5,0)*0.8,0),VLOOKUP($A4,ANNUAL!$1:$1048576,5,0)) -> 0 | T4: =SUM(R4:S4) -> 0 | U4: =VLOOKUP($A4,'HY Compile'!$1:$1048576,12,0) -> AB | V4: =VLOOKUP($A4,'HY Compile'!$1:$1048576,13,0) -> 0 | W4: =SUM(U4:V4) -> 0 | X4: =VLOOKUP($A4,'UT-2'!$1:$1048576,6,0) -> 0 | Y4: =IFERROR(ROUND(VLOOKUP($A4,ANNUAL!$1:$1048576,6,0)*0.8,0),VLOOKUP($A4,ANNUAL!$1:$1048576,6,0)) -> 0 | Z4: =SUM(X4:Y4) -> 0 | AA4: =VLOOKUP($A4,'HY Compile'!$1:$1048576,15,0) -> AB | AB4: =VLOOKUP($A4,'HY Compile'!$1:$1048576,16,0) -> 0 | AC4: =SUM(AA4:AB4) -> 0 | AD4: =VLOOKUP($A4,'UT-2'!$1:$1048576,7,0) -> 0 | AE4: =IFERROR(ROUND(VLOOKUP($A4,ANNUAL!$1:$1048576,7,0)*0.8,0),VLOOKUP($A4,ANNUAL!$1:$1048576,7,0)) -> 0 | AF4: =SUM(AD4:AE4) -> 0 | AG4: =VLOOKUP($A4,'HY Compile'!$1:$1048576,18,0) -> AB | AH4: =VLOOKUP($A4,'HY Compile'!$1:$1048576,19,0) -> 0 | AI4: =SUM(AG4:AH4) -> 0 | AJ4: =VLOOKUP($A4,'UT-2'!$1:$1048576,8,0) -> 0 | AK4: =IFERROR(ROUND(VLOOKUP($A4,ANNUAL!$1:$1048576,8,0)*0.8,0),VLOOKUP($A4,ANNUAL!$1:$1048576,8,0)) -> 0 | AL4: =SUM(AJ4:AK4) -> 0 | AM4: =VLOOKUP($A4,ANNUAL!$1:$1048576,9,0) -> 0 | AN4: =VLOOKUP($A4,ANNUAL!$1:$1048576,10,0) -> 0 | AO4: =VLOOKUP($A4,ANNUAL!$1:$1048576,11,0) -> 0 | AP4: =VLOOKUP($A4,ANNUAL!$1:$1048576,12,0) -> 0 | AQ4: =VLOOKUP($A4,ANNUAL!$1:$1048576,13,0) -> 0 | AR4: =VLOOKUP($A4,ANNUAL!$1:$1048576,14,0) -> 0 | AS4: =VLOOKUP($A4,ANNUAL!$1:$1048576,15,0) -> 0 | AT4: =SUM(E4,H4,K4,N4,Q4,T4,W4,Z4,AC4,AF4,AI4,AL4) -> 0 | AU4: =ROUND(AT4/12,2)&" %" -> 0 %
A5: =DETAILS!A4 -> 1011 | B5: =DETAILS!B4 -> ARPIT VERMA | C5: =VLOOKUP($A5,'HY Compile'!$1:$1048576,3,0) -> 6 | D5: =VLOOKUP($A5,'HY Compile'!$1:$1048576,4,0) -> 0 | E5: =SUM(C5:D5) -> 6 | F5: =VLOOKUP($A5,'UT-2'!$1:$1048576,3,0) -> 0 | G5: =IFERROR(ROUND(VLOOKUP($A5,ANNUAL!$1:$1048576,3,0)*0.8,0),VLOOKUP($A5,ANNUAL!$1:$1048576,3,0)) -> 0 | H5: =SUM(F5:G5) -> 0 | I5: =VLOOKUP($A5,'HY Compile'!$1:$1048576,6,0) -> 5 | J5: =VLOOKUP($A5,'HY Compile'!$1:$1048576,7,0) -> 0 | K5: =SUM(I5:J5) -> 5 | L5: =VLOOKUP($A5,'UT-2'!$1:$1048576,4,0) -> 0 | M5: =IFERROR(ROUND(VLOOKUP($A5,ANNUAL!$1:$1048576,4,0)*0.8,0),VLOOKUP($A5,ANNUAL!$1:$1048576,4,0)) -> 0 | N5: =SUM(L5:M5) -> 0 | O5: =VLOOKUP($A5,'HY Compile'!$1:$1048576,9,0) -> 7 | P5: =VLOOKUP($A5,'HY Compile'!$1:$1048576,10,0) -> 0 | Q5: =SUM(O5:P5) -> 7 | R5: =VLOOKUP($A5,'UT-2'!$1:$1048576,5,0) -> 0 | S5: =IFERROR(ROUND(VLOOKUP($A5,ANNUAL!$1:$1048576,5,0)*0.8,0),VLOOKUP($A5,ANNUAL!$1:$1048576,5,0)) -> 0 | T5: =SUM(R5:S5) -> 0 | U5: =VLOOKUP($A5,'HY Compile'!$1:$1048576,12,0) -> 5 | V5: =VLOOKUP($A5,'HY Compile'!$1:$1048576,13,0) -> 0 | W5: =SUM(U5:V5) -> 5 | X5: =VLOOKUP($A5,'UT-2'!$1:$1048576,6,0) -> 0 | Y5: =IFERROR(ROUND(VLOOKUP($A5,ANNUAL!$1:$1048576,6,0)*0.8,0),VLOOKUP($A5,ANNUAL!$1:$1048576,6,0)) -> 0 | Z5: =SUM(X5:Y5) -> 0 | AA5: =VLOOKUP($A5,'HY Compile'!$1:$1048576,15,0) -> 1 | AB5: =VLOOKUP($A5,'HY Compile'!$1:$1048576,16,0) -> 0 | AC5: =SUM(AA5:AB5) -> 1 | AD5: =VLOOKUP($A5,'UT-2'!$1:$1048576,7,0) -> 0 | AE5: =IFERROR(ROUND(VLOOKUP($A5,ANNUAL!$1:$1048576,7,0)*0.8,0),VLOOKUP($A5,ANNUAL!$1:$1048576,7,0)) -> 0 | AF5: =SUM(AD5:AE5) -> 0 | AG5: =VLOOKUP($A5,'HY Compile'!$1:$1048576,18,0) -> 6 | AH5: =VLOOKUP($A5,'HY Compile'!$1:$1048576,19,0) -> 0 | AI5: =SUM(AG5:AH5) -> 6 | AJ5: =VLOOKUP($A5,'UT-2'!$1:$1048576,8,0) -> 0 | AK5: =IFERROR(ROUND(VLOOKUP($A5,ANNUAL!$1:$1048576,8,0)*0.8,0),VLOOKUP($A5,ANNUAL!$1:$1048576,8,0)) -> 0 | AL5: =SUM(AJ5:AK5) -> 0 | AM5: =VLOOKUP($A5,ANNUAL!$1:$1048576,9,0) -> 0 | AN5: =VLOOKUP($A5,ANNUAL!$1:$1048576,10,0) -> 0 | AO5: =VLOOKUP($A5,ANNUAL!$1:$1048576,11,0) -> 0 | AP5: =VLOOKUP($A5,ANNUAL!$1:$1048576,12,0) -> 0 | AQ5: =VLOOKUP($A5,ANNUAL!$1:$1048576,13,0) -> 0 | AR5: =VLOOKUP($A5,ANNUAL!$1:$1048576,14,0) -> 0 | AS5: =VLOOKUP($A5,ANNUAL!$1:$1048576,15,0) -> 0 | AT5: =SUM(E5,H5,K5,N5,Q5,T5,W5,Z5,AC5,AF5,AI5,AL5) -> 30 | AU5: =ROUND(AT5/12,2)&" %" -> 2.5 %
A6: =DETAILS!A5 -> 692 | B6: =DETAILS!B5 -> ATUL VERMA | C6: =VLOOKUP($A6,'HY Compile'!$1:$1048576,3,0) -> 13 | D6: =VLOOKUP($A6,'HY Compile'!$1:$1048576,4,0) -> 0 | E6: =SUM(C6:D6) -> 13 | F6: =VLOOKUP($A6,'UT-2'!$1:$1048576,3,0) -> 0 | G6: =IFERROR(ROUND(VLOOKUP($A6,ANNUAL!$1:$1048576,3,0)*0.8,0),VLOOKUP($A6,ANNUAL!$1:$1048576,3,0)) -> 0 | H6: =SUM(F6:G6) -> 0 | I6: =VLOOKUP($A6,'HY Compile'!$1:$1048576,6,0) -> 14 | J6: =VLOOKUP($A6,'HY Compile'!$1:$1048576,7,0) -> 0 | K6: =SUM(I6:J6) -> 14 | L6: =VLOOKUP($A6,'UT-2'!$1:$1048576,4,0) -> 0 | M6: =IFERROR(ROUND(VLOOKUP($A6,ANNUAL!$1:$1048576,4,0)*0.8,0),VLOOKUP($A6,ANNUAL!$1:$1048576,4,0)) -> 0 | N6: =SUM(L6:M6) -> 0 | O6: =VLOOKUP($A6,'HY Compile'!$1:$1048576,9,0) -> 17 | P6: =VLOOKUP($A6,'HY Compile'!$1:$1048576,10,0) -> 0 | Q6: =SUM(O6:P6) -> 17 | R6: =VLOOKUP($A6,'UT-2'!$1:$1048576,5,0) -> 0 | S6: =IFERROR(ROUND(VLOOKUP($A6,ANNUAL!$1:$1048576,5,0)*0.8,0),VLOOKUP($A6,ANNUAL!$1:$1048576,5,0)) -> 0 | T6: =SUM(R6:S6) -> 0 | U6: =VLOOKUP($A6,'HY Compile'!$1:$1048576,12,0) -> 19 | V6: =VLOOKUP($A6,'HY Compile'!$1:$1048576,13,0) -> 0 | W6: =SUM(U6:V6) -> 19 | X6: =VLOOKUP($A6,'UT-2'!$1:$1048576,6,0) -> 0 | Y6: =IFERROR(ROUND(VLOOKUP($A6,ANNUAL!$1:$1048576,6,0)*0.8,0),VLOOKUP($A6,ANNUAL!$1:$1048576,6,0)) -> 0 | Z6: =SUM(X6:Y6) -> 0 | AA6: =VLOOKUP($A6,'HY Compile'!$1:$1048576,15,0) -> 12 | AB6: =VLOOKUP($A6,'HY Compile'!$1:$1048576,16,0) -> 0 | AC6: =SUM(AA6:AB6) -> 12 | AD6: =VLOOKUP($A6,'UT-2'!$1:$1048576,7,0) -> 0 | AE6: =IFERROR(ROUND(VLOOKUP($A6,ANNUAL!$1:$1048576,7,0)*0.8,0),VLOOKUP($A6,ANNUAL!$1:$1048576,7,0)) -> 0 | AF6: =SUM(AD6:AE6) -> 0 | AG6: =VLOOKUP($A6,'HY Compile'!$1:$1048576,18,0) -> 19 | AH6: =VLOOKUP($A6,'HY Compile'!$1:$1048576,19,0) -> 0 | AI6: =SUM(AG6:AH6) -> 19 | AJ6: =VLOOKUP($A6,'UT-2'!$1:$1048576,8,0) -> 0 | AK6: =IFERROR(ROUND(VLOOKUP($A6,ANNUAL!$1:$1048576,8,0)*0.8,0),VLOOKUP($A6,ANNUAL!$1:$1048576,8,0)) -> 0 | AL6: =SUM(AJ6:AK6) -> 0 | AM6: =VLOOKUP($A6,ANNUAL!$1:$1048576,9,0) -> 0 | AN6: =VLOOKUP($A6,ANNUAL!$1:$1048576,10,0) -> 0 | AO6: =VLOOKUP($A6,ANNUAL!$1:$1048576,11,0) -> 0 | AP6: =VLOOKUP($A6,ANNUAL!$1:$1048576,12,0) -> 0 | AQ6: =VLOOKUP($A6,ANNUAL!$1:$1048576,13,0) -> 0 | AR6: =VLOOKUP($A6,ANNUAL!$1:$1048576,14,0) -> 0 | AS6: =VLOOKUP($A6,ANNUAL!$1:$1048576,15,0) -> 0 | AT6: =SUM(E6,H6,K6,N6,Q6,T6,W6,Z6,AC6,AF6,AI6,AL6) -> 94 | AU6: =ROUND(AT6/12,2)&" %" -> 7.83 %
A7: =DETAILS!A6 -> 1931 | B7: =DETAILS!B6 -> GAURAV GAUTAM | C7: =VLOOKUP($A7,'HY Compile'!$1:$1048576,3,0) -> 15 | D7: =VLOOKUP($A7,'HY Compile'!$1:$1048576,4,0) -> 0 | E7: =SUM(C7:D7) -> 15 | F7: =VLOOKUP($A7,'UT-2'!$1:$1048576,3,0) -> 0 | G7: =IFERROR(ROUND(VLOOKUP($A7,ANNUAL!$1:$1048576,3,0)*0.8,0),VLOOKUP($A7,ANNUAL!$1:$1048576,3,0)) -> 0 | H7: =SUM(F7:G7) -> 0 | I7: =VLOOKUP($A7,'HY Compile'!$1:$1048576,6,0) -> 20 | J7: =VLOOKUP($A7,'HY Compile'!$1:$1048576,7,0) -> 0 | K7: =SUM(I7:J7) -> 20 | L7: =VLOOKUP($A7,'UT-2'!$1:$1048576,4,0) -> 0 | M7: =IFERROR(ROUND(VLOOKUP($A7,ANNUAL!$1:$1048576,4,0)*0.8,0),VLOOKUP($A7,ANNUAL!$1:$1048576,4,0)) -> 0 | N7: =SUM(L7:M7) -> 0 | O7: =VLOOKUP($A7,'HY Compile'!$1:$1048576,9,0) -> 17 | P7: =VLOOKUP($A7,'HY Compile'!$1:$1048576,10,0) -> 0 | Q7: =SUM(O7:P7) -> 17 | R7: =VLOOKUP($A7,'UT-2'!$1:$1048576,5,0) -> 0 | S7: =IFERROR(ROUND(VLOOKUP($A7,ANNUAL!$1:$1048576,5,0)*0.8,0),VLOOKUP($A7,ANNUAL!$1:$1048576,5,0)) -> 0 | T7: =SUM(R7:S7) -> 0 | U7: =VLOOKUP($A7,'HY Compile'!$1:$1048576,12,0) -> 20 | V7: =VLOOKUP($A7,'HY Compile'!$1:$1048576,13,0) -> 0 | W7: =SUM(U7:V7) -> 20 | X7: =VLOOKUP($A7,'UT-2'!$1:$1048576,6,0) -> 0 | Y7: =IFERROR(ROUND(VLOOKUP($A7,ANNUAL!$1:$1048576,6,0)*0.8,0),VLOOKUP($A7,ANNUAL!$1:$1048576,6,0)) -> 0 | Z7: =SUM(X7:Y7) -> 0 | AA7: =VLOOKUP($A7,'HY Compile'!$1:$1048576,15,0) -> 13 | AB7: =VLOOKUP($A7,'HY Compile'!$1:$1048576,16,0) -> 0 | AC7: =SUM(AA7:AB7) -> 13 | AD7: =VLOOKUP($A7,'UT-2'!$1:$1048576,7,0) -> 0 | AE7: =IFERROR(ROUND(VLOOKUP($A7,ANNUAL!$1:$1048576,7,0)*0.8,0),VLOOKUP($A7,ANNUAL!$1:$1048576,7,0)) -> 0 | AF7: =SUM(AD7:AE7) -> 0 | AG7: =VLOOKUP($A7,'HY Compile'!$1:$1048576,18,0) -> 17 | AH7: =VLOOKUP($A7,'HY Compile'!$1:$1048576,19,0) -> 0 | AI7: =SUM(AG7:AH7) -> 17 | AJ7: =VLOOKUP($A7,'UT-2'!$1:$1048576,8,0) -> 0 | AK7: =IFERROR(ROUND(VLOOKUP($A7,ANNUAL!$1:$1048576,8,0)*0.8,0),VLOOKUP($A7,ANNUAL!$1:$1048576,8,0)) -> 0 | AL7: =SUM(AJ7:AK7) -> 0 | AM7: =VLOOKUP($A7,ANNUAL!$1:$1048576,9,0) -> 0 | AN7: =VLOOKUP($A7,ANNUAL!$1:$1048576,10,0) -> 0 | AO7: =VLOOKUP($A7,ANNUAL!$1:$1048576,11,0) -> 0 | AP7: =VLOOKUP($A7,ANNUAL!$1:$1048576,12,0) -> 0 | AQ7: =VLOOKUP($A7,ANNUAL!$1:$1048576,13,0) -> 0 | AR7: =VLOOKUP($A7,ANNUAL!$1:$1048576,14,0) -> 0 | AS7: =VLOOKUP($A7,ANNUAL!$1:$1048576,15,0) -> 0 | AT7: =SUM(E7,H7,K7,N7,Q7,T7,W7,Z7,AC7,AF7,AI7,AL7) -> 102 | AU7: =ROUND(AT7/12,2)&" %" -> 8.5 %
A8: =DETAILS!A7 -> 1509 | B8: =DETAILS!B7 -> HIMANSHU | C8: =VLOOKUP($A8,'HY Compile'!$1:$1048576,3,0) -> 13 | D8: =VLOOKUP($A8,'HY Compile'!$1:$1048576,4,0) -> 0 | E8: =SUM(C8:D8) -> 13 | F8: =VLOOKUP($A8,'UT-2'!$1:$1048576,3,0) -> 0 | G8: =IFERROR(ROUND(VLOOKUP($A8,ANNUAL!$1:$1048576,3,0)*0.8,0),VLOOKUP($A8,ANNUAL!$1:$1048576,3,0)) -> 0 | H8: =SUM(F8:G8) -> 0 | I8: =VLOOKUP($A8,'HY Compile'!$1:$1048576,6,0) -> 10 | J8: =VLOOKUP($A8,'HY Compile'!$1:$1048576,7,0) -> 0 | K8: =SUM(I8:J8) -> 10 | L8: =VLOOKUP($A8,'UT-2'!$1:$1048576,4,0) -> 0 | M8: =IFERROR(ROUND(VLOOKUP($A8,ANNUAL!$1:$1048576,4,0)*0.8,0),VLOOKUP($A8,ANNUAL!$1:$1048576,4,0)) -> 0 | N8: =SUM(L8:M8) -> 0 | O8: =VLOOKUP($A8,'HY Compile'!$1:$1048576,9,0) -> 13 | P8: =VLOOKUP($A8,'HY Compile'!$1:$1048576,10,0) -> 0 | Q8: =SUM(O8:P8) -> 13 | R8: =VLOOKUP($A8,'UT-2'!$1:$1048576,5,0) -> 0 | S8: =IFERROR(ROUND(VLOOKUP($A8,ANNUAL!$1:$1048576,5,0)*0.8,0),VLOOKUP($A8,ANNUAL!$1:$1048576,5,0)) -> 0 | T8: =SUM(R8:S8) -> 0 | U8: =VLOOKUP($A8,'HY Compile'!$1:$1048576,12,0) -> 16 | V8: =VLOOKUP($A8,'HY Compile'!$1:$1048576,13,0) -> 0 | W8: =SUM(U8:V8) -> 16 | X8: =VLOOKUP($A8,'UT-2'!$1:$1048576,6,0) -> 0 | Y8: =IFERROR(ROUND(VLOOKUP($A8,ANNUAL!$1:$1048576,6,0)*0.8,0),VLOOKUP($A8,ANNUAL!$1:$1048576,6,0)) -> 0 | Z8: =SUM(X8:Y8) -> 0 | AA8: =VLOOKUP($A8,'HY Compile'!$1:$1048576,15,0) -> 8 | AB8: =VLOOKUP($A8,'HY Compile'!$1:$1048576,16,0) -> 0 | AC8: =SUM(AA8:AB8) -> 8 | AD8: =VLOOKUP($A8,'UT-2'!$1:$1048576,7,0) -> 0 | AE8: =IFERROR(ROUND(VLOOKUP($A8,ANNUAL!$1:$1048576,7,0)*0.8,0),VLOOKUP($A8,ANNUAL!$1:$1048576,7,0)) -> 0 | AF8: =SUM(AD8:AE8) -> 0 | AG8: =VLOOKUP($A8,'HY Compile'!$1:$1048576,18,0) -> 13 | AH8: =VLOOKUP($A8,'HY Compile'!$1:$1048576,19,0) -> 0 | AI8: =SUM(AG8:AH8) -> 13 | AJ8: =VLOOKUP($A8,'UT-2'!$1:$1048576,8,0) -> 0 | AK8: =IFERROR(ROUND(VLOOKUP($A8,ANNUAL!$1:$1048576,8,0)*0.8,0),VLOOKUP($A8,ANNUAL!$1:$1048576,8,0)) -> 0 | AL8: =SUM(AJ8:AK8) -> 0 | AM8: =VLOOKUP($A8,ANNUAL!$1:$1048576,9,0) -> 0 | AN8: =VLOOKUP($A8,ANNUAL!$1:$1048576,10,0) -> 0 | AO8: =VLOOKUP($A8,ANNUAL!$1:$1048576,11,0) -> 0 | AP8: =VLOOKUP($A8,ANNUAL!$1:$1048576,12,0) -> 0 | AQ8: =VLOOKUP($A8,ANNUAL!$1:$1048576,13,0) -> 0 | AR8: =VLOOKUP($A8,ANNUAL!$1:$1048576,14,0) -> 0 | AS8: =VLOOKUP($A8,ANNUAL!$1:$1048576,15,0) -> 0 | AT8: =SUM(E8,H8,K8,N8,Q8,T8,W8,Z8,AC8,AF8,AI8,AL8) -> 73 | AU8: =ROUND(AT8/12,2)&" %" -> 6.08 %
A9: =DETAILS!A8 -> 694 | B9: =DETAILS!B8 -> JYOTIRADITYA DAS | C9: =VLOOKUP($A9,'HY Compile'!$1:$1048576,3,0) -> 9 | D9: =VLOOKUP($A9,'HY Compile'!$1:$1048576,4,0) -> 0 | E9: =SUM(C9:D9) -> 9 | F9: =VLOOKUP($A9,'UT-2'!$1:$1048576,3,0) -> 0 | G9: =IFERROR(ROUND(VLOOKUP($A9,ANNUAL!$1:$1048576,3,0)*0.8,0),VLOOKUP($A9,ANNUAL!$1:$1048576,3,0)) -> 0 | H9: =SUM(F9:G9) -> 0 | I9: =VLOOKUP($A9,'HY Compile'!$1:$1048576,6,0) -> 7 | J9: =VLOOKUP($A9,'HY Compile'!$1:$1048576,7,0) -> 0 | K9: =SUM(I9:J9) -> 7 | L9: =VLOOKUP($A9,'UT-2'!$1:$1048576,4,0) -> 0 | M9: =IFERROR(ROUND(VLOOKUP($A9,ANNUAL!$1:$1048576,4,0)*0.8,0),VLOOKUP($A9,ANNUAL!$1:$1048576,4,0)) -> 0 | N9: =SUM(L9:M9) -> 0 | O9: =VLOOKUP($A9,'HY Compile'!$1:$1048576,9,0) -> 13 | P9: =VLOOKUP($A9,'HY Compile'!$1:$1048576,10,0) -> 0 | Q9: =SUM(O9:P9) -> 13 | R9: =VLOOKUP($A9,'UT-2'!$1:$1048576,5,0) -> 0 | S9: =IFERROR(ROUND(VLOOKUP($A9,ANNUAL!$1:$1048576,5,0)*0.8,0),VLOOKUP($A9,ANNUAL!$1:$1048576,5,0)) -> 0 | T9: =SUM(R9:S9) -> 0 | U9: =VLOOKUP($A9,'HY Compile'!$1:$1048576,12,0) -> 13 | V9: =VLOOKUP($A9,'HY Compile'!$1:$1048576,13,0) -> 0 | W9: =SUM(U9:V9) -> 13 | X9: =VLOOKUP($A9,'UT-2'!$1:$1048576,6,0) -> 0 | Y9: =IFERROR(ROUND(VLOOKUP($A9,ANNUAL!$1:$1048576,6,0)*0.8,0),VLOOKUP($A9,ANNUAL!$1:$1048576,6,0)) -> 0 | Z9: =SUM(X9:Y9) -> 0 | AA9: =VLOOKUP($A9,'HY Compile'!$1:$1048576,15,0) -> 5 | AB9: =VLOOKUP($A9,'HY Compile'!$1:$1048576,16,0) -> 0 | AC9: =SUM(AA9:AB9) -> 5 | AD9: =VLOOKUP($A9,'UT-2'!$1:$1048576,7,0) -> 0 | AE9: =IFERROR(ROUND(VLOOKUP($A9,ANNUAL!$1:$1048576,7,0)*0.8,0),VLOOKUP($A9,ANNUAL!$1:$1048576,7,0)) -> 0 | AF9: =SUM(AD9:AE9) -> 0 | AG9: =VLOOKUP($A9,'HY Compile'!$1:$1048576,18,0) -> 11 | AH9: =VLOOKUP($A9,'HY Compile'!$1:$1048576,19,0) -> 0 | AI9: =SUM(AG9:AH9) -> 11 | AJ9: =VLOOKUP($A9,'UT-2'!$1:$1048576,8,0) -> 0 | AK9: =IFERROR(ROUND(VLOOKUP($A9,ANNUAL!$1:$1048576,8,0)*0.8,0),VLOOKUP($A9,ANNUAL!$1:$1048576,8,0)) -> 0 | AL9: =SUM(AJ9:AK9) -> 0 | AM9: =VLOOKUP($A9,ANNUAL!$1:$1048576,9,0) -> 0 | AN9: =VLOOKUP($A9,ANNUAL!$1:$1048576,10,0) -> 0 | AO9: =VLOOKUP($A9,ANNUAL!$1:$1048576,11,0) -> 0 | AP9: =VLOOKUP($A9,ANNUAL!$1:$1048576,12,0) -> 0 | AQ9: =VLOOKUP($A9,ANNUAL!$1:$1048576,13,0) -> 0 | AR9: =VLOOKUP($A9,ANNUAL!$1:$1048576,14,0) -> 0 | AS9: =VLOOKUP($A9,ANNUAL!$1:$1048576,15,0) -> 0 | AT9: =SUM(E9,H9,K9,N9,Q9,T9,W9,Z9,AC9,AF9,AI9,AL9) -> 58 | AU9: =ROUND(AT9/12,2)&" %" -> 4.83 %
A10: =DETAILS!A9 -> 1873 | B10: =DETAILS!B9 -> MASIRA AKHTAR | C10: =VLOOKUP($A10,'HY Compile'!$1:$1048576,3,0) -> 13 | D10: =VLOOKUP($A10,'HY Compile'!$1:$1048576,4,0) -> 0 | E10: =SUM(C10:D10) -> 13 | F10: =VLOOKUP($A10,'UT-2'!$1:$1048576,3,0) -> 0 | G10: =IFERROR(ROUND(VLOOKUP($A10,ANNUAL!$1:$1048576,3,0)*0.8,0),VLOOKUP($A10,ANNUAL!$1:$1048576,3,0)) -> 0 | H10: =SUM(F10:G10) -> 0 | I10: =VLOOKUP($A10,'HY Compile'!$1:$1048576,6,0) -> 13 | J10: =VLOOKUP($A10,'HY Compile'!$1:$1048576,7,0) -> 0 | K10: =SUM(I10:J10) -> 13 | L10: =VLOOKUP($A10,'UT-2'!$1:$1048576,4,0) -> 0 | M10: =IFERROR(ROUND(VLOOKUP($A10,ANNUAL!$1:$1048576,4,0)*0.8,0),VLOOKUP($A10,ANNUAL!$1:$1048576,4,0)) -> 0 | N10: =SUM(L10:M10) -> 0 | O10: =VLOOKUP($A10,'HY Compile'!$1:$1048576,9,0) -> 16 | P10: =VLOOKUP($A10,'HY Compile'!$1:$1048576,10,0) -> 0 | Q10: =SUM(O10:P10) -> 16 | R10: =VLOOKUP($A10,'UT-2'!$1:$1048576,5,0) -> 0 | S10: =IFERROR(ROUND(VLOOKUP($A10,ANNUAL!$1:$1048576,5,0)*0.8,0),VLOOKUP($A10,ANNUAL!$1:$1048576,5,0)) -> 0 | T10: =SUM(R10:S10) -> 0 | U10: =VLOOKUP($A10,'HY Compile'!$1:$1048576,12,0) -> 17 | V10: =VLOOKUP($A10,'HY Compile'!$1:$1048576,13,0) -> 0 | W10: =SUM(U10:V10) -> 17 | X10: =VLOOKUP($A10,'UT-2'!$1:$1048576,6,0) -> 0 | Y10: =IFERROR(ROUND(VLOOKUP($A10,ANNUAL!$1:$1048576,6,0)*0.8,0),VLOOKUP($A10,ANNUAL!$1:$1048576,6,0)) -> 0 | Z10: =SUM(X10:Y10) -> 0 | AA10: =VLOOKUP($A10,'HY Compile'!$1:$1048576,15,0) -> 14 | AB10: =VLOOKUP($A10,'HY Compile'!$1:$1048576,16,0) -> 0 | AC10: =SUM(AA10:AB10) -> 14 | AD10: =VLOOKUP($A10,'UT-2'!$1:$1048576,7,0) -> 0 | AE10: =IFERROR(ROUND(VLOOKUP($A10,ANNUAL!$1:$1048576,7,0)*0.8,0),VLOOKUP($A10,ANNUAL!$1:$1048576,7,0)) -> 0 | AF10: =SUM(AD10:AE10) -> 0 | AG10: =VLOOKUP($A10,'HY Compile'!$1:$1048576,18,0) -> 17 | AH10: =VLOOKUP($A10,'HY Compile'!$1:$1048576,19,0) -> 0 | AI10: =SUM(AG10:AH10) -> 17 | AJ10: =VLOOKUP($A10,'UT-2'!$1:$1048576,8,0) -> 0 | AK10: =IFERROR(ROUND(VLOOKUP($A10,ANNUAL!$1:$1048576,8,0)*0.8,0),VLOOKUP($A10,ANNUAL!$1:$1048576,8,0)) -> 0 | AL10: =SUM(AJ10:AK10) -> 0 | AM10: =VLOOKUP($A10,ANNUAL!$1:$1048576,9,0) -> 0 | AN10: =VLOOKUP($A10,ANNUAL!$1:$1048576,10,0) -> 0 | AO10: =VLOOKUP($A10,ANNUAL!$1:$1048576,11,0) -> 0 | AP10: =VLOOKUP($A10,ANNUAL!$1:$1048576,12,0) -> 0 | AQ10: =VLOOKUP($A10,ANNUAL!$1:$1048576,13,0) -> 0 | AR10: =VLOOKUP($A10,ANNUAL!$1:$1048576,14,0) -> 0 | AS10: =VLOOKUP($A10,ANNUAL!$1:$1048576,15,0) -> 0 | AT10: =SUM(E10,H10,K10,N10,Q10,T10,W10,Z10,AC10,AF10,AI10,AL10) -> 90 | AU10: =ROUND(AT10/12,2)&" %" -> 7.5 %
A11: =DETAILS!A10 -> 1491 | B11: =DETAILS!B10 -> SIDDHARTH | C11: =VLOOKUP($A11,'HY Compile'!$1:$1048576,3,0) -> 11 | D11: =VLOOKUP($A11,'HY Compile'!$1:$1048576,4,0) -> 0 | E11: =SUM(C11:D11) -> 11 | F11: =VLOOKUP($A11,'UT-2'!$1:$1048576,3,0) -> 0 | G11: =IFERROR(ROUND(VLOOKUP($A11,ANNUAL!$1:$1048576,3,0)*0.8,0),VLOOKUP($A11,ANNUAL!$1:$1048576,3,0)) -> 0 | H11: =SUM(F11:G11) -> 0 | I11: =VLOOKUP($A11,'HY Compile'!$1:$1048576,6,0) -> 7 | J11: =VLOOKUP($A11,'HY Compile'!$1:$1048576,7,0) -> 0 | K11: =SUM(I11:J11) -> 7 | L11: =VLOOKUP($A11,'UT-2'!$1:$1048576,4,0) -> 0 | M11: =IFERROR(ROUND(VLOOKUP($A11,ANNUAL!$1:$1048576,4,0)*0.8,0),VLOOKUP($A11,ANNUAL!$1:$1048576,4,0)) -> 0 | N11: =SUM(L11:M11) -> 0 | O11: =VLOOKUP($A11,'HY Compile'!$1:$1048576,9,0) -> 11 | P11: =VLOOKUP($A11,'HY Compile'!$1:$1048576,10,0) -> 0 | Q11: =SUM(O11:P11) -> 11 | R11: =VLOOKUP($A11,'UT-2'!$1:$1048576,5,0) -> 0 | S11: =IFERROR(ROUND(VLOOKUP($A11,ANNUAL!$1:$1048576,5,0)*0.8,0),VLOOKUP($A11,ANNUAL!$1:$1048576,5,0)) -> 0 | T11: =SUM(R11:S11) -> 0 | U11: =VLOOKUP($A11,'HY Compile'!$1:$1048576,12,0) -> 16 | V11: =VLOOKUP($A11,'HY Compile'!$1:$1048576,13,0) -> 0 | W11: =SUM(U11:V11) -> 16 | X11: =VLOOKUP($A11,'UT-2'!$1:$1048576,6,0) -> 0 | Y11: =IFERROR(ROUND(VLOOKUP($A11,ANNUAL!$1:$1048576,6,0)*0.8,0),VLOOKUP($A11,ANNUAL!$1:$1048576,6,0)) -> 0 | Z11: =SUM(X11:Y11) -> 0 | AA11: =VLOOKUP($A11,'HY Compile'!$1:$1048576,15,0) -> 8 | AB11: =VLOOKUP($A11,'HY Compile'!$1:$1048576,16,0) -> 0 | AC11: =SUM(AA11:AB11) -> 8 | AD11: =VLOOKUP($A11,'UT-2'!$1:$1048576,7,0) -> 0 | AE11: =IFERROR(ROUND(VLOOKUP($A11,ANNUAL!$1:$1048576,7,0)*0.8,0),VLOOKUP($A11,ANNUAL!$1:$1048576,7,0)) -> 0 | AF11: =SUM(AD11:AE11) -> 0 | AG11: =VLOOKUP($A11,'HY Compile'!$1:$1048576,18,0) -> 15 | AH11: =VLOOKUP($A11,'HY Compile'!$1:$1048576,19,0) -> 0 | AI11: =SUM(AG11:AH11) -> 15 | AJ11: =VLOOKUP($A11,'UT-2'!$1:$1048576,8,0) -> 0 | AK11: =IFERROR(ROUND(VLOOKUP($A11,ANNUAL!$1:$1048576,8,0)*0.8,0),VLOOKUP($A11,ANNUAL!$1:$1048576,8,0)) -> 0 | AL11: =SUM(AJ11:AK11) -> 0 | AM11: =VLOOKUP($A11,ANNUAL!$1:$1048576,9,0) -> 0 | AN11: =VLOOKUP($A11,ANNUAL!$1:$1048576,10,0) -> 0 | AO11: =VLOOKUP($A11,ANNUAL!$1:$1048576,11,0) -> 0 | AP11: =VLOOKUP($A11,ANNUAL!$1:$1048576,12,0) -> 0 | AQ11: =VLOOKUP($A11,ANNUAL!$1:$1048576,13,0) -> 0 | AR11: =VLOOKUP($A11,ANNUAL!$1:$1048576,14,0) -> 0 | AS11: =VLOOKUP($A11,ANNUAL!$1:$1048576,15,0) -> 0 | AT11: =SUM(E11,H11,K11,N11,Q11,T11,W11,Z11,AC11,AF11,AI11,AL11) -> 68 | AU11: =ROUND(AT11/12,2)&" %" -> 5.67 %
A12: =DETAILS!A11 -> 701 | B12: =DETAILS!B11 -> YASH SONI | C12: =VLOOKUP($A12,'HY Compile'!$1:$1048576,3,0) -> AB | D12: =VLOOKUP($A12,'HY Compile'!$1:$1048576,4,0) -> 0 | E12: =SUM(C12:D12) -> 0 | F12: =VLOOKUP($A12,'UT-2'!$1:$1048576,3,0) -> 0 | G12: =IFERROR(ROUND(VLOOKUP($A12,ANNUAL!$1:$1048576,3,0)*0.8,0),VLOOKUP($A12,ANNUAL!$1:$1048576,3,0)) -> 0 | H12: =SUM(F12:G12) -> 0 | I12: =VLOOKUP($A12,'HY Compile'!$1:$1048576,6,0) -> AB | J12: =VLOOKUP($A12,'HY Compile'!$1:$1048576,7,0) -> 0 | K12: =SUM(I12:J12) -> 0 | L12: =VLOOKUP($A12,'UT-2'!$1:$1048576,4,0) -> 0 | M12: =IFERROR(ROUND(VLOOKUP($A12,ANNUAL!$1:$1048576,4,0)*0.8,0),VLOOKUP($A12,ANNUAL!$1:$1048576,4,0)) -> 0 | N12: =SUM(L12:M12) -> 0 | O12: =VLOOKUP($A12,'HY Compile'!$1:$1048576,9,0) -> AB | P12: =VLOOKUP($A12,'HY Compile'!$1:$1048576,10,0) -> 0 | Q12: =SUM(O12:P12) -> 0 | R12: =VLOOKUP($A12,'UT-2'!$1:$1048576,5,0) -> 0 | S12: =IFERROR(ROUND(VLOOKUP($A12,ANNUAL!$1:$1048576,5,0)*0.8,0),VLOOKUP($A12,ANNUAL!$1:$1048576,5,0)) -> 0 | T12: =SUM(R12:S12) -> 0 | U12: =VLOOKUP($A12,'HY Compile'!$1:$1048576,12,0) -> AB | V12: =VLOOKUP($A12,'HY Compile'!$1:$1048576,13,0) -> 0 | W12: =SUM(U12:V12) -> 0 | X12: =VLOOKUP($A12,'UT-2'!$1:$1048576,6,0) -> 0 | Y12: =IFERROR(ROUND(VLOOKUP($A12,ANNUAL!$1:$1048576,6,0)*0.8,0),VLOOKUP($A12,ANNUAL!$1:$1048576,6,0)) -> 0 | Z12: =SUM(X12:Y12) -> 0 | AA12: =VLOOKUP($A12,'HY Compile'!$1:$1048576,15,0) -> AB | AB12: =VLOOKUP($A12,'HY Compile'!$1:$1048576,16,0) -> 0 | AC12: =SUM(AA12:AB12) -> 0 | AD12: =VLOOKUP($A12,'UT-2'!$1:$1048576,7,0) -> 0 | AE12: =IFERROR(ROUND(VLOOKUP($A12,ANNUAL!$1:$1048576,7,0)*0.8,0),VLOOKUP($A12,ANNUAL!$1:$1048576,7,0)) -> 0 | AF12: =SUM(AD12:AE12) -> 0 | AG12: =VLOOKUP($A12,'HY Compile'!$1:$1048576,18,0) -> AB | AH12: =VLOOKUP($A12,'HY Compile'!$1:$1048576,19,0) -> 0 | AI12: =SUM(AG12:AH12) -> 0 | AJ12: =VLOOKUP($A12,'UT-2'!$1:$1048576,8,0) -> 0 | AK12: =IFERROR(ROUND(VLOOKUP($A12,ANNUAL!$1:$1048576,8,0)*0.8,0),VLOOKUP($A12,ANNUAL!$1:$1048576,8,0)) -> 0 | AL12: =SUM(AJ12:AK12) -> 0 | AM12: =VLOOKUP($A12,ANNUAL!$1:$1048576,9,0) -> 0 | AN12: =VLOOKUP($A12,ANNUAL!$1:$1048576,10,0) -> 0 | AO12: =VLOOKUP($A12,ANNUAL!$1:$1048576,11,0) -> 0 | AP12: =VLOOKUP($A12,ANNUAL!$1:$1048576,12,0) -> 0 | AQ12: =VLOOKUP($A12,ANNUAL!$1:$1048576,13,0) -> 0 | AR12: =VLOOKUP($A12,ANNUAL!$1:$1048576,14,0) -> 0 | AS12: =VLOOKUP($A12,ANNUAL!$1:$1048576,15,0) -> 0 | AT12: =SUM(E12,H12,K12,N12,Q12,T12,W12,Z12,AC12,AF12,AI12,AL12) -> 0 | AU12: =ROUND(AT12/12,2)&" %" -> 0 %
A13: =DETAILS!#REF! -> #REF! | B13: =DETAILS!#REF! -> #REF! | C13: =VLOOKUP($A13,'HY Compile'!$1:$1048576,3,0) -> #REF! | D13: =VLOOKUP($A13,'HY Compile'!$1:$1048576,4,0) -> #REF! | E13: =SUM(C13:D13) -> #REF! | F13: =VLOOKUP($A13,'UT-2'!$1:$1048576,3,0) -> #REF! | G13: =IFERROR(ROUND(VLOOKUP($A13,ANNUAL!$1:$1048576,3,0)*0.8,0),VLOOKUP($A13,ANNUAL!$1:$1048576,3,0)) -> #REF! | H13: =SUM(F13:G13) -> #REF! | I13: =VLOOKUP($A13,'HY Compile'!$1:$1048576,6,0) -> #REF! | J13: =VLOOKUP($A13,'HY Compile'!$1:$1048576,7,0) -> #REF! | K13: =SUM(I13:J13) -> #REF! | L13: =VLOOKUP($A13,'UT-2'!$1:$1048576,4,0) -> #REF! | M13: =IFERROR(ROUND(VLOOKUP($A13,ANNUAL!$1:$1048576,4,0)*0.8,0),VLOOKUP($A13,ANNUAL!$1:$1048576,4,0)) -> #REF! | N13: =SUM(L13:M13) -> #REF! | O13: =VLOOKUP($A13,'HY Compile'!$1:$1048576,9,0) -> #REF! | P13: =VLOOKUP($A13,'HY Compile'!$1:$1048576,10,0) -> #REF! | Q13: =SUM(O13:P13) -> #REF! | R13: =VLOOKUP($A13,'UT-2'!$1:$1048576,5,0) -> #REF! | S13: =IFERROR(ROUND(VLOOKUP($A13,ANNUAL!$1:$1048576,5,0)*0.8,0),VLOOKUP($A13,ANNUAL!$1:$1048576,5,0)) -> #REF! | T13: =SUM(R13:S13) -> #REF! | U13: =VLOOKUP($A13,'HY Compile'!$1:$1048576,12,0) -> #REF! | V13: =VLOOKUP($A13,'HY Compile'!$1:$1048576,13,0) -> #REF! | W13: =SUM(U13:V13) -> #REF! | X13: =VLOOKUP($A13,'UT-2'!$1:$1048576,6,0) -> #REF! | Y13: =IFERROR(ROUND(VLOOKUP($A13,ANNUAL!$1:$1048576,6,0)*0.8,0),VLOOKUP($A13,ANNUAL!$1:$1048576,6,0)) -> #REF! | Z13: =SUM(X13:Y13) -> #REF! | AA13: =VLOOKUP($A13,'HY Compile'!$1:$1048576,15,0) -> #REF! | AB13: =VLOOKUP($A13,'HY Compile'!$1:$1048576,16,0) -> #REF! | AC13: =SUM(AA13:AB13) -> #REF! | AD13: =VLOOKUP($A13,'UT-2'!$1:$1048576,7,0) -> #REF! | AE13: =IFERROR(ROUND(VLOOKUP($A13,ANNUAL!$1:$1048576,7,0)*0.8,0),VLOOKUP($A13,ANNUAL!$1:$1048576,7,0)) -> #REF! | AF13: =SUM(AD13:AE13) -> #REF! | AG13: =VLOOKUP($A13,'HY Compile'!$1:$1048576,18,0) -> #REF! | AH13: =VLOOKUP($A13,'HY Compile'!$1:$1048576,19,0) -> #REF! | AI13: =SUM(AG13:AH13) -> #REF! | AJ13: =VLOOKUP($A13,'UT-2'!$1:$1048576,8,0) -> #REF! | AK13: =IFERROR(ROUND(VLOOKUP($A13,ANNUAL!$1:$1048576,8,0)*0.8,0),VLOOKUP($A13,ANNUAL!$1:$1048576,8,0)) -> #REF! | AL13: =SUM(AJ13:AK13) -> #REF! | AM13: =VLOOKUP($A13,ANNUAL!$1:$1048576,9,0) -> #REF! | AN13: =VLOOKUP($A13,ANNUAL!$1:$1048576,10,0) -> #REF! | AO13: =VLOOKUP($A13,ANNUAL!$1:$1048576,11,0) -> #REF! | AP13: =VLOOKUP($A13,ANNUAL!$1:$1048576,12,0) -> #REF! | AQ13: =VLOOKUP($A13,ANNUAL!$1:$1048576,13,0) -> #REF! | AR13: =VLOOKUP($A13,ANNUAL!$1:$1048576,14,0) -> #REF! | AS13: =VLOOKUP($A13,ANNUAL!$1:$1048576,15,0) -> #REF! | AT13: =SUM(E13,H13,K13,N13,Q13,T13,W13,Z13,AC13,AF13,AI13,AL13) -> #REF! | AU13: =ROUND(AT13/12,2)&" %" -> #REF!
A14: =DETAILS!#REF! -> #REF! | B14: =DETAILS!#REF! -> #REF! | C14: =VLOOKUP($A14,'HY Compile'!$1:$1048576,3,0) -> #REF! | D14: =VLOOKUP($A14,'HY Compile'!$1:$1048576,4,0) -> #REF! | E14: =SUM(C14:D14) -> #REF! | F14: =VLOOKUP($A14,'UT-2'!$1:$1048576,3,0) -> #REF! | G14: =IFERROR(ROUND(VLOOKUP($A14,ANNUAL!$1:$1048576,3,0)*0.8,0),VLOOKUP($A14,ANNUAL!$1:$1048576,3,0)) -> #REF! | H14: =SUM(F14:G14) -> #REF! | I14: =VLOOKUP($A14,'HY Compile'!$1:$1048576,6,0) -> #REF! | J14: =VLOOKUP($A14,'HY Compile'!$1:$1048576,7,0) -> #REF! | K14: =SUM(I14:J14) -> #REF! | L14: =VLOOKUP($A14,'UT-2'!$1:$1048576,4,0) -> #REF! | M14: =IFERROR(ROUND(VLOOKUP($A14,ANNUAL!$1:$1048576,4,0)*0.8,0),VLOOKUP($A14,ANNUAL!$1:$1048576,4,0)) -> #REF! | N14: =SUM(L14:M14) -> #REF! | O14: =VLOOKUP($A14,'HY Compile'!$1:$1048576,9,0) -> #REF! | P14: =VLOOKUP($A14,'HY Compile'!$1:$1048576,10,0) -> #REF! | Q14: =SUM(O14:P14) -> #REF! | R14: =VLOOKUP($A14,'UT-2'!$1:$1048576,5,0) -> #REF! | S14: =IFERROR(ROUND(VLOOKUP($A14,ANNUAL!$1:$1048576,5,0)*0.8,0),VLOOKUP($A14,ANNUAL!$1:$1048576,5,0)) -> #REF! | T14: =SUM(R14:S14) -> #REF! | U14: =VLOOKUP($A14,'HY Compile'!$1:$1048576,12,0) -> #REF! | V14: =VLOOKUP($A14,'HY Compile'!$1:$1048576,13,0) -> #REF! | W14: =SUM(U14:V14) -> #REF! | X14: =VLOOKUP($A14,'UT-2'!$1:$1048576,6,0) -> #REF! | Y14: =IFERROR(ROUND(VLOOKUP($A14,ANNUAL!$1:$1048576,6,0)*0.8,0),VLOOKUP($A14,ANNUAL!$1:$1048576,6,0)) -> #REF! | Z14: =SUM(X14:Y14) -> #REF! | AA14: =VLOOKUP($A14,'HY Compile'!$1:$1048576,15,0) -> #REF! | AB14: =VLOOKUP($A14,'HY Compile'!$1:$1048576,16,0) -> #REF! | AC14: =SUM(AA14:AB14) -> #REF! | AD14: =VLOOKUP($A14,'UT-2'!$1:$1048576,7,0) -> #REF! | AE14: =IFERROR(ROUND(VLOOKUP($A14,ANNUAL!$1:$1048576,7,0)*0.8,0),VLOOKUP($A14,ANNUAL!$1:$1048576,7,0)) -> #REF! | AF14: =SUM(AD14:AE14) -> #REF! | AG14: =VLOOKUP($A14,'HY Compile'!$1:$1048576,18,0) -> #REF! | AH14: =VLOOKUP($A14,'HY Compile'!$1:$1048576,19,0) -> #REF! | AI14: =SUM(AG14:AH14) -> #REF! | AJ14: =VLOOKUP($A14,'UT-2'!$1:$1048576,8,0) -> #REF! | AK14: =IFERROR(ROUND(VLOOKUP($A14,ANNUAL!$1:$1048576,8,0)*0.8,0),VLOOKUP($A14,ANNUAL!$1:$1048576,8,0)) -> #REF! | AL14: =SUM(AJ14:AK14) -> #REF! | AM14: =VLOOKUP($A14,ANNUAL!$1:$1048576,9,0) -> #REF! | AN14: =VLOOKUP($A14,ANNUAL!$1:$1048576,10,0) -> #REF! | AO14: =VLOOKUP($A14,ANNUAL!$1:$1048576,11,0) -> #REF! | AP14: =VLOOKUP($A14,ANNUAL!$1:$1048576,12,0) -> #REF! | AQ14: =VLOOKUP($A14,ANNUAL!$1:$1048576,13,0) -> #REF! | AR14: =VLOOKUP($A14,ANNUAL!$1:$1048576,14,0) -> #REF! | AS14: =VLOOKUP($A14,ANNUAL!$1:$1048576,15,0) -> #REF! | AT14: =SUM(E14,H14,K14,N14,Q14,T14,W14,Z14,AC14,AF14,AI14,AL14) -> #REF! | AU14: =ROUND(AT14/12,2)&" %" -> #REF!
A15: =DETAILS!#REF! -> #REF! | B15: =DETAILS!#REF! -> #REF! | C15: =VLOOKUP($A15,'HY Compile'!$1:$1048576,3,0) -> #REF! | D15: =VLOOKUP($A15,'HY Compile'!$1:$1048576,4,0) -> #REF! | E15: =SUM(C15:D15) -> #REF! | F15: =VLOOKUP($A15,'UT-2'!$1:$1048576,3,0) -> #REF! | G15: =IFERROR(ROUND(VLOOKUP($A15,ANNUAL!$1:$1048576,3,0)*0.8,0),VLOOKUP($A15,ANNUAL!$1:$1048576,3,0)) -> #REF! | H15: =SUM(F15:G15) -> #REF! | I15: =VLOOKUP($A15,'HY Compile'!$1:$1048576,6,0) -> #REF! | J15: =VLOOKUP($A15,'HY Compile'!$1:$1048576,7,0) -> #REF! | K15: =SUM(I15:J15) -> #REF! | L15: =VLOOKUP($A15,'UT-2'!$1:$1048576,4,0) -> #REF! | M15: =IFERROR(ROUND(VLOOKUP($A15,ANNUAL!$1:$1048576,4,0)*0.8,0),VLOOKUP($A15,ANNUAL!$1:$1048576,4,0)) -> #REF! | N15: =SUM(L15:M15) -> #REF! | O15: =VLOOKUP($A15,'HY Compile'!$1:$1048576,9,0) -> #REF! | P15: =VLOOKUP($A15,'HY Compile'!$1:$1048576,10,0) -> #REF! | Q15: =SUM(O15:P15) -> #REF! | R15: =VLOOKUP($A15,'UT-2'!$1:$1048576,5,0) -> #REF! | S15: =IFERROR(ROUND(VLOOKUP($A15,ANNUAL!$1:$1048576,5,0)*0.8,0),VLOOKUP($A15,ANNUAL!$1:$1048576,5,0)) -> #REF! | T15: =SUM(R15:S15) -> #REF! | U15: =VLOOKUP($A15,'HY Compile'!$1:$1048576,12,0) -> #REF! | V15: =VLOOKUP($A15,'HY Compile'!$1:$1048576,13,0) -> #REF! | W15: =SUM(U15:V15) -> #REF! | X15: =VLOOKUP($A15,'UT-2'!$1:$1048576,6,0) -> #REF! | Y15: =IFERROR(ROUND(VLOOKUP($A15,ANNUAL!$1:$1048576,6,0)*0.8,0),VLOOKUP($A15,ANNUAL!$1:$1048576,6,0)) -> #REF! | Z15: =SUM(X15:Y15) -> #REF! | AA15: =VLOOKUP($A15,'HY Compile'!$1:$1048576,15,0) -> #REF! | AB15: =VLOOKUP($A15,'HY Compile'!$1:$1048576,16,0) -> #REF! | AC15: =SUM(AA15:AB15) -> #REF! | AD15: =VLOOKUP($A15,'UT-2'!$1:$1048576,7,0) -> #REF! | AE15: =IFERROR(ROUND(VLOOKUP($A15,ANNUAL!$1:$1048576,7,0)*0.8,0),VLOOKUP($A15,ANNUAL!$1:$1048576,7,0)) -> #REF! | AF15: =SUM(AD15:AE15) -> #REF! | AG15: =VLOOKUP($A15,'HY Compile'!$1:$1048576,18,0) -> #REF! | AH15: =VLOOKUP($A15,'HY Compile'!$1:$1048576,19,0) -> #REF! | AI15: =SUM(AG15:AH15) -> #REF! | AJ15: =VLOOKUP($A15,'UT-2'!$1:$1048576,8,0) -> #REF! | AK15: =IFERROR(ROUND(VLOOKUP($A15,ANNUAL!$1:$1048576,8,0)*0.8,0),VLOOKUP($A15,ANNUAL!$1:$1048576,8,0)) -> #REF! | AL15: =SUM(AJ15:AK15) -> #REF! | AM15: =VLOOKUP($A15,ANNUAL!$1:$1048576,9,0) -> #REF! | AN15: =VLOOKUP($A15,ANNUAL!$1:$1048576,10,0) -> #REF! | AO15: =VLOOKUP($A15,ANNUAL!$1:$1048576,11,0) -> #REF! | AP15: =VLOOKUP($A15,ANNUAL!$1:$1048576,12,0) -> #REF! | AQ15: =VLOOKUP($A15,ANNUAL!$1:$1048576,13,0) -> #REF! | AR15: =VLOOKUP($A15,ANNUAL!$1:$1048576,14,0) -> #REF! | AS15: =VLOOKUP($A15,ANNUAL!$1:$1048576,15,0) -> #REF! | AT15: =SUM(E15,H15,K15,N15,Q15,T15,W15,Z15,AC15,AF15,AI15,AL15) -> #REF! | AU15: =ROUND(AT15/12,2)&" %" -> #REF!
A16: =DETAILS!#REF! -> #REF! | B16: =DETAILS!#REF! -> #REF! | C16: =VLOOKUP($A16,'HY Compile'!$1:$1048576,3,0) -> #REF! | D16: =VLOOKUP($A16,'HY Compile'!$1:$1048576,4,0) -> #REF! | E16: =SUM(C16:D16) -> #REF! | F16: =VLOOKUP($A16,'UT-2'!$1:$1048576,3,0) -> #REF! | G16: =IFERROR(ROUND(VLOOKUP($A16,ANNUAL!$1:$1048576,3,0)*0.8,0),VLOOKUP($A16,ANNUAL!$1:$1048576,3,0)) -> #REF! | H16: =SUM(F16:G16) -> #REF! | I16: =VLOOKUP($A16,'HY Compile'!$1:$1048576,6,0) -> #REF! | J16: =VLOOKUP($A16,'HY Compile'!$1:$1048576,7,0) -> #REF! | K16: =SUM(I16:J16) -> #REF! | L16: =VLOOKUP($A16,'UT-2'!$1:$1048576,4,0) -> #REF! | M16: =IFERROR(ROUND(VLOOKUP($A16,ANNUAL!$1:$1048576,4,0)*0.8,0),VLOOKUP($A16,ANNUAL!$1:$1048576,4,0)) -> #REF! | N16: =SUM(L16:M16) -> #REF! | O16: =VLOOKUP($A16,'HY Compile'!$1:$1048576,9,0) -> #REF! | P16: =VLOOKUP($A16,'HY Compile'!$1:$1048576,10,0) -> #REF! | Q16: =SUM(O16:P16) -> #REF! | R16: =VLOOKUP($A16,'UT-2'!$1:$1048576,5,0) -> #REF! | S16: =IFERROR(ROUND(VLOOKUP($A16,ANNUAL!$1:$1048576,5,0)*0.8,0),VLOOKUP($A16,ANNUAL!$1:$1048576,5,0)) -> #REF! | T16: =SUM(R16:S16) -> #REF! | U16: =VLOOKUP($A16,'HY Compile'!$1:$1048576,12,0) -> #REF! | V16: =VLOOKUP($A16,'HY Compile'!$1:$1048576,13,0) -> #REF! | W16: =SUM(U16:V16) -> #REF! | X16: =VLOOKUP($A16,'UT-2'!$1:$1048576,6,0) -> #REF! | Y16: =IFERROR(ROUND(VLOOKUP($A16,ANNUAL!$1:$1048576,6,0)*0.8,0),VLOOKUP($A16,ANNUAL!$1:$1048576,6,0)) -> #REF! | Z16: =SUM(X16:Y16) -> #REF! | AA16: =VLOOKUP($A16,'HY Compile'!$1:$1048576,15,0) -> #REF! | AB16: =VLOOKUP($A16,'HY Compile'!$1:$1048576,16,0) -> #REF! | AC16: =SUM(AA16:AB16) -> #REF! | AD16: =VLOOKUP($A16,'UT-2'!$1:$1048576,7,0) -> #REF! | AE16: =IFERROR(ROUND(VLOOKUP($A16,ANNUAL!$1:$1048576,7,0)*0.8,0),VLOOKUP($A16,ANNUAL!$1:$1048576,7,0)) -> #REF! | AF16: =SUM(AD16:AE16) -> #REF! | AG16: =VLOOKUP($A16,'HY Compile'!$1:$1048576,18,0) -> #REF! | AH16: =VLOOKUP($A16,'HY Compile'!$1:$1048576,19,0) -> #REF! | AI16: =SUM(AG16:AH16) -> #REF! | AJ16: =VLOOKUP($A16,'UT-2'!$1:$1048576,8,0) -> #REF! | AK16: =IFERROR(ROUND(VLOOKUP($A16,ANNUAL!$1:$1048576,8,0)*0.8,0),VLOOKUP($A16,ANNUAL!$1:$1048576,8,0)) -> #REF! | AL16: =SUM(AJ16:AK16) -> #REF! | AM16: =VLOOKUP($A16,ANNUAL!$1:$1048576,9,0) -> #REF! | AN16: =VLOOKUP($A16,ANNUAL!$1:$1048576,10,0) -> #REF! | AO16: =VLOOKUP($A16,ANNUAL!$1:$1048576,11,0) -> #REF! | AP16: =VLOOKUP($A16,ANNUAL!$1:$1048576,12,0) -> #REF! | AQ16: =VLOOKUP($A16,ANNUAL!$1:$1048576,13,0) -> #REF! | AR16: =VLOOKUP($A16,ANNUAL!$1:$1048576,14,0) -> #REF! | AS16: =VLOOKUP($A16,ANNUAL!$1:$1048576,15,0) -> #REF! | AT16: =SUM(E16,H16,K16,N16,Q16,T16,W16,Z16,AC16,AF16,AI16,AL16) -> #REF! | AU16: =ROUND(AT16/12,2)&" %" -> #REF!
A17: =DETAILS!#REF! -> #REF! | B17: =DETAILS!#REF! -> #REF! | C17: =VLOOKUP($A17,'HY Compile'!$1:$1048576,3,0) -> #REF! | D17: =VLOOKUP($A17,'HY Compile'!$1:$1048576,4,0) -> #REF! | E17: =SUM(C17:D17) -> #REF! | F17: =VLOOKUP($A17,'UT-2'!$1:$1048576,3,0) -> #REF! | G17: =IFERROR(ROUND(VLOOKUP($A17,ANNUAL!$1:$1048576,3,0)*0.8,0),VLOOKUP($A17,ANNUAL!$1:$1048576,3,0)) -> #REF! | H17: =SUM(F17:G17) -> #REF! | I17: =VLOOKUP($A17,'HY Compile'!$1:$1048576,6,0) -> #REF! | J17: =VLOOKUP($A17,'HY Compile'!$1:$1048576,7,0) -> #REF! | K17: =SUM(I17:J17) -> #REF! | L17: =VLOOKUP($A17,'UT-2'!$1:$1048576,4,0) -> #REF! | M17: =IFERROR(ROUND(VLOOKUP($A17,ANNUAL!$1:$1048576,4,0)*0.8,0),VLOOKUP($A17,ANNUAL!$1:$1048576,4,0)) -> #REF! | N17: =SUM(L17:M17) -> #REF! | O17: =VLOOKUP($A17,'HY Compile'!$1:$1048576,9,0) -> #REF! | P17: =VLOOKUP($A17,'HY Compile'!$1:$1048576,10,0) -> #REF! | Q17: =SUM(O17:P17) -> #REF! | R17: =VLOOKUP($A17,'UT-2'!$1:$1048576,5,0) -> #REF! | S17: =IFERROR(ROUND(VLOOKUP($A17,ANNUAL!$1:$1048576,5,0)*0.8,0),VLOOKUP($A17,ANNUAL!$1:$1048576,5,0)) -> #REF! | T17: =SUM(R17:S17) -> #REF! | U17: =VLOOKUP($A17,'HY Compile'!$1:$1048576,12,0) -> #REF! | V17: =VLOOKUP($A17,'HY Compile'!$1:$1048576,13,0) -> #REF! | W17: =SUM(U17:V17) -> #REF! | X17: =VLOOKUP($A17,'UT-2'!$1:$1048576,6,0) -> #REF! | Y17: =IFERROR(ROUND(VLOOKUP($A17,ANNUAL!$1:$1048576,6,0)*0.8,0),VLOOKUP($A17,ANNUAL!$1:$1048576,6,0)) -> #REF! | Z17: =SUM(X17:Y17) -> #REF! | AA17: =VLOOKUP($A17,'HY Compile'!$1:$1048576,15,0) -> #REF! | AB17: =VLOOKUP($A17,'HY Compile'!$1:$1048576,16,0) -> #REF! | AC17: =SUM(AA17:AB17) -> #REF! | AD17: =VLOOKUP($A17,'UT-2'!$1:$1048576,7,0) -> #REF! | AE17: =IFERROR(ROUND(VLOOKUP($A17,ANNUAL!$1:$1048576,7,0)*0.8,0),VLOOKUP($A17,ANNUAL!$1:$1048576,7,0)) -> #REF! | AF17: =SUM(AD17:AE17) -> #REF! | AG17: =VLOOKUP($A17,'HY Compile'!$1:$1048576,18,0) -> #REF! | AH17: =VLOOKUP($A17,'HY Compile'!$1:$1048576,19,0) -> #REF! | AI17: =SUM(AG17:AH17) -> #REF! | AJ17: =VLOOKUP($A17,'UT-2'!$1:$1048576,8,0) -> #REF! | AK17: =IFERROR(ROUND(VLOOKUP($A17,ANNUAL!$1:$1048576,8,0)*0.8,0),VLOOKUP($A17,ANNUAL!$1:$1048576,8,0)) -> #REF! | AL17: =SUM(AJ17:AK17) -> #REF! | AM17: =VLOOKUP($A17,ANNUAL!$1:$1048576,9,0) -> #REF! | AN17: =VLOOKUP($A17,ANNUAL!$1:$1048576,10,0) -> #REF! | AO17: =VLOOKUP($A17,ANNUAL!$1:$1048576,11,0) -> #REF! | AP17: =VLOOKUP($A17,ANNUAL!$1:$1048576,12,0) -> #REF! | AQ17: =VLOOKUP($A17,ANNUAL!$1:$1048576,13,0) -> #REF! | AR17: =VLOOKUP($A17,ANNUAL!$1:$1048576,14,0) -> #REF! | AS17: =VLOOKUP($A17,ANNUAL!$1:$1048576,15,0) -> #REF! | AT17: =SUM(E17,H17,K17,N17,Q17,T17,W17,Z17,AC17,AF17,AI17,AL17) -> #REF! | AU17: =ROUND(AT17/12,2)&" %" -> #REF!
A18: =DETAILS!#REF! -> #REF! | B18: =DETAILS!#REF! -> #REF! | C18: =VLOOKUP($A18,'HY Compile'!$1:$1048576,3,0) -> #REF! | D18: =VLOOKUP($A18,'HY Compile'!$1:$1048576,4,0) -> #REF! | E18: =SUM(C18:D18) -> #REF! | F18: =VLOOKUP($A18,'UT-2'!$1:$1048576,3,0) -> #REF! | G18: =IFERROR(ROUND(VLOOKUP($A18,ANNUAL!$1:$1048576,3,0)*0.8,0),VLOOKUP($A18,ANNUAL!$1:$1048576,3,0)) -> #REF! | H18: =SUM(F18:G18) -> #REF! | I18: =VLOOKUP($A18,'HY Compile'!$1:$1048576,6,0) -> #REF! | J18: =VLOOKUP($A18,'HY Compile'!$1:$1048576,7,0) -> #REF! | K18: =SUM(I18:J18) -> #REF! | L18: =VLOOKUP($A18,'UT-2'!$1:$1048576,4,0) -> #REF! | M18: =IFERROR(ROUND(VLOOKUP($A18,ANNUAL!$1:$1048576,4,0)*0.8,0),VLOOKUP($A18,ANNUAL!$1:$1048576,4,0)) -> #REF! | N18: =SUM(L18:M18) -> #REF! | O18: =VLOOKUP($A18,'HY Compile'!$1:$1048576,9,0) -> #REF! | P18: =VLOOKUP($A18,'HY Compile'!$1:$1048576,10,0) -> #REF! | Q18: =SUM(O18:P18) -> #REF! | R18: =VLOOKUP($A18,'UT-2'!$1:$1048576,5,0) -> #REF! | S18: =IFERROR(ROUND(VLOOKUP($A18,ANNUAL!$1:$1048576,5,0)*0.8,0),VLOOKUP($A18,ANNUAL!$1:$1048576,5,0)) -> #REF! | T18: =SUM(R18:S18) -> #REF! | U18: =VLOOKUP($A18,'HY Compile'!$1:$1048576,12,0) -> #REF! | V18: =VLOOKUP($A18,'HY Compile'!$1:$1048576,13,0) -> #REF! | W18: =SUM(U18:V18) -> #REF! | X18: =VLOOKUP($A18,'UT-2'!$1:$1048576,6,0) -> #REF! | Y18: =IFERROR(ROUND(VLOOKUP($A18,ANNUAL!$1:$1048576,6,0)*0.8,0),VLOOKUP($A18,ANNUAL!$1:$1048576,6,0)) -> #REF! | Z18: =SUM(X18:Y18) -> #REF! | AA18: =VLOOKUP($A18,'HY Compile'!$1:$1048576,15,0) -> #REF! | AB18: =VLOOKUP($A18,'HY Compile'!$1:$1048576,16,0) -> #REF! | AC18: =SUM(AA18:AB18) -> #REF! | AD18: =VLOOKUP($A18,'UT-2'!$1:$1048576,7,0) -> #REF! | AE18: =IFERROR(ROUND(VLOOKUP($A18,ANNUAL!$1:$1048576,7,0)*0.8,0),VLOOKUP($A18,ANNUAL!$1:$1048576,7,0)) -> #REF! | AF18: =SUM(AD18:AE18) -> #REF! | AG18: =VLOOKUP($A18,'HY Compile'!$1:$1048576,18,0) -> #REF! | AH18: =VLOOKUP($A18,'HY Compile'!$1:$1048576,19,0) -> #REF! | AI18: =SUM(AG18:AH18) -> #REF! | AJ18: =VLOOKUP($A18,'UT-2'!$1:$1048576,8,0) -> #REF! | AK18: =IFERROR(ROUND(VLOOKUP($A18,ANNUAL!$1:$1048576,8,0)*0.8,0),VLOOKUP($A18,ANNUAL!$1:$1048576,8,0)) -> #REF! | AL18: =SUM(AJ18:AK18) -> #REF! | AM18: =VLOOKUP($A18,ANNUAL!$1:$1048576,9,0) -> #REF! | AN18: =VLOOKUP($A18,ANNUAL!$1:$1048576,10,0) -> #REF! | AO18: =VLOOKUP($A18,ANNUAL!$1:$1048576,11,0) -> #REF! | AP18: =VLOOKUP($A18,ANNUAL!$1:$1048576,12,0) -> #REF! | AQ18: =VLOOKUP($A18,ANNUAL!$1:$1048576,13,0) -> #REF! | AR18: =VLOOKUP($A18,ANNUAL!$1:$1048576,14,0) -> #REF! | AS18: =VLOOKUP($A18,ANNUAL!$1:$1048576,15,0) -> #REF! | AT18: =SUM(E18,H18,K18,N18,Q18,T18,W18,Z18,AC18,AF18,AI18,AL18) -> #REF! | AU18: =ROUND(AT18/12,2)&" %" -> #REF!
A19: =DETAILS!#REF! -> #REF! | B19: =DETAILS!#REF! -> #REF! | C19: =VLOOKUP($A19,'HY Compile'!$1:$1048576,3,0) -> #REF! | D19: =VLOOKUP($A19,'HY Compile'!$1:$1048576,4,0) -> #REF! | E19: =SUM(C19:D19) -> #REF! | F19: =VLOOKUP($A19,'UT-2'!$1:$1048576,3,0) -> #REF! | G19: =IFERROR(ROUND(VLOOKUP($A19,ANNUAL!$1:$1048576,3,0)*0.8,0),VLOOKUP($A19,ANNUAL!$1:$1048576,3,0)) -> #REF! | H19: =SUM(F19:G19) -> #REF! | I19: =VLOOKUP($A19,'HY Compile'!$1:$1048576,6,0) -> #REF! | J19: =VLOOKUP($A19,'HY Compile'!$1:$1048576,7,0) -> #REF! | K19: =SUM(I19:J19) -> #REF! | L19: =VLOOKUP($A19,'UT-2'!$1:$1048576,4,0) -> #REF! | M19: =IFERROR(ROUND(VLOOKUP($A19,ANNUAL!$1:$1048576,4,0)*0.8,0),VLOOKUP($A19,ANNUAL!$1:$1048576,4,0)) -> #REF! | N19: =SUM(L19:M19) -> #REF! | O19: =VLOOKUP($A19,'HY Compile'!$1:$1048576,9,0) -> #REF! | P19: =VLOOKUP($A19,'HY Compile'!$1:$1048576,10,0) -> #REF! | Q19: =SUM(O19:P19) -> #REF! | R19: =VLOOKUP($A19,'UT-2'!$1:$1048576,5,0) -> #REF! | S19: =IFERROR(ROUND(VLOOKUP($A19,ANNUAL!$1:$1048576,5,0)*0.8,0),VLOOKUP($A19,ANNUAL!$1:$1048576,5,0)) -> #REF! | T19: =SUM(R19:S19) -> #REF! | U19: =VLOOKUP($A19,'HY Compile'!$1:$1048576,12,0) -> #REF! | V19: =VLOOKUP($A19,'HY Compile'!$1:$1048576,13,0) -> #REF! | W19: =SUM(U19:V19) -> #REF! | X19: =VLOOKUP($A19,'UT-2'!$1:$1048576,6,0) -> #REF! | Y19: =IFERROR(ROUND(VLOOKUP($A19,ANNUAL!$1:$1048576,6,0)*0.8,0),VLOOKUP($A19,ANNUAL!$1:$1048576,6,0)) -> #REF! | Z19: =SUM(X19:Y19) -> #REF! | AA19: =VLOOKUP($A19,'HY Compile'!$1:$1048576,15,0) -> #REF! | AB19: =VLOOKUP($A19,'HY Compile'!$1:$1048576,16,0) -> #REF! | AC19: =SUM(AA19:AB19) -> #REF! | AD19: =VLOOKUP($A19,'UT-2'!$1:$1048576,7,0) -> #REF! | AE19: =IFERROR(ROUND(VLOOKUP($A19,ANNUAL!$1:$1048576,7,0)*0.8,0),VLOOKUP($A19,ANNUAL!$1:$1048576,7,0)) -> #REF! | AF19: =SUM(AD19:AE19) -> #REF! | AG19: =VLOOKUP($A19,'HY Compile'!$1:$1048576,18,0) -> #REF! | AH19: =VLOOKUP($A19,'HY Compile'!$1:$1048576,19,0) -> #REF! | AI19: =SUM(AG19:AH19) -> #REF! | AJ19: =VLOOKUP($A19,'UT-2'!$1:$1048576,8,0) -> #REF! | AK19: =IFERROR(ROUND(VLOOKUP($A19,ANNUAL!$1:$1048576,8,0)*0.8,0),VLOOKUP($A19,ANNUAL!$1:$1048576,8,0)) -> #REF! | AL19: =SUM(AJ19:AK19) -> #REF! | AM19: =VLOOKUP($A19,ANNUAL!$1:$1048576,9,0) -> #REF! | AN19: =VLOOKUP($A19,ANNUAL!$1:$1048576,10,0) -> #REF! | AO19: =VLOOKUP($A19,ANNUAL!$1:$1048576,11,0) -> #REF! | AP19: =VLOOKUP($A19,ANNUAL!$1:$1048576,12,0) -> #REF! | AQ19: =VLOOKUP($A19,ANNUAL!$1:$1048576,13,0) -> #REF! | AR19: =VLOOKUP($A19,ANNUAL!$1:$1048576,14,0) -> #REF! | AS19: =VLOOKUP($A19,ANNUAL!$1:$1048576,15,0) -> #REF! | AT19: =SUM(E19,H19,K19,N19,Q19,T19,W19,Z19,AC19,AF19,AI19,AL19) -> #REF! | AU19: =ROUND(AT19/12,2)&" %" -> #REF!
A20: =DETAILS!#REF! -> #REF! | B20: =DETAILS!#REF! -> #REF! | C20: =VLOOKUP($A20,'HY Compile'!$1:$1048576,3,0) -> #REF! | D20: =VLOOKUP($A20,'HY Compile'!$1:$1048576,4,0) -> #REF! | E20: =SUM(C20:D20) -> #REF! | F20: =VLOOKUP($A20,'UT-2'!$1:$1048576,3,0) -> #REF! | G20: =IFERROR(ROUND(VLOOKUP($A20,ANNUAL!$1:$1048576,3,0)*0.8,0),VLOOKUP($A20,ANNUAL!$1:$1048576,3,0)) -> #REF! | H20: =SUM(F20:G20) -> #REF! | I20: =VLOOKUP($A20,'HY Compile'!$1:$1048576,6,0) -> #REF! | J20: =VLOOKUP($A20,'HY Compile'!$1:$1048576,7,0) -> #REF! | K20: =SUM(I20:J20) -> #REF! | L20: =VLOOKUP($A20,'UT-2'!$1:$1048576,4,0) -> #REF! | M20: =IFERROR(ROUND(VLOOKUP($A20,ANNUAL!$1:$1048576,4,0)*0.8,0),VLOOKUP($A20,ANNUAL!$1:$1048576,4,0)) -> #REF! | N20: =SUM(L20:M20) -> #REF! | O20: =VLOOKUP($A20,'HY Compile'!$1:$1048576,9,0) -> #REF! | P20: =VLOOKUP($A20,'HY Compile'!$1:$1048576,10,0) -> #REF! | Q20: =SUM(O20:P20) -> #REF! | R20: =VLOOKUP($A20,'UT-2'!$1:$1048576,5,0) -> #REF! | S20: =IFERROR(ROUND(VLOOKUP($A20,ANNUAL!$1:$1048576,5,0)*0.8,0),VLOOKUP($A20,ANNUAL!$1:$1048576,5,0)) -> #REF! | T20: =SUM(R20:S20) -> #REF! | U20: =VLOOKUP($A20,'HY Compile'!$1:$1048576,12,0) -> #REF! | V20: =VLOOKUP($A20,'HY Compile'!$1:$1048576,13,0) -> #REF! | W20: =SUM(U20:V20) -> #REF! | X20: =VLOOKUP($A20,'UT-2'!$1:$1048576,6,0) -> #REF! | Y20: =IFERROR(ROUND(VLOOKUP($A20,ANNUAL!$1:$1048576,6,0)*0.8,0),VLOOKUP($A20,ANNUAL!$1:$1048576,6,0)) -> #REF! | Z20: =SUM(X20:Y20) -> #REF! | AA20: =VLOOKUP($A20,'HY Compile'!$1:$1048576,15,0) -> #REF! | AB20: =VLOOKUP($A20,'HY Compile'!$1:$1048576,16,0) -> #REF! | AC20: =SUM(AA20:AB20) -> #REF! | AD20: =VLOOKUP($A20,'UT-2'!$1:$1048576,7,0) -> #REF! | AE20: =IFERROR(ROUND(VLOOKUP($A20,ANNUAL!$1:$1048576,7,0)*0.8,0),VLOOKUP($A20,ANNUAL!$1:$1048576,7,0)) -> #REF! | AF20: =SUM(AD20:AE20) -> #REF! | AG20: =VLOOKUP($A20,'HY Compile'!$1:$1048576,18,0) -> #REF! | AH20: =VLOOKUP($A20,'HY Compile'!$1:$1048576,19,0) -> #REF! | AI20: =SUM(AG20:AH20) -> #REF! | AJ20: =VLOOKUP($A20,'UT-2'!$1:$1048576,8,0) -> #REF! | AK20: =IFERROR(ROUND(VLOOKUP($A20,ANNUAL!$1:$1048576,8,0)*0.8,0),VLOOKUP($A20,ANNUAL!$1:$1048576,8,0)) -> #REF! | AL20: =SUM(AJ20:AK20) -> #REF! | AM20: =VLOOKUP($A20,ANNUAL!$1:$1048576,9,0) -> #REF! | AN20: =VLOOKUP($A20,ANNUAL!$1:$1048576,10,0) -> #REF! | AO20: =VLOOKUP($A20,ANNUAL!$1:$1048576,11,0) -> #REF! | AP20: =VLOOKUP($A20,ANNUAL!$1:$1048576,12,0) -> #REF! | AQ20: =VLOOKUP($A20,ANNUAL!$1:$1048576,13,0) -> #REF! | AR20: =VLOOKUP($A20,ANNUAL!$1:$1048576,14,0) -> #REF! | AS20: =VLOOKUP($A20,ANNUAL!$1:$1048576,15,0) -> #REF! | AT20: =SUM(E20,H20,K20,N20,Q20,T20,W20,Z20,AC20,AF20,AI20,AL20) -> #REF! | AU20: =ROUND(AT20/12,2)&" %" -> #REF!
A21: =DETAILS!#REF! -> #REF! | B21: =DETAILS!#REF! -> #REF! | C21: =VLOOKUP($A21,'HY Compile'!$1:$1048576,3,0) -> #REF! | D21: =VLOOKUP($A21,'HY Compile'!$1:$1048576,4,0) -> #REF! | E21: =SUM(C21:D21) -> #REF! | F21: =VLOOKUP($A21,'UT-2'!$1:$1048576,3,0) -> #REF! | G21: =IFERROR(ROUND(VLOOKUP($A21,ANNUAL!$1:$1048576,3,0)*0.8,0),VLOOKUP($A21,ANNUAL!$1:$1048576,3,0)) -> #REF! | H21: =SUM(F21:G21) -> #REF! | I21: =VLOOKUP($A21,'HY Compile'!$1:$1048576,6,0) -> #REF! | J21: =VLOOKUP($A21,'HY Compile'!$1:$1048576,7,0) -> #REF! | K21: =SUM(I21:J21) -> #REF! | L21: =VLOOKUP($A21,'UT-2'!$1:$1048576,4,0) -> #REF! | M21: =IFERROR(ROUND(VLOOKUP($A21,ANNUAL!$1:$1048576,4,0)*0.8,0),VLOOKUP($A21,ANNUAL!$1:$1048576,4,0)) -> #REF! | N21: =SUM(L21:M21) -> #REF! | O21: =VLOOKUP($A21,'HY Compile'!$1:$1048576,9,0) -> #REF! | P21: =VLOOKUP($A21,'HY Compile'!$1:$1048576,10,0) -> #REF! | Q21: =SUM(O21:P21) -> #REF! | R21: =VLOOKUP($A21,'UT-2'!$1:$1048576,5,0) -> #REF! | S21: =IFERROR(ROUND(VLOOKUP($A21,ANNUAL!$1:$1048576,5,0)*0.8,0),VLOOKUP($A21,ANNUAL!$1:$1048576,5,0)) -> #REF! | T21: =SUM(R21:S21) -> #REF! | U21: =VLOOKUP($A21,'HY Compile'!$1:$1048576,12,0) -> #REF! | V21: =VLOOKUP($A21,'HY Compile'!$1:$1048576,13,0) -> #REF! | W21: =SUM(U21:V21) -> #REF! | X21: =VLOOKUP($A21,'UT-2'!$1:$1048576,6,0) -> #REF! | Y21: =IFERROR(ROUND(VLOOKUP($A21,ANNUAL!$1:$1048576,6,0)*0.8,0),VLOOKUP($A21,ANNUAL!$1:$1048576,6,0)) -> #REF! | Z21: =SUM(X21:Y21) -> #REF! | AA21: =VLOOKUP($A21,'HY Compile'!$1:$1048576,15,0) -> #REF! | AB21: =VLOOKUP($A21,'HY Compile'!$1:$1048576,16,0) -> #REF! | AC21: =SUM(AA21:AB21) -> #REF! | AD21: =VLOOKUP($A21,'UT-2'!$1:$1048576,7,0) -> #REF! | AE21: =IFERROR(ROUND(VLOOKUP($A21,ANNUAL!$1:$1048576,7,0)*0.8,0),VLOOKUP($A21,ANNUAL!$1:$1048576,7,0)) -> #REF! | AF21: =SUM(AD21:AE21) -> #REF! | AG21: =VLOOKUP($A21,'HY Compile'!$1:$1048576,18,0) -> #REF! | AH21: =VLOOKUP($A21,'HY Compile'!$1:$1048576,19,0) -> #REF! | AI21: =SUM(AG21:AH21) -> #REF! | AJ21: =VLOOKUP($A21,'UT-2'!$1:$1048576,8,0) -> #REF! | AK21: =IFERROR(ROUND(VLOOKUP($A21,ANNUAL!$1:$1048576,8,0)*0.8,0),VLOOKUP($A21,ANNUAL!$1:$1048576,8,0)) -> #REF! | AL21: =SUM(AJ21:AK21) -> #REF! | AM21: =VLOOKUP($A21,ANNUAL!$1:$1048576,9,0) -> #REF! | AN21: =VLOOKUP($A21,ANNUAL!$1:$1048576,10,0) -> #REF! | AO21: =VLOOKUP($A21,ANNUAL!$1:$1048576,11,0) -> #REF! | AP21: =VLOOKUP($A21,ANNUAL!$1:$1048576,12,0) -> #REF! | AQ21: =VLOOKUP($A21,ANNUAL!$1:$1048576,13,0) -> #REF! | AR21: =VLOOKUP($A21,ANNUAL!$1:$1048576,14,0) -> #REF! | AS21: =VLOOKUP($A21,ANNUAL!$1:$1048576,15,0) -> #REF! | AT21: =SUM(E21,H21,K21,N21,Q21,T21,W21,Z21,AC21,AF21,AI21,AL21) -> #REF! | AU21: =ROUND(AT21/12,2)&" %" -> #REF!
A22: =DETAILS!#REF! -> #REF! | B22: =DETAILS!#REF! -> #REF! | C22: =VLOOKUP($A22,'HY Compile'!$1:$1048576,3,0) -> #REF! | D22: =VLOOKUP($A22,'HY Compile'!$1:$1048576,4,0) -> #REF! | E22: =SUM(C22:D22) -> #REF! | F22: =VLOOKUP($A22,'UT-2'!$1:$1048576,3,0) -> #REF! | G22: =IFERROR(ROUND(VLOOKUP($A22,ANNUAL!$1:$1048576,3,0)*0.8,0),VLOOKUP($A22,ANNUAL!$1:$1048576,3,0)) -> #REF! | H22: =SUM(F22:G22) -> #REF! | I22: =VLOOKUP($A22,'HY Compile'!$1:$1048576,6,0) -> #REF! | J22: =VLOOKUP($A22,'HY Compile'!$1:$1048576,7,0) -> #REF! | K22: =SUM(I22:J22) -> #REF! | L22: =VLOOKUP($A22,'UT-2'!$1:$1048576,4,0) -> #REF! | M22: =IFERROR(ROUND(VLOOKUP($A22,ANNUAL!$1:$1048576,4,0)*0.8,0),VLOOKUP($A22,ANNUAL!$1:$1048576,4,0)) -> #REF! | N22: =SUM(L22:M22) -> #REF! | O22: =VLOOKUP($A22,'HY Compile'!$1:$1048576,9,0) -> #REF! | P22: =VLOOKUP($A22,'HY Compile'!$1:$1048576,10,0) -> #REF! | Q22: =SUM(O22:P22) -> #REF! | R22: =VLOOKUP($A22,'UT-2'!$1:$1048576,5,0) -> #REF! | S22: =IFERROR(ROUND(VLOOKUP($A22,ANNUAL!$1:$1048576,5,0)*0.8,0),VLOOKUP($A22,ANNUAL!$1:$1048576,5,0)) -> #REF! | T22: =SUM(R22:S22) -> #REF! | U22: =VLOOKUP($A22,'HY Compile'!$1:$1048576,12,0) -> #REF! | V22: =VLOOKUP($A22,'HY Compile'!$1:$1048576,13,0) -> #REF! | W22: =SUM(U22:V22) -> #REF! | X22: =VLOOKUP($A22,'UT-2'!$1:$1048576,6,0) -> #REF! | Y22: =IFERROR(ROUND(VLOOKUP($A22,ANNUAL!$1:$1048576,6,0)*0.8,0),VLOOKUP($A22,ANNUAL!$1:$1048576,6,0)) -> #REF! | Z22: =SUM(X22:Y22) -> #REF! | AA22: =VLOOKUP($A22,'HY Compile'!$1:$1048576,15,0) -> #REF! | AB22: =VLOOKUP($A22,'HY Compile'!$1:$1048576,16,0) -> #REF! | AC22: =SUM(AA22:AB22) -> #REF! | AD22: =VLOOKUP($A22,'UT-2'!$1:$1048576,7,0) -> #REF! | AE22: =IFERROR(ROUND(VLOOKUP($A22,ANNUAL!$1:$1048576,7,0)*0.8,0),VLOOKUP($A22,ANNUAL!$1:$1048576,7,0)) -> #REF! | AF22: =SUM(AD22:AE22) -> #REF! | AG22: =VLOOKUP($A22,'HY Compile'!$1:$1048576,18,0) -> #REF! | AH22: =VLOOKUP($A22,'HY Compile'!$1:$1048576,19,0) -> #REF! | AI22: =SUM(AG22:AH22) -> #REF! | AJ22: =VLOOKUP($A22,'UT-2'!$1:$1048576,8,0) -> #REF! | AK22: =IFERROR(ROUND(VLOOKUP($A22,ANNUAL!$1:$1048576,8,0)*0.8,0),VLOOKUP($A22,ANNUAL!$1:$1048576,8,0)) -> #REF! | AL22: =SUM(AJ22:AK22) -> #REF! | AM22: =VLOOKUP($A22,ANNUAL!$1:$1048576,9,0) -> #REF! | AN22: =VLOOKUP($A22,ANNUAL!$1:$1048576,10,0) -> #REF! | AO22: =VLOOKUP($A22,ANNUAL!$1:$1048576,11,0) -> #REF! | AP22: =VLOOKUP($A22,ANNUAL!$1:$1048576,12,0) -> #REF! | AQ22: =VLOOKUP($A22,ANNUAL!$1:$1048576,13,0) -> #REF! | AR22: =VLOOKUP($A22,ANNUAL!$1:$1048576,14,0) -> #REF! | AS22: =VLOOKUP($A22,ANNUAL!$1:$1048576,15,0) -> #REF! | AT22: =SUM(E22,H22,K22,N22,Q22,T22,W22,Z22,AC22,AF22,AI22,AL22) -> #REF! | AU22: =ROUND(AT22/12,2)&" %" -> #REF!
A23: =DETAILS!#REF! -> #REF! | B23: =DETAILS!#REF! -> #REF! | C23: =VLOOKUP($A23,'HY Compile'!$1:$1048576,3,0) -> #REF! | D23: =VLOOKUP($A23,'HY Compile'!$1:$1048576,4,0) -> #REF! | E23: =SUM(C23:D23) -> #REF! | F23: =VLOOKUP($A23,'UT-2'!$1:$1048576,3,0) -> #REF! | G23: =IFERROR(ROUND(VLOOKUP($A23,ANNUAL!$1:$1048576,3,0)*0.8,0),VLOOKUP($A23,ANNUAL!$1:$1048576,3,0)) -> #REF! | H23: =SUM(F23:G23) -> #REF! | I23: =VLOOKUP($A23,'HY Compile'!$1:$1048576,6,0) -> #REF! | J23: =VLOOKUP($A23,'HY Compile'!$1:$1048576,7,0) -> #REF! | K23: =SUM(I23:J23) -> #REF! | L23: =VLOOKUP($A23,'UT-2'!$1:$1048576,4,0) -> #REF! | M23: =IFERROR(ROUND(VLOOKUP($A23,ANNUAL!$1:$1048576,4,0)*0.8,0),VLOOKUP($A23,ANNUAL!$1:$1048576,4,0)) -> #REF! | N23: =SUM(L23:M23) -> #REF! | O23: =VLOOKUP($A23,'HY Compile'!$1:$1048576,9,0) -> #REF! | P23: =VLOOKUP($A23,'HY Compile'!$1:$1048576,10,0) -> #REF! | Q23: =SUM(O23:P23) -> #REF! | R23: =VLOOKUP($A23,'UT-2'!$1:$1048576,5,0) -> #REF! | S23: =IFERROR(ROUND(VLOOKUP($A23,ANNUAL!$1:$1048576,5,0)*0.8,0),VLOOKUP($A23,ANNUAL!$1:$1048576,5,0)) -> #REF! | T23: =SUM(R23:S23) -> #REF! | U23: =VLOOKUP($A23,'HY Compile'!$1:$1048576,12,0) -> #REF! | V23: =VLOOKUP($A23,'HY Compile'!$1:$1048576,13,0) -> #REF! | W23: =SUM(U23:V23) -> #REF! | X23: =VLOOKUP($A23,'UT-2'!$1:$1048576,6,0) -> #REF! | Y23: =IFERROR(ROUND(VLOOKUP($A23,ANNUAL!$1:$1048576,6,0)*0.8,0),VLOOKUP($A23,ANNUAL!$1:$1048576,6,0)) -> #REF! | Z23: =SUM(X23:Y23) -> #REF! | AA23: =VLOOKUP($A23,'HY Compile'!$1:$1048576,15,0) -> #REF! | AB23: =VLOOKUP($A23,'HY Compile'!$1:$1048576,16,0) -> #REF! | AC23: =SUM(AA23:AB23) -> #REF! | AD23: =VLOOKUP($A23,'UT-2'!$1:$1048576,7,0) -> #REF! | AE23: =IFERROR(ROUND(VLOOKUP($A23,ANNUAL!$1:$1048576,7,0)*0.8,0),VLOOKUP($A23,ANNUAL!$1:$1048576,7,0)) -> #REF! | AF23: =SUM(AD23:AE23) -> #REF! | AG23: =VLOOKUP($A23,'HY Compile'!$1:$1048576,18,0) -> #REF! | AH23: =VLOOKUP($A23,'HY Compile'!$1:$1048576,19,0) -> #REF! | AI23: =SUM(AG23:AH23) -> #REF! | AJ23: =VLOOKUP($A23,'UT-2'!$1:$1048576,8,0) -> #REF! | AK23: =IFERROR(ROUND(VLOOKUP($A23,ANNUAL!$1:$1048576,8,0)*0.8,0),VLOOKUP($A23,ANNUAL!$1:$1048576,8,0)) -> #REF! | AL23: =SUM(AJ23:AK23) -> #REF! | AM23: =VLOOKUP($A23,ANNUAL!$1:$1048576,9,0) -> #REF! | AN23: =VLOOKUP($A23,ANNUAL!$1:$1048576,10,0) -> #REF! | AO23: =VLOOKUP($A23,ANNUAL!$1:$1048576,11,0) -> #REF! | AP23: =VLOOKUP($A23,ANNUAL!$1:$1048576,12,0) -> #REF! | AQ23: =VLOOKUP($A23,ANNUAL!$1:$1048576,13,0) -> #REF! | AR23: =VLOOKUP($A23,ANNUAL!$1:$1048576,14,0) -> #REF! | AS23: =VLOOKUP($A23,ANNUAL!$1:$1048576,15,0) -> #REF! | AT23: =SUM(E23,H23,K23,N23,Q23,T23,W23,Z23,AC23,AF23,AI23,AL23) -> #REF! | AU23: =ROUND(AT23/12,2)&" %" -> #REF!
A24: =DETAILS!#REF! -> #REF! | B24: =DETAILS!#REF! -> #REF! | C24: =VLOOKUP($A24,'HY Compile'!$1:$1048576,3,0) -> #REF! | D24: =VLOOKUP($A24,'HY Compile'!$1:$1048576,4,0) -> #REF! | E24: =SUM(C24:D24) -> #REF! | F24: =VLOOKUP($A24,'UT-2'!$1:$1048576,3,0) -> #REF! | G24: =IFERROR(ROUND(VLOOKUP($A24,ANNUAL!$1:$1048576,3,0)*0.8,0),VLOOKUP($A24,ANNUAL!$1:$1048576,3,0)) -> #REF! | H24: =SUM(F24:G24) -> #REF! | I24: =VLOOKUP($A24,'HY Compile'!$1:$1048576,6,0) -> #REF! | J24: =VLOOKUP($A24,'HY Compile'!$1:$1048576,7,0) -> #REF! | K24: =SUM(I24:J24) -> #REF! | L24: =VLOOKUP($A24,'UT-2'!$1:$1048576,4,0) -> #REF! | M24: =IFERROR(ROUND(VLOOKUP($A24,ANNUAL!$1:$1048576,4,0)*0.8,0),VLOOKUP($A24,ANNUAL!$1:$1048576,4,0)) -> #REF! | N24: =SUM(L24:M24) -> #REF! | O24: =VLOOKUP($A24,'HY Compile'!$1:$1048576,9,0) -> #REF! | P24: =VLOOKUP($A24,'HY Compile'!$1:$1048576,10,0) -> #REF! | Q24: =SUM(O24:P24) -> #REF! | R24: =VLOOKUP($A24,'UT-2'!$1:$1048576,5,0) -> #REF! | S24: =IFERROR(ROUND(VLOOKUP($A24,ANNUAL!$1:$1048576,5,0)*0.8,0),VLOOKUP($A24,ANNUAL!$1:$1048576,5,0)) -> #REF! | T24: =SUM(R24:S24) -> #REF! | U24: =VLOOKUP($A24,'HY Compile'!$1:$1048576,12,0) -> #REF! | V24: =VLOOKUP($A24,'HY Compile'!$1:$1048576,13,0) -> #REF! | W24: =SUM(U24:V24) -> #REF! | X24: =VLOOKUP($A24,'UT-2'!$1:$1048576,6,0) -> #REF! | Y24: =IFERROR(ROUND(VLOOKUP($A24,ANNUAL!$1:$1048576,6,0)*0.8,0),VLOOKUP($A24,ANNUAL!$1:$1048576,6,0)) -> #REF! | Z24: =SUM(X24:Y24) -> #REF! | AA24: =VLOOKUP($A24,'HY Compile'!$1:$1048576,15,0) -> #REF! | AB24: =VLOOKUP($A24,'HY Compile'!$1:$1048576,16,0) -> #REF! | AC24: =SUM(AA24:AB24) -> #REF! | AD24: =VLOOKUP($A24,'UT-2'!$1:$1048576,7,0) -> #REF! | AE24: =IFERROR(ROUND(VLOOKUP($A24,ANNUAL!$1:$1048576,7,0)*0.8,0),VLOOKUP($A24,ANNUAL!$1:$1048576,7,0)) -> #REF! | AF24: =SUM(AD24:AE24) -> #REF! | AG24: =VLOOKUP($A24,'HY Compile'!$1:$1048576,18,0) -> #REF! | AH24: =VLOOKUP($A24,'HY Compile'!$1:$1048576,19,0) -> #REF! | AI24: =SUM(AG24:AH24) -> #REF! | AJ24: =VLOOKUP($A24,'UT-2'!$1:$1048576,8,0) -> #REF! | AK24: =IFERROR(ROUND(VLOOKUP($A24,ANNUAL!$1:$1048576,8,0)*0.8,0),VLOOKUP($A24,ANNUAL!$1:$1048576,8,0)) -> #REF! | AL24: =SUM(AJ24:AK24) -> #REF! | AM24: =VLOOKUP($A24,ANNUAL!$1:$1048576,9,0) -> #REF! | AN24: =VLOOKUP($A24,ANNUAL!$1:$1048576,10,0) -> #REF! | AO24: =VLOOKUP($A24,ANNUAL!$1:$1048576,11,0) -> #REF! | AP24: =VLOOKUP($A24,ANNUAL!$1:$1048576,12,0) -> #REF! | AQ24: =VLOOKUP($A24,ANNUAL!$1:$1048576,13,0) -> #REF! | AR24: =VLOOKUP($A24,ANNUAL!$1:$1048576,14,0) -> #REF! | AS24: =VLOOKUP($A24,ANNUAL!$1:$1048576,15,0) -> #REF! | AT24: =SUM(E24,H24,K24,N24,Q24,T24,W24,Z24,AC24,AF24,AI24,AL24) -> #REF! | AU24: =ROUND(AT24/12,2)&" %" -> #REF!
... A42: =DETAILS!#REF! -> #REF! | B42: =DETAILS!#REF! -> #REF! | C42: =VLOOKUP($A42,'HY Compile'!$1:$1048576,3,0) -> #REF! | D42: =VLOOKUP($A42,'HY Compile'!$1:$1048576,4,0) -> #REF! | E42: =SUM(C42:D42) -> #REF! | F42: =VLOOKUP($A42,'UT-2'!$1:$1048576,3,0) -> #REF! | G42: =IFERROR(ROUND(VLOOKUP($A42,ANNUAL!$1:$1048576,3,0)*0.8,0),VLOOKUP($A42,ANNUAL!$1:$1048576,3,0)) -> #REF! | H42: =SUM(F42:G42) -> #REF! | I42: =VLOOKUP($A42,'HY Compile'!$1:$1048576,6,0) -> #REF! | J42: =VLOOKUP($A42,'HY Compile'!$1:$1048576,7,0) -> #REF! | K42: =SUM(I42:J42) -> #REF! | L42: =VLOOKUP($A42,'UT-2'!$1:$1048576,4,0) -> #REF! | M42: =IFERROR(ROUND(VLOOKUP($A42,ANNUAL!$1:$1048576,4,0)*0.8,0),VLOOKUP($A42,ANNUAL!$1:$1048576,4,0)) -> #REF! | N42: =SUM(L42:M42) -> #REF! | O42: =VLOOKUP($A42,'HY Compile'!$1:$1048576,9,0) -> #REF! | P42: =VLOOKUP($A42,'HY Compile'!$1:$1048576,10,0) -> #REF! | Q42: =SUM(O42:P42) -> #REF! | R42: =VLOOKUP($A42,'UT-2'!$1:$1048576,5,0) -> #REF! | S42: =IFERROR(ROUND(VLOOKUP($A42,ANNUAL!$1:$1048576,5,0)*0.8,0),VLOOKUP($A42,ANNUAL!$1:$1048576,5,0)) -> #REF! | T42: =SUM(R42:S42) -> #REF! | U42: =VLOOKUP($A42,'HY Compile'!$1:$1048576,12,0) -> #REF! | V42: =VLOOKUP($A42,'HY Compile'!$1:$1048576,13,0) -> #REF! | W42: =SUM(U42:V42) -> #REF! | X42: =VLOOKUP($A42,'UT-2'!$1:$1048576,6,0) -> #REF! | Y42: =IFERROR(ROUND(VLOOKUP($A42,ANNUAL!$1:$1048576,6,0)*0.8,0),VLOOKUP($A42,ANNUAL!$1:$1048576,6,0)) -> #REF! | Z42: =SUM(X42:Y42) -> #REF! | AA42: =VLOOKUP($A42,'HY Compile'!$1:$1048576,15,0) -> #REF! | AB42: =VLOOKUP($A42,'HY Compile'!$1:$1048576,16,0) -> #REF! | AC42: =SUM(AA42:AB42) -> #REF! | AD42: =VLOOKUP($A42,'UT-2'!$1:$1048576,7,0) -> #REF! | AE42: =IFERROR(ROUND(VLOOKUP($A42,ANNUAL!$1:$1048576,7,0)*0.8,0),VLOOKUP($A42,ANNUAL!$1:$1048576,7,0)) -> #REF! | AF42: =SUM(AD42:AE42) -> #REF! | AG42: =VLOOKUP($A42,'HY Compile'!$1:$1048576,18,0) -> #REF! | AH42: =VLOOKUP($A42,'HY Compile'!$1:$1048576,19,0) -> #REF! | AI42: =SUM(AG42:AH42) -> #REF! | AJ42: =VLOOKUP($A42,'UT-2'!$1:$1048576,8,0) -> #REF! | AK42: =IFERROR(ROUND(VLOOKUP($A42,ANNUAL!$1:$1048576,8,0)*0.8,0),VLOOKUP($A42,ANNUAL!$1:$1048576,8,0)) -> #REF! | AL42: =SUM(AJ42:AK42) -> #REF! | AM42: =VLOOKUP($A42,ANNUAL!$1:$1048576,9,0) -> #REF! | AN42: =VLOOKUP($A42,ANNUAL!$1:$1048576,10,0) -> #REF! | AO42: =VLOOKUP($A42,ANNUAL!$1:$1048576,11,0) -> #REF! | AP42: =VLOOKUP($A42,ANNUAL!$1:$1048576,12,0) -> #REF! | AQ42: =VLOOKUP($A42,ANNUAL!$1:$1048576,13,0) -> #REF! | AR42: =VLOOKUP($A42,ANNUAL!$1:$1048576,14,0) -> #REF! | AS42: =VLOOKUP($A42,ANNUAL!$1:$1048576,15,0) -> #REF! | AT42: =SUM(E42,H42,K42,N42,Q42,T42,W42,Z42,AC42,AF42,AI42,AL42) -> #REF! | AU42: =ROUND(AT42/12,2)&" %" -> #REF!

Sheet REORT CARD
B2: SAINIK PUBLIC SCHOOL
B3: (Affiliated to C.B.S.E. New Delhi- Reg. No. : 2131299)
B4: Building No. VB1893, Vikas Bhawan Ward,
B5: Nagar Palika Parishad, Nawabganj, Barabanki
B6: ANNUAL REPORT CARD
B7: SESSION 2025-26
B8: STUDENT PROFILE
B9: Student's Name | D9: =": "&VLOOKUP($I$9,DETAILS!$1:$1048576,2,0) -> #N/A | G9: Admission No. : | I9: 1
B10: Mother's Name | D10: =": "&VLOOKUP($I$9,DETAILS!$1:$1048576,3,0) -> #N/A | G10: Class & Sec. : | I10: =VLOOKUP($I$9,DETAILS!$1:$1048576,6,0) -> #N/A
B11: Father's Name | D11: =": "&VLOOKUP($I$9,DETAILS!$1:$1048576,4,0) -> #N/A | G11: Date of Birth : | I11: =VLOOKUP($I$9,DETAILS!$1:$1048576,5,0) -> #N/A
B13: PART-1 : ACADEMIC PERFORMANCE-SCHOLASTIC AREAS
B14: SUBJECT | D14: Unit Test-1 (20) | E14: Half Yearly (80) | F14: TOTAL (100) | G14: Unit Test-2 (20) | H14: Annual (80) | I14: TOTAL (100) | J14: GRAND TOTAL (200)
B15: ENGLISH CORE | D15: =VLOOKUP($I$9,'COMPILE REPORT'!$1:$1048576,3,0) -> #N/A | E15: =VLOOKUP($I$9,'COMPILE REPORT'!$1:$1048576,4,0) -> #N/A | F15: =SUM(D15:E15) -> #N/A | G15: =VLOOKUP($I$9,'COMPILE REPORT'!$1:$1048576,6,0) -> #N/A | H15: =VLOOKUP($I$9,'COMPILE REPORT'!$1:$1048576,7,0) -> #N/A | I15: =SUM(G15:H15) -> #N/A | J15: =SUM(F15,I15) -> #N/A
B16: =VLOOKUP($I$9,DETAILS!$1:$1048576,7,0) -> #N/A | D16: =VLOOKUP($I$9,'COMPILE REPORT'!$1:$1048576,9,0) -> #N/A | E16: =VLOOKUP($I$9,'COMPILE REPORT'!$1:$1048576,10,0) -> #N/A | F16: =SUM(D16:E16) -> #N/A | G16: =VLOOKUP($I$9,'COMPILE REPORT'!$1:$1048576,12,0) -> #N/A | H16: =VLOOKUP($I$9,'COMPILE REPORT'!$1:$1048576,13,0) -> #N/A | I16: =SUM(G16:H16) -> #N/A | J16: =SUM(F16,I16) -> #N/A
B17: ACCOUNTANCY | D17: =VLOOKUP($I$9,'COMPILE REPORT'!$1:$1048576,15,0) -> #N/A | E17: =VLOOKUP($I$9,'COMPILE REPORT'!$1:$1048576,16,0) -> #N/A | F17: =SUM(D17:E17) -> #N/A | G17: =VLOOKUP($I$9,'COMPILE REPORT'!$1:$1048576,18,0) -> #N/A | H17: =VLOOKUP($I$9,'COMPILE REPORT'!$1:$1048576,19,0) -> #N/A | I17: =SUM(G17:H17) -> #N/A | J17: =SUM(F17,I17) -> #N/A
B18: BUSINESS STUDIES | D18: =VLOOKUP($I$9,'COMPILE REPORT'!$1:$1048576,21,0) -> #N/A | E18: =VLOOKUP($I$9,'COMPILE REPORT'!$1:$1048576,22,0) -> #N/A | F18: =SUM(D18:E18) -> #N/A | G18: =VLOOKUP($I$9,'COMPILE REPORT'!$1:$1048576,24,0) -> #N/A | H18: =VLOOKUP($I$9,'COMPILE REPORT'!$1:$1048576,25,0) -> #N/A | I18: =SUM(G18:H18) -> #N/A | J18: =SUM(F18,I18) -> #N/A
B19: ECONOMICS | D19: =VLOOKUP($I$9,'COMPILE REPORT'!$1:$1048576,27,0) -> #N/A | E19: =VLOOKUP($I$9,'COMPILE REPORT'!$1:$1048576,28,0) -> #N/A | F19: =SUM(D19:E19) -> #N/A | G19: =VLOOKUP($I$9,'COMPILE REPORT'!$1:$1048576,30,0) -> #N/A | H19: =VLOOKUP($I$9,'COMPILE REPORT'!$1:$1048576,31,0) -> #N/A | I19: =SUM(G19:H19) -> #N/A | J19: =SUM(F19,I19) -> #N/A
B20: PHYSICAL EDUCATION | D20: =VLOOKUP($I$9,'COMPILE REPORT'!$1:$1048576,33,0) -> #N/A | E20: =VLOOKUP($I$9,'COMPILE REPORT'!$1:$1048576,34,0) -> #N/A | F20: =SUM(D20:E20) -> #N/A | G20: =VLOOKUP($I$9,'COMPILE REPORT'!$1:$1048576,36,0) -> #N/A | H20: =VLOOKUP($I$9,'COMPILE REPORT'!$1:$1048576,37,0) -> #N/A | I20: =SUM(G20:H20) -> #N/A | J20: =SUM(F20,I20) -> #N/A
B22: Attendance | C22: =VLOOKUP($I$9,'COMPILE REPORT'!$1:$1048576,43,0) -> #N/A | D22: =VLOOKUP($I$9,'COMPILE REPORT'!$1:$1048576,44,0) -> #N/A | H22: Percentage | J22: =ROUND((SUM(J15:J20))/12,2)&" %" -> #N/A
H23: Grand Total | J23: =SUM(J15:J20) & "/1200" -> #N/A
B26: PART-2:CO-SCHOLASTIC AREAS | H26: GRADE
B27: Work Education | H27: =VLOOKUP($I$9,'COMPILE REPORT'!$1:$1048576,39,0) -> #N/A | I27: =VLOOKUP($I$9,'COMPILE REPORT'!$1:$1048576,37,0) -> #N/A | J27: =VLOOKUP($I$9,'COMPILE REPORT'!$1:$1048576,37,0) -> #N/A
B28: Art Education | H28: =VLOOKUP($I$9,'COMPILE REPORT'!$1:$1048576,40,0) -> #N/A | I28: =VLOOKUP($I$9,'COMPILE REPORT'!$1:$1048576,37,0) -> #N/A | J28: =VLOOKUP($I$9,'COMPILE REPORT'!$1:$1048576,37,0) -> #N/A
B29: Health & Physical Education | H29: =VLOOKUP($I$9,'COMPILE REPORT'!$1:$1048576,41,0) -> #N/A | I29: =VLOOKUP($I$9,'COMPILE REPORT'!$1:$1048576,37,0) -> #N/A | J29: =VLOOKUP($I$9,'COMPILE REPORT'!$1:$1048576,37,0) -> #N/A
B30: Discipline | H30: =VLOOKUP($I$9,'COMPILE REPORT'!$1:$1048576,42,0) -> #N/A | I30: =VLOOKUP($I$9,'COMPILE REPORT'!$1:$1048576,37,0) -> #N/A | J30: =VLOOKUP($I$9,'COMPILE REPORT'!$1:$1048576,37,0) -> #N/A
B32: Mark Range
B33: Grade
B36: ="Class Teacher's Remark: "&VLOOKUP($I$9,'COMPILE REPORT'!$1:$1048576,45,0) -> #N/A
H37: Promoted to Class : XII
B38: Issue Date: 27.03.2026 | H38: School Reopen Date : 01.04.2026
B43: Class Teacher's Signature | H43: Principal's Signature
