Workbook

Sheet DETAILS
A1: STUDENT'S DETAIL
A2: SR NO | B2: NAME | C2: MOTHER'S NAME | D2: FATHER'S NAME | E2: DOB | F2: CLASS & SEC
A3: 1804 | B3: AAKRITI SINGH | C3: CHHAYA SINGH | D3: SUJEET KUMAR SINGH | E3: 17.09.2020 | F3: I-A
A4: 1571 | B4: ABHIJEET PATEL | C4: NEHA VERMA | D4: ASHISH KUMAR VERMA | E4: 01.07.2019 | F4: I-A
A5: 1881 | B5: ADITI | C5: JYOTIMA | D5: SHIVRAM SINGH | E5: 24.01.2019 | F5: I-A
A6: 1559 | B6: ADITYA VERMA | C6: LAXMI VERMA | D6: SUNIL KUMAR | E6: 12.08.2017 | F6: I-A
A7: 1548 | B7: ADVIK BAJPAI | C7: SEEMA BAJPAI | D7: VIVEK BAJPAI | E7: 22.04.2019 | F7: I-A
A8: 1549 | B8: AHEM SHARMA | C8: PARUL SHARMA | D8: KULDEEP KUMAR | E8: 23.02.2018 | F8: I-A
A9: 1556 | B9: AKRATI VISHWAKARMA | C9: VINEETA VISHWAKARAMA | D9: RUPENDRA KUMAR | E9: 01.07.2018 | F9: I-A
A10: 1915 | B10: AKRITI SHUKLA | C10: RITU SHUKLA | D10: ARUNESH KUMAR | E10: 30.10.2019 | F10: I-A
A11: 1563 | B11: ANANYA | C11: BARKHA RAJPOOT | D11: SONU | E11: 14.06.2018 | F11: I-A
A12: 1562 | B12: ANKITA RAJPOOT | C12: NEHA | D12: DIWAKAR SINGH | E12: 06.02.2019 | F12: I-A
A13: 1547 | B13: ANSHIKA PANDEY | C13: SIMA DEVI | D13: RAJU PRASAD | E13: 25.05.2018 | F13: I-A
A14: 1644 | B14: ARADHYA SINGH | C14: POOJA SINGH | D14: ANJANI KUMAR SINGH | E14: 14.08.2017 | F14: I-A
... A19: 1569 | B19: AVNI VERMA | C19: SHILPI VERMA | D19: AMRENDRA KUMAR VERMA | E19: 18.02.2019 | F19: I-A
A20: 1789 | B20: AYUSHI YADAV | D20: SHIV JATAN YADAV | E20: 14.10.2016 | F20: I-A
A21: 1673 | B21: DEVANSH SINGH | C21: POOJA SINGH | D21: AMAN SINGH | E21: 23.11.2018 | F21: I-A
A22: 1649 | B22: DEVISHA TIWARI | C22: JYOTI | D22: MUKESH KUMAR | E22: 28.04.2019 | F22: I-A
A23: 1791 | B23: DIPANSH SRIVASTAVA | C23: SAPNA SRIVASTAVA | D23: DURGA KANT SRIVASTAVA | E23: 27.03.2019 | F23: I-A
A24: 1564 | B24: GAURAV YADAV | C24: KUSUM YADAV | D24: ARVIND KUMAR | E24: 09.08.2018 | F24: I-A
A25: 1573 | B25: HARIOM MISHRA | C25: CHITRA MISHRA | D25: ASHISH KUMAR MISHRA | E25: 02.06.2019 | F25: I-A
A26: 1561 | B26: HARSHITA MEENA | C26: MAMTA MEENA | D26: HARI RAM MEENA | E26: 07.09.2018 | F26: I-A
A27: 1565 | B27: JANVI SINGH | C27: RADHA RANI | D27: HANS RAJ | E27: 27.03.2018 | F27: I-A
A28: 1870 | B28: JANVI SINGH SENGAR | C28: VIJAY LAXMI | D28: RAM PRATAP SINGH | E28: 30.07.2018 | F28: I-A
A29: 1657 | B29: KARNIKA VERMA | C29: NISHA VERMA | D29: SANDEEP KUMAR | E29: 15.09.2019 | F29: I-A
A30: 1558 | B30: KAVYA TIWARI | C30: PREETI TIWARI | D30: RAM KUMAR TIWARI | E30: 16.01.2018 | F30: I-A
A31: 1906 | B31: KHUSHI PATEL | C31: SHEELA CHAUDHARY | D31: RAVINDRA KUMAR CHAUDHARY | E31: 14.11.2018 | F31: I-A
A32: 1865 | B32: MOHD SAIF | C32: ZAREENA KHATOON | D32: MODH. SAMEER | E32: 26.06.2017 | F32: I-A
... A41: 1937 | B41: VIVAAN PAL | C41: ROMA PAL | D41: VIJAY PAL | E41: 29.07.2016 | F41: I-A

Sheet UT-I(Entry)
A1: UNIT TEST-I (2025-26) CLASS - I
A2: SR. NO. | B2: NAME | C2: ENGLISH | D2: HINDI | E2: MATHS | F2: EVS | G2: COMPUTER | H2: G.K. | I2: ART | J2: Attendance
J3: Present | K3: Working Day
A4: =DETAILS!A3 -> 1804 | B4: =DETAILS!B3 -> AAKRITI SINGH
A5: =DETAILS!A4 -> 1571 | B5: =DETAILS!B4 -> ABHIJEET PATEL
A6: =DETAILS!A5 -> 1881 | B6: =DETAILS!B5 -> ADITI
A7: =DETAILS!A6 -> 1559 | B7: =DETAILS!B6 -> ADITYA VERMA
A8: =DETAILS!A7 -> 1548 | B8: =DETAILS!B7 -> ADVIK BAJPAI
A9: =DETAILS!A8 -> 1549 | B9: =DETAILS!B8 -> AHEM SHARMA
A10: =DETAILS!A9 -> 1556 | B10: =DETAILS!B9 -> AKRATI VISHWAKARMA
A11: =DETAILS!A10 -> 1915 | B11: =DETAILS!B10 -> AKRITI SHUKLA
A12: =DETAILS!A11 -> 1563 | B12: =DETAILS!B11 -> ANANYA
A13: =DETAILS!A12 -> 1562 | B13: =DETAILS!B12 -> ANKITA RAJPOOT
A14: =DETAILS!A13 -> 1547 | B14: =DETAILS!B13 -> ANSHIKA PANDEY
A15: =DETAILS!A14 -> 1644 | B15: =DETAILS!B14 -> ARADHYA SINGH
... A42: =DETAILS!A41 -> 1937 | B42: =DETAILS!B41 -> VIVAAN PAL

Sheet UT-I 
A1: UNIT TEST-I (2025-26) CLASS - I
A2: SR. NO. | B2: NAME | C2: ENGLISH | D2: HINDI | E2: MATHS | F2: EVS | G2: COMPUTER | H2: G.K. | I2: ART | J2: TOTAL | K2: PERCENTAGE | L2: Attendance
L3: Present | M3: Working Day
A4: =DETAILS!A3 -> 1804 | B4: =DETAILS!B3 -> AAKRITI SINGH | C4: =IFERROR(ROUND((VLOOKUP(A4,'UT-I(Entry)'!$1:$1048576,3,0))/2,0),VLOOKUP(A4,'UT-I(Entry)'!$1:$1048576,3,0)) -> 0 | D4: =IFERROR(ROUND((VLOOKUP(A4,'UT-I(Entry)'!$1:$1048576,4,0))/2,0),VLOOKUP(A4,'UT-I(Entry)'!$1:$1048576,4,0)) -> 0 | E4: =IFERROR(ROUND((VLOOKUP(A4,'UT-I(Entry)'!$1:$1048576,5,0))/2,0),VLOOKUP(A4,'UT-I(Entry)'!$1:$1048576,5,0)) -> 0 | F4: =IFERROR(ROUND((VLOOKUP(A4,'UT-I(Entry)'!$1:$1048576,6,0))/2,0),VLOOKUP(A4,'UT-I(Entry)'!$1:$1048576,6,0)) -> 0 | G4: =IFERROR(ROUND((VLOOKUP(A4,'UT-I(Entry)'!$1:$1048576,7,0))/2,0),VLOOKUP(A4,'UT-I(Entry)'!$1:$1048576,7,0)) -> 0 | H4: =IFERROR(VLOOKUP(VLOOKUP(A4,'UT-I(Entry)'!$1:$1048576,8,0),'Grade(40)'!$1:$1048576,2,0),VLOOKUP(A4,'UT-I(Entry)'!$1:$1048576,8,0)) -> E | I4: =IFERROR(VLOOKUP(VLOOKUP(A4,'UT-I(Entry)'!$1:$1048576,9,0),'Grade(40)'!$1:$1048576,2,0),VLOOKUP(A4,'UT-I(Entry)'!$1:$1048576,9,0)) -> E | J4: =SUM(C4:G4) -> 0 | K4: =ROUND(J4/1,2)&" %" -> 0 % | L4: =VLOOKUP(A4,'UT-I(Entry)'!$1:$1048576,10,0) -> 0 | M4: =VLOOKUP(A4,'UT-I(Entry)'!$1:$1048576,11,0) -> 0
A5: =DETAILS!A4 -> 1571 | B5: =DETAILS!B4 -> ABHIJEET PATEL | C5: =IFERROR(ROUND((VLOOKUP(A5,'UT-I(Entry)'!$1:$1048576,3,0))/2,0),VLOOKUP(A5,'UT-I(Entry)'!$1:$1048576,3,0)) -> 0 | D5: =IFERROR(ROUND((VLOOKUP(A5,'UT-I(Entry)'!$1:$1048576,4,0))/2,0),VLOOKUP(A5,'UT-I(Entry)'!$1:$1048576,4,0)) -> 0 | E5: =IFERROR(ROUND((VLOOKUP(A5,'UT-I(Entry)'!$1:$1048576,5,0))/2,0),VLOOKUP(A5,'UT-I(Entry)'!$1:$1048576,5,0)) -> 0 | F5: =IFERROR(ROUND((VLOOKUP(A5,'UT-I(Entry)'!$1:$1048576,6,0))/2,0),VLOOKUP(A5,'UT-I(Entry)'!$1:$1048576,6,0)) -> 0 | G5: =IFERROR(ROUND((VLOOKUP(A5,'UT-I(Entry)'!$1:$1048576,7,0))/2,0),VLOOKUP(A5,'UT-I(Entry)'!$1:$1048576,7,0)) -> 0 | H5: =IFERROR(VLOOKUP(VLOOKUP(A5,'UT-I(Entry)'!$1:$1048576,8,0),'Grade(40)'!$1:$1048576,2,0),VLOOKUP(A5,'UT-I(Entry)'!$1:$1048576,8,0)) -> E | I5: =IFERROR(VLOOKUP(VLOOKUP(A5,'UT-I(Entry)'!$1:$1048576,9,0),'Grade(40)'!$1:$1048576,2,0),VLOOKUP(A5,'UT-I(Entry)'!$1:$1048576,9,0)) -> E | J5: =SUM(C5:G5) -> 0 | K5: =ROUND(J5/1,2)&" %" -> 0 % | L5: =VLOOKUP(A5,'UT-I(Entry)'!$1:$1048576,10,0) -> 0 | M5: =VLOOKUP(A5,'UT-I(Entry)'!$1:$1048576,11,0) -> 0
A6: =DETAILS!A5 -> 1881 | B6: =DETAILS!B5 -> ADITI | C6: =IFERROR(ROUND((VLOOKUP(A6,'UT-I(Entry)'!$1:$1048576,3,0))/2,0),VLOOKUP(A6,'UT-I(Entry)'!$1:$1048576,3,0)) -> 0 | D6: =IFERROR(ROUND((VLOOKUP(A6,'UT-I(Entry)'!$1:$1048576,4,0))/2,0),VLOOKUP(A6,'UT-I(Entry)'!$1:$1048576,4,0)) -> 0 | E6: =IFERROR(ROUND((VLOOKUP(A6,'UT-I(Entry)'!$1:$1048576,5,0))/2,0),VLOOKUP(A6,'UT-I(Entry)'!$1:$1048576,5,0)) -> 0 | F6: =IFERROR(ROUND((VLOOKUP(A6,'UT-I(Entry)'!$1:$1048576,6,0))/2,0),VLOOKUP(A6,'UT-I(Entry)'!$1:$1048576,6,0)) -> 0 | G6: =IFERROR(ROUND((VLOOKUP(A6,'UT-I(Entry)'!$1:$1048576,7,0))/2,0),VLOOKUP(A6,'UT-I(Entry)'!$1:$1048576,7,0)) -> 0 | H6: =IFERROR(VLOOKUP(VLOOKUP(A6,'UT-I(Entry)'!$1:$1048576,8,0),'Grade(40)'!$1:$1048576,2,0),VLOOKUP(A6,'UT-I(Entry)'!$1:$1048576,8,0)) -> E | I6: =IFERROR(VLOOKUP(VLOOKUP(A6,'UT-I(Entry)'!$1:$1048576,9,0),'Grade(40)'!$1:$1048576,2,0),VLOOKUP(A6,'UT-I(Entry)'!$1:$1048576,9,0)) -> E | J6: =SUM(C6:G6) -> 0 | K6: =ROUND(J6/1,2)&" %" -> 0 % | L6: =VLOOKUP(A6,'UT-I(Entry)'!$1:$1048576,10,0) -> 0 | M6: =VLOOKUP(A6,'UT-I(Entry)'!$1:$1048576,11,0) -> 0
A7: =DETAILS!A6 -> 1559 | B7: =DETAILS!B6 -> ADITYA VERMA | C7: =IFERROR(ROUND((VLOOKUP(A7,'UT-I(Entry)'!$1:$1048576,3,0))/2,0),VLOOKUP(A7,'UT-I(Entry)'!$1:$1048576,3,0)) -> 0 | D7: =IFERROR(ROUND((VLOOKUP(A7,'UT-I(Entry)'!$1:$1048576,4,0))/2,0),VLOOKUP(A7,'UT-I(Entry)'!$1:$1048576,4,0)) -> 0 | E7: =IFERROR(ROUND((VLOOKUP(A7,'UT-I(Entry)'!$1:$1048576,5,0))/2,0),VLOOKUP(A7,'UT-I(Entry)'!$1:$1048576,5,0)) -> 0 | F7: =IFERROR(ROUND((VLOOKUP(A7,'UT-I(Entry)'!$1:$1048576,6,0))/2,0),VLOOKUP(A7,'UT-I(Entry)'!$1:$1048576,6,0)) -> 0 | G7: =IFERROR(ROUND((VLOOKUP(A7,'UT-I(Entry)'!$1:$1048576,7,0))/2,0),VLOOKUP(A7,'UT-I(Entry)'!$1:$1048576,7,0)) -> 0 | H7: =IFERROR(VLOOKUP(VLOOKUP(A7,'UT-I(Entry)'!$1:$1048576,8,0),'Grade(40)'!$1:$1048576,2,0),VLOOKUP(A7,'UT-I(Entry)'!$1:$1048576,8,0)) -> E | I7: =IFERROR(VLOOKUP(VLOOKUP(A7,'UT-I(Entry)'!$1:$1048576,9,0),'Grade(40)'!$1:$1048576,2,0),VLOOKUP(A7,'UT-I(Entry)'!$1:$1048576,9,0)) -> E | J7: =SUM(C7:G7) -> 0 | K7: =ROUND(J7/1,2)&" %" -> 0 % | L7: =VLOOKUP(A7,'UT-I(Entry)'!$1:$1048576,10,0) -> 0 | M7: =VLOOKUP(A7,'UT-I(Entry)'!$1:$1048576,11,0) -> 0
A8: =DETAILS!A7 -> 1548 | B8: =DETAILS!B7 -> ADVIK BAJPAI | C8: =IFERROR(ROUND((VLOOKUP(A8,'UT-I(Entry)'!$1:$1048576,3,0))/2,0),VLOOKUP(A8,'UT-I(Entry)'!$1:$1048576,3,0)) -> 0 | D8: =IFERROR(ROUND((VLOOKUP(A8,'UT-I(Entry)'!$1:$1048576,4,0))/2,0),VLOOKUP(A8,'UT-I(Entry)'!$1:$1048576,4,0)) -> 0 | E8: =IFERROR(ROUND((VLOOKUP(A8,'UT-I(Entry)'!$1:$1048576,5,0))/2,0),VLOOKUP(A8,'UT-I(Entry)'!$1:$1048576,5,0)) -> 0 | F8: =IFERROR(ROUND((VLOOKUP(A8,'UT-I(Entry)'!$1:$1048576,6,0))/2,0),VLOOKUP(A8,'UT-I(Entry)'!$1:$1048576,6,0)) -> 0 | G8: =IFERROR(ROUND((VLOOKUP(A8,'UT-I(Entry)'!$1:$1048576,7,0))/2,0),VLOOKUP(A8,'UT-I(Entry)'!$1:$1048576,7,0)) -> 0 | H8: =IFERROR(VLOOKUP(VLOOKUP(A8,'UT-I(Entry)'!$1:$1048576,8,0),'Grade(40)'!$1:$1048576,2,0),VLOOKUP(A8,'UT-I(Entry)'!$1:$1048576,8,0)) -> E | I8: =IFERROR(VLOOKUP(VLOOKUP(A8,'UT-I(Entry)'!$1:$1048576,9,0),'Grade(40)'!$1:$1048576,2,0),VLOOKUP(A8,'UT-I(Entry)'!$1:$1048576,9,0)) -> E | J8: =SUM(C8:G8) -> 0 | K8: =ROUND(J8/1,2)&" %" -> 0 % | L8: =VLOOKUP(A8,'UT-I(Entry)'!$1:$1048576,10,0) -> 0 | M8: =VLOOKUP(A8,'UT-I(Entry)'!$1:$1048576,11,0) -> 0
A9: =DETAILS!A8 -> 1549 | B9: =DETAILS!B8 -> AHEM SHARMA | C9: =IFERROR(ROUND((VLOOKUP(A9,'UT-I(Entry)'!$1:$1048576,3,0))/2,0),VLOOKUP(A9,'UT-I(Entry)'!$1:$1048576,3,0)) -> 0 | D9: =IFERROR(ROUND((VLOOKUP(A9,'UT-I(Entry)'!$1:$1048576,4,0))/2,0),VLOOKUP(A9,'UT-I(Entry)'!$1:$1048576,4,0)) -> 0 | E9: =IFERROR(ROUND((VLOOKUP(A9,'UT-I(Entry)'!$1:$1048576,5,0))/2,0),VLOOKUP(A9,'UT-I(Entry)'!$1:$1048576,5,0)) -> 0 | F9: =IFERROR(ROUND((VLOOKUP(A9,'UT-I(Entry)'!$1:$1048576,6,0))/2,0),VLOOKUP(A9,'UT-I(Entry)'!$1:$1048576,6,0)) -> 0 | G9: =IFERROR(ROUND((VLOOKUP(A9,'UT-I(Entry)'!$1:$1048576,7,0))/2,0),VLOOKUP(A9,'UT-I(Entry)'!$1:$1048576,7,0)) -> 0 | H9: =IFERROR(VLOOKUP(VLOOKUP(A9,'UT-I(Entry)'!$1:$1048576,8,0),'Grade(40)'!$1:$1048576,2,0),VLOOKUP(A9,'UT-I(Entry)'!$1:$1048576,8,0)) -> E | I9: =IFERROR(VLOOKUP(VLOOKUP(A9,'UT-I(Entry)'!$1:$1048576,9,0),'Grade(40)'!$1:$1048576,2,0),VLOOKUP(A9,'UT-I(Entry)'!$1:$1048576,9,0)) -> E | J9: =SUM(C9:G9) -> 0 | K9: =ROUND(J9/1,2)&" %" -> 0 % | L9: =VLOOKUP(A9,'UT-I(Entry)'!$1:$1048576,10,0) -> 0 | M9: =VLOOKUP(A9,'UT-I(Entry)'!$1:$1048576,11,0) -> 0
A10: =DETAILS!A9 -> 1556 | B10: =DETAILS!B9 -> AKRATI VISHWAKARMA | C10: =IFERROR(ROUND((VLOOKUP(A10,'UT-I(Entry)'!$1:$1048576,3,0))/2,0),VLOOKUP(A10,'UT-I(Entry)'!$1:$1048576,3,0)) -> 0 | D10: =IFERROR(ROUND((VLOOKUP(A10,'UT-I(Entry)'!$1:$1048576,4,0))/2,0),VLOOKUP(A10,'UT-I(Entry)'!$1:$1048576,4,0)) -> 0 | E10: =IFERROR(ROUND((VLOOKUP(A10,'UT-I(Entry)'!$1:$1048576,5,0))/2,0),VLOOKUP(A10,'UT-I(Entry)'!$1:$1048576,5,0)) -> 0 | F10: =IFERROR(ROUND((VLOOKUP(A10,'UT-I(Entry)'!$1:$1048576,6,0))/2,0),VLOOKUP(A10,'UT-I(Entry)'!$1:$1048576,6,0)) -> 0 | G10: =IFERROR(ROUND((VLOOKUP(A10,'UT-I(Entry)'!$1:$1048576,7,0))/2,0),VLOOKUP(A10,'UT-I(Entry)'!$1:$1048576,7,0)) -> 0 | H10: =IFERROR(VLOOKUP(VLOOKUP(A10,'UT-I(Entry)'!$1:$1048576,8,0),'Grade(40)'!$1:$1048576,2,0),VLOOKUP(A10,'UT-I(Entry)'!$1:$1048576,8,0)) -> E | I10: =IFERROR(VLOOKUP(VLOOKUP(A10,'UT-I(Entry)'!$1:$1048576,9,0),'Grade(40)'!$1:$1048576,2,0),VLOOKUP(A10,'UT-I(Entry)'!$1:$1048576,9,0)) -> E | J10: =SUM(C10:G10) -> 0 | K10: =ROUND(J10/1,2)&" %" -> 0 % | L10: =VLOOKUP(A10,'UT-I(Entry)'!$1:$1048576,10,0) -> 0 | M10: =VLOOKUP(A10,'UT-I(Entry)'!$1:$1048576,11,0) -> 0
A11: =DETAILS!A10 -> 1915 | B11: =DETAILS!B10 -> AKRITI SHUKLA | C11: =IFERROR(ROUND((VLOOKUP(A11,'UT-I(Entry)'!$1:$1048576,3,0))/2,0),VLOOKUP(A11,'UT-I(Entry)'!$1:$1048576,3,0)) -> 0 | D11: =IFERROR(ROUND((VLOOKUP(A11,'UT-I(Entry)'!$1:$1048576,4,0))/2,0),VLOOKUP(A11,'UT-I(Entry)'!$1:$1048576,4,0)) -> 0 | E11: =IFERROR(ROUND((VLOOKUP(A11,'UT-I(Entry)'!$1:$1048576,5,0))/2,0),VLOOKUP(A11,'UT-I(Entry)'!$1:$1048576,5,0)) -> 0 | F11: =IFERROR(ROUND((VLOOKUP(A11,'UT-I(Entry)'!$1:$1048576,6,0))/2,0),VLOOKUP(A11,'UT-I(Entry)'!$1:$1048576,6,0)) -> 0 | G11: =IFERROR(ROUND((VLOOKUP(A11,'UT-I(Entry)'!$1:$1048576,7,0))/2,0),VLOOKUP(A11,'UT-I(Entry)'!$1:$1048576,7,0)) -> 0 | H11: =IFERROR(VLOOKUP(VLOOKUP(A11,'UT-I(Entry)'!$1:$1048576,8,0),'Grade(40)'!$1:$1048576,2,0),VLOOKUP(A11,'UT-I(Entry)'!$1:$1048576,8,0)) -> E | I11: =IFERROR(VLOOKUP(VLOOKUP(A11,'UT-I(Entry)'!$1:$1048576,9,0),'Grade(40)'!$1:$1048576,2,0),VLOOKUP(A11,'UT-I(Entry)'!$1:$1048576,9,0)) -> E | J11: =SUM(C11:G11) -> 0 | K11: =ROUND(J11/1,2)&" %" -> 0 % | L11: =VLOOKUP(A11,'UT-I(Entry)'!$1:$1048576,10,0) -> 0 | M11: =VLOOKUP(A11,'UT-I(Entry)'!$1:$1048576,11,0) -> 0
A12: =DETAILS!A11 -> 1563 | B12: =DETAILS!B11 -> ANANYA | C12: =IFERROR(ROUND((VLOOKUP(A12,'UT-I(Entry)'!$1:$1048576,3,0))/2,0),VLOOKUP(A12,'UT-I(Entry)'!$1:$1048576,3,0)) -> 0 | D12: =IFERROR(ROUND((VLOOKUP(A12,'UT-I(Entry)'!$1:$1048576,4,0))/2,0),VLOOKUP(A12,'UT-I(Entry)'!$1:$1048576,4,0)) -> 0 | E12: =IFERROR(ROUND((VLOOKUP(A12,'UT-I(Entry)'!$1:$1048576,5,0))/2,0),VLOOKUP(A12,'UT-I(Entry)'!$1:$1048576,5,0)) -> 0 | F12: =IFERROR(ROUND((VLOOKUP(A12,'UT-I(Entry)'!$1:$1048576,6,0))/2,0),VLOOKUP(A12,'UT-I(Entry)'!$1:$1048576,6,0)) -> 0 | G12: =IFERROR(ROUND((VLOOKUP(A12,'UT-I(Entry)'!$1:$1048576,7,0))/2,0),VLOOKUP(A12,'UT-I(Entry)'!$1:$1048576,7,0)) -> 0 | H12: =IFERROR(VLOOKUP(VLOOKUP(A12,'UT-I(Entry)'!$1:$1048576,8,0),'Grade(40)'!$1:$1048576,2,0),VLOOKUP(A12,'UT-I(Entry)'!$1:$1048576,8,0)) -> E | I12: =IFERROR(VLOOKUP(VLOOKUP(A12,'UT-I(Entry)'!$1:$1048576,9,0),'Grade(40)'!$1:$1048576,2,0),VLOOKUP(A12,'UT-I(Entry)'!$1:$1048576,9,0)) -> E | J12: =SUM(C12:G12) -> 0 | K12: =ROUND(J12/1,2)&" %" -> 0 % | L12: =VLOOKUP(A12,'UT-I(Entry)'!$1:$1048576,10,0) -> 0 | M12: =VLOOKUP(A12,'UT-I(Entry)'!$1:$1048576,11,0) -> 0
A13: =DETAILS!A12 -> 1562 | B13: =DETAILS!B12 -> ANKITA RAJPOOT | C13: =IFERROR(ROUND((VLOOKUP(A13,'UT-I(Entry)'!$1:$1048576,3,0))/2,0),VLOOKUP(A13,'UT-I(Entry)'!$1:$1048576,3,0)) -> 0 | D13: =IFERROR(ROUND((VLOOKUP(A13,'UT-I(Entry)'!$1:$1048576,4,0))/2,0),VLOOKUP(A13,'UT-I(Entry)'!$1:$1048576,4,0)) -> 0 | E13: =IFERROR(ROUND((VLOOKUP(A13,'UT-I(Entry)'!$1:$1048576,5,0))/2,0),VLOOKUP(A13,'UT-I(Entry)'!$1:$1048576,5,0)) -> 0 | F13: =IFERROR(ROUND((VLOOKUP(A13,'UT-I(Entry)'!$1:$1048576,6,0))/2,0),VLOOKUP(A13,'UT-I(Entry)'!$1:$1048576,6,0)) -> 0 | G13: =IFERROR(ROUND((VLOOKUP(A13,'UT-I(Entry)'!$1:$1048576,7,0))/2,0),VLOOKUP(A13,'UT-I(Entry)'!$1:$1048576,7,0)) -> 0 | H13: =IFERROR(VLOOKUP(VLOOKUP(A13,'UT-I(Entry)'!$1:$1048576,8,0),'Grade(40)'!$1:$1048576,2,0),VLOOKUP(A13,'UT-I(Entry)'!$1:$1048576,8,0)) -> E | I13: =IFERROR(VLOOKUP(VLOOKUP(A13,'UT-I(Entry)'!$1:$1048576,9,0),'Grade(40)'!$1:$1048576,2,0),VLOOKUP(A13,'UT-I(Entry)'!$1:$1048576,9,0)) -> E | J13: =SUM(C13:G13) -> 0 | K13: =ROUND(J13/1,2)&" %" -> 0 % | L13: =VLOOKUP(A13,'UT-I(Entry)'!$1:$1048576,10,0) -> 0 | M13: =VLOOKUP(A13,'UT-I(Entry)'!$1:$1048576,11,0) -> 0
A14: =DETAILS!A13 -> 1547 | B14: =DETAILS!B13 -> ANSHIKA PANDEY | C14: =IFERROR(ROUND((VLOOKUP(A14,'UT-I(Entry)'!$1:$1048576,3,0))/2,0),VLOOKUP(A14,'UT-I(Entry)'!$1:$1048576,3,0)) -> 0 | D14: =IFERROR(ROUND((VLOOKUP(A14,'UT-I(Entry)'!$1:$1048576,4,0))/2,0),VLOOKUP(A14,'UT-I(Entry)'!$1:$1048576,4,0)) -> 0 | E14: =IFERROR(ROUND((VLOOKUP(A14,'UT-I(Entry)'!$1:$1048576,5,0))/2,0),VLOOKUP(A14,'UT-I(Entry)'!$1:$1048576,5,0)) -> 0 | F14: =IFERROR(ROUND((VLOOKUP(A14,'UT-I(Entry)'!$1:$1048576,6,0))/2,0),VLOOKUP(A14,'UT-I(Entry)'!$1:$1048576,6,0)) -> 0 | G14: =IFERROR(ROUND((VLOOKUP(A14,'UT-I(Entry)'!$1:$1048576,7,0))/2,0),VLOOKUP(A14,'UT-I(Entry)'!$1:$1048576,7,0)) -> 0 | H14: =IFERROR(VLOOKUP(VLOOKUP(A14,'UT-I(Entry)'!$1:$1048576,8,0),'Grade(40)'!$1:$1048576,2,0),VLOOKUP(A14,'UT-I(Entry)'!$1:$1048576,8,0)) -> E | I14: =IFERROR(VLOOKUP(VLOOKUP(A14,'UT-I(Entry)'!$1:$1048576,9,0),'Grade(40)'!$1:$1048576,2,0),VLOOKUP(A14,'UT-I(Entry)'!$1:$1048576,9,0)) -> E | J14: =SUM(C14:G14) -> 0 | K14: =ROUND(J14/1,2)&" %" -> 0 % | L14: =VLOOKUP(A14,'UT-I(Entry)'!$1:$1048576,10,0) -> 0 | M14: =VLOOKUP(A14,'UT-I(Entry)'!$1:$1048576,11,0) -> 0
A15: =DETAILS!A14 -> 1644 | B15: =DETAILS!B14 -> ARADHYA SINGH | C15: =IFERROR(ROUND((VLOOKUP(A15,'UT-I(Entry)'!$1:$1048576,3,0))/2,0),VLOOKUP(A15,'UT-I(Entry)'!$1:$1048576,3,0)) -> 0 | D15: =IFERROR(ROUND((VLOOKUP(A15,'UT-I(Entry)'!$1:$1048576,4,0))/2,0),VLOOKUP(A15,'UT-I(Entry)'!$1:$1048576,4,0)) -> 0 | E15: =IFERROR(ROUND((VLOOKUP(A15,'UT-I(Entry)'!$1:$1048576,5,0))/2,0),VLOOKUP(A15,'UT-I(Entry)'!$1:$1048576,5,0)) -> 0 | F15: =IFERROR(ROUND((VLOOKUP(A15,'UT-I(Entry)'!$1:$1048576,6,0))/2,0),VLOOKUP(A15,'UT-I(Entry)'!$1:$1048576,6,0)) -> 0 | G15: =IFERROR(ROUND((VLOOKUP(A15,'UT-I(Entry)'!$1:$1048576,7,0))/2,0),VLOOKUP(A15,'UT-I(Entry)'!$1:$1048576,7,0)) -> 0 | H15: =IFERROR(VLOOKUP(VLOOKUP(A15,'UT-I(Entry)'!$1:$1048576,8,0),'Grade(40)'!$1:$1048576,2,0),VLOOKUP(A15,'UT-I(Entry)'!$1:$1048576,8,0)) -> E | I15: =IFERROR(VLOOKUP(VLOOKUP(A15,'UT-I(Entry)'!$1:$1048576,9,0),'Grade(40)'!$1:$1048576,2,0),VLOOKUP(A15,'UT-I(Entry)'!$1:$1048576,9,0)) -> E | J15: =SUM(C15:G15) -> 0 | K15: =ROUND(J15/1,2)&" %" -> 0 % | L15: =VLOOKUP(A15,'UT-I(Entry)'!$1:$1048576,10,0) -> 0 | M15: =VLOOKUP(A15,'UT-I(Entry)'!$1:$1048576,11,0) -> 0
... A42: =DETAILS!A41 -> 1937 | B42: =DETAILS!B41 -> VIVAAN PAL | C42: =IFERROR(ROUND((VLOOKUP(A42,'UT-I(Entry)'!$1:$1048576,3,0))/2,0),VLOOKUP(A42,'UT-I(Entry)'!$1:$1048576,3,0)) -> 0 | D42: =IFERROR(ROUND((VLOOKUP(A42,'UT-I(Entry)'!$1:$1048576,4,0))/2,0),VLOOKUP(A42,'UT-I(Entry)'!$1:$1048576,4,0)) -> 0 | E42: =IFERROR(ROUND((VLOOKUP(A42,'UT-I(Entry)'!$1:$1048576,5,0))/2,0),VLOOKUP(A42,'UT-I(Entry)'!$1:$1048576,5,0)) -> 0 | F42: =IFERROR(ROUND((VLOOKUP(A42,'UT-I(Entry)'!$1:$1048576,6,0))/2,0),VLOOKUP(A42,'UT-I(Entry)'!$1:$1048576,6,0)) -> 0 | G42: =IFERROR(ROUND((VLOOKUP(A42,'UT-I(Entry)'!$1:$1048576,7,0))/2,0),VLOOKUP(A42,'UT-I(Entry)'!$1:$1048576,7,0)) -> 0 | H42: =IFERROR(VLOOKUP(VLOOKUP(A42,'UT-I(Entry)'!$1:$1048576,8,0),'Grade(40)'!$1:$1048576,2,0),VLOOKUP(A42,'UT-I(Entry)'!$1:$1048576,8,0)) -> E | I42: =IFERROR(VLOOKUP(VLOOKUP(A42,'UT-I(Entry)'!$1:$1048576,9,0),'Grade(40)'!$1:$1048576,2,0),VLOOKUP(A42,'UT-I(Entry)'!$1:$1048576,9,0)) -> E | J42: =SUM(C42:G42) -> 0 | K42: =ROUND(J42/1,2)&" %" -> 0 % | L42: =VLOOKUP(A42,'UT-I(Entry)'!$1:$1048576,10,0) -> 0 | M42: =VLOOKUP(A42,'UT-I(Entry)'!$1:$1048576,11,0) -> 0

Sheet Grade(40)
A2: 40 | B2: A
A3: 39 | B3: A
A4: 38 | B4: A
A5: 37 | B5: A
A6: 36 | B6: A
A7: 35 | B7: A
A8: 34 | B8: A
A9: 33 | B9: A
A10: 32 | B10: B
A11: 31 | B11: B
A12: 30 | B12: B
A13: 29 | B13: B
... A42: 0 | B42: E

Sheet NOTEBOOK-1 (Entry)
A1: NOTEBOOK-1 (2025-26) CLASS -I
A2: SR. NO. | B2: NAME | C2: ENGLISH | D2: HINDI | E2: MATHS | F2: EVS | G2: COMPUTER
A3: =DETAILS!A3 -> 1804 | B3: =DETAILS!B3 -> AAKRITI SINGH
A4: =DETAILS!A4 -> 1571 | B4: =DETAILS!B4 -> ABHIJEET PATEL
A5: =DETAILS!A5 -> 1881 | B5: =DETAILS!B5 -> ADITI
A6: =DETAILS!A6 -> 1559 | B6: =DETAILS!B6 -> ADITYA VERMA
A7: =DETAILS!A7 -> 1548 | B7: =DETAILS!B7 -> ADVIK BAJPAI
A8: =DETAILS!A8 -> 1549 | B8: =DETAILS!B8 -> AHEM SHARMA
A9: =DETAILS!A9 -> 1556 | B9: =DETAILS!B9 -> AKRATI VISHWAKARMA
A10: =DETAILS!A10 -> 1915 | B10: =DETAILS!B10 -> AKRITI SHUKLA
A11: =DETAILS!A11 -> 1563 | B11: =DETAILS!B11 -> ANANYA
A12: =DETAILS!A12 -> 1562 | B12: =DETAILS!B12 -> ANKITA RAJPOOT
A13: =DETAILS!A13 -> 1547 | B13: =DETAILS!B13 -> ANSHIKA PANDEY
A14: =DETAILS!A14 -> 1644 | B14: =DETAILS!B14 -> ARADHYA SINGH
... A27: =DETAILS!A27 -> 1565 | B27: =DETAILS!B27 -> JANVI SINGH
A28: =DETAILS!A28 -> 1870 | B28: =DETAILS!B28 -> JANVI SINGH SENGAR | G28: =SUM(C28:F28) -> 0
A29: =DETAILS!A29 -> 1657 | B29: =DETAILS!B29 -> KARNIKA VERMA | G29: =SUM(C29:F29) -> 0
A30: =DETAILS!A30 -> 1558 | B30: =DETAILS!B30 -> KAVYA TIWARI | G30: =SUM(C30:F30) -> 0
A31: =DETAILS!A31 -> 1906 | B31: =DETAILS!B31 -> KHUSHI PATEL | G31: =SUM(C31:F31) -> 0
A32: =DETAILS!A32 -> 1865 | B32: =DETAILS!B32 -> MOHD SAIF | G32: =SUM(C32:F32) -> 0
A33: =DETAILS!A33 -> 1735 | B33: =DETAILS!B33 -> PRAGATI SINGH | G33: =SUM(C33:F33) -> 0
A34: =DETAILS!A34 -> 1557 | B34: =DETAILS!B34 -> PRISHA JAISWAL | G34: =SUM(C34:F34) -> 0
A35: =DETAILS!A35 -> 1560 | B35: =DETAILS!B35 -> SHANTANU YADAV | G35: =SUM(C35:F35) -> 0
A36: =DETAILS!A36 -> 1890 | B36: =DETAILS!B36 -> SHIVA YADAV | G36: =SUM(C36:F36) -> 0
A37: =DETAILS!A37 -> 1575 | B37: =DETAILS!B37 -> SHIVIKA VERMA | G37: =SUM(C37:F37) -> 0
A38: =DETAILS!A38 -> 1732 | B38: =DETAILS!B38 -> SUHAN ALI | G38: =SUM(C38:F38) -> 0
A39: =DETAILS!A39 -> 1706 | B39: =DETAILS!B39 -> UTKARSH | G39: =SUM(C39:F39) -> 0
... A41: =DETAILS!A41 -> 1937 | B41: =DETAILS!B41 -> VIVAAN PAL | G41: =SUM(C41:F41) -> 0

Sheet ENRICH-1(Entry)
A1: SUBJECT ENRICHMENT -1 (2025-26) CLASS -I
A2: SR. NO. | B2: NAME | C2: ENGLISH | D2: HINDI | E2: MATHS | F2: EVS | G2: COMPUTER
A3: =DETAILS!A3 -> 1804 | B3: =DETAILS!B3 -> AAKRITI SINGH
A4: =DETAILS!A4 -> 1571 | B4: =DETAILS!B4 -> ABHIJEET PATEL
A5: =DETAILS!A5 -> 1881 | B5: =DETAILS!B5 -> ADITI
A6: =DETAILS!A6 -> 1559 | B6: =DETAILS!B6 -> ADITYA VERMA
A7: =DETAILS!A7 -> 1548 | B7: =DETAILS!B7 -> ADVIK BAJPAI
A8: =DETAILS!A8 -> 1549 | B8: =DETAILS!B8 -> AHEM SHARMA
A9: =DETAILS!A9 -> 1556 | B9: =DETAILS!B9 -> AKRATI VISHWAKARMA
A10: =DETAILS!A10 -> 1915 | B10: =DETAILS!B10 -> AKRITI SHUKLA
A11: =DETAILS!A11 -> 1563 | B11: =DETAILS!B11 -> ANANYA
A12: =DETAILS!A12 -> 1562 | B12: =DETAILS!B12 -> ANKITA RAJPOOT
A13: =DETAILS!A13 -> 1547 | B13: =DETAILS!B13 -> ANSHIKA PANDEY
A14: =DETAILS!A14 -> 1644 | B14: =DETAILS!B14 -> ARADHYA SINGH
... A27: =DETAILS!A27 -> 1565 | B27: =DETAILS!B27 -> JANVI SINGH
A28: =DETAILS!A28 -> 1870 | B28: =DETAILS!B28 -> JANVI SINGH SENGAR | G28: =SUM(C28:F28) -> 0
A29: =DETAILS!A29 -> 1657 | B29: =DETAILS!B29 -> KARNIKA VERMA | G29: =SUM(C29:F29) -> 0
A30: =DETAILS!A30 -> 1558 | B30: =DETAILS!B30 -> KAVYA TIWARI | G30: =SUM(C30:F30) -> 0
A31: =DETAILS!A31 -> 1906 | B31: =DETAILS!B31 -> KHUSHI PATEL | G31: =SUM(C31:F31) -> 0
A32: =DETAILS!A32 -> 1865 | B32: =DETAILS!B32 -> MOHD SAIF | G32: =SUM(C32:F32) -> 0
A33: =DETAILS!A33 -> 1735 | B33: =DETAILS!B33 -> PRAGATI SINGH | G33: =SUM(C33:F33) -> 0
A34: =DETAILS!A34 -> 1557 | B34: =DETAILS!B34 -> PRISHA JAISWAL | G34: =SUM(C34:F34) -> 0
A35: =DETAILS!A35 -> 1560 | B35: =DETAILS!B35 -> SHANTANU YADAV | G35: =SUM(C35:F35) -> 0
A36: =DETAILS!A36 -> 1890 | B36: =DETAILS!B36 -> SHIVA YADAV | G36: =SUM(C36:F36) -> 0
A37: =DETAILS!A37 -> 1575 | B37: =DETAILS!B37 -> SHIVIKA VERMA | G37: =SUM(C37:F37) -> 0
A38: =DETAILS!A38 -> 1732 | B38: =DETAILS!B38 -> SUHAN ALI | G38: =SUM(C38:F38) -> 0
A39: =DETAILS!A39 -> 1706 | B39: =DETAILS!B39 -> UTKARSH | G39: =SUM(C39:F39) -> 0
... A41: =DETAILS!A41 -> 1937 | B41: =DETAILS!B41 -> VIVAAN PAL | G41: =SUM(C41:F41) -> 0

Sheet HALF YEARLY(Entry)
A1: HALF YEARLY EXAMINATION (2025-26) CLASS - I
A2: SR. NO. | B2: NAME | C2: ENGLISH | D2: HINDI | E2: MATHS | F2: EVS | G2: COMPUTER | H2: WORK EDUCATION | I2: ART EDUCATION | J2: GENERAL KNOWLEDGE | K2: HEALTH & PHYSICAL EDUCATION | L2: DISCIPLINE | M2: Total Present | N2: Total Working | O2: Class Teacher's Remark | P2: TOTAL | Q2: Percentage
A3: =DETAILS!A3 -> 1804 | B3: =DETAILS!B3 -> AAKRITI SINGH | P3: =SUM(C3:G3) -> 0 | Q3: =ROUND(P3/4,2)&" %" -> 0 %
A4: =DETAILS!A4 -> 1571 | B4: =DETAILS!B4 -> ABHIJEET PATEL | P4: =SUM(C4:G4) -> 0 | Q4: =ROUND(P4/4,2)&" %" -> 0 %
A5: =DETAILS!A5 -> 1881 | B5: =DETAILS!B5 -> ADITI | P5: =SUM(C5:G5) -> 0 | Q5: =ROUND(P5/4,2)&" %" -> 0 %
A6: =DETAILS!A6 -> 1559 | B6: =DETAILS!B6 -> ADITYA VERMA | P6: =SUM(C6:G6) -> 0 | Q6: =ROUND(P6/4,2)&" %" -> 0 %
A7: =DETAILS!A7 -> 1548 | B7: =DETAILS!B7 -> ADVIK BAJPAI | P7: =SUM(C7:G7) -> 0 | Q7: =ROUND(P7/4,2)&" %" -> 0 %
A8: =DETAILS!A8 -> 1549 | B8: =DETAILS!B8 -> AHEM SHARMA | P8: =SUM(C8:G8) -> 0 | Q8: =ROUND(P8/4,2)&" %" -> 0 %
A9: =DETAILS!A9 -> 1556 | B9: =DETAILS!B9 -> AKRATI VISHWAKARMA | P9: =SUM(C9:G9) -> 0 | Q9: =ROUND(P9/4,2)&" %" -> 0 %
A10: =DETAILS!A10 -> 1915 | B10: =DETAILS!B10 -> AKRITI SHUKLA | P10: =SUM(C10:G10) -> 0 | Q10: =ROUND(P10/4,2)&" %" -> 0 %
A11: =DETAILS!A11 -> 1563 | B11: =DETAILS!B11 -> ANANYA | P11: =SUM(C11:G11) -> 0 | Q11: =ROUND(P11/4,2)&" %" -> 0 %
A12: =DETAILS!A12 -> 1562 | B12: =DETAILS!B12 -> ANKITA RAJPOOT | P12: =SUM(C12:G12) -> 0 | Q12: =ROUND(P12/4,2)&" %" -> 0 %
A13: =DETAILS!A13 -> 1547 | B13: =DETAILS!B13 -> ANSHIKA PANDEY | P13: =SUM(C13:G13) -> 0 | Q13: =ROUND(P13/4,2)&" %" -> 0 %
A14: =DETAILS!A14 -> 1644 | B14: =DETAILS!B14 -> ARADHYA SINGH | P14: =SUM(C14:G14) -> 0 | Q14: =ROUND(P14/4,2)&" %" -> 0 %
... A41: =DETAILS!A41 -> 1937 | B41: =DETAILS!B41 -> VIVAAN PAL | P41: =SUM(C41:G41) -> 0 | Q41: =ROUND(P41/4,2)&" %" -> 0 %

Sheet HALF YEARLY
A1: HALF YEARLY EXAMINATION (2025-26) CLASS - I
A2: SR. NO. | B2: NAME | C2: ENGLISH | D2: HINDI | E2: MATHS | F2: EVS | G2: COMPUTER | H2: WORK EDUCATION | I2: ART EDUCATION | J2: GENERAL KNOWLEDGE | K2: HEALTH & PHYSICAL EDUCATION | L2: DISCIPLINE | M2: Total Present | N2: Total Working | O2: Class Teacher's Remark | P2: TOTAL | Q2: Percentage
A3: =DETAILS!A3 -> 1804 | B3: =DETAILS!B3 -> AAKRITI SINGH | C3: =VLOOKUP($A3,'HALF YEARLY(Entry)'!$1:$1048576,3,0) -> 0 | D3: =VLOOKUP($A3,'HALF YEARLY(Entry)'!$1:$1048576,4,0) -> 0 | E3: =VLOOKUP($A3,'HALF YEARLY(Entry)'!$1:$1048576,5,0) -> 0 | F3: =VLOOKUP($A3,'HALF YEARLY(Entry)'!$1:$1048576,6,0) -> 0 | G3: =VLOOKUP($A3,'HALF YEARLY(Entry)'!$1:$1048576,7,0) -> 0 | H3: =VLOOKUP($A3,'HALF YEARLY(Entry)'!$1:$1048576,8,0) -> 0 | I3: =IFERROR(VLOOKUP(VLOOKUP($A3,'HALF YEARLY(Entry)'!$1:$1048576,9,0),'Grade 50'!$1:$1048576,2,0),VLOOKUP($A3,'HALF YEARLY(Entry)'!$1:$1048576,9,0)) -> E | J3: =IFERROR(VLOOKUP(VLOOKUP($A3,'HALF YEARLY(Entry)'!$1:$1048576,10,0),'Grade 50'!$1:$1048576,2,0),VLOOKUP($A3,'HALF YEARLY(Entry)'!$1:$1048576,10,0)) -> E | K3: =VLOOKUP($A3,'HALF YEARLY(Entry)'!$1:$1048576,11,0) -> 0 | L3: =VLOOKUP($A3,'HALF YEARLY(Entry)'!$1:$1048576,12,0) -> 0 | M3: =VLOOKUP($A3,'HALF YEARLY(Entry)'!$1:$1048576,13,0) -> 0 | N3: =VLOOKUP($A3,'HALF YEARLY(Entry)'!$1:$1048576,14,0) -> 0 | O3: =VLOOKUP($A3,'HALF YEARLY(Entry)'!$1:$1048576,15,0) -> 0 | P3: =SUM(C3:G3) -> 0 | Q3: =ROUND(P3/4,2)&" %" -> 0 %
A4: =DETAILS!A4 -> 1571 | B4: =DETAILS!B4 -> ABHIJEET PATEL | C4: =VLOOKUP($A4,'HALF YEARLY(Entry)'!$1:$1048576,3,0) -> 0 | D4: =VLOOKUP($A4,'HALF YEARLY(Entry)'!$1:$1048576,4,0) -> 0 | E4: =VLOOKUP($A4,'HALF YEARLY(Entry)'!$1:$1048576,5,0) -> 0 | F4: =VLOOKUP($A4,'HALF YEARLY(Entry)'!$1:$1048576,6,0) -> 0 | G4: =VLOOKUP($A4,'HALF YEARLY(Entry)'!$1:$1048576,7,0) -> 0 | H4: =VLOOKUP($A4,'HALF YEARLY(Entry)'!$1:$1048576,8,0) -> 0 | I4: =IFERROR(VLOOKUP(VLOOKUP($A4,'HALF YEARLY(Entry)'!$1:$1048576,9,0),'Grade 50'!$1:$1048576,2,0),VLOOKUP($A4,'HALF YEARLY(Entry)'!$1:$1048576,9,0)) -> E | J4: =IFERROR(VLOOKUP(VLOOKUP(A4,'HALF YEARLY(Entry)'!$1:$1048576,10,0),'Grade 50'!$1:$1048576,2,0),VLOOKUP(A4,'HALF YEARLY(Entry)'!$1:$1048576,10,0)) -> E | K4: =VLOOKUP($A4,'HALF YEARLY(Entry)'!$1:$1048576,11,0) -> 0 | L4: =VLOOKUP($A4,'HALF YEARLY(Entry)'!$1:$1048576,12,0) -> 0 | M4: =VLOOKUP($A4,'HALF YEARLY(Entry)'!$1:$1048576,13,0) -> 0 | N4: =VLOOKUP($A4,'HALF YEARLY(Entry)'!$1:$1048576,14,0) -> 0 | O4: =VLOOKUP($A4,'HALF YEARLY(Entry)'!$1:$1048576,15,0) -> 0 | P4: =SUM(C4:G4) -> 0 | Q4: =ROUND(P4/4,2)&" %" -> 0 %
A5: =DETAILS!A5 -> 1881 | B5: =DETAILS!B5 -> ADITI | C5: =VLOOKUP($A5,'HALF YEARLY(Entry)'!$1:$1048576,3,0) -> 0 | D5: =VLOOKUP($A5,'HALF YEARLY(Entry)'!$1:$1048576,4,0) -> 0 | E5: =VLOOKUP($A5,'HALF YEARLY(Entry)'!$1:$1048576,5,0) -> 0 | F5: =VLOOKUP($A5,'HALF YEARLY(Entry)'!$1:$1048576,6,0) -> 0 | G5: =VLOOKUP($A5,'HALF YEARLY(Entry)'!$1:$1048576,7,0) -> 0 | H5: =VLOOKUP($A5,'HALF YEARLY(Entry)'!$1:$1048576,8,0) -> 0 | I5: =IFERROR(VLOOKUP(VLOOKUP($A5,'HALF YEARLY(Entry)'!$1:$1048576,9,0),'Grade 50'!$1:$1048576,2,0),VLOOKUP($A5,'HALF YEARLY(Entry)'!$1:$1048576,9,0)) -> E | J5: =IFERROR(VLOOKUP(VLOOKUP(A5,'HALF YEARLY(Entry)'!$1:$1048576,10,0),'Grade 50'!$1:$1048576,2,0),VLOOKUP(A5,'HALF YEARLY(Entry)'!$1:$1048576,10,0)) -> E | K5: =VLOOKUP($A5,'HALF YEARLY(Entry)'!$1:$1048576,11,0) -> 0 | L5: =VLOOKUP($A5,'HALF YEARLY(Entry)'!$1:$1048576,12,0) -> 0 | M5: =VLOOKUP($A5,'HALF YEARLY(Entry)'!$1:$1048576,13,0) -> 0 | N5: =VLOOKUP($A5,'HALF YEARLY(Entry)'!$1:$1048576,14,0) -> 0 | O5: =VLOOKUP($A5,'HALF YEARLY(Entry)'!$1:$1048576,15,0) -> 0 | P5: =SUM(C5:G5) -> 0 | Q5: =ROUND(P5/4,2)&" %" -> 0 %
A6: =DETAILS!A6 -> 1559 | B6: =DETAILS!B6 -> ADITYA VERMA | C6: =VLOOKUP($A6,'HALF YEARLY(Entry)'!$1:$1048576,3,0) -> 0 | D6: =VLOOKUP($A6,'HALF YEARLY(Entry)'!$1:$1048576,4,0) -> 0 | E6: =VLOOKUP($A6,'HALF YEARLY(Entry)'!$1:$1048576,5,0) -> 0 | F6: =VLOOKUP($A6,'HALF YEARLY(Entry)'!$1:$1048576,6,0) -> 0 | G6: =VLOOKUP($A6,'HALF YEARLY(Entry)'!$1:$1048576,7,0) -> 0 | H6: =VLOOKUP($A6,'HALF YEARLY(Entry)'!$1:$1048576,8,0) -> 0 | I6: =IFERROR(VLOOKUP(VLOOKUP($A6,'HALF YEARLY(Entry)'!$1:$1048576,9,0),'Grade 50'!$1:$1048576,2,0),VLOOKUP($A6,'HALF YEARLY(Entry)'!$1:$1048576,9,0)) -> E | J6: =IFERROR(VLOOKUP(VLOOKUP(A6,'HALF YEARLY(Entry)'!$1:$1048576,10,0),'Grade 50'!$1:$1048576,2,0),VLOOKUP(A6,'HALF YEARLY(Entry)'!$1:$1048576,10,0)) -> E | K6: =VLOOKUP($A6,'HALF YEARLY(Entry)'!$1:$1048576,11,0) -> 0 | L6: =VLOOKUP($A6,'HALF YEARLY(Entry)'!$1:$1048576,12,0) -> 0 | M6: =VLOOKUP($A6,'HALF YEARLY(Entry)'!$1:$1048576,13,0) -> 0 | N6: =VLOOKUP($A6,'HALF YEARLY(Entry)'!$1:$1048576,14,0) -> 0 | O6: =VLOOKUP($A6,'HALF YEARLY(Entry)'!$1:$1048576,15,0) -> 0 | P6: =SUM(C6:G6) -> 0 | Q6: =ROUND(P6/4,2)&" %" -> 0 %
A7: =DETAILS!A7 -> 1548 | B7: =DETAILS!B7 -> ADVIK BAJPAI | C7: =VLOOKUP($A7,'HALF YEARLY(Entry)'!$1:$1048576,3,0) -> 0 | D7: =VLOOKUP($A7,'HALF YEARLY(Entry)'!$1:$1048576,4,0) -> 0 | E7: =VLOOKUP($A7,'HALF YEARLY(Entry)'!$1:$1048576,5,0) -> 0 | F7: =VLOOKUP($A7,'HALF YEARLY(Entry)'!$1:$1048576,6,0) -> 0 | G7: =VLOOKUP($A7,'HALF YEARLY(Entry)'!$1:$1048576,7,0) -> 0 | H7: =VLOOKUP($A7,'HALF YEARLY(Entry)'!$1:$1048576,8,0) -> 0 | I7: =IFERROR(VLOOKUP(VLOOKUP($A7,'HALF YEARLY(Entry)'!$1:$1048576,9,0),'Grade 50'!$1:$1048576,2,0),VLOOKUP($A7,'HALF YEARLY(Entry)'!$1:$1048576,9,0)) -> E | J7: =IFERROR(VLOOKUP(VLOOKUP(A7,'HALF YEARLY(Entry)'!$1:$1048576,10,0),'Grade 50'!$1:$1048576,2,0),VLOOKUP(A7,'HALF YEARLY(Entry)'!$1:$1048576,10,0)) -> E | K7: =VLOOKUP($A7,'HALF YEARLY(Entry)'!$1:$1048576,11,0) -> 0 | L7: =VLOOKUP($A7,'HALF YEARLY(Entry)'!$1:$1048576,12,0) -> 0 | M7: =VLOOKUP($A7,'HALF YEARLY(Entry)'!$1:$1048576,13,0) -> 0 | N7: =VLOOKUP($A7,'HALF YEARLY(Entry)'!$1:$1048576,14,0) -> 0 | O7: =VLOOKUP($A7,'HALF YEARLY(Entry)'!$1:$1048576,15,0) -> 0 | P7: =SUM(C7:G7) -> 0 | Q7: =ROUND(P7/4,2)&" %" -> 0 %
A8: =DETAILS!A8 -> 1549 | B8: =DETAILS!B8 -> AHEM SHARMA | C8: =VLOOKUP($A8,'HALF YEARLY(Entry)'!$1:$1048576,3,0) -> 0 | D8: =VLOOKUP($A8,'HALF YEARLY(Entry)'!$1:$1048576,4,0) -> 0 | E8: =VLOOKUP($A8,'HALF YEARLY(Entry)'!$1:$1048576,5,0) -> 0 | F8: =VLOOKUP($A8,'HALF YEARLY(Entry)'!$1:$1048576,6,0) -> 0 | G8: =VLOOKUP($A8,'HALF YEARLY(Entry)'!$1:$1048576,7,0) -> 0 | H8: =VLOOKUP($A8,'HALF YEARLY(Entry)'!$1:$1048576,8,0) -> 0 | I8: =IFERROR(VLOOKUP(VLOOKUP($A8,'HALF YEARLY(Entry)'!$1:$1048576,9,0),'Grade 50'!$1:$1048576,2,0),VLOOKUP($A8,'HALF YEARLY(Entry)'!$1:$1048576,9,0)) -> E | J8: =IFERROR(VLOOKUP(VLOOKUP(A8,'HALF YEARLY(Entry)'!$1:$1048576,10,0),'Grade 50'!$1:$1048576,2,0),VLOOKUP(A8,'HALF YEARLY(Entry)'!$1:$1048576,10,0)) -> E | K8: =VLOOKUP($A8,'HALF YEARLY(Entry)'!$1:$1048576,11,0) -> 0 | L8: =VLOOKUP($A8,'HALF YEARLY(Entry)'!$1:$1048576,12,0) -> 0 | M8: =VLOOKUP($A8,'HALF YEARLY(Entry)'!$1:$1048576,13,0) -> 0 | N8: =VLOOKUP($A8,'HALF YEARLY(Entry)'!$1:$1048576,14,0) -> 0 | O8: =VLOOKUP($A8,'HALF YEARLY(Entry)'!$1:$1048576,15,0) -> 0 | P8: =SUM(C8:G8) -> 0 | Q8: =ROUND(P8/4,2)&" %" -> 0 %
A9: =DETAILS!A9 -> 1556 | B9: =DETAILS!B9 -> AKRATI VISHWAKARMA | C9: =VLOOKUP($A9,'HALF YEARLY(Entry)'!$1:$1048576,3,0) -> 0 | D9: =VLOOKUP($A9,'HALF YEARLY(Entry)'!$1:$1048576,4,0) -> 0 | E9: =VLOOKUP($A9,'HALF YEARLY(Entry)'!$1:$1048576,5,0) -> 0 | F9: =VLOOKUP($A9,'HALF YEARLY(Entry)'!$1:$1048576,6,0) -> 0 | G9: =VLOOKUP($A9,'HALF YEARLY(Entry)'!$1:$1048576,7,0) -> 0 | H9: =VLOOKUP($A9,'HALF YEARLY(Entry)'!$1:$1048576,8,0) -> 0 | I9: =IFERROR(VLOOKUP(VLOOKUP($A9,'HALF YEARLY(Entry)'!$1:$1048576,9,0),'Grade 50'!$1:$1048576,2,0),VLOOKUP($A9,'HALF YEARLY(Entry)'!$1:$1048576,9,0)) -> E | J9: =IFERROR(VLOOKUP(VLOOKUP(A9,'HALF YEARLY(Entry)'!$1:$1048576,10,0),'Grade 50'!$1:$1048576,2,0),VLOOKUP(A9,'HALF YEARLY(Entry)'!$1:$1048576,10,0)) -> E | K9: =VLOOKUP($A9,'HALF YEARLY(Entry)'!$1:$1048576,11,0) -> 0 | L9: =VLOOKUP($A9,'HALF YEARLY(Entry)'!$1:$1048576,12,0) -> 0 | M9: =VLOOKUP($A9,'HALF YEARLY(Entry)'!$1:$1048576,13,0) -> 0 | N9: =VLOOKUP($A9,'HALF YEARLY(Entry)'!$1:$1048576,14,0) -> 0 | O9: =VLOOKUP($A9,'HALF YEARLY(Entry)'!$1:$1048576,15,0) -> 0 | P9: =SUM(C9:G9) -> 0 | Q9: =ROUND(P9/4,2)&" %" -> 0 %
A10: =DETAILS!A10 -> 1915 | B10: =DETAILS!B10 -> AKRITI SHUKLA | C10: =VLOOKUP($A10,'HALF YEARLY(Entry)'!$1:$1048576,3,0) -> 0 | D10: =VLOOKUP($A10,'HALF YEARLY(Entry)'!$1:$1048576,4,0) -> 0 | E10: =VLOOKUP($A10,'HALF YEARLY(Entry)'!$1:$1048576,5,0) -> 0 | F10: =VLOOKUP($A10,'HALF YEARLY(Entry)'!$1:$1048576,6,0) -> 0 | G10: =VLOOKUP($A10,'HALF YEARLY(Entry)'!$1:$1048576,7,0) -> 0 | H10: =VLOOKUP($A10,'HALF YEARLY(Entry)'!$1:$1048576,8,0) -> 0 | I10: =IFERROR(VLOOKUP(VLOOKUP($A10,'HALF YEARLY(Entry)'!$1:$1048576,9,0),'Grade 50'!$1:$1048576,2,0),VLOOKUP($A10,'HALF YEARLY(Entry)'!$1:$1048576,9,0)) -> E | J10: =IFERROR(VLOOKUP(VLOOKUP(A10,'HALF YEARLY(Entry)'!$1:$1048576,10,0),'Grade 50'!$1:$1048576,2,0),VLOOKUP(A10,'HALF YEARLY(Entry)'!$1:$1048576,10,0)) -> E | K10: =VLOOKUP($A10,'HALF YEARLY(Entry)'!$1:$1048576,11,0) -> 0 | L10: =VLOOKUP($A10,'HALF YEARLY(Entry)'!$1:$1048576,12,0) -> 0 | M10: =VLOOKUP($A10,'HALF YEARLY(Entry)'!$1:$1048576,13,0) -> 0 | N10: =VLOOKUP($A10,'HALF YEARLY(Entry)'!$1:$1048576,14,0) -> 0 | O10: =VLOOKUP($A10,'HALF YEARLY(Entry)'!$1:$1048576,15,0) -> 0 | P10: =SUM(C10:G10) -> 0 | Q10: =ROUND(P10/4,2)&" %" -> 0 %
A11: =DETAILS!A11 -> 1563 | B11: =DETAILS!B11 -> ANANYA | C11: =VLOOKUP($A11,'HALF YEARLY(Entry)'!$1:$1048576,3,0) -> 0 | D11: =VLOOKUP($A11,'HALF YEARLY(Entry)'!$1:$1048576,4,0) -> 0 | E11: =VLOOKUP($A11,'HALF YEARLY(Entry)'!$1:$1048576,5,0) -> 0 | F11: =VLOOKUP($A11,'HALF YEARLY(Entry)'!$1:$1048576,6,0) -> 0 | G11: =VLOOKUP($A11,'HALF YEARLY(Entry)'!$1:$1048576,7,0) -> 0 | H11: =VLOOKUP($A11,'HALF YEARLY(Entry)'!$1:$1048576,8,0) -> 0 | I11: =IFERROR(VLOOKUP(VLOOKUP($A11,'HALF YEARLY(Entry)'!$1:$1048576,9,0),'Grade 50'!$1:$1048576,2,0),VLOOKUP($A11,'HALF YEARLY(Entry)'!$1:$1048576,9,0)) -> E | J11: =IFERROR(VLOOKUP(VLOOKUP(A11,'HALF YEARLY(Entry)'!$1:$1048576,10,0),'Grade 50'!$1:$1048576,2,0),VLOOKUP(A11,'HALF YEARLY(Entry)'!$1:$1048576,10,0)) -> E | K11: =VLOOKUP($A11,'HALF YEARLY(Entry)'!$1:$1048576,11,0) -> 0 | L11: =VLOOKUP($A11,'HALF YEARLY(Entry)'!$1:$1048576,12,0) -> 0 | M11: =VLOOKUP($A11,'HALF YEARLY(Entry)'!$1:$1048576,13,0) -> 0 | N11: =VLOOKUP($A11,'HALF YEARLY(Entry)'!$1:$1048576,14,0) -> 0 | O11: =VLOOKUP($A11,'HALF YEARLY(Entry)'!$1:$1048576,15,0) -> 0 | P11: =SUM(C11:G11) -> 0 | Q11: =ROUND(P11/4,2)&" %" -> 0 %
A12: =DETAILS!A12 -> 1562 | B12: =DETAILS!B12 -> ANKITA RAJPOOT | C12: =VLOOKUP($A12,'HALF YEARLY(Entry)'!$1:$1048576,3,0) -> 0 | D12: =VLOOKUP($A12,'HALF YEARLY(Entry)'!$1:$1048576,4,0) -> 0 | E12: =VLOOKUP($A12,'HALF YEARLY(Entry)'!$1:$1048576,5,0) -> 0 | F12: =VLOOKUP($A12,'HALF YEARLY(Entry)'!$1:$1048576,6,0) -> 0 | G12: =VLOOKUP($A12,'HALF YEARLY(Entry)'!$1:$1048576,7,0) -> 0 | H12: =VLOOKUP($A12,'HALF YEARLY(Entry)'!$1:$1048576,8,0) -> 0 | I12: =IFERROR(VLOOKUP(VLOOKUP($A12,'HALF YEARLY(Entry)'!$1:$1048576,9,0),'Grade 50'!$1:$1048576,2,0),VLOOKUP($A12,'HALF YEARLY(Entry)'!$1:$1048576,9,0)) -> E | J12: =IFERROR(VLOOKUP(VLOOKUP(A12,'HALF YEARLY(Entry)'!$1:$1048576,10,0),'Grade 50'!$1:$1048576,2,0),VLOOKUP(A12,'HALF YEARLY(Entry)'!$1:$1048576,10,0)) -> E | K12: =VLOOKUP($A12,'HALF YEARLY(Entry)'!$1:$1048576,11,0) -> 0 | L12: =VLOOKUP($A12,'HALF YEARLY(Entry)'!$1:$1048576,12,0) -> 0 | M12: =VLOOKUP($A12,'HALF YEARLY(Entry)'!$1:$1048576,13,0) -> 0 | N12: =VLOOKUP($A12,'HALF YEARLY(Entry)'!$1:$1048576,14,0) -> 0 | O12: =VLOOKUP($A12,'HALF YEARLY(Entry)'!$1:$1048576,15,0) -> 0 | P12: =SUM(C12:G12) -> 0 | Q12: =ROUND(P12/4,2)&" %" -> 0 %
A13: =DETAILS!A13 -> 1547 | B13: =DETAILS!B13 -> ANSHIKA PANDEY | C13: =VLOOKUP($A13,'HALF YEARLY(Entry)'!$1:$1048576,3,0) -> 0 | D13: =VLOOKUP($A13,'HALF YEARLY(Entry)'!$1:$1048576,4,0) -> 0 | E13: =VLOOKUP($A13,'HALF YEARLY(Entry)'!$1:$1048576,5,0) -> 0 | F13: =VLOOKUP($A13,'HALF YEARLY(Entry)'!$1:$1048576,6,0) -> 0 | G13: =VLOOKUP($A13,'HALF YEARLY(Entry)'!$1:$1048576,7,0) -> 0 | H13: =VLOOKUP($A13,'HALF YEARLY(Entry)'!$1:$1048576,8,0) -> 0 | I13: =IFERROR(VLOOKUP(VLOOKUP($A13,'HALF YEARLY(Entry)'!$1:$1048576,9,0),'Grade 50'!$1:$1048576,2,0),VLOOKUP($A13,'HALF YEARLY(Entry)'!$1:$1048576,9,0)) -> E | J13: =IFERROR(VLOOKUP(VLOOKUP(A13,'HALF YEARLY(Entry)'!$1:$1048576,10,0),'Grade 50'!$1:$1048576,2,0),VLOOKUP(A13,'HALF YEARLY(Entry)'!$1:$1048576,10,0)) -> E | K13: =VLOOKUP($A13,'HALF YEARLY(Entry)'!$1:$1048576,11,0) -> 0 | L13: =VLOOKUP($A13,'HALF YEARLY(Entry)'!$1:$1048576,12,0) -> 0 | M13: =VLOOKUP($A13,'HALF YEARLY(Entry)'!$1:$1048576,13,0) -> 0 | N13: =VLOOKUP($A13,'HALF YEARLY(Entry)'!$1:$1048576,14,0) -> 0 | O13: =VLOOKUP($A13,'HALF YEARLY(Entry)'!$1:$1048576,15,0) -> 0 | P13: =SUM(C13:G13) -> 0 | Q13: =ROUND(P13/4,2)&" %" -> 0 %
A14: =DETAILS!A14 -> 1644 | B14: =DETAILS!B14 -> ARADHYA SINGH | C14: =VLOOKUP($A14,'HALF YEARLY(Entry)'!$1:$1048576,3,0) -> 0 | D14: =VLOOKUP($A14,'HALF YEARLY(Entry)'!$1:$1048576,4,0) -> 0 | E14: =VLOOKUP($A14,'HALF YEARLY(Entry)'!$1:$1048576,5,0) -> 0 | F14: =VLOOKUP($A14,'HALF YEARLY(Entry)'!$1:$1048576,6,0) -> 0 | G14: =VLOOKUP($A14,'HALF YEARLY(Entry)'!$1:$1048576,7,0) -> 0 | H14: =VLOOKUP($A14,'HALF YEARLY(Entry)'!$1:$1048576,8,0) -> 0 | I14: =IFERROR(VLOOKUP(VLOOKUP($A14,'HALF YEARLY(Entry)'!$1:$1048576,9,0),'Grade 50'!$1:$1048576,2,0),VLOOKUP($A14,'HALF YEARLY(Entry)'!$1:$1048576,9,0)) -> E | J14: =IFERROR(VLOOKUP(VLOOKUP(A14,'HALF YEARLY(Entry)'!$1:$1048576,10,0),'Grade 50'!$1:$1048576,2,0),VLOOKUP(A14,'HALF YEARLY(Entry)'!$1:$1048576,10,0)) -> E | K14: =VLOOKUP($A14,'HALF YEARLY(Entry)'!$1:$1048576,11,0) -> 0 | L14: =VLOOKUP($A14,'HALF YEARLY(Entry)'!$1:$1048576,12,0) -> 0 | M14: =VLOOKUP($A14,'HALF YEARLY(Entry)'!$1:$1048576,13,0) -> 0 | N14: =VLOOKUP($A14,'HALF YEARLY(Entry)'!$1:$1048576,14,0) -> 0 | O14: =VLOOKUP($A14,'HALF YEARLY(Entry)'!$1:$1048576,15,0) -> 0 | P14: =SUM(C14:G14) -> 0 | Q14: =ROUND(P14/4,2)&" %" -> 0 %
A15: =DETAILS!A15 -> 1566 | B15: =DETAILS!B15 -> ARIYAN PAL | C15: =VLOOKUP($A15,'HALF YEARLY(Entry)'!$1:$1048576,3,0) -> 0 | D15: =VLOOKUP($A15,'HALF YEARLY(Entry)'!$1:$1048576,4,0) -> 0 | E15: =VLOOKUP($A15,'HALF YEARLY(Entry)'!$1:$1048576,5,0) -> 0 | F15: =VLOOKUP($A15,'HALF YEARLY(Entry)'!$1:$1048576,6,0) -> 0 | G15: =VLOOKUP($A15,'HALF YEARLY(Entry)'!$1:$1048576,7,0) -> 0 | H15: =VLOOKUP($A15,'HALF YEARLY(Entry)'!$1:$1048576,8,0) -> 0 | I15: =IFERROR(VLOOKUP(VLOOKUP($A15,'HALF YEARLY(Entry)'!$1:$1048576,9,0),'Grade 50'!$1:$1048576,2,0),VLOOKUP($A15,'HALF YEARLY(Entry)'!$1:$1048576,9,0)) -> E | J15: =IFERROR(VLOOKUP(VLOOKUP(A15,'HALF YEARLY(Entry)'!$1:$1048576,10,0),'Grade 50'!$1:$1048576,2,0),VLOOKUP(A15,'HALF YEARLY(Entry)'!$1:$1048576,10,0)) -> E | K15: =VLOOKUP($A15,'HALF YEARLY(Entry)'!$1:$1048576,11,0) -> 0 | L15: =VLOOKUP($A15,'HALF YEARLY(Entry)'!$1:$1048576,12,0) -> 0 | M15: =VLOOKUP($A15,'HALF YEARLY(Entry)'!$1:$1048576,13,0) -> 0 | N15: =VLOOKUP($A15,'HALF YEARLY(Entry)'!$1:$1048576,14,0) -> 0 | O15: =VLOOKUP($A15,'HALF YEARLY(Entry)'!$1:$1048576,15,0) -> 0 | P15: =SUM(C15:G15) -> 0 | Q15: =ROUND(P15/4,2)&" %" -> 0 %
... A41: =DETAILS!A41 -> 1937 | B41: =DETAILS!B41 -> VIVAAN PAL | C41: =VLOOKUP($A41,'HALF YEARLY(Entry)'!$1:$1048576,3,0) -> 0 | D41: =VLOOKUP($A41,'HALF YEARLY(Entry)'!$1:$1048576,4,0) -> 0 | E41: =VLOOKUP($A41,'HALF YEARLY(Entry)'!$1:$1048576,5,0) -> 0 | F41: =VLOOKUP($A41,'HALF YEARLY(Entry)'!$1:$1048576,6,0) -> 0 | G41: =VLOOKUP($A41,'HALF YEARLY(Entry)'!$1:$1048576,7,0) -> 0 | H41: =VLOOKUP($A41,'HALF YEARLY(Entry)'!$1:$1048576,8,0) -> 0 | I41: =IFERROR(VLOOKUP(VLOOKUP($A41,'HALF YEARLY(Entry)'!$1:$1048576,9,0),'Grade 50'!$1:$1048576,2,0),VLOOKUP($A41,'HALF YEARLY(Entry)'!$1:$1048576,9,0)) -> E | J41: =IFERROR(VLOOKUP(VLOOKUP(A41,'HALF YEARLY(Entry)'!$1:$1048576,10,0),'Grade 50'!$1:$1048576,2,0),VLOOKUP(A41,'HALF YEARLY(Entry)'!$1:$1048576,10,0)) -> E | K41: =VLOOKUP($A41,'HALF YEARLY(Entry)'!$1:$1048576,11,0) -> 0 | L41: =VLOOKUP($A41,'HALF YEARLY(Entry)'!$1:$1048576,12,0) -> 0 | M41: =VLOOKUP($A41,'HALF YEARLY(Entry)'!$1:$1048576,13,0) -> 0 | N41: =VLOOKUP($A41,'HALF YEARLY(Entry)'!$1:$1048576,14,0) -> 0 | O41: =VLOOKUP($A41,'HALF YEARLY(Entry)'!$1:$1048576,15,0) -> 0 | P41: =SUM(C41:G41) -> 0 | Q41: =ROUND(P41/4,2)&" %" -> 0 %

Sheet Grade 50
A2: 50 | B2: A
A3: 49 | B3: A
A4: 48 | B4: A
A5: 47 | B5: A
A6: 46 | B6: A
A7: 45 | B7: A
A8: 44 | B8: A
A9: 43 | B9: A
A10: 42 | B10: A
A11: 41 | B11: A
A12: 40 | B12: B
A13: 39 | B13: B
... A52: 0 | B52: E

Sheet HY Compile
A1: Half Yearly Compile Report (2025-26)
A2: S.R. No. | B2: Student's Name | C2: ENGLISH | H2: HINDI | M2: MATHEMATICS | R2: EVS | W2: COMPUTER | AB2: WORK EDUCATION | AC2: ART EDUCATION | AD2: GENERAL KNOWLEDGE | AE2: HEALTH & PHYSICAL EDUCATION | AF2: DISCIPLINE | AG2: TOTAL PRESENT | AH2: TORAL WORKING DAY | AI2: CLASS TEACHER'S REAMRK
C3: UT-I | D3: NB-I | E3: SE-I | F3: HY | G3: Total | H3: UT-I | I3: NB-I | J3: SE-I | K3: HY | L3: Total | M3: UT-I | N3: NB-I | O3: SE-I | P3: HY | Q3: Total | R3: UT-I | S3: NB-I | T3: SE-I | U3: HY | V3: Total | W3: UT-I | X3: NB-I | Y3: SE-I | Z3: HY | AA3: Total
A4: =DETAILS!A3 -> 1804 | B4: =DETAILS!B3 -> AAKRITI SINGH | C4: =IFERROR(ROUND(VLOOKUP($A4,'UT-I '!$1:$1048576,3,0)/2,0),VLOOKUP($A4,'UT-I '!$1:$1048576,3,0)) -> 0 | D4: =VLOOKUP($A4,'NOTEBOOK-1 (Entry)'!$1:$1048576,3,0) -> 0 | E4: =VLOOKUP($A4,'ENRICH-1(Entry)'!$1:$1048576,3,0) -> 0 | F4: =VLOOKUP(A4,'HALF YEARLY'!$1:$1048576,3,0) -> 0 | G4: =SUM(C4:F4) -> 0 | H4: =IFERROR(ROUND(VLOOKUP($A4,'UT-I '!$1:$1048576,4,0)/2,0),VLOOKUP($A4,'UT-I '!$1:$1048576,4,0)) -> 0 | I4: =VLOOKUP($A4,'NOTEBOOK-1 (Entry)'!$1:$1048576,4,0) -> 0 | J4: =VLOOKUP($A4,'ENRICH-1(Entry)'!$1:$1048576,4,0) -> 0 | K4: =VLOOKUP($A4,'HALF YEARLY'!$1:$1048576,4,0) -> 0 | L4: =SUM(H4:K4) -> 0 | M4: =IFERROR(ROUND(VLOOKUP($A4,'UT-I '!$1:$1048576,5,0)/2,0),VLOOKUP($A4,'UT-I '!$1:$1048576,5,0)) -> 0 | N4: =VLOOKUP($A4,'NOTEBOOK-1 (Entry)'!$1:$1048576,5,0) -> 0 | O4: =VLOOKUP($A4,'ENRICH-1(Entry)'!$1:$1048576,5,0) -> 0 | P4: =VLOOKUP($A4,'HALF YEARLY'!$1:$1048576,5,0) -> 0 | Q4: =SUM(M4:P4) -> 0 | R4: =IFERROR(ROUND(VLOOKUP($A4,'UT-I '!$1:$1048576,6,0)/2,0),VLOOKUP($A4,'UT-I '!$1:$1048576,6,0)) -> 0 | S4: =VLOOKUP($A4,'NOTEBOOK-1 (Entry)'!$1:$1048576,6,0) -> 0 | T4: =VLOOKUP($A4,'ENRICH-1(Entry)'!$1:$1048576,6,0) -> 0 | U4: =VLOOKUP($A4,'HALF YEARLY'!$1:$1048576,6,0) -> 0 | V4: =SUM(R4:U4) -> 0 | W4: =IFERROR(ROUND(VLOOKUP($A4,'UT-I '!$1:$1048576,7,0)/2,0),VLOOKUP($A4,'UT-I '!$1:$1048576,7,0)) -> 0 | X4: =VLOOKUP($A4,'NOTEBOOK-1 (Entry)'!$1:$1048576,7,0) -> 0 | Y4: =VLOOKUP($A4,'ENRICH-1(Entry)'!$1:$1048576,7,0) -> 0 | Z4: =VLOOKUP($A4,'HALF YEARLY'!$1:$1048576,7,0) -> 0 | AA4: =SUM(W4:Z4) -> 0 | AB4: =VLOOKUP($A4,'HALF YEARLY'!$1:$1048576,8,0) -> 0 | AC4: =VLOOKUP($A4,'HALF YEARLY'!$1:$1048576,9,0) -> E | AD4: =VLOOKUP($A4,'HALF YEARLY'!$1:$1048576,10,0) -> E | AE4: =VLOOKUP($A4,'HALF YEARLY'!$1:$1048576,11,0) -> 0 | AF4: =VLOOKUP($A4,'HALF YEARLY'!$1:$1048576,12,0) -> 0 | AG4: =VLOOKUP($A4,'HALF YEARLY'!$1:$1048576,13,0) -> 0 | AH4: =VLOOKUP($A4,'HALF YEARLY'!$1:$1048576,14,0) -> 0 | AI4: =VLOOKUP($A4,'HALF YEARLY'!$1:$1048576,15,0) -> 0
A5: =DETAILS!A4 -> 1571 | B5: =DETAILS!B4 -> ABHIJEET PATEL | C5: =IFERROR(ROUND(VLOOKUP($A5,'UT-I '!$1:$1048576,3,0)/2,0),VLOOKUP($A5,'UT-I '!$1:$1048576,3,0)) -> 0 | D5: =VLOOKUP($A5,'NOTEBOOK-1 (Entry)'!$1:$1048576,3,0) -> 0 | E5: =VLOOKUP($A5,'ENRICH-1(Entry)'!$1:$1048576,3,0) -> 0 | F5: =VLOOKUP(A5,'HALF YEARLY'!$1:$1048576,3,0) -> 0 | G5: =SUM(C5:F5) -> 0 | H5: =IFERROR(ROUND(VLOOKUP($A5,'UT-I '!$1:$1048576,4,0)/2,0),VLOOKUP($A5,'UT-I '!$1:$1048576,4,0)) -> 0 | I5: =VLOOKUP($A5,'NOTEBOOK-1 (Entry)'!$1:$1048576,4,0) -> 0 | J5: =VLOOKUP($A5,'ENRICH-1(Entry)'!$1:$1048576,4,0) -> 0 | K5: =VLOOKUP($A5,'HALF YEARLY'!$1:$1048576,4,0) -> 0 | L5: =SUM(H5:K5) -> 0 | M5: =IFERROR(ROUND(VLOOKUP($A5,'UT-I '!$1:$1048576,5,0)/2,0),VLOOKUP($A5,'UT-I '!$1:$1048576,5,0)) -> 0 | N5: =VLOOKUP($A5,'NOTEBOOK-1 (Entry)'!$1:$1048576,5,0) -> 0 | O5: =VLOOKUP($A5,'ENRICH-1(Entry)'!$1:$1048576,5,0) -> 0 | P5: =VLOOKUP($A5,'HALF YEARLY'!$1:$1048576,5,0) -> 0 | Q5: =SUM(M5:P5) -> 0 | R5: =IFERROR(ROUND(VLOOKUP($A5,'UT-I '!$1:$1048576,6,0)/2,0),VLOOKUP($A5,'UT-I '!$1:$1048576,6,0)) -> 0 | S5: =VLOOKUP($A5,'NOTEBOOK-1 (Entry)'!$1:$1048576,6,0) -> 0 | T5: =VLOOKUP($A5,'ENRICH-1(Entry)'!$1:$1048576,6,0) -> 0 | U5: =VLOOKUP($A5,'HALF YEARLY'!$1:$1048576,6,0) -> 0 | V5: =SUM(R5:U5) -> 0 | W5: =IFERROR(ROUND(VLOOKUP($A5,'UT-I '!$1:$1048576,7,0)/2,0),VLOOKUP($A5,'UT-I '!$1:$1048576,7,0)) -> 0 | X5: =VLOOKUP($A5,'NOTEBOOK-1 (Entry)'!$1:$1048576,7,0) -> 0 | Y5: =VLOOKUP($A5,'ENRICH-1(Entry)'!$1:$1048576,7,0) -> 0 | Z5: =VLOOKUP($A5,'HALF YEARLY'!$1:$1048576,7,0) -> 0 | AA5: =SUM(W5:Z5) -> 0 | AB5: =VLOOKUP($A5,'HALF YEARLY'!$1:$1048576,8,0) -> 0 | AC5: =VLOOKUP($A5,'HALF YEARLY'!$1:$1048576,9,0) -> E | AD5: =VLOOKUP($A5,'HALF YEARLY'!$1:$1048576,10,0) -> E | AE5: =VLOOKUP($A5,'HALF YEARLY'!$1:$1048576,11,0) -> 0 | AF5: =VLOOKUP($A5,'HALF YEARLY'!$1:$1048576,12,0) -> 0 | AG5: =VLOOKUP($A5,'HALF YEARLY'!$1:$1048576,13,0) -> 0 | AH5: =VLOOKUP($A5,'HALF YEARLY'!$1:$1048576,14,0) -> 0 | AI5: =VLOOKUP($A5,'HALF YEARLY'!$1:$1048576,15,0) -> 0
A6: =DETAILS!A5 -> 1881 | B6: =DETAILS!B5 -> ADITI | C6: =IFERROR(ROUND(VLOOKUP($A6,'UT-I '!$1:$1048576,3,0)/2,0),VLOOKUP($A6,'UT-I '!$1:$1048576,3,0)) -> 0 | D6: =VLOOKUP($A6,'NOTEBOOK-1 (Entry)'!$1:$1048576,3,0) -> 0 | E6: =VLOOKUP($A6,'ENRICH-1(Entry)'!$1:$1048576,3,0) -> 0 | F6: =VLOOKUP(A6,'HALF YEARLY'!$1:$1048576,3,0) -> 0 | G6: =SUM(C6:F6) -> 0 | H6: =IFERROR(ROUND(VLOOKUP($A6,'UT-I '!$1:$1048576,4,0)/2,0),VLOOKUP($A6,'UT-I '!$1:$1048576,4,0)) -> 0 | I6: =VLOOKUP($A6,'NOTEBOOK-1 (Entry)'!$1:$1048576,4,0) -> 0 | J6: =VLOOKUP($A6,'ENRICH-1(Entry)'!$1:$1048576,4,0) -> 0 | K6: =VLOOKUP($A6,'HALF YEARLY'!$1:$1048576,4,0) -> 0 | L6: =SUM(H6:K6) -> 0 | M6: =IFERROR(ROUND(VLOOKUP($A6,'UT-I '!$1:$1048576,5,0)/2,0),VLOOKUP($A6,'UT-I '!$1:$1048576,5,0)) -> 0 | N6: =VLOOKUP($A6,'NOTEBOOK-1 (Entry)'!$1:$1048576,5,0) -> 0 | O6: =VLOOKUP($A6,'ENRICH-1(Entry)'!$1:$1048576,5,0) -> 0 | P6: =VLOOKUP($A6,'HALF YEARLY'!$1:$1048576,5,0) -> 0 | Q6: =SUM(M6:P6) -> 0 | R6: =IFERROR(ROUND(VLOOKUP($A6,'UT-I '!$1:$1048576,6,0)/2,0),VLOOKUP($A6,'UT-I '!$1:$1048576,6,0)) -> 0 | S6: =VLOOKUP($A6,'NOTEBOOK-1 (Entry)'!$1:$1048576,6,0) -> 0 | T6: =VLOOKUP($A6,'ENRICH-1(Entry)'!$1:$1048576,6,0) -> 0 | U6: =VLOOKUP($A6,'HALF YEARLY'!$1:$1048576,6,0) -> 0 | V6: =SUM(R6:U6) -> 0 | W6: =IFERROR(ROUND(VLOOKUP($A6,'UT-I '!$1:$1048576,7,0)/2,0),VLOOKUP($A6,'UT-I '!$1:$1048576,7,0)) -> 0 | X6: =VLOOKUP($A6,'NOTEBOOK-1 (Entry)'!$1:$1048576,7,0) -> 0 | Y6: =VLOOKUP($A6,'ENRICH-1(Entry)'!$1:$1048576,7,0) -> 0 | Z6: =VLOOKUP($A6,'HALF YEARLY'!$1:$1048576,7,0) -> 0 | AA6: =SUM(W6:Z6) -> 0 | AB6: =VLOOKUP($A6,'HALF YEARLY'!$1:$1048576,8,0) -> 0 | AC6: =VLOOKUP($A6,'HALF YEARLY'!$1:$1048576,9,0) -> E | AD6: =VLOOKUP($A6,'HALF YEARLY'!$1:$1048576,10,0) -> E | AE6: =VLOOKUP($A6,'HALF YEARLY'!$1:$1048576,11,0) -> 0 | AF6: =VLOOKUP($A6,'HALF YEARLY'!$1:$1048576,12,0) -> 0 | AG6: =VLOOKUP($A6,'HALF YEARLY'!$1:$1048576,13,0) -> 0 | AH6: =VLOOKUP($A6,'HALF YEARLY'!$1:$1048576,14,0) -> 0 | AI6: =VLOOKUP($A6,'HALF YEARLY'!$1:$1048576,15,0) -> 0
A7: =DETAILS!A6 -> 1559 | B7: =DETAILS!B6 -> ADITYA VERMA | C7: =IFERROR(ROUND(VLOOKUP($A7,'UT-I '!$1:$1048576,3,0)/2,0),VLOOKUP($A7,'UT-I '!$1:$1048576,3,0)) -> 0 | D7: =VLOOKUP($A7,'NOTEBOOK-1 (Entry)'!$1:$1048576,3,0) -> 0 | E7: =VLOOKUP($A7,'ENRICH-1(Entry)'!$1:$1048576,3,0) -> 0 | F7: =VLOOKUP(A7,'HALF YEARLY'!$1:$1048576,3,0) -> 0 | G7: =SUM(C7:F7) -> 0 | H7: =IFERROR(ROUND(VLOOKUP($A7,'UT-I '!$1:$1048576,4,0)/2,0),VLOOKUP($A7,'UT-I '!$1:$1048576,4,0)) -> 0 | I7: =VLOOKUP($A7,'NOTEBOOK-1 (Entry)'!$1:$1048576,4,0) -> 0 | J7: =VLOOKUP($A7,'ENRICH-1(Entry)'!$1:$1048576,4,0) -> 0 | K7: =VLOOKUP($A7,'HALF YEARLY'!$1:$1048576,4,0) -> 0 | L7: =SUM(H7:K7) -> 0 | M7: =IFERROR(ROUND(VLOOKUP($A7,'UT-I '!$1:$1048576,5,0)/2,0),VLOOKUP($A7,'UT-I '!$1:$1048576,5,0)) -> 0 | N7: =VLOOKUP($A7,'NOTEBOOK-1 (Entry)'!$1:$1048576,5,0) -> 0 | O7: =VLOOKUP($A7,'ENRICH-1(Entry)'!$1:$1048576,5,0) -> 0 | P7: =VLOOKUP($A7,'HALF YEARLY'!$1:$1048576,5,0) -> 0 | Q7: =SUM(M7:P7) -> 0 | R7: =IFERROR(ROUND(VLOOKUP($A7,'UT-I '!$1:$1048576,6,0)/2,0),VLOOKUP($A7,'UT-I '!$1:$1048576,6,0)) -> 0 | S7: =VLOOKUP($A7,'NOTEBOOK-1 (Entry)'!$1:$1048576,6,0) -> 0 | T7: =VLOOKUP($A7,'ENRICH-1(Entry)'!$1:$1048576,6,0) -> 0 | U7: =VLOOKUP($A7,'HALF YEARLY'!$1:$1048576,6,0) -> 0 | V7: =SUM(R7:U7) -> 0 | W7: =IFERROR(ROUND(VLOOKUP($A7,'UT-I '!$1:$1048576,7,0)/2,0),VLOOKUP($A7,'UT-I '!$1:$1048576,7,0)) -> 0 | X7: =VLOOKUP($A7,'NOTEBOOK-1 (Entry)'!$1:$1048576,7,0) -> 0 | Y7: =VLOOKUP($A7,'ENRICH-1(Entry)'!$1:$1048576,7,0) -> 0 | Z7: =VLOOKUP($A7,'HALF YEARLY'!$1:$1048576,7,0) -> 0 | AA7: =SUM(W7:Z7) -> 0 | AB7: =VLOOKUP($A7,'HALF YEARLY'!$1:$1048576,8,0) -> 0 | AC7: =VLOOKUP($A7,'HALF YEARLY'!$1:$1048576,9,0) -> E | AD7: =VLOOKUP($A7,'HALF YEARLY'!$1:$1048576,10,0) -> E | AE7: =VLOOKUP($A7,'HALF YEARLY'!$1:$1048576,11,0) -> 0 | AF7: =VLOOKUP($A7,'HALF YEARLY'!$1:$1048576,12,0) -> 0 | AG7: =VLOOKUP($A7,'HALF YEARLY'!$1:$1048576,13,0) -> 0 | AH7: =VLOOKUP($A7,'HALF YEARLY'!$1:$1048576,14,0) -> 0 | AI7: =VLOOKUP($A7,'HALF YEARLY'!$1:$1048576,15,0) -> 0
A8: =DETAILS!A7 -> 1548 | B8: =DETAILS!B7 -> ADVIK BAJPAI | C8: =IFERROR(ROUND(VLOOKUP($A8,'UT-I '!$1:$1048576,3,0)/2,0),VLOOKUP($A8,'UT-I '!$1:$1048576,3,0)) -> 0 | D8: =VLOOKUP($A8,'NOTEBOOK-1 (Entry)'!$1:$1048576,3,0) -> 0 | E8: =VLOOKUP($A8,'ENRICH-1(Entry)'!$1:$1048576,3,0) -> 0 | F8: =VLOOKUP(A8,'HALF YEARLY'!$1:$1048576,3,0) -> 0 | G8: =SUM(C8:F8) -> 0 | H8: =IFERROR(ROUND(VLOOKUP($A8,'UT-I '!$1:$1048576,4,0)/2,0),VLOOKUP($A8,'UT-I '!$1:$1048576,4,0)) -> 0 | I8: =VLOOKUP($A8,'NOTEBOOK-1 (Entry)'!$1:$1048576,4,0) -> 0 | J8: =VLOOKUP($A8,'ENRICH-1(Entry)'!$1:$1048576,4,0) -> 0 | K8: =VLOOKUP($A8,'HALF YEARLY'!$1:$1048576,4,0) -> 0 | L8: =SUM(H8:K8) -> 0 | M8: =IFERROR(ROUND(VLOOKUP($A8,'UT-I '!$1:$1048576,5,0)/2,0),VLOOKUP($A8,'UT-I '!$1:$1048576,5,0)) -> 0 | N8: =VLOOKUP($A8,'NOTEBOOK-1 (Entry)'!$1:$1048576,5,0) -> 0 | O8: =VLOOKUP($A8,'ENRICH-1(Entry)'!$1:$1048576,5,0) -> 0 | P8: =VLOOKUP($A8,'HALF YEARLY'!$1:$1048576,5,0) -> 0 | Q8: =SUM(M8:P8) -> 0 | R8: =IFERROR(ROUND(VLOOKUP($A8,'UT-I '!$1:$1048576,6,0)/2,0),VLOOKUP($A8,'UT-I '!$1:$1048576,6,0)) -> 0 | S8: =VLOOKUP($A8,'NOTEBOOK-1 (Entry)'!$1:$1048576,6,0) -> 0 | T8: =VLOOKUP($A8,'ENRICH-1(Entry)'!$1:$1048576,6,0) -> 0 | U8: =VLOOKUP($A8,'HALF YEARLY'!$1:$1048576,6,0) -> 0 | V8: =SUM(R8:U8) -> 0 | W8: =IFERROR(ROUND(VLOOKUP($A8,'UT-I '!$1:$1048576,7,0)/2,0),VLOOKUP($A8,'UT-I '!$1:$1048576,7,0)) -> 0 | X8: =VLOOKUP($A8,'NOTEBOOK-1 (Entry)'!$1:$1048576,7,0) -> 0 | Y8: =VLOOKUP($A8,'ENRICH-1(Entry)'!$1:$1048576,7,0) -> 0 | Z8: =VLOOKUP($A8,'HALF YEARLY'!$1:$1048576,7,0) -> 0 | AA8: =SUM(W8:Z8) -> 0 | AB8: =VLOOKUP($A8,'HALF YEARLY'!$1:$1048576,8,0) -> 0 | AC8: =VLOOKUP($A8,'HALF YEARLY'!$1:$1048576,9,0) -> E | AD8: =VLOOKUP($A8,'HALF YEARLY'!$1:$1048576,10,0) -> E | AE8: =VLOOKUP($A8,'HALF YEARLY'!$1:$1048576,11,0) -> 0 | AF8: =VLOOKUP($A8,'HALF YEARLY'!$1:$1048576,12,0) -> 0 | AG8: =VLOOKUP($A8,'HALF YEARLY'!$1:$1048576,13,0) -> 0 | AH8: =VLOOKUP($A8,'HALF YEARLY'!$1:$1048576,14,0) -> 0 | AI8: =VLOOKUP($A8,'HALF YEARLY'!$1:$1048576,15,0) -> 0
A9: =DETAILS!A8 -> 1549 | B9: =DETAILS!B8 -> AHEM SHARMA | C9: =IFERROR(ROUND(VLOOKUP($A9,'UT-I '!$1:$1048576,3,0)/2,0),VLOOKUP($A9,'UT-I '!$1:$1048576,3,0)) -> 0 | D9: =VLOOKUP($A9,'NOTEBOOK-1 (Entry)'!$1:$1048576,3,0) -> 0 | E9: =VLOOKUP($A9,'ENRICH-1(Entry)'!$1:$1048576,3,0) -> 0 | F9: =VLOOKUP(A9,'HALF YEARLY'!$1:$1048576,3,0) -> 0 | G9: =SUM(C9:F9) -> 0 | H9: =IFERROR(ROUND(VLOOKUP($A9,'UT-I '!$1:$1048576,4,0)/2,0),VLOOKUP($A9,'UT-I '!$1:$1048576,4,0)) -> 0 | I9: =VLOOKUP($A9,'NOTEBOOK-1 (Entry)'!$1:$1048576,4,0) -> 0 | J9: =VLOOKUP($A9,'ENRICH-1(Entry)'!$1:$1048576,4,0) -> 0 | K9: =VLOOKUP($A9,'HALF YEARLY'!$1:$1048576,4,0) -> 0 | L9: =SUM(H9:K9) -> 0 | M9: =IFERROR(ROUND(VLOOKUP($A9,'UT-I '!$1:$1048576,5,0)/2,0),VLOOKUP($A9,'UT-I '!$1:$1048576,5,0)) -> 0 | N9: =VLOOKUP($A9,'NOTEBOOK-1 (Entry)'!$1:$1048576,5,0) -> 0 | O9: =VLOOKUP($A9,'ENRICH-1(Entry)'!$1:$1048576,5,0) -> 0 | P9: =VLOOKUP($A9,'HALF YEARLY'!$1:$1048576,5,0) -> 0 | Q9: =SUM(M9:P9) -> 0 | R9: =IFERROR(ROUND(VLOOKUP($A9,'UT-I '!$1:$1048576,6,0)/2,0),VLOOKUP($A9,'UT-I '!$1:$1048576,6,0)) -> 0 | S9: =VLOOKUP($A9,'NOTEBOOK-1 (Entry)'!$1:$1048576,6,0) -> 0 | T9: =VLOOKUP($A9,'ENRICH-1(Entry)'!$1:$1048576,6,0) -> 0 | U9: =VLOOKUP($A9,'HALF YEARLY'!$1:$1048576,6,0) -> 0 | V9: =SUM(R9:U9) -> 0 | W9: =IFERROR(ROUND(VLOOKUP($A9,'UT-I '!$1:$1048576,7,0)/2,0),VLOOKUP($A9,'UT-I '!$1:$1048576,7,0)) -> 0 | X9: =VLOOKUP($A9,'NOTEBOOK-1 (Entry)'!$1:$1048576,7,0) -> 0 | Y9: =VLOOKUP($A9,'ENRICH-1(Entry)'!$1:$1048576,7,0) -> 0 | Z9: =VLOOKUP($A9,'HALF YEARLY'!$1:$1048576,7,0) -> 0 | AA9: =SUM(W9:Z9) -> 0 | AB9: =VLOOKUP($A9,'HALF YEARLY'!$1:$1048576,8,0) -> 0 | AC9: =VLOOKUP($A9,'HALF YEARLY'!$1:$1048576,9,0) -> E | AD9: =VLOOKUP($A9,'HALF YEARLY'!$1:$1048576,10,0) -> E | AE9: =VLOOKUP($A9,'HALF YEARLY'!$1:$1048576,11,0) -> 0 | AF9: =VLOOKUP($A9,'HALF YEARLY'!$1:$1048576,12,0) -> 0 | AG9: =VLOOKUP($A9,'HALF YEARLY'!$1:$1048576,13,0) -> 0 | AH9: =VLOOKUP($A9,'HALF YEARLY'!$1:$1048576,14,0) -> 0 | AI9: =VLOOKUP($A9,'HALF YEARLY'!$1:$1048576,15,0) -> 0
A10: =DETAILS!A9 -> 1556 | B10: =DETAILS!B9 -> AKRATI VISHWAKARMA | C10: =IFERROR(ROUND(VLOOKUP($A10,'UT-I '!$1:$1048576,3,0)/2,0),VLOOKUP($A10,'UT-I '!$1:$1048576,3,0)) -> 0 | D10: =VLOOKUP($A10,'NOTEBOOK-1 (Entry)'!$1:$1048576,3,0) -> 0 | E10: =VLOOKUP($A10,'ENRICH-1(Entry)'!$1:$1048576,3,0) -> 0 | F10: =VLOOKUP(A10,'HALF YEARLY'!$1:$1048576,3,0) -> 0 | G10: =SUM(C10:F10) -> 0 | H10: =IFERROR(ROUND(VLOOKUP($A10,'UT-I '!$1:$1048576,4,0)/2,0),VLOOKUP($A10,'UT-I '!$1:$1048576,4,0)) -> 0 | I10: =VLOOKUP($A10,'NOTEBOOK-1 (Entry)'!$1:$1048576,4,0) -> 0 | J10: =VLOOKUP($A10,'ENRICH-1(Entry)'!$1:$1048576,4,0) -> 0 | K10: =VLOOKUP($A10,'HALF YEARLY'!$1:$1048576,4,0) -> 0 | L10: =SUM(H10:K10) -> 0 | M10: =IFERROR(ROUND(VLOOKUP($A10,'UT-I '!$1:$1048576,5,0)/2,0),VLOOKUP($A10,'UT-I '!$1:$1048576,5,0)) -> 0 | N10: =VLOOKUP($A10,'NOTEBOOK-1 (Entry)'!$1:$1048576,5,0) -> 0 | O10: =VLOOKUP($A10,'ENRICH-1(Entry)'!$1:$1048576,5,0) -> 0 | P10: =VLOOKUP($A10,'HALF YEARLY'!$1:$1048576,5,0) -> 0 | Q10: =SUM(M10:P10) -> 0 | R10: =IFERROR(ROUND(VLOOKUP($A10,'UT-I '!$1:$1048576,6,0)/2,0),VLOOKUP($A10,'UT-I '!$1:$1048576,6,0)) -> 0 | S10: =VLOOKUP($A10,'NOTEBOOK-1 (Entry)'!$1:$1048576,6,0) -> 0 | T10: =VLOOKUP($A10,'ENRICH-1(Entry)'!$1:$1048576,6,0) -> 0 | U10: =VLOOKUP($A10,'HALF YEARLY'!$1:$1048576,6,0) -> 0 | V10: =SUM(R10:U10) -> 0 | W10: =IFERROR(ROUND(VLOOKUP($A10,'UT-I '!$1:$1048576,7,0)/2,0),VLOOKUP($A10,'UT-I '!$1:$1048576,7,0)) -> 0 | X10: =VLOOKUP($A10,'NOTEBOOK-1 (Entry)'!$1:$1048576,7,0) -> 0 | Y10: =VLOOKUP($A10,'ENRICH-1(Entry)'!$1:$1048576,7,0) -> 0 | Z10: =VLOOKUP($A10,'HALF YEARLY'!$1:$1048576,7,0) -> 0 | AA10: =SUM(W10:Z10) -> 0 | AB10: =VLOOKUP($A10,'HALF YEARLY'!$1:$1048576,8,0) -> 0 | AC10: =VLOOKUP($A10,'HALF YEARLY'!$1:$1048576,9,0) -> E | AD10: =VLOOKUP($A10,'HALF YEARLY'!$1:$1048576,10,0) -> E | AE10: =VLOOKUP($A10,'HALF YEARLY'!$1:$1048576,11,0) -> 0 | AF10: =VLOOKUP($A10,'HALF YEARLY'!$1:$1048576,12,0) -> 0 | AG10: =VLOOKUP($A10,'HALF YEARLY'!$1:$1048576,13,0) -> 0 | AH10: =VLOOKUP($A10,'HALF YEARLY'!$1:$1048576,14,0) -> 0 | AI10: =VLOOKUP($A10,'HALF YEARLY'!$1:$1048576,15,0) -> 0
A11: =DETAILS!A10 -> 1915 | B11: =DETAILS!B10 -> AKRITI SHUKLA | C11: =IFERROR(ROUND(VLOOKUP($A11,'UT-I '!$1:$1048576,3,0)/2,0),VLOOKUP($A11,'UT-I '!$1:$1048576,3,0)) -> 0 | D11: =VLOOKUP($A11,'NOTEBOOK-1 (Entry)'!$1:$1048576,3,0) -> 0 | E11: =VLOOKUP($A11,'ENRICH-1(Entry)'!$1:$1048576,3,0) -> 0 | F11: =VLOOKUP(A11,'HALF YEARLY'!$1:$1048576,3,0) -> 0 | G11: =SUM(C11:F11) -> 0 | H11: =IFERROR(ROUND(VLOOKUP($A11,'UT-I '!$1:$1048576,4,0)/2,0),VLOOKUP($A11,'UT-I '!$1:$1048576,4,0)) -> 0 | I11: =VLOOKUP($A11,'NOTEBOOK-1 (Entry)'!$1:$1048576,4,0) -> 0 | J11: =VLOOKUP($A11,'ENRICH-1(Entry)'!$1:$1048576,4,0) -> 0 | K11: =VLOOKUP($A11,'HALF YEARLY'!$1:$1048576,4,0) -> 0 | L11: =SUM(H11:K11) -> 0 | M11: =IFERROR(ROUND(VLOOKUP($A11,'UT-I '!$1:$1048576,5,0)/2,0),VLOOKUP($A11,'UT-I '!$1:$1048576,5,0)) -> 0 | N11: =VLOOKUP($A11,'NOTEBOOK-1 (Entry)'!$1:$1048576,5,0) -> 0 | O11: =VLOOKUP($A11,'ENRICH-1(Entry)'!$1:$1048576,5,0) -> 0 | P11: =VLOOKUP($A11,'HALF YEARLY'!$1:$1048576,5,0) -> 0 | Q11: =SUM(M11:P11) -> 0 | R11: =IFERROR(ROUND(VLOOKUP($A11,'UT-I '!$1:$1048576,6,0)/2,0),VLOOKUP($A11,'UT-I '!$1:$1048576,6,0)) -> 0 | S11: =VLOOKUP($A11,'NOTEBOOK-1 (Entry)'!$1:$1048576,6,0) -> 0 | T11: =VLOOKUP($A11,'ENRICH-1(Entry)'!$1:$1048576,6,0) -> 0 | U11: =VLOOKUP($A11,'HALF YEARLY'!$1:$1048576,6,0) -> 0 | V11: =SUM(R11:U11) -> 0 | W11: =IFERROR(ROUND(VLOOKUP($A11,'UT-I '!$1:$1048576,7,0)/2,0),VLOOKUP($A11,'UT-I '!$1:$1048576,7,0)) -> 0 | X11: =VLOOKUP($A11,'NOTEBOOK-1 (Entry)'!$1:$1048576,7,0) -> 0 | Y11: =VLOOKUP($A11,'ENRICH-1(Entry)'!$1:$1048576,7,0) -> 0 | Z11: =VLOOKUP($A11,'HALF YEARLY'!$1:$1048576,7,0) -> 0 | AA11: =SUM(W11:Z11) -> 0 | AB11: =VLOOKUP($A11,'HALF YEARLY'!$1:$1048576,8,0) -> 0 | AC11: =VLOOKUP($A11,'HALF YEARLY'!$1:$1048576,9,0) -> E | AD11: =VLOOKUP($A11,'HALF YEARLY'!$1:$1048576,10,0) -> E | AE11: =VLOOKUP($A11,'HALF YEARLY'!$1:$1048576,11,0) -> 0 | AF11: =VLOOKUP($A11,'HALF YEARLY'!$1:$1048576,12,0) -> 0 | AG11: =VLOOKUP($A11,'HALF YEARLY'!$1:$1048576,13,0) -> 0 | AH11: =VLOOKUP($A11,'HALF YEARLY'!$1:$1048576,14,0) -> 0 | AI11: =VLOOKUP($A11,'HALF YEARLY'!$1:$1048576,15,0) -> 0
A12: =DETAILS!A11 -> 1563 | B12: =DETAILS!B11 -> ANANYA | C12: =IFERROR(ROUND(VLOOKUP($A12,'UT-I '!$1:$1048576,3,0)/2,0),VLOOKUP($A12,'UT-I '!$1:$1048576,3,0)) -> 0 | D12: =VLOOKUP($A12,'NOTEBOOK-1 (Entry)'!$1:$1048576,3,0) -> 0 | E12: =VLOOKUP($A12,'ENRICH-1(Entry)'!$1:$1048576,3,0) -> 0 | F12: =VLOOKUP(A12,'HALF YEARLY'!$1:$1048576,3,0) -> 0 | G12: =SUM(C12:F12) -> 0 | H12: =IFERROR(ROUND(VLOOKUP($A12,'UT-I '!$1:$1048576,4,0)/2,0),VLOOKUP($A12,'UT-I '!$1:$1048576,4,0)) -> 0 | I12: =VLOOKUP($A12,'NOTEBOOK-1 (Entry)'!$1:$1048576,4,0) -> 0 | J12: =VLOOKUP($A12,'ENRICH-1(Entry)'!$1:$1048576,4,0) -> 0 | K12: =VLOOKUP($A12,'HALF YEARLY'!$1:$1048576,4,0) -> 0 | L12: =SUM(H12:K12) -> 0 | M12: =IFERROR(ROUND(VLOOKUP($A12,'UT-I '!$1:$1048576,5,0)/2,0),VLOOKUP($A12,'UT-I '!$1:$1048576,5,0)) -> 0 | N12: =VLOOKUP($A12,'NOTEBOOK-1 (Entry)'!$1:$1048576,5,0) -> 0 | O12: =VLOOKUP($A12,'ENRICH-1(Entry)'!$1:$1048576,5,0) -> 0 | P12: =VLOOKUP($A12,'HALF YEARLY'!$1:$1048576,5,0) -> 0 | Q12: =SUM(M12:P12) -> 0 | R12: =IFERROR(ROUND(VLOOKUP($A12,'UT-I '!$1:$1048576,6,0)/2,0),VLOOKUP($A12,'UT-I '!$1:$1048576,6,0)) -> 0 | S12: =VLOOKUP($A12,'NOTEBOOK-1 (Entry)'!$1:$1048576,6,0) -> 0 | T12: =VLOOKUP($A12,'ENRICH-1(Entry)'!$1:$1048576,6,0) -> 0 | U12: =VLOOKUP($A12,'HALF YEARLY'!$1:$1048576,6,0) -> 0 | V12: =SUM(R12:U12) -> 0 | W12: =IFERROR(ROUND(VLOOKUP($A12,'UT-I '!$1:$1048576,7,0)/2,0),VLOOKUP($A12,'UT-I '!$1:$1048576,7,0)) -> 0 | X12: =VLOOKUP($A12,'NOTEBOOK-1 (Entry)'!$1:$1048576,7,0) -> 0 | Y12: =VLOOKUP($A12,'ENRICH-1(Entry)'!$1:$1048576,7,0) -> 0 | Z12: =VLOOKUP($A12,'HALF YEARLY'!$1:$1048576,7,0) -> 0 | AA12: =SUM(W12:Z12) -> 0 | AB12: =VLOOKUP($A12,'HALF YEARLY'!$1:$1048576,8,0) -> 0 | AC12: =VLOOKUP($A12,'HALF YEARLY'!$1:$1048576,9,0) -> E | AD12: =VLOOKUP($A12,'HALF YEARLY'!$1:$1048576,10,0) -> E | AE12: =VLOOKUP($A12,'HALF YEARLY'!$1:$1048576,11,0) -> 0 | AF12: =VLOOKUP($A12,'HALF YEARLY'!$1:$1048576,12,0) -> 0 | AG12: =VLOOKUP($A12,'HALF YEARLY'!$1:$1048576,13,0) -> 0 | AH12: =VLOOKUP($A12,'HALF YEARLY'!$1:$1048576,14,0) -> 0 | AI12: =VLOOKUP($A12,'HALF YEARLY'!$1:$1048576,15,0) -> 0
A13: =DETAILS!A12 -> 1562 | B13: =DETAILS!B12 -> ANKITA RAJPOOT | C13: =IFERROR(ROUND(VLOOKUP($A13,'UT-I '!$1:$1048576,3,0)/2,0),VLOOKUP($A13,'UT-I '!$1:$1048576,3,0)) -> 0 | D13: =VLOOKUP($A13,'NOTEBOOK-1 (Entry)'!$1:$1048576,3,0) -> 0 | E13: =VLOOKUP($A13,'ENRICH-1(Entry)'!$1:$1048576,3,0) -> 0 | F13: =VLOOKUP(A13,'HALF YEARLY'!$1:$1048576,3,0) -> 0 | G13: =SUM(C13:F13) -> 0 | H13: =IFERROR(ROUND(VLOOKUP($A13,'UT-I '!$1:$1048576,4,0)/2,0),VLOOKUP($A13,'UT-I '!$1:$1048576,4,0)) -> 0 | I13: =VLOOKUP($A13,'NOTEBOOK-1 (Entry)'!$1:$1048576,4,0) -> 0 | J13: =VLOOKUP($A13,'ENRICH-1(Entry)'!$1:$1048576,4,0) -> 0 | K13: =VLOOKUP($A13,'HALF YEARLY'!$1:$1048576,4,0) -> 0 | L13: =SUM(H13:K13) -> 0 | M13: =IFERROR(ROUND(VLOOKUP($A13,'UT-I '!$1:$1048576,5,0)/2,0),VLOOKUP($A13,'UT-I '!$1:$1048576,5,0)) -> 0 | N13: =VLOOKUP($A13,'NOTEBOOK-1 (Entry)'!$1:$1048576,5,0) -> 0 | O13: =VLOOKUP($A13,'ENRICH-1(Entry)'!$1:$1048576,5,0) -> 0 | P13: =VLOOKUP($A13,'HALF YEARLY'!$1:$1048576,5,0) -> 0 | Q13: =SUM(M13:P13) -> 0 | R13: =IFERROR(ROUND(VLOOKUP($A13,'UT-I '!$1:$1048576,6,0)/2,0),VLOOKUP($A13,'UT-I '!$1:$1048576,6,0)) -> 0 | S13: =VLOOKUP($A13,'NOTEBOOK-1 (Entry)'!$1:$1048576,6,0) -> 0 | T13: =VLOOKUP($A13,'ENRICH-1(Entry)'!$1:$1048576,6,0) -> 0 | U13: =VLOOKUP($A13,'HALF YEARLY'!$1:$1048576,6,0) -> 0 | V13: =SUM(R13:U13) -> 0 | W13: =IFERROR(ROUND(VLOOKUP($A13,'UT-I '!$1:$1048576,7,0)/2,0),VLOOKUP($A13,'UT-I '!$1:$1048576,7,0)) -> 0 | X13: =VLOOKUP($A13,'NOTEBOOK-1 (Entry)'!$1:$1048576,7,0) -> 0 | Y13: =VLOOKUP($A13,'ENRICH-1(Entry)'!$1:$1048576,7,0) -> 0 | Z13: =VLOOKUP($A13,'HALF YEARLY'!$1:$1048576,7,0) -> 0 | AA13: =SUM(W13:Z13) -> 0 | AB13: =VLOOKUP($A13,'HALF YEARLY'!$1:$1048576,8,0) -> 0 | AC13: =VLOOKUP($A13,'HALF YEARLY'!$1:$1048576,9,0) -> E | AD13: =VLOOKUP($A13,'HALF YEARLY'!$1:$1048576,10,0) -> E | AE13: =VLOOKUP($A13,'HALF YEARLY'!$1:$1048576,11,0) -> 0 | AF13: =VLOOKUP($A13,'HALF YEARLY'!$1:$1048576,12,0) -> 0 | AG13: =VLOOKUP($A13,'HALF YEARLY'!$1:$1048576,13,0) -> 0 | AH13: =VLOOKUP($A13,'HALF YEARLY'!$1:$1048576,14,0) -> 0 | AI13: =VLOOKUP($A13,'HALF YEARLY'!$1:$1048576,15,0) -> 0
A14: =DETAILS!A13 -> 1547 | B14: =DETAILS!B13 -> ANSHIKA PANDEY | C14: =IFERROR(ROUND(VLOOKUP($A14,'UT-I '!$1:$1048576,3,0)/2,0),VLOOKUP($A14,'UT-I '!$1:$1048576,3,0)) -> 0 | D14: =VLOOKUP($A14,'NOTEBOOK-1 (Entry)'!$1:$1048576,3,0) -> 0 | E14: =VLOOKUP($A14,'ENRICH-1(Entry)'!$1:$1048576,3,0) -> 0 | F14: =VLOOKUP(A14,'HALF YEARLY'!$1:$1048576,3,0) -> 0 | G14: =SUM(C14:F14) -> 0 | H14: =IFERROR(ROUND(VLOOKUP($A14,'UT-I '!$1:$1048576,4,0)/2,0),VLOOKUP($A14,'UT-I '!$1:$1048576,4,0)) -> 0 | I14: =VLOOKUP($A14,'NOTEBOOK-1 (Entry)'!$1:$1048576,4,0) -> 0 | J14: =VLOOKUP($A14,'ENRICH-1(Entry)'!$1:$1048576,4,0) -> 0 | K14: =VLOOKUP($A14,'HALF YEARLY'!$1:$1048576,4,0) -> 0 | L14: =SUM(H14:K14) -> 0 | M14: =IFERROR(ROUND(VLOOKUP($A14,'UT-I '!$1:$1048576,5,0)/2,0),VLOOKUP($A14,'UT-I '!$1:$1048576,5,0)) -> 0 | N14: =VLOOKUP($A14,'NOTEBOOK-1 (Entry)'!$1:$1048576,5,0) -> 0 | O14: =VLOOKUP($A14,'ENRICH-1(Entry)'!$1:$1048576,5,0) -> 0 | P14: =VLOOKUP($A14,'HALF YEARLY'!$1:$1048576,5,0) -> 0 | Q14: =SUM(M14:P14) -> 0 | R14: =IFERROR(ROUND(VLOOKUP($A14,'UT-I '!$1:$1048576,6,0)/2,0),VLOOKUP($A14,'UT-I '!$1:$1048576,6,0)) -> 0 | S14: =VLOOKUP($A14,'NOTEBOOK-1 (Entry)'!$1:$1048576,6,0) -> 0 | T14: =VLOOKUP($A14,'ENRICH-1(Entry)'!$1:$1048576,6,0) -> 0 | U14: =VLOOKUP($A14,'HALF YEARLY'!$1:$1048576,6,0) -> 0 | V14: =SUM(R14:U14) -> 0 | W14: =IFERROR(ROUND(VLOOKUP($A14,'UT-I '!$1:$1048576,7,0)/2,0),VLOOKUP($A14,'UT-I '!$1:$1048576,7,0)) -> 0 | X14: =VLOOKUP($A14,'NOTEBOOK-1 (Entry)'!$1:$1048576,7,0) -> 0 | Y14: =VLOOKUP($A14,'ENRICH-1(Entry)'!$1:$1048576,7,0) -> 0 | Z14: =VLOOKUP($A14,'HALF YEARLY'!$1:$1048576,7,0) -> 0 | AA14: =SUM(W14:Z14) -> 0 | AB14: =VLOOKUP($A14,'HALF YEARLY'!$1:$1048576,8,0) -> 0 | AC14: =VLOOKUP($A14,'HALF YEARLY'!$1:$1048576,9,0) -> E | AD14: =VLOOKUP($A14,'HALF YEARLY'!$1:$1048576,10,0) -> E | AE14: =VLOOKUP($A14,'HALF YEARLY'!$1:$1048576,11,0) -> 0 | AF14: =VLOOKUP($A14,'HALF YEARLY'!$1:$1048576,12,0) -> 0 | AG14: =VLOOKUP($A14,'HALF YEARLY'!$1:$1048576,13,0) -> 0 | AH14: =VLOOKUP($A14,'HALF YEARLY'!$1:$1048576,14,0) -> 0 | AI14: =VLOOKUP($A14,'HALF YEARLY'!$1:$1048576,15,0) -> 0
A15: =DETAILS!A14 -> 1644 | B15: =DETAILS!B14 -> ARADHYA SINGH | C15: =IFERROR(ROUND(VLOOKUP($A15,'UT-I '!$1:$1048576,3,0)/2,0),VLOOKUP($A15,'UT-I '!$1:$1048576,3,0)) -> 0 | D15: =VLOOKUP($A15,'NOTEBOOK-1 (Entry)'!$1:$1048576,3,0) -> 0 | E15: =VLOOKUP($A15,'ENRICH-1(Entry)'!$1:$1048576,3,0) -> 0 | F15: =VLOOKUP(A15,'HALF YEARLY'!$1:$1048576,3,0) -> 0 | G15: =SUM(C15:F15) -> 0 | H15: =IFERROR(ROUND(VLOOKUP($A15,'UT-I '!$1:$1048576,4,0)/2,0),VLOOKUP($A15,'UT-I '!$1:$1048576,4,0)) -> 0 | I15: =VLOOKUP($A15,'NOTEBOOK-1 (Entry)'!$1:$1048576,4,0) -> 0 | J15: =VLOOKUP($A15,'ENRICH-1(Entry)'!$1:$1048576,4,0) -> 0 | K15: =VLOOKUP($A15,'HALF YEARLY'!$1:$1048576,4,0) -> 0 | L15: =SUM(H15:K15) -> 0 | M15: =IFERROR(ROUND(VLOOKUP($A15,'UT-I '!$1:$1048576,5,0)/2,0),VLOOKUP($A15,'UT-I '!$1:$1048576,5,0)) -> 0 | N15: =VLOOKUP($A15,'NOTEBOOK-1 (Entry)'!$1:$1048576,5,0) -> 0 | O15: =VLOOKUP($A15,'ENRICH-1(Entry)'!$1:$1048576,5,0) -> 0 | P15: =VLOOKUP($A15,'HALF YEARLY'!$1:$1048576,5,0) -> 0 | Q15: =SUM(M15:P15) -> 0 | R15: =IFERROR(ROUND(VLOOKUP($A15,'UT-I '!$1:$1048576,6,0)/2,0),VLOOKUP($A15,'UT-I '!$1:$1048576,6,0)) -> 0 | S15: =VLOOKUP($A15,'NOTEBOOK-1 (Entry)'!$1:$1048576,6,0) -> 0 | T15: =VLOOKUP($A15,'ENRICH-1(Entry)'!$1:$1048576,6,0) -> 0 | U15: =VLOOKUP($A15,'HALF YEARLY'!$1:$1048576,6,0) -> 0 | V15: =SUM(R15:U15) -> 0 | W15: =IFERROR(ROUND(VLOOKUP($A15,'UT-I '!$1:$1048576,7,0)/2,0),VLOOKUP($A15,'UT-I '!$1:$1048576,7,0)) -> 0 | X15: =VLOOKUP($A15,'NOTEBOOK-1 (Entry)'!$1:$1048576,7,0) -> 0 | Y15: =VLOOKUP($A15,'ENRICH-1(Entry)'!$1:$1048576,7,0) -> 0 | Z15: =VLOOKUP($A15,'HALF YEARLY'!$1:$1048576,7,0) -> 0 | AA15: =SUM(W15:Z15) -> 0 | AB15: =VLOOKUP($A15,'HALF YEARLY'!$1:$1048576,8,0) -> 0 | AC15: =VLOOKUP($A15,'HALF YEARLY'!$1:$1048576,9,0) -> E | AD15: =VLOOKUP($A15,'HALF YEARLY'!$1:$1048576,10,0) -> E | AE15: =VLOOKUP($A15,'HALF YEARLY'!$1:$1048576,11,0) -> 0 | AF15: =VLOOKUP($A15,'HALF YEARLY'!$1:$1048576,12,0) -> 0 | AG15: =VLOOKUP($A15,'HALF YEARLY'!$1:$1048576,13,0) -> 0 | AH15: =VLOOKUP($A15,'HALF YEARLY'!$1:$1048576,14,0) -> 0 | AI15: =VLOOKUP($A15,'HALF YEARLY'!$1:$1048576,15,0) -> 0
... A41: =DETAILS!A40 -> 1567 | B41: =DETAILS!B40 -> VAANYA YADAV | C41: =IFERROR(ROUND(VLOOKUP($A41,'UT-I '!$1:$1048576,3,0)/2,0),VLOOKUP($A41,'UT-I '!$1:$1048576,3,0)) -> 0 | D41: =VLOOKUP($A41,'NOTEBOOK-1 (Entry)'!$1:$1048576,3,0) -> 0 | E41: =VLOOKUP($A41,'ENRICH-1(Entry)'!$1:$1048576,3,0) -> 0 | F41: =VLOOKUP(A41,'HALF YEARLY'!$1:$1048576,3,0) -> 0 | G41: =SUM(C41:F41) -> 0 | H41: =IFERROR(ROUND(VLOOKUP($A41,'UT-I '!$1:$1048576,4,0)/2,0),VLOOKUP($A41,'UT-I '!$1:$1048576,4,0)) -> 0 | I41: =VLOOKUP($A41,'NOTEBOOK-1 (Entry)'!$1:$1048576,4,0) -> 0 | J41: =VLOOKUP($A41,'ENRICH-1(Entry)'!$1:$1048576,4,0) -> 0 | K41: =VLOOKUP($A41,'HALF YEARLY'!$1:$1048576,4,0) -> 0 | L41: =SUM(H41:K41) -> 0 | M41: =IFERROR(ROUND(VLOOKUP($A41,'UT-I '!$1:$1048576,5,0)/2,0),VLOOKUP($A41,'UT-I '!$1:$1048576,5,0)) -> 0 | N41: =VLOOKUP($A41,'NOTEBOOK-1 (Entry)'!$1:$1048576,5,0) -> 0 | O41: =VLOOKUP($A41,'ENRICH-1(Entry)'!$1:$1048576,5,0) -> 0 | P41: =VLOOKUP($A41,'HALF YEARLY'!$1:$1048576,5,0) -> 0 | Q41: =SUM(M41:P41) -> 0 | R41: =IFERROR(ROUND(VLOOKUP($A41,'UT-I '!$1:$1048576,6,0)/2,0),VLOOKUP($A41,'UT-I '!$1:$1048576,6,0)) -> 0 | S41: =VLOOKUP($A41,'NOTEBOOK-1 (Entry)'!$1:$1048576,6,0) -> 0 | T41: =VLOOKUP($A41,'ENRICH-1(Entry)'!$1:$1048576,6,0) -> 0 | U41: =VLOOKUP($A41,'HALF YEARLY'!$1:$1048576,6,0) -> 0 | V41: =SUM(R41:U41) -> 0 | W41: =IFERROR(ROUND(VLOOKUP($A41,'UT-I '!$1:$1048576,7,0)/2,0),VLOOKUP($A41,'UT-I '!$1:$1048576,7,0)) -> 0 | X41: =VLOOKUP($A41,'NOTEBOOK-1 (Entry)'!$1:$1048576,7,0) -> 0 | Y41: =VLOOKUP($A41,'ENRICH-1(Entry)'!$1:$1048576,7,0) -> 0 | Z41: =VLOOKUP($A41,'HALF YEARLY'!$1:$1048576,7,0) -> 0 | AA41: =SUM(W41:Z41) -> 0 | AB41: =VLOOKUP($A41,'HALF YEARLY'!$1:$1048576,8,0) -> 0 | AC41: =VLOOKUP($A41,'HALF YEARLY'!$1:$1048576,9,0) -> E | AD41: =VLOOKUP($A41,'HALF YEARLY'!$1:$1048576,10,0) -> E | AE41: =VLOOKUP($A41,'HALF YEARLY'!$1:$1048576,11,0) -> 0 | AF41: =VLOOKUP($A41,'HALF YEARLY'!$1:$1048576,12,0) -> 0 | AG41: =VLOOKUP($A41,'HALF YEARLY'!$1:$1048576,13,0) -> 0 | AH41: =VLOOKUP($A41,'HALF YEARLY'!$1:$1048576,14,0) -> 0 | AI41: =VLOOKUP($A41,'HALF YEARLY'!$1:$1048576,15,0) -> 0

Sheet HY Report
B2: SAINIK PUBLIC SCHOOL
B3: (Affiliated to C.B.S.E. New Delhi- Reg. No. : 2131299)
B4: Building No. VB1893, Vikas Bhawan Ward,
B5: Nagar Palika Parishad, Nawabganj, Barabanki
B6: HALF YEARLY REPORT CARD
B7: SESSION 2025-26
B8: STUDENT PROFILE
B9: Student's Name | C9: =": "&VLOOKUP($K$9,DETAILS!$1:$1048576,2,0) -> #N/A | I9: Admission No. : | K9: 1
B10: Mother's Name | C10: =": "&VLOOKUP($K$9,DETAILS!$1:$1048576,3,0) -> #N/A | I10: Class & Sec. : | K10: =VLOOKUP($K$9,DETAILS!$1:$1048576,6,0) -> #N/A
B11: Father's Name | C11: =": "&VLOOKUP($K$9,DETAILS!$1:$1048576,4,0) -> #N/A | I11: Date of Birth : | K11: =VLOOKUP($K$9,DETAILS!$1:$1048576,5,0) -> #N/A
B13: PART-1 : ACADEMIC PERFORMANCE-SCHOLASTIC AREAS
B14: SUBJECT | C14: UNIT TEST - I (10) | E14: NOTEBOOK - I (5) | G14: SUBJECT ENRICHMENT - I (5) | I14: HALF YEARLY (80) | L14: TOTAL (100)
B15: ENGLISH | C15: =VLOOKUP($K$9,'HY Compile'!$1:$1048576,3,0) -> #N/A | E15: =VLOOKUP($K$9,'HY Compile'!$1:$1048576,4,0) -> #N/A | G15: =VLOOKUP($K$9,'HY Compile'!$1:$1048576,5,0) -> #N/A | I15: =VLOOKUP($K$9,'HY Compile'!$1:$1048576,6,0) -> #N/A | L15: =SUM(C15:K15) -> #N/A
B16: HINDI | C16: =VLOOKUP($K$9,'HY Compile'!$1:$1048576,8,0) -> #N/A | E16: =VLOOKUP($K$9,'HY Compile'!$1:$1048576,9,0) -> #N/A | G16: =VLOOKUP($K$9,'HY Compile'!$1:$1048576,10,0) -> #N/A | I16: =VLOOKUP($K$9,'HY Compile'!$1:$1048576,11,0) -> #N/A | L16: =SUM(C16:K16) -> #N/A
B17: MATHEMATICS | C17: =VLOOKUP($K$9,'HY Compile'!$1:$1048576,13,0) -> #N/A | E17: =VLOOKUP($K$9,'HY Compile'!$1:$1048576,14,0) -> #N/A | G17: =VLOOKUP($K$9,'HY Compile'!$1:$1048576,15,0) -> #N/A | I17: =VLOOKUP($K$9,'HY Compile'!$1:$1048576,16,0) -> #N/A | L17: =SUM(C17:K17) -> #N/A
B18: EVS | C18: =VLOOKUP($K$9,'HY Compile'!$1:$1048576,18,0) -> #N/A | E18: =VLOOKUP($K$9,'HY Compile'!$1:$1048576,19,0) -> #N/A | G18: =VLOOKUP($K$9,'HY Compile'!$1:$1048576,20,0) -> #N/A | I18: =VLOOKUP($K$9,'HY Compile'!$1:$1048576,21,0) -> #N/A | L18: =SUM(C18:K18) -> #N/A
B19: COMPUTER | C19: =VLOOKUP($K$9,'HY Compile'!$1:$1048576,23,0) -> #N/A | E19: =VLOOKUP($K$9,'HY Compile'!$1:$1048576,24,0) -> #N/A | G19: =VLOOKUP($K$9,'HY Compile'!$1:$1048576,25,0) -> #N/A | I19: =VLOOKUP($K$9,'HY Compile'!$1:$1048576,26,0) -> #N/A | L19: =SUM(C19:K19) -> #N/A
B21: Attendance | C21: =VLOOKUP($K$9,'HY Compile'!$1:$1048576,33,0) -> #N/A | D21: =VLOOKUP($K$9,'HY Compile'!$1:$1048576,34,0) -> #N/A | J21: Percentage : | L21: =ROUND(SUM(L15:M19)/5,2)&" %" -> #N/A
C22: =VLOOKUP($K$9,'HY Compile'!$1:$1048576,38,0) -> #N/A | D22: =VLOOKUP($K$9,'HY Compile'!$1:$1048576,38,0) -> #N/A | J22: Grand Total : | L22: =SUM(L15:M19)& "/500" -> #N/A
B25: PART-2:CO-SCHOLASTIC AREAS | K25: GRADE
B26: Work Education | K26: =VLOOKUP($K$9,'HY Compile'!$1:$1048576,28,0) -> #N/A
B27: Art Education | K27: =VLOOKUP($K$9,'HY Compile'!$1:$1048576,29,0) -> #N/A
B28: General Knowledge | K28: =VLOOKUP($K$9,'HY Compile'!$1:$1048576,30,0) -> #N/A
B29: Health & Physical Education | K29: =VLOOKUP($K$9,'HY Compile'!$1:$1048576,31,0) -> #N/A
B30: Discipline | K30: =VLOOKUP($K$9,'HY Compile'!$1:$1048576,32,0) -> #N/A
B32: Mark Range | D32: 100-81 | F32: 80-61 | H32: 60-41 | J32: 40-33 | L32: 32-0
B33: Grade | D33: A | F33: B | H33: C | J33: D | L33: E
B36: ="Class Teacher's Remark: "&VLOOKUP($K$9,'HY Compile'!$1:$1048576,35,0) -> #N/A
B38: Issue Date: 10.10.2025
B41: Class Teacher's Signature | J41: Principal's Signature

Sheet UT-2(Entry)
A1: UNIT TEST-II (2025-26) CLASS - I
A2: SR. NO. | B2: NAME | C2: ENGLISH | D2: HINDI | E2: MATHS | F2: EVS | G2: COMPUTER | H2: G.K. | I2: ART | J2: Attendance
J3: Present | K3: Working Day
A4: =DETAILS!A3 -> 1804 | B4: =DETAILS!B3 -> AAKRITI SINGH
A5: =DETAILS!A4 -> 1571 | B5: =DETAILS!B4 -> ABHIJEET PATEL
A6: =DETAILS!A5 -> 1881 | B6: =DETAILS!B5 -> ADITI
A7: =DETAILS!A6 -> 1559 | B7: =DETAILS!B6 -> ADITYA VERMA
A8: =DETAILS!A7 -> 1548 | B8: =DETAILS!B7 -> ADVIK BAJPAI
A9: =DETAILS!A8 -> 1549 | B9: =DETAILS!B8 -> AHEM SHARMA
A10: =DETAILS!A9 -> 1556 | B10: =DETAILS!B9 -> AKRATI VISHWAKARMA
A11: =DETAILS!A10 -> 1915 | B11: =DETAILS!B10 -> AKRITI SHUKLA
A12: =DETAILS!A11 -> 1563 | B12: =DETAILS!B11 -> ANANYA
A13: =DETAILS!A12 -> 1562 | B13: =DETAILS!B12 -> ANKITA RAJPOOT
A14: =DETAILS!A13 -> 1547 | B14: =DETAILS!B13 -> ANSHIKA PANDEY
A15: =DETAILS!A14 -> 1644 | B15: =DETAILS!B14 -> ARADHYA SINGH
... A42: =DETAILS!A41 -> 1937 | B42: =DETAILS!B41 -> VIVAAN PAL

Sheet UT-2
A1: UNIT TEST-II (2025-26) CLASS - I
A2: SR. NO. | B2: NAME | C2: ENGLISH | D2: HINDI | E2: MATHS | F2: EVS | G2: COMPUTER | H2: G.K. | I2: ART | J2: TOTAL | K2: PERCENTAGE | L2: Attendance
L3: Present | M3: Working Day
A4: =DETAILS!A3 -> 1804 | B4: =DETAILS!B3 -> AAKRITI SINGH | C4: =IFERROR(ROUND((VLOOKUP(A4,'UT-2(Entry)'!$1:$1048576,3,0))/2,0),VLOOKUP(A4,'UT-2(Entry)'!$1:$1048576,3,0)) -> 0 | D4: =IFERROR(ROUND((VLOOKUP(A4,'UT-2(Entry)'!$1:$1048576,4,0))/2,0),VLOOKUP(A4,'UT-2(Entry)'!$1:$1048576,4,0)) -> 0 | E4: =IFERROR(ROUND((VLOOKUP(A4,'UT-2(Entry)'!$1:$1048576,5,0))/2,0),VLOOKUP(A4,'UT-2(Entry)'!$1:$1048576,5,0)) -> 0 | F4: =IFERROR(ROUND((VLOOKUP(A4,'UT-2(Entry)'!$1:$1048576,6,0))/2,0),VLOOKUP(A4,'UT-2(Entry)'!$1:$1048576,6,0)) -> 0 | G4: =IFERROR(ROUND((VLOOKUP(A4,'UT-2(Entry)'!$1:$1048576,7,0))/2,0),VLOOKUP(A4,'UT-2(Entry)'!$1:$1048576,7,0)) -> 0 | H4: =IFERROR(VLOOKUP(VLOOKUP(A4,'UT-2(Entry)'!$1:$1048576,8,0),'Grade(40)'!$1:$1048576,2,0),VLOOKUP(A4,'UT-2(Entry)'!$1:$1048576,8,0)) -> E | I4: =IFERROR(VLOOKUP(VLOOKUP(A4,'UT-2(Entry)'!$1:$1048576,9,0),'Grade(40)'!$1:$1048576,2,0),VLOOKUP(A4,'UT-2(Entry)'!$1:$1048576,9,0)) -> E | J4: =SUM(C4:G4) -> 0 | K4: =ROUND(J4/1,2)&" %" -> 0 % | L4: =VLOOKUP(A4,'UT-2(Entry)'!$1:$1048576,10,0) -> 0 | M4: =VLOOKUP(A4,'UT-2(Entry)'!$1:$1048576,11,0) -> 0
A5: =DETAILS!A4 -> 1571 | B5: =DETAILS!B4 -> ABHIJEET PATEL | C5: =IFERROR(ROUND((VLOOKUP(A5,'UT-2(Entry)'!$1:$1048576,3,0))/2,0),VLOOKUP(A5,'UT-2(Entry)'!$1:$1048576,3,0)) -> 0 | D5: =IFERROR(ROUND((VLOOKUP(A5,'UT-2(Entry)'!$1:$1048576,4,0))/2,0),VLOOKUP(A5,'UT-2(Entry)'!$1:$1048576,4,0)) -> 0 | E5: =IFERROR(ROUND((VLOOKUP(A5,'UT-2(Entry)'!$1:$1048576,5,0))/2,0),VLOOKUP(A5,'UT-2(Entry)'!$1:$1048576,5,0)) -> 0 | F5: =IFERROR(ROUND((VLOOKUP(A5,'UT-2(Entry)'!$1:$1048576,6,0))/2,0),VLOOKUP(A5,'UT-2(Entry)'!$1:$1048576,6,0)) -> 0 | G5: =IFERROR(ROUND((VLOOKUP(A5,'UT-2(Entry)'!$1:$1048576,7,0))/2,0),VLOOKUP(A5,'UT-2(Entry)'!$1:$1048576,7,0)) -> 0 | H5: =IFERROR(VLOOKUP(VLOOKUP(A5,'UT-2(Entry)'!$1:$1048576,8,0),'Grade(40)'!$1:$1048576,2,0),VLOOKUP(A5,'UT-2(Entry)'!$1:$1048576,8,0)) -> E | I5: =IFERROR(VLOOKUP(VLOOKUP(A5,'UT-2(Entry)'!$1:$1048576,9,0),'Grade(40)'!$1:$1048576,2,0),VLOOKUP(A5,'UT-2(Entry)'!$1:$1048576,9,0)) -> E | J5: =SUM(C5:G5) -> 0 | K5: =ROUND(J5/1,2)&" %" -> 0 % | L5: =VLOOKUP(A5,'UT-2(Entry)'!$1:$1048576,10,0) -> 0 | M5: =VLOOKUP(A5,'UT-2(Entry)'!$1:$1048576,11,0) -> 0
A6: =DETAILS!A5 -> 1881 | B6: =DETAILS!B5 -> ADITI | C6: =IFERROR(ROUND((VLOOKUP(A6,'UT-2(Entry)'!$1:$1048576,3,0))/2,0),VLOOKUP(A6,'UT-2(Entry)'!$1:$1048576,3,0)) -> 0 | D6: =IFERROR(ROUND((VLOOKUP(A6,'UT-2(Entry)'!$1:$1048576,4,0))/2,0),VLOOKUP(A6,'UT-2(Entry)'!$1:$1048576,4,0)) -> 0 | E6: =IFERROR(ROUND((VLOOKUP(A6,'UT-2(Entry)'!$1:$1048576,5,0))/2,0),VLOOKUP(A6,'UT-2(Entry)'!$1:$1048576,5,0)) -> 0 | F6: =IFERROR(ROUND((VLOOKUP(A6,'UT-2(Entry)'!$1:$1048576,6,0))/2,0),VLOOKUP(A6,'UT-2(Entry)'!$1:$1048576,6,0)) -> 0 | G6: =IFERROR(ROUND((VLOOKUP(A6,'UT-2(Entry)'!$1:$1048576,7,0))/2,0),VLOOKUP(A6,'UT-2(Entry)'!$1:$1048576,7,0)) -> 0 | H6: =IFERROR(VLOOKUP(VLOOKUP(A6,'UT-2(Entry)'!$1:$1048576,8,0),'Grade(40)'!$1:$1048576,2,0),VLOOKUP(A6,'UT-2(Entry)'!$1:$1048576,8,0)) -> E | I6: =IFERROR(VLOOKUP(VLOOKUP(A6,'UT-2(Entry)'!$1:$1048576,9,0),'Grade(40)'!$1:$1048576,2,0),VLOOKUP(A6,'UT-2(Entry)'!$1:$1048576,9,0)) -> E | J6: =SUM(C6:G6) -> 0 | K6: =ROUND(J6/1,2)&" %" -> 0 % | L6: =VLOOKUP(A6,'UT-2(Entry)'!$1:$1048576,10,0) -> 0 | M6: =VLOOKUP(A6,'UT-2(Entry)'!$1:$1048576,11,0) -> 0
A7: =DETAILS!A6 -> 1559 | B7: =DETAILS!B6 -> ADITYA VERMA | C7: =IFERROR(ROUND((VLOOKUP(A7,'UT-2(Entry)'!$1:$1048576,3,0))/2,0),VLOOKUP(A7,'UT-2(Entry)'!$1:$1048576,3,0)) -> 0 | D7: =IFERROR(ROUND((VLOOKUP(A7,'UT-2(Entry)'!$1:$1048576,4,0))/2,0),VLOOKUP(A7,'UT-2(Entry)'!$1:$1048576,4,0)) -> 0 | E7: =IFERROR(ROUND((VLOOKUP(A7,'UT-2(Entry)'!$1:$1048576,5,0))/2,0),VLOOKUP(A7,'UT-2(Entry)'!$1:$1048576,5,0)) -> 0 | F7: =IFERROR(ROUND((VLOOKUP(A7,'UT-2(Entry)'!$1:$1048576,6,0))/2,0),VLOOKUP(A7,'UT-2(Entry)'!$1:$1048576,6,0)) -> 0 | G7: =IFERROR(ROUND((VLOOKUP(A7,'UT-2(Entry)'!$1:$1048576,7,0))/2,0),VLOOKUP(A7,'UT-2(Entry)'!$1:$1048576,7,0)) -> 0 | H7: =IFERROR(VLOOKUP(VLOOKUP(A7,'UT-2(Entry)'!$1:$1048576,8,0),'Grade(40)'!$1:$1048576,2,0),VLOOKUP(A7,'UT-2(Entry)'!$1:$1048576,8,0)) -> E | I7: =IFERROR(VLOOKUP(VLOOKUP(A7,'UT-2(Entry)'!$1:$1048576,9,0),'Grade(40)'!$1:$1048576,2,0),VLOOKUP(A7,'UT-2(Entry)'!$1:$1048576,9,0)) -> E | J7: =SUM(C7:G7) -> 0 | K7: =ROUND(J7/1,2)&" %" -> 0 % | L7: =VLOOKUP(A7,'UT-2(Entry)'!$1:$1048576,10,0) -> 0 | M7: =VLOOKUP(A7,'UT-2(Entry)'!$1:$1048576,11,0) -> 0
A8: =DETAILS!A7 -> 1548 | B8: =DETAILS!B7 -> ADVIK BAJPAI | C8: =IFERROR(ROUND((VLOOKUP(A8,'UT-2(Entry)'!$1:$1048576,3,0))/2,0),VLOOKUP(A8,'UT-2(Entry)'!$1:$1048576,3,0)) -> 0 | D8: =IFERROR(ROUND((VLOOKUP(A8,'UT-2(Entry)'!$1:$1048576,4,0))/2,0),VLOOKUP(A8,'UT-2(Entry)'!$1:$1048576,4,0)) -> 0 | E8: =IFERROR(ROUND((VLOOKUP(A8,'UT-2(Entry)'!$1:$1048576,5,0))/2,0),VLOOKUP(A8,'UT-2(Entry)'!$1:$1048576,5,0)) -> 0 | F8: =IFERROR(ROUND((VLOOKUP(A8,'UT-2(Entry)'!$1:$1048576,6,0))/2,0),VLOOKUP(A8,'UT-2(Entry)'!$1:$1048576,6,0)) -> 0 | G8: =IFERROR(ROUND((VLOOKUP(A8,'UT-2(Entry)'!$1:$1048576,7,0))/2,0),VLOOKUP(A8,'UT-2(Entry)'!$1:$1048576,7,0)) -> 0 | H8: =IFERROR(VLOOKUP(VLOOKUP(A8,'UT-2(Entry)'!$1:$1048576,8,0),'Grade(40)'!$1:$1048576,2,0),VLOOKUP(A8,'UT-2(Entry)'!$1:$1048576,8,0)) -> E | I8: =IFERROR(VLOOKUP(VLOOKUP(A8,'UT-2(Entry)'!$1:$1048576,9,0),'Grade(40)'!$1:$1048576,2,0),VLOOKUP(A8,'UT-2(Entry)'!$1:$1048576,9,0)) -> E | J8: =SUM(C8:G8) -> 0 | K8: =ROUND(J8/1,2)&" %" -> 0 % | L8: =VLOOKUP(A8,'UT-2(Entry)'!$1:$1048576,10,0) -> 0 | M8: =VLOOKUP(A8,'UT-2(Entry)'!$1:$1048576,11,0) -> 0
A9: =DETAILS!A8 -> 1549 | B9: =DETAILS!B8 -> AHEM SHARMA | C9: =IFERROR(ROUND((VLOOKUP(A9,'UT-2(Entry)'!$1:$1048576,3,0))/2,0),VLOOKUP(A9,'UT-2(Entry)'!$1:$1048576,3,0)) -> 0 | D9: =IFERROR(ROUND((VLOOKUP(A9,'UT-2(Entry)'!$1:$1048576,4,0))/2,0),VLOOKUP(A9,'UT-2(Entry)'!$1:$1048576,4,0)) -> 0 | E9: =IFERROR(ROUND((VLOOKUP(A9,'UT-2(Entry)'!$1:$1048576,5,0))/2,0),VLOOKUP(A9,'UT-2(Entry)'!$1:$1048576,5,0)) -> 0 | F9: =IFERROR(ROUND((VLOOKUP(A9,'UT-2(Entry)'!$1:$1048576,6,0))/2,0),VLOOKUP(A9,'UT-2(Entry)'!$1:$1048576,6,0)) -> 0 | G9: =IFERROR(ROUND((VLOOKUP(A9,'UT-2(Entry)'!$1:$1048576,7,0))/2,0),VLOOKUP(A9,'UT-2(Entry)'!$1:$1048576,7,0)) -> 0 | H9: =IFERROR(VLOOKUP(VLOOKUP(A9,'UT-2(Entry)'!$1:$1048576,8,0),'Grade(40)'!$1:$1048576,2,0),VLOOKUP(A9,'UT-2(Entry)'!$1:$1048576,8,0)) -> E | I9: =IFERROR(VLOOKUP(VLOOKUP(A9,'UT-2(Entry)'!$1:$1048576,9,0),'Grade(40)'!$1:$1048576,2,0),VLOOKUP(A9,'UT-2(Entry)'!$1:$1048576,9,0)) -> E | J9: =SUM(C9:G9) -> 0 | K9: =ROUND(J9/1,2)&" %" -> 0 % | L9: =VLOOKUP(A9,'UT-2(Entry)'!$1:$1048576,10,0) -> 0 | M9: =VLOOKUP(A9,'UT-2(Entry)'!$1:$1048576,11,0) -> 0
A10: =DETAILS!A9 -> 1556 | B10: =DETAILS!B9 -> AKRATI VISHWAKARMA | C10: =IFERROR(ROUND((VLOOKUP(A10,'UT-2(Entry)'!$1:$1048576,3,0))/2,0),VLOOKUP(A10,'UT-2(Entry)'!$1:$1048576,3,0)) -> 0 | D10: =IFERROR(ROUND((VLOOKUP(A10,'UT-2(Entry)'!$1:$1048576,4,0))/2,0),VLOOKUP(A10,'UT-2(Entry)'!$1:$1048576,4,0)) -> 0 | E10: =IFERROR(ROUND((VLOOKUP(A10,'UT-2(Entry)'!$1:$1048576,5,0))/2,0),VLOOKUP(A10,'UT-2(Entry)'!$1:$1048576,5,0)) -> 0 | F10: =IFERROR(ROUND((VLOOKUP(A10,'UT-2(Entry)'!$1:$1048576,6,0))/2,0),VLOOKUP(A10,'UT-2(Entry)'!$1:$1048576,6,0)) -> 0 | G10: =IFERROR(ROUND((VLOOKUP(A10,'UT-2(Entry)'!$1:$1048576,7,0))/2,0),VLOOKUP(A10,'UT-2(Entry)'!$1:$1048576,7,0)) -> 0 | H10: =IFERROR(VLOOKUP(VLOOKUP(A10,'UT-2(Entry)'!$1:$1048576,8,0),'Grade(40)'!$1:$1048576,2,0),VLOOKUP(A10,'UT-2(Entry)'!$1:$1048576,8,0)) -> E | I10: =IFERROR(VLOOKUP(VLOOKUP(A10,'UT-2(Entry)'!$1:$1048576,9,0),'Grade(40)'!$1:$1048576,2,0),VLOOKUP(A10,'UT-2(Entry)'!$1:$1048576,9,0)) -> E | J10: =SUM(C10:G10) -> 0 | K10: =ROUND(J10/1,2)&" %" -> 0 % | L10: =VLOOKUP(A10,'UT-2(Entry)'!$1:$1048576,10,0) -> 0 | M10: =VLOOKUP(A10,'UT-2(Entry)'!$1:$1048576,11,0) -> 0
A11: =DETAILS!A10 -> 1915 | B11: =DETAILS!B10 -> AKRITI SHUKLA | C11: =IFERROR(ROUND((VLOOKUP(A11,'UT-2(Entry)'!$1:$1048576,3,0))/2,0),VLOOKUP(A11,'UT-2(Entry)'!$1:$1048576,3,0)) -> 0 | D11: =IFERROR(ROUND((VLOOKUP(A11,'UT-2(Entry)'!$1:$1048576,4,0))/2,0),VLOOKUP(A11,'UT-2(Entry)'!$1:$1048576,4,0)) -> 0 | E11: =IFERROR(ROUND((VLOOKUP(A11,'UT-2(Entry)'!$1:$1048576,5,0))/2,0),VLOOKUP(A11,'UT-2(Entry)'!$1:$1048576,5,0)) -> 0 | F11: =IFERROR(ROUND((VLOOKUP(A11,'UT-2(Entry)'!$1:$1048576,6,0))/2,0),VLOOKUP(A11,'UT-2(Entry)'!$1:$1048576,6,0)) -> 0 | G11: =IFERROR(ROUND((VLOOKUP(A11,'UT-2(Entry)'!$1:$1048576,7,0))/2,0),VLOOKUP(A11,'UT-2(Entry)'!$1:$1048576,7,0)) -> 0 | H11: =IFERROR(VLOOKUP(VLOOKUP(A11,'UT-2(Entry)'!$1:$1048576,8,0),'Grade(40)'!$1:$1048576,2,0),VLOOKUP(A11,'UT-2(Entry)'!$1:$1048576,8,0)) -> E | I11: =IFERROR(VLOOKUP(VLOOKUP(A11,'UT-2(Entry)'!$1:$1048576,9,0),'Grade(40)'!$1:$1048576,2,0),VLOOKUP(A11,'UT-2(Entry)'!$1:$1048576,9,0)) -> E | J11: =SUM(C11:G11) -> 0 | K11: =ROUND(J11/1,2)&" %" -> 0 % | L11: =VLOOKUP(A11,'UT-2(Entry)'!$1:$1048576,10,0) -> 0 | M11: =VLOOKUP(A11,'UT-2(Entry)'!$1:$1048576,11,0) -> 0
A12: =DETAILS!A11 -> 1563 | B12: =DETAILS!B11 -> ANANYA | C12: =IFERROR(ROUND((VLOOKUP(A12,'UT-2(Entry)'!$1:$1048576,3,0))/2,0),VLOOKUP(A12,'UT-2(Entry)'!$1:$1048576,3,0)) -> 0 | D12: =IFERROR(ROUND((VLOOKUP(A12,'UT-2(Entry)'!$1:$1048576,4,0))/2,0),VLOOKUP(A12,'UT-2(Entry)'!$1:$1048576,4,0)) -> 0 | E12: =IFERROR(ROUND((VLOOKUP(A12,'UT-2(Entry)'!$1:$1048576,5,0))/2,0),VLOOKUP(A12,'UT-2(Entry)'!$1:$1048576,5,0)) -> 0 | F12: =IFERROR(ROUND((VLOOKUP(A12,'UT-2(Entry)'!$1:$1048576,6,0))/2,0),VLOOKUP(A12,'UT-2(Entry)'!$1:$1048576,6,0)) -> 0 | G12: =IFERROR(ROUND((VLOOKUP(A12,'UT-2(Entry)'!$1:$1048576,7,0))/2,0),VLOOKUP(A12,'UT-2(Entry)'!$1:$1048576,7,0)) -> 0 | H12: =IFERROR(VLOOKUP(VLOOKUP(A12,'UT-2(Entry)'!$1:$1048576,8,0),'Grade(40)'!$1:$1048576,2,0),VLOOKUP(A12,'UT-2(Entry)'!$1:$1048576,8,0)) -> E | I12: =IFERROR(VLOOKUP(VLOOKUP(A12,'UT-2(Entry)'!$1:$1048576,9,0),'Grade(40)'!$1:$1048576,2,0),VLOOKUP(A12,'UT-2(Entry)'!$1:$1048576,9,0)) -> E | J12: =SUM(C12:G12) -> 0 | K12: =ROUND(J12/1,2)&" %" -> 0 % | L12: =VLOOKUP(A12,'UT-2(Entry)'!$1:$1048576,10,0) -> 0 | M12: =VLOOKUP(A12,'UT-2(Entry)'!$1:$1048576,11,0) -> 0
A13: =DETAILS!A12 -> 1562 | B13: =DETAILS!B12 -> ANKITA RAJPOOT | C13: =IFERROR(ROUND((VLOOKUP(A13,'UT-2(Entry)'!$1:$1048576,3,0))/2,0),VLOOKUP(A13,'UT-2(Entry)'!$1:$1048576,3,0)) -> 0 | D13: =IFERROR(ROUND((VLOOKUP(A13,'UT-2(Entry)'!$1:$1048576,4,0))/2,0),VLOOKUP(A13,'UT-2(Entry)'!$1:$1048576,4,0)) -> 0 | E13: =IFERROR(ROUND((VLOOKUP(A13,'UT-2(Entry)'!$1:$1048576,5,0))/2,0),VLOOKUP(A13,'UT-2(Entry)'!$1:$1048576,5,0)) -> 0 | F13: =IFERROR(ROUND((VLOOKUP(A13,'UT-2(Entry)'!$1:$1048576,6,0))/2,0),VLOOKUP(A13,'UT-2(Entry)'!$1:$1048576,6,0)) -> 0 | G13: =IFERROR(ROUND((VLOOKUP(A13,'UT-2(Entry)'!$1:$1048576,7,0))/2,0),VLOOKUP(A13,'UT-2(Entry)'!$1:$1048576,7,0)) -> 0 | H13: =IFERROR(VLOOKUP(VLOOKUP(A13,'UT-2(Entry)'!$1:$1048576,8,0),'Grade(40)'!$1:$1048576,2,0),VLOOKUP(A13,'UT-2(Entry)'!$1:$1048576,8,0)) -> E | I13: =IFERROR(VLOOKUP(VLOOKUP(A13,'UT-2(Entry)'!$1:$1048576,9,0),'Grade(40)'!$1:$1048576,2,0),VLOOKUP(A13,'UT-2(Entry)'!$1:$1048576,9,0)) -> E | J13: =SUM(C13:G13) -> 0 | K13: =ROUND(J13/1,2)&" %" -> 0 % | L13: =VLOOKUP(A13,'UT-2(Entry)'!$1:$1048576,10,0) -> 0 | M13: =VLOOKUP(A13,'UT-2(Entry)'!$1:$1048576,11,0) -> 0
A14: =DETAILS!A13 -> 1547 | B14: =DETAILS!B13 -> ANSHIKA PANDEY | C14: =IFERROR(ROUND((VLOOKUP(A14,'UT-2(Entry)'!$1:$1048576,3,0))/2,0),VLOOKUP(A14,'UT-2(Entry)'!$1:$1048576,3,0)) -> 0 | D14: =IFERROR(ROUND((VLOOKUP(A14,'UT-2(Entry)'!$1:$1048576,4,0))/2,0),VLOOKUP(A14,'UT-2(Entry)'!$1:$1048576,4,0)) -> 0 | E14: =IFERROR(ROUND((VLOOKUP(A14,'UT-2(Entry)'!$1:$1048576,5,0))/2,0),VLOOKUP(A14,'UT-2(Entry)'!$1:$1048576,5,0)) -> 0 | F14: =IFERROR(ROUND((VLOOKUP(A14,'UT-2(Entry)'!$1:$1048576,6,0))/2,0),VLOOKUP(A14,'UT-2(Entry)'!$1:$1048576,6,0)) -> 0 | G14: =IFERROR(ROUND((VLOOKUP(A14,'UT-2(Entry)'!$1:$1048576,7,0))/2,0),VLOOKUP(A14,'UT-2(Entry)'!$1:$1048576,7,0)) -> 0 | H14: =IFERROR(VLOOKUP(VLOOKUP(A14,'UT-2(Entry)'!$1:$1048576,8,0),'Grade(40)'!$1:$1048576,2,0),VLOOKUP(A14,'UT-2(Entry)'!$1:$1048576,8,0)) -> E | I14: =IFERROR(VLOOKUP(VLOOKUP(A14,'UT-2(Entry)'!$1:$1048576,9,0),'Grade(40)'!$1:$1048576,2,0),VLOOKUP(A14,'UT-2(Entry)'!$1:$1048576,9,0)) -> E | J14: =SUM(C14:G14) -> 0 | K14: =ROUND(J14/1,2)&" %" -> 0 % | L14: =VLOOKUP(A14,'UT-2(Entry)'!$1:$1048576,10,0) -> 0 | M14: =VLOOKUP(A14,'UT-2(Entry)'!$1:$1048576,11,0) -> 0
A15: =DETAILS!A14 -> 1644 | B15: =DETAILS!B14 -> ARADHYA SINGH | C15: =IFERROR(ROUND((VLOOKUP(A15,'UT-2(Entry)'!$1:$1048576,3,0))/2,0),VLOOKUP(A15,'UT-2(Entry)'!$1:$1048576,3,0)) -> 0 | D15: =IFERROR(ROUND((VLOOKUP(A15,'UT-2(Entry)'!$1:$1048576,4,0))/2,0),VLOOKUP(A15,'UT-2(Entry)'!$1:$1048576,4,0)) -> 0 | E15: =IFERROR(ROUND((VLOOKUP(A15,'UT-2(Entry)'!$1:$1048576,5,0))/2,0),VLOOKUP(A15,'UT-2(Entry)'!$1:$1048576,5,0)) -> 0 | F15: =IFERROR(ROUND((VLOOKUP(A15,'UT-2(Entry)'!$1:$1048576,6,0))/2,0),VLOOKUP(A15,'UT-2(Entry)'!$1:$1048576,6,0)) -> 0 | G15: =IFERROR(ROUND((VLOOKUP(A15,'UT-2(Entry)'!$1:$1048576,7,0))/2,0),VLOOKUP(A15,'UT-2(Entry)'!$1:$1048576,7,0)) -> 0 | H15: =IFERROR(VLOOKUP(VLOOKUP(A15,'UT-2(Entry)'!$1:$1048576,8,0),'Grade(40)'!$1:$1048576,2,0),VLOOKUP(A15,'UT-2(Entry)'!$1:$1048576,8,0)) -> E | I15: =IFERROR(VLOOKUP(VLOOKUP(A15,'UT-2(Entry)'!$1:$1048576,9,0),'Grade(40)'!$1:$1048576,2,0),VLOOKUP(A15,'UT-2(Entry)'!$1:$1048576,9,0)) -> E | J15: =SUM(C15:G15) -> 0 | K15: =ROUND(J15/1,2)&" %" -> 0 % | L15: =VLOOKUP(A15,'UT-2(Entry)'!$1:$1048576,10,0) -> 0 | M15: =VLOOKUP(A15,'UT-2(Entry)'!$1:$1048576,11,0) -> 0
... A42: =DETAILS!A41 -> 1937 | B42: =DETAILS!B41 -> VIVAAN PAL | C42: =IFERROR(ROUND((VLOOKUP(A42,'UT-2(Entry)'!$1:$1048576,3,0))/2,0),VLOOKUP(A42,'UT-2(Entry)'!$1:$1048576,3,0)) -> 0 | D42: =IFERROR(ROUND((VLOOKUP(A42,'UT-2(Entry)'!$1:$1048576,4,0))/2,0),VLOOKUP(A42,'UT-2(Entry)'!$1:$1048576,4,0)) -> 0 | E42: =IFERROR(ROUND((VLOOKUP(A42,'UT-2(Entry)'!$1:$1048576,5,0))/2,0),VLOOKUP(A42,'UT-2(Entry)'!$1:$1048576,5,0)) -> 0 | F42: =IFERROR(ROUND((VLOOKUP(A42,'UT-2(Entry)'!$1:$1048576,6,0))/2,0),VLOOKUP(A42,'UT-2(Entry)'!$1:$1048576,6,0)) -> 0 | G42: =IFERROR(ROUND((VLOOKUP(A42,'UT-2(Entry)'!$1:$1048576,7,0))/2,0),VLOOKUP(A42,'UT-2(Entry)'!$1:$1048576,7,0)) -> 0 | H42: =IFERROR(VLOOKUP(VLOOKUP(A42,'UT-2(Entry)'!$1:$1048576,8,0),'Grade(40)'!$1:$1048576,2,0),VLOOKUP(A42,'UT-2(Entry)'!$1:$1048576,8,0)) -> E | I42: =IFERROR(VLOOKUP(VLOOKUP(A42,'UT-2(Entry)'!$1:$1048576,9,0),'Grade(40)'!$1:$1048576,2,0),VLOOKUP(A42,'UT-2(Entry)'!$1:$1048576,9,0)) -> E | J42: =SUM(C42:G42) -> 0 | K42: =ROUND(J42/1,2)&" %" -> 0 % | L42: =VLOOKUP(A42,'UT-2(Entry)'!$1:$1048576,10,0) -> 0 | M42: =VLOOKUP(A42,'UT-2(Entry)'!$1:$1048576,11,0) -> 0

Sheet NOTEBOOK-2(Entry)
A1: NOTEBOOK -2 (2025-26) CLASS -I
A2: SR. NO. | B2: NAME | C2: ENGLISH | D2: HINDI | E2: MATHS | F2: EVS | G2: COMPUTER
A3: =DETAILS!A3 -> 1804 | B3: =DETAILS!B3 -> AAKRITI SINGH
A4: =DETAILS!A4 -> 1571 | B4: =DETAILS!B4 -> ABHIJEET PATEL
A5: =DETAILS!A5 -> 1881 | B5: =DETAILS!B5 -> ADITI
A6: =DETAILS!A6 -> 1559 | B6: =DETAILS!B6 -> ADITYA VERMA
A7: =DETAILS!A7 -> 1548 | B7: =DETAILS!B7 -> ADVIK BAJPAI
A8: =DETAILS!A8 -> 1549 | B8: =DETAILS!B8 -> AHEM SHARMA
A9: =DETAILS!A9 -> 1556 | B9: =DETAILS!B9 -> AKRATI VISHWAKARMA
A10: =DETAILS!A10 -> 1915 | B10: =DETAILS!B10 -> AKRITI SHUKLA
A11: =DETAILS!A11 -> 1563 | B11: =DETAILS!B11 -> ANANYA
A12: =DETAILS!A12 -> 1562 | B12: =DETAILS!B12 -> ANKITA RAJPOOT
A13: =DETAILS!A13 -> 1547 | B13: =DETAILS!B13 -> ANSHIKA PANDEY
A14: =DETAILS!A14 -> 1644 | B14: =DETAILS!B14 -> ARADHYA SINGH
... A41: =DETAILS!A41 -> 1937 | B41: =DETAILS!B41 -> VIVAAN PAL

Sheet ENRICH-2(Entry)
A1: SUBJECT ENRICHMENT-2 (2025-26) CLASS -I
A2: SR. NO. | B2: NAME | C2: ENGLISH | D2: HINDI | E2: MATHS | F2: EVS | G2: COMPUTER
A3: =DETAILS!A3 -> 1804 | B3: =DETAILS!B3 -> AAKRITI SINGH
A4: =DETAILS!A4 -> 1571 | B4: =DETAILS!B4 -> ABHIJEET PATEL
A5: =DETAILS!A5 -> 1881 | B5: =DETAILS!B5 -> ADITI
A6: =DETAILS!A6 -> 1559 | B6: =DETAILS!B6 -> ADITYA VERMA
A7: =DETAILS!A7 -> 1548 | B7: =DETAILS!B7 -> ADVIK BAJPAI
A8: =DETAILS!A8 -> 1549 | B8: =DETAILS!B8 -> AHEM SHARMA
A9: =DETAILS!A9 -> 1556 | B9: =DETAILS!B9 -> AKRATI VISHWAKARMA
A10: =DETAILS!A10 -> 1915 | B10: =DETAILS!B10 -> AKRITI SHUKLA
A11: =DETAILS!A11 -> 1563 | B11: =DETAILS!B11 -> ANANYA
A12: =DETAILS!A12 -> 1562 | B12: =DETAILS!B12 -> ANKITA RAJPOOT
A13: =DETAILS!A13 -> 1547 | B13: =DETAILS!B13 -> ANSHIKA PANDEY
A14: =DETAILS!A14 -> 1644 | B14: =DETAILS!B14 -> ARADHYA SINGH
... A41: =DETAILS!A41 -> 1937 | B41: =DETAILS!B41 -> VIVAAN PAL

Sheet Annual(Entry)
A1: ANNUAL EXAMINATION (2025-26) CLASS - I
A2: SR. NO. | B2: NAME | C2: ENGLISH | D2: HINDI | E2: MATHS | F2: EVS | G2: COMPUTER | H2: WORK EDUCATION | I2: ART EDUCATION | J2: GENERAL KNOWLEDGE | K2: HEALTH & PHYSICAL EDUCATION | L2: DISCIPLINE | M2: Total Present | N2: Total Working | O2: Class Teacher's Remark | P2: TOTAL | Q2: Percentage
A3: =DETAILS!A3 -> 1804 | B3: =DETAILS!B3 -> AAKRITI SINGH | P3: =SUM(C3:G3) -> 0 | Q3: =ROUND(P3/4,2)&" %" -> 0 %
A4: =DETAILS!A4 -> 1571 | B4: =DETAILS!B4 -> ABHIJEET PATEL | P4: =SUM(C4:G4) -> 0 | Q4: =ROUND(P4/4,2)&" %" -> 0 %
A5: =DETAILS!A5 -> 1881 | B5: =DETAILS!B5 -> ADITI | P5: =SUM(C5:G5) -> 0 | Q5: =ROUND(P5/4,2)&" %" -> 0 %
A6: =DETAILS!A6 -> 1559 | B6: =DETAILS!B6 -> ADITYA VERMA | P6: =SUM(C6:G6) -> 0 | Q6: =ROUND(P6/4,2)&" %" -> 0 %
A7: =DETAILS!A7 -> 1548 | B7: =DETAILS!B7 -> ADVIK BAJPAI | P7: =SUM(C7:G7) -> 0 | Q7: =ROUND(P7/4,2)&" %" -> 0 %
A8: =DETAILS!A8 -> 1549 | B8: =DETAILS!B8 -> AHEM SHARMA | P8: =SUM(C8:G8) -> 0 | Q8: =ROUND(P8/4,2)&" %" -> 0 %
A9: =DETAILS!A9 -> 1556 | B9: =DETAILS!B9 -> AKRATI VISHWAKARMA | P9: =SUM(C9:G9) -> 0 | Q9: =ROUND(P9/4,2)&" %" -> 0 %
A10: =DETAILS!A10 -> 1915 | B10: =DETAILS!B10 -> AKRITI SHUKLA | P10: =SUM(C10:G10) -> 0 | Q10: =ROUND(P10/4,2)&" %" -> 0 %
A11: =DETAILS!A11 -> 1563 | B11: =DETAILS!B11 -> ANANYA | P11: =SUM(C11:G11) -> 0 | Q11: =ROUND(P11/4,2)&" %" -> 0 %
A12: =DETAILS!A12 -> 1562 | B12: =DETAILS!B12 -> ANKITA RAJPOOT | P12: =SUM(C12:G12) -> 0 | Q12: =ROUND(P12/4,2)&" %" -> 0 %
A13: =DETAILS!A13 -> 1547 | B13: =DETAILS!B13 -> ANSHIKA PANDEY | P13: =SUM(C13:G13) -> 0 | Q13: =ROUND(P13/4,2)&" %" -> 0 %
A14: =DETAILS!A14 -> 1644 | B14: =DETAILS!B14 -> ARADHYA SINGH | P14: =SUM(C14:G14) -> 0 | Q14: =ROUND(P14/4,2)&" %" -> 0 %
... A41: =DETAILS!A41 -> 1937 | B41: =DETAILS!B41 -> VIVAAN PAL | P41: =SUM(C41:G41) -> 0 | Q41: =ROUND(P41/4,2)&" %" -> 0 %

Sheet ANNUAL
A1: ANNUAL EXAMINATION (2025-26) CLASS - I
A2: SR. NO. | B2: NAME | C2: ENGLISH | D2: HINDI | E2: MATHS | F2: EVS | G2: COMPUTER | H2: WORK EDUCATION | I2: ART EDUCATION | J2: GENERAL KNOWLEDGE | K2: HEALTH & PHYSICAL EDUCATION | L2: DISCIPLINE | M2: Total Present | N2: Total Working | O2: Class Teacher's Remark | P2: TOTAL | Q2: Percentage
A3: =DETAILS!A3 -> 1804 | B3: =DETAILS!B3 -> AAKRITI SINGH | C3: =VLOOKUP($A3,'Annual(Entry)'!$1:$1048576,3,0) -> 0 | D3: =VLOOKUP($A3,'Annual(Entry)'!$1:$1048576,4,0) -> 0 | E3: =VLOOKUP($A3,'Annual(Entry)'!$1:$1048576,5,0) -> 0 | F3: =VLOOKUP($A3,'Annual(Entry)'!$1:$1048576,6,0) -> 0 | G3: =VLOOKUP($A3,'Annual(Entry)'!$1:$1048576,7,0) -> 0 | H3: =VLOOKUP($A3,'Annual(Entry)'!$1:$1048576,8,0) -> 0 | I3: =IFERROR(VLOOKUP(VLOOKUP(A3,'Annual(Entry)'!$1:$1048576,9,0),'Grade 50'!$1:$1048576,2,0),VLOOKUP(A3,'Annual(Entry)'!$1:$1048576,9,0)) -> E | J3: =IFERROR(VLOOKUP(VLOOKUP(A3,'Annual(Entry)'!$1:$1048576,10,0),'Grade 50'!$1:$1048576,2,0),VLOOKUP(A3,'Annual(Entry)'!$1:$1048576,10,0)) -> E | K3: =VLOOKUP($A3,'Annual(Entry)'!$1:$1048576,11,0) -> 0 | L3: =VLOOKUP($A3,'Annual(Entry)'!$1:$1048576,12,0) -> 0 | M3: =VLOOKUP($A3,'Annual(Entry)'!$1:$1048576,13,0) -> 0 | N3: =VLOOKUP($A3,'Annual(Entry)'!$1:$1048576,14,0) -> 0 | O3: =VLOOKUP($A3,'Annual(Entry)'!$1:$1048576,15,0) -> 0 | P3: =SUM(C3:G3) -> 0 | Q3: =ROUND(P3/4,2)&" %" -> 0 %
A4: =DETAILS!A4 -> 1571 | B4: =DETAILS!B4 -> ABHIJEET PATEL | C4: =VLOOKUP($A4,'Annual(Entry)'!$1:$1048576,3,0) -> 0 | D4: =VLOOKUP($A4,'Annual(Entry)'!$1:$1048576,4,0) -> 0 | E4: =VLOOKUP($A4,'Annual(Entry)'!$1:$1048576,5,0) -> 0 | F4: =VLOOKUP($A4,'Annual(Entry)'!$1:$1048576,6,0) -> 0 | G4: =VLOOKUP($A4,'Annual(Entry)'!$1:$1048576,7,0) -> 0 | H4: =VLOOKUP($A4,'Annual(Entry)'!$1:$1048576,8,0) -> 0 | I4: =IFERROR(VLOOKUP(VLOOKUP(A4,'Annual(Entry)'!$1:$1048576,9,0),'Grade 50'!$1:$1048576,2,0),VLOOKUP(A4,'Annual(Entry)'!$1:$1048576,9,0)) -> E | J4: =IFERROR(VLOOKUP(VLOOKUP(A4,'Annual(Entry)'!$1:$1048576,10,0),'Grade 50'!$1:$1048576,2,0),VLOOKUP(A4,'Annual(Entry)'!$1:$1048576,10,0)) -> E | K4: =VLOOKUP($A4,'Annual(Entry)'!$1:$1048576,11,0) -> 0 | L4: =VLOOKUP($A4,'Annual(Entry)'!$1:$1048576,12,0) -> 0 | M4: =VLOOKUP($A4,'Annual(Entry)'!$1:$1048576,13,0) -> 0 | N4: =VLOOKUP($A4,'Annual(Entry)'!$1:$1048576,14,0) -> 0 | O4: =VLOOKUP($A4,'Annual(Entry)'!$1:$1048576,15,0) -> 0 | P4: =SUM(C4:G4) -> 0 | Q4: =ROUND(P4/4,2)&" %" -> 0 %
A5: =DETAILS!A5 -> 1881 | B5: =DETAILS!B5 -> ADITI | C5: =VLOOKUP($A5,'Annual(Entry)'!$1:$1048576,3,0) -> 0 | D5: =VLOOKUP($A5,'Annual(Entry)'!$1:$1048576,4,0) -> 0 | E5: =VLOOKUP($A5,'Annual(Entry)'!$1:$1048576,5,0) -> 0 | F5: =VLOOKUP($A5,'Annual(Entry)'!$1:$1048576,6,0) -> 0 | G5: =VLOOKUP($A5,'Annual(Entry)'!$1:$1048576,7,0) -> 0 | H5: =VLOOKUP($A5,'Annual(Entry)'!$1:$1048576,8,0) -> 0 | I5: =IFERROR(VLOOKUP(VLOOKUP(A5,'Annual(Entry)'!$1:$1048576,9,0),'Grade 50'!$1:$1048576,2,0),VLOOKUP(A5,'Annual(Entry)'!$1:$1048576,9,0)) -> E | J5: =IFERROR(VLOOKUP(VLOOKUP(A5,'Annual(Entry)'!$1:$1048576,10,0),'Grade 50'!$1:$1048576,2,0),VLOOKUP(A5,'Annual(Entry)'!$1:$1048576,10,0)) -> E | K5: =VLOOKUP($A5,'Annual(Entry)'!$1:$1048576,11,0) -> 0 | L5: =VLOOKUP($A5,'Annual(Entry)'!$1:$1048576,12,0) -> 0 | M5: =VLOOKUP($A5,'Annual(Entry)'!$1:$1048576,13,0) -> 0 | N5: =VLOOKUP($A5,'Annual(Entry)'!$1:$1048576,14,0) -> 0 | O5: =VLOOKUP($A5,'Annual(Entry)'!$1:$1048576,15,0) -> 0 | P5: =SUM(C5:G5) -> 0 | Q5: =ROUND(P5/4,2)&" %" -> 0 %
A6: =DETAILS!A6 -> 1559 | B6: =DETAILS!B6 -> ADITYA VERMA | C6: =VLOOKUP($A6,'Annual(Entry)'!$1:$1048576,3,0) -> 0 | D6: =VLOOKUP($A6,'Annual(Entry)'!$1:$1048576,4,0) -> 0 | E6: =VLOOKUP($A6,'Annual(Entry)'!$1:$1048576,5,0) -> 0 | F6: =VLOOKUP($A6,'Annual(Entry)'!$1:$1048576,6,0) -> 0 | G6: =VLOOKUP($A6,'Annual(Entry)'!$1:$1048576,7,0) -> 0 | H6: =VLOOKUP($A6,'Annual(Entry)'!$1:$1048576,8,0) -> 0 | I6: =IFERROR(VLOOKUP(VLOOKUP(A6,'Annual(Entry)'!$1:$1048576,9,0),'Grade 50'!$1:$1048576,2,0),VLOOKUP(A6,'Annual(Entry)'!$1:$1048576,9,0)) -> E | J6: =IFERROR(VLOOKUP(VLOOKUP(A6,'Annual(Entry)'!$1:$1048576,10,0),'Grade 50'!$1:$1048576,2,0),VLOOKUP(A6,'Annual(Entry)'!$1:$1048576,10,0)) -> E | K6: =VLOOKUP($A6,'Annual(Entry)'!$1:$1048576,11,0) -> 0 | L6: =VLOOKUP($A6,'Annual(Entry)'!$1:$1048576,12,0) -> 0 | M6: =VLOOKUP($A6,'Annual(Entry)'!$1:$1048576,13,0) -> 0 | N6: =VLOOKUP($A6,'Annual(Entry)'!$1:$1048576,14,0) -> 0 | O6: =VLOOKUP($A6,'Annual(Entry)'!$1:$1048576,15,0) -> 0 | P6: =SUM(C6:G6) -> 0 | Q6: =ROUND(P6/4,2)&" %" -> 0 %
A7: =DETAILS!A7 -> 1548 | B7: =DETAILS!B7 -> ADVIK BAJPAI | C7: =VLOOKUP($A7,'Annual(Entry)'!$1:$1048576,3,0) -> 0 | D7: =VLOOKUP($A7,'Annual(Entry)'!$1:$1048576,4,0) -> 0 | E7: =VLOOKUP($A7,'Annual(Entry)'!$1:$1048576,5,0) -> 0 | F7: =VLOOKUP($A7,'Annual(Entry)'!$1:$1048576,6,0) -> 0 | G7: =VLOOKUP($A7,'Annual(Entry)'!$1:$1048576,7,0) -> 0 | H7: =VLOOKUP($A7,'Annual(Entry)'!$1:$1048576,8,0) -> 0 | I7: =IFERROR(VLOOKUP(VLOOKUP(A7,'Annual(Entry)'!$1:$1048576,9,0),'Grade 50'!$1:$1048576,2,0),VLOOKUP(A7,'Annual(Entry)'!$1:$1048576,9,0)) -> E | J7: =IFERROR(VLOOKUP(VLOOKUP(A7,'Annual(Entry)'!$1:$1048576,10,0),'Grade 50'!$1:$1048576,2,0),VLOOKUP(A7,'Annual(Entry)'!$1:$1048576,10,0)) -> E | K7: =VLOOKUP($A7,'Annual(Entry)'!$1:$1048576,11,0) -> 0 | L7: =VLOOKUP($A7,'Annual(Entry)'!$1:$1048576,12,0) -> 0 | M7: =VLOOKUP($A7,'Annual(Entry)'!$1:$1048576,13,0) -> 0 | N7: =VLOOKUP($A7,'Annual(Entry)'!$1:$1048576,14,0) -> 0 | O7: =VLOOKUP($A7,'Annual(Entry)'!$1:$1048576,15,0) -> 0 | P7: =SUM(C7:G7) -> 0 | Q7: =ROUND(P7/4,2)&" %" -> 0 %
A8: =DETAILS!A8 -> 1549 | B8: =DETAILS!B8 -> AHEM SHARMA | C8: =VLOOKUP($A8,'Annual(Entry)'!$1:$1048576,3,0) -> 0 | D8: =VLOOKUP($A8,'Annual(Entry)'!$1:$1048576,4,0) -> 0 | E8: =VLOOKUP($A8,'Annual(Entry)'!$1:$1048576,5,0) -> 0 | F8: =VLOOKUP($A8,'Annual(Entry)'!$1:$1048576,6,0) -> 0 | G8: =VLOOKUP($A8,'Annual(Entry)'!$1:$1048576,7,0) -> 0 | H8: =VLOOKUP($A8,'Annual(Entry)'!$1:$1048576,8,0) -> 0 | I8: =IFERROR(VLOOKUP(VLOOKUP(A8,'Annual(Entry)'!$1:$1048576,9,0),'Grade 50'!$1:$1048576,2,0),VLOOKUP(A8,'Annual(Entry)'!$1:$1048576,9,0)) -> E | J8: =IFERROR(VLOOKUP(VLOOKUP(A8,'Annual(Entry)'!$1:$1048576,10,0),'Grade 50'!$1:$1048576,2,0),VLOOKUP(A8,'Annual(Entry)'!$1:$1048576,10,0)) -> E | K8: =VLOOKUP($A8,'Annual(Entry)'!$1:$1048576,11,0) -> 0 | L8: =VLOOKUP($A8,'Annual(Entry)'!$1:$1048576,12,0) -> 0 | M8: =VLOOKUP($A8,'Annual(Entry)'!$1:$1048576,13,0) -> 0 | N8: =VLOOKUP($A8,'Annual(Entry)'!$1:$1048576,14,0) -> 0 | O8: =VLOOKUP($A8,'Annual(Entry)'!$1:$1048576,15,0) -> 0 | P8: =SUM(C8:G8) -> 0 | Q8: =ROUND(P8/4,2)&" %" -> 0 %
A9: =DETAILS!A9 -> 1556 | B9: =DETAILS!B9 -> AKRATI VISHWAKARMA | C9: =VLOOKUP($A9,'Annual(Entry)'!$1:$1048576,3,0) -> 0 | D9: =VLOOKUP($A9,'Annual(Entry)'!$1:$1048576,4,0) -> 0 | E9: =VLOOKUP($A9,'Annual(Entry)'!$1:$1048576,5,0) -> 0 | F9: =VLOOKUP($A9,'Annual(Entry)'!$1:$1048576,6,0) -> 0 | G9: =VLOOKUP($A9,'Annual(Entry)'!$1:$1048576,7,0) -> 0 | H9: =VLOOKUP($A9,'Annual(Entry)'!$1:$1048576,8,0) -> 0 | I9: =IFERROR(VLOOKUP(VLOOKUP(A9,'Annual(Entry)'!$1:$1048576,9,0),'Grade 50'!$1:$1048576,2,0),VLOOKUP(A9,'Annual(Entry)'!$1:$1048576,9,0)) -> E | J9: =IFERROR(VLOOKUP(VLOOKUP(A9,'Annual(Entry)'!$1:$1048576,10,0),'Grade 50'!$1:$1048576,2,0),VLOOKUP(A9,'Annual(Entry)'!$1:$1048576,10,0)) -> E | K9: =VLOOKUP($A9,'Annual(Entry)'!$1:$1048576,11,0) -> 0 | L9: =VLOOKUP($A9,'Annual(Entry)'!$1:$1048576,12,0) -> 0 | M9: =VLOOKUP($A9,'Annual(Entry)'!$1:$1048576,13,0) -> 0 | N9: =VLOOKUP($A9,'Annual(Entry)'!$1:$1048576,14,0) -> 0 | O9: =VLOOKUP($A9,'Annual(Entry)'!$1:$1048576,15,0) -> 0 | P9: =SUM(C9:G9) -> 0 | Q9: =ROUND(P9/4,2)&" %" -> 0 %
A10: =DETAILS!A10 -> 1915 | B10: =DETAILS!B10 -> AKRITI SHUKLA | C10: =VLOOKUP($A10,'Annual(Entry)'!$1:$1048576,3,0) -> 0 | D10: =VLOOKUP($A10,'Annual(Entry)'!$1:$1048576,4,0) -> 0 | E10: =VLOOKUP($A10,'Annual(Entry)'!$1:$1048576,5,0) -> 0 | F10: =VLOOKUP($A10,'Annual(Entry)'!$1:$1048576,6,0) -> 0 | G10: =VLOOKUP($A10,'Annual(Entry)'!$1:$1048576,7,0) -> 0 | H10: =VLOOKUP($A10,'Annual(Entry)'!$1:$1048576,8,0) -> 0 | I10: =IFERROR(VLOOKUP(VLOOKUP(A10,'Annual(Entry)'!$1:$1048576,9,0),'Grade 50'!$1:$1048576,2,0),VLOOKUP(A10,'Annual(Entry)'!$1:$1048576,9,0)) -> E | J10: =IFERROR(VLOOKUP(VLOOKUP(A10,'Annual(Entry)'!$1:$1048576,10,0),'Grade 50'!$1:$1048576,2,0),VLOOKUP(A10,'Annual(Entry)'!$1:$1048576,10,0)) -> E | K10: =VLOOKUP($A10,'Annual(Entry)'!$1:$1048576,11,0) -> 0 | L10: =VLOOKUP($A10,'Annual(Entry)'!$1:$1048576,12,0) -> 0 | M10: =VLOOKUP($A10,'Annual(Entry)'!$1:$1048576,13,0) -> 0 | N10: =VLOOKUP($A10,'Annual(Entry)'!$1:$1048576,14,0) -> 0 | O10: =VLOOKUP($A10,'Annual(Entry)'!$1:$1048576,15,0) -> 0 | P10: =SUM(C10:G10) -> 0 | Q10: =ROUND(P10/4,2)&" %" -> 0 %
A11: =DETAILS!A11 -> 1563 | B11: =DETAILS!B11 -> ANANYA | C11: =VLOOKUP($A11,'Annual(Entry)'!$1:$1048576,3,0) -> 0 | D11: =VLOOKUP($A11,'Annual(Entry)'!$1:$1048576,4,0) -> 0 | E11: =VLOOKUP($A11,'Annual(Entry)'!$1:$1048576,5,0) -> 0 | F11: =VLOOKUP($A11,'Annual(Entry)'!$1:$1048576,6,0) -> 0 | G11: =VLOOKUP($A11,'Annual(Entry)'!$1:$1048576,7,0) -> 0 | H11: =VLOOKUP($A11,'Annual(Entry)'!$1:$1048576,8,0) -> 0 | I11: =IFERROR(VLOOKUP(VLOOKUP(A11,'Annual(Entry)'!$1:$1048576,9,0),'Grade 50'!$1:$1048576,2,0),VLOOKUP(A11,'Annual(Entry)'!$1:$1048576,9,0)) -> E | J11: =IFERROR(VLOOKUP(VLOOKUP(A11,'Annual(Entry)'!$1:$1048576,10,0),'Grade 50'!$1:$1048576,2,0),VLOOKUP(A11,'Annual(Entry)'!$1:$1048576,10,0)) -> E | K11: =VLOOKUP($A11,'Annual(Entry)'!$1:$1048576,11,0) -> 0 | L11: =VLOOKUP($A11,'Annual(Entry)'!$1:$1048576,12,0) -> 0 | M11: =VLOOKUP($A11,'Annual(Entry)'!$1:$1048576,13,0) -> 0 | N11: =VLOOKUP($A11,'Annual(Entry)'!$1:$1048576,14,0) -> 0 | O11: =VLOOKUP($A11,'Annual(Entry)'!$1:$1048576,15,0) -> 0 | P11: =SUM(C11:G11) -> 0 | Q11: =ROUND(P11/4,2)&" %" -> 0 %
A12: =DETAILS!A12 -> 1562 | B12: =DETAILS!B12 -> ANKITA RAJPOOT | C12: =VLOOKUP($A12,'Annual(Entry)'!$1:$1048576,3,0) -> 0 | D12: =VLOOKUP($A12,'Annual(Entry)'!$1:$1048576,4,0) -> 0 | E12: =VLOOKUP($A12,'Annual(Entry)'!$1:$1048576,5,0) -> 0 | F12: =VLOOKUP($A12,'Annual(Entry)'!$1:$1048576,6,0) -> 0 | G12: =VLOOKUP($A12,'Annual(Entry)'!$1:$1048576,7,0) -> 0 | H12: =VLOOKUP($A12,'Annual(Entry)'!$1:$1048576,8,0) -> 0 | I12: =IFERROR(VLOOKUP(VLOOKUP(A12,'Annual(Entry)'!$1:$1048576,9,0),'Grade 50'!$1:$1048576,2,0),VLOOKUP(A12,'Annual(Entry)'!$1:$1048576,9,0)) -> E | J12: =IFERROR(VLOOKUP(VLOOKUP(A12,'Annual(Entry)'!$1:$1048576,10,0),'Grade 50'!$1:$1048576,2,0),VLOOKUP(A12,'Annual(Entry)'!$1:$1048576,10,0)) -> E | K12: =VLOOKUP($A12,'Annual(Entry)'!$1:$1048576,11,0) -> 0 | L12: =VLOOKUP($A12,'Annual(Entry)'!$1:$1048576,12,0) -> 0 | M12: =VLOOKUP($A12,'Annual(Entry)'!$1:$1048576,13,0) -> 0 | N12: =VLOOKUP($A12,'Annual(Entry)'!$1:$1048576,14,0) -> 0 | O12: =VLOOKUP($A12,'Annual(Entry)'!$1:$1048576,15,0) -> 0 | P12: =SUM(C12:G12) -> 0 | Q12: =ROUND(P12/4,2)&" %" -> 0 %
A13: =DETAILS!A13 -> 1547 | B13: =DETAILS!B13 -> ANSHIKA PANDEY | C13: =VLOOKUP($A13,'Annual(Entry)'!$1:$1048576,3,0) -> 0 | D13: =VLOOKUP($A13,'Annual(Entry)'!$1:$1048576,4,0) -> 0 | E13: =VLOOKUP($A13,'Annual(Entry)'!$1:$1048576,5,0) -> 0 | F13: =VLOOKUP($A13,'Annual(Entry)'!$1:$1048576,6,0) -> 0 | G13: =VLOOKUP($A13,'Annual(Entry)'!$1:$1048576,7,0) -> 0 | H13: =VLOOKUP($A13,'Annual(Entry)'!$1:$1048576,8,0) -> 0 | I13: =IFERROR(VLOOKUP(VLOOKUP(A13,'Annual(Entry)'!$1:$1048576,9,0),'Grade 50'!$1:$1048576,2,0),VLOOKUP(A13,'Annual(Entry)'!$1:$1048576,9,0)) -> E | J13: =IFERROR(VLOOKUP(VLOOKUP(A13,'Annual(Entry)'!$1:$1048576,10,0),'Grade 50'!$1:$1048576,2,0),VLOOKUP(A13,'Annual(Entry)'!$1:$1048576,10,0)) -> E | K13: =VLOOKUP($A13,'Annual(Entry)'!$1:$1048576,11,0) -> 0 | L13: =VLOOKUP($A13,'Annual(Entry)'!$1:$1048576,12,0) -> 0 | M13: =VLOOKUP($A13,'Annual(Entry)'!$1:$1048576,13,0) -> 0 | N13: =VLOOKUP($A13,'Annual(Entry)'!$1:$1048576,14,0) -> 0 | O13: =VLOOKUP($A13,'Annual(Entry)'!$1:$1048576,15,0) -> 0 | P13: =SUM(C13:G13) -> 0 | Q13: =ROUND(P13/4,2)&" %" -> 0 %
A14: =DETAILS!A14 -> 1644 | B14: =DETAILS!B14 -> ARADHYA SINGH | C14: =VLOOKUP($A14,'Annual(Entry)'!$1:$1048576,3,0) -> 0 | D14: =VLOOKUP($A14,'Annual(Entry)'!$1:$1048576,4,0) -> 0 | E14: =VLOOKUP($A14,'Annual(Entry)'!$1:$1048576,5,0) -> 0 | F14: =VLOOKUP($A14,'Annual(Entry)'!$1:$1048576,6,0) -> 0 | G14: =VLOOKUP($A14,'Annual(Entry)'!$1:$1048576,7,0) -> 0 | H14: =VLOOKUP($A14,'Annual(Entry)'!$1:$1048576,8,0) -> 0 | I14: =IFERROR(VLOOKUP(VLOOKUP(A14,'Annual(Entry)'!$1:$1048576,9,0),'Grade 50'!$1:$1048576,2,0),VLOOKUP(A14,'Annual(Entry)'!$1:$1048576,9,0)) -> E | J14: =IFERROR(VLOOKUP(VLOOKUP(A14,'Annual(Entry)'!$1:$1048576,10,0),'Grade 50'!$1:$1048576,2,0),VLOOKUP(A14,'Annual(Entry)'!$1:$1048576,10,0)) -> E | K14: =VLOOKUP($A14,'Annual(Entry)'!$1:$1048576,11,0) -> 0 | L14: =VLOOKUP($A14,'Annual(Entry)'!$1:$1048576,12,0) -> 0 | M14: =VLOOKUP($A14,'Annual(Entry)'!$1:$1048576,13,0) -> 0 | N14: =VLOOKUP($A14,'Annual(Entry)'!$1:$1048576,14,0) -> 0 | O14: =VLOOKUP($A14,'Annual(Entry)'!$1:$1048576,15,0) -> 0 | P14: =SUM(C14:G14) -> 0 | Q14: =ROUND(P14/4,2)&" %" -> 0 %
... A41: =DETAILS!A41 -> 1937 | B41: =DETAILS!B41 -> VIVAAN PAL | C41: =VLOOKUP($A41,'Annual(Entry)'!$1:$1048576,3,0) -> 0 | D41: =VLOOKUP($A41,'Annual(Entry)'!$1:$1048576,4,0) -> 0 | E41: =VLOOKUP($A41,'Annual(Entry)'!$1:$1048576,5,0) -> 0 | F41: =VLOOKUP($A41,'Annual(Entry)'!$1:$1048576,6,0) -> 0 | G41: =VLOOKUP($A41,'Annual(Entry)'!$1:$1048576,7,0) -> 0 | H41: =VLOOKUP($A41,'Annual(Entry)'!$1:$1048576,8,0) -> 0 | I41: =IFERROR(VLOOKUP(VLOOKUP(A41,'Annual(Entry)'!$1:$1048576,9,0),'Grade 50'!$1:$1048576,2,0),VLOOKUP(A41,'Annual(Entry)'!$1:$1048576,9,0)) -> E | J41: =IFERROR(VLOOKUP(VLOOKUP(A41,'Annual(Entry)'!$1:$1048576,10,0),'Grade 50'!$1:$1048576,2,0),VLOOKUP(A41,'Annual(Entry)'!$1:$1048576,10,0)) -> E | K41: =VLOOKUP($A41,'Annual(Entry)'!$1:$1048576,11,0) -> 0 | L41: =VLOOKUP($A41,'Annual(Entry)'!$1:$1048576,12,0) -> 0 | M41: =VLOOKUP($A41,'Annual(Entry)'!$1:$1048576,13,0) -> 0 | N41: =VLOOKUP($A41,'Annual(Entry)'!$1:$1048576,14,0) -> 0 | O41: =VLOOKUP($A41,'Annual(Entry)'!$1:$1048576,15,0) -> 0 | P41: =SUM(C41:G41) -> 0 | Q41: =ROUND(P41/4,2)&" %" -> 0 %

Sheet COMPILE REPORT
A1: COMIPILE REPORT (2025-26) CLASS - I
A2: SR NO | B2: NAME | C2: ENGLISH | M2: HINDI | W2: MATHEMATICS | AG2: EVS | AQ2: COMPUTER | BA2: WORK EDUCATION | BB2: ART EDUCATION | BC2: GENERAL KNOWLEDGE | BD2: HEALTH & PHYSICAL EDUCATION | BE2: DISCIPLINE | BF2: TOTAL PRESENT | BG2: TORAL WORKING DAY | BH2: CLASS TEACHER'S REAMRK | BI2: Total | BJ2: Percentage
C3: UT-I | D3: NB-1 | E3: SE-1 | F3: HY | G3: Total | H3: UT-II | I3: NB-2 | J3: SE-2 | K3: AE | L3: Total | M3: UT-I | N3: NB-1 | O3: SE-1 | P3: HY | Q3: Total | R3: UT-II | S3: NB-2 | T3: SE-2 | U3: AE | V3: Total | W3: UT-I | X3: NB-1 | Y3: SE-1 | Z3: HY | AA3: Total | AB3: UT-II | AC3: NB-2 | AD3: SE-2 | AE3: AE | AF3: Total | AG3: UT-I | AH3: NB-1 | AI3: SE-1 | AJ3: HY | AK3: Total | AL3: UT-II | AM3: NB-2 | AN3: SE-2 | AO3: AE | AP3: Total | AQ3: UT-I | AR3: NB-1 | AS3: SE-1 | AT3: HY | AU3: Total | AV3: UT-II | AW3: NB-2 | AX3: SE-2 | AY3: AE | AZ3: Total
A4: =DETAILS!A3 -> 1804 | B4: =DETAILS!B3 -> AAKRITI SINGH | C4: =VLOOKUP($A4,'HY Compile'!$1:$1048576,3,0) -> 0 | D4: =VLOOKUP($A4,'HY Compile'!$1:$1048576,4,0) -> 0 | E4: =VLOOKUP($A4,'HY Compile'!$1:$1048576,5,0) -> 0 | F4: =VLOOKUP($A4,'HY Compile'!$1:$1048576,6,0) -> 0 | G4: =SUM(C4:F4) -> 0 | H4: =IFERROR(ROUND((VLOOKUP($A4,'UT-2'!$1:$1048576,3,0))/2,0),VLOOKUP($A4,'UT-2'!$1:$1048576,3,0)) -> 0 | I4: =VLOOKUP($A4,'NOTEBOOK-2(Entry)'!$1:$1048576,3,0) -> 0 | J4: =VLOOKUP($A4,'ENRICH-2(Entry)'!$1:$1048576,3,0) -> 0 | K4: =VLOOKUP($A4,ANNUAL!$1:$1048576,3,0) -> 0 | L4: =SUM(H4:K4) -> 0 | M4: =VLOOKUP($A4,'HY Compile'!$1:$1048576,8,0) -> 0 | N4: =VLOOKUP($A4,'HY Compile'!$1:$1048576,9,0) -> 0 | O4: =VLOOKUP($A4,'HY Compile'!$1:$1048576,10,0) -> 0 | P4: =VLOOKUP($A4,'HY Compile'!$1:$1048576,11,0) -> 0 | Q4: =SUM(M4:P4) -> 0 | R4: =IFERROR(ROUND((VLOOKUP($A4,'UT-2'!$1:$1048576,4,0))/2,0),VLOOKUP($A4,'UT-2'!$1:$1048576,4,0)) -> 0 | S4: =VLOOKUP($A4,'NOTEBOOK-2(Entry)'!$1:$1048576,4,0) -> 0 | T4: =VLOOKUP($A4,'ENRICH-2(Entry)'!$1:$1048576,4,0) -> 0 | U4: =VLOOKUP($A4,ANNUAL!$1:$1048576,4,0) -> 0 | V4: =SUM(R4:U4) -> 0 | W4: =VLOOKUP($A4,'HY Compile'!$1:$1048576,13,0) -> 0 | X4: =VLOOKUP($A4,'HY Compile'!$1:$1048576,14,0) -> 0 | Y4: =VLOOKUP($A4,'HY Compile'!$1:$1048576,15,0) -> 0 | Z4: =VLOOKUP($A4,'HY Compile'!$1:$1048576,16,0) -> 0 | AA4: =SUM(W4:Z4) -> 0 | AB4: =IFERROR(ROUND((VLOOKUP($A4,'UT-2'!$1:$1048576,5,0))/2,0),VLOOKUP($A4,'UT-2'!$1:$1048576,5,0)) -> 0 | AC4: =VLOOKUP($A4,'NOTEBOOK-2(Entry)'!$1:$1048576,5,0) -> 0 | AD4: =VLOOKUP($A4,'ENRICH-2(Entry)'!$1:$1048576,5,0) -> 0 | AE4: =VLOOKUP($A4,ANNUAL!$1:$1048576,5,0) -> 0 | AF4: =SUM(AB4:AE4) -> 0 | AG4: =VLOOKUP($A4,'HY Compile'!$1:$1048576,18,0) -> 0 | AH4: =VLOOKUP($A4,'HY Compile'!$1:$1048576,19,0) -> 0 | AI4: =VLOOKUP($A4,'HY Compile'!$1:$1048576,20,0) -> 0 | AJ4: =VLOOKUP($A4,'HY Compile'!$1:$1048576,21,0) -> 0 | AK4: =SUM(AG4:AJ4) -> 0 | AL4: =IFERROR(ROUND((VLOOKUP($A4,'UT-2'!$1:$1048576,6,0))/2,0),VLOOKUP($A4,'UT-2'!$1:$1048576,6,0)) -> 0 | AM4: =VLOOKUP($A4,'NOTEBOOK-2(Entry)'!$1:$1048576,6,0) -> 0 | AN4: =VLOOKUP($A4,'ENRICH-2(Entry)'!$1:$1048576,6,0) -> 0 | AO4: =VLOOKUP($A4,ANNUAL!$1:$1048576,6,0) -> 0 | AP4: =SUM(AL4:AO4) -> 0 | AQ4: =VLOOKUP($A4,'HY Compile'!$1:$1048576,23,0) -> 0 | AR4: =VLOOKUP($A4,'HY Compile'!$1:$1048576,24,0) -> 0 | AS4: =VLOOKUP($A4,'HY Compile'!$1:$1048576,25,0) -> 0 | AT4: =VLOOKUP($A4,'HY Compile'!$1:$1048576,26,0) -> 0 | AU4: =SUM(AQ4:AT4) -> 0 | AV4: =IFERROR(ROUND((VLOOKUP($A4,'UT-2'!$1:$1048576,7,0))/2,0),VLOOKUP($A4,'UT-2'!$1:$1048576,7,0)) -> 0 | AW4: =VLOOKUP($A4,'NOTEBOOK-2(Entry)'!$1:$1048576,7,0) -> 0 | AX4: =VLOOKUP($A4,'ENRICH-2(Entry)'!$1:$1048576,7,0) -> 0 | AY4: =VLOOKUP($A4,ANNUAL!$1:$1048576,7,0) -> 0 | AZ4: =SUM(AV4:AY4) -> 0 | BA4: =VLOOKUP($A4,ANNUAL!$1:$1048576,8,0) -> 0 | BB4: =VLOOKUP($A4,ANNUAL!$1:$1048576,9,0) -> E | BC4: =VLOOKUP($A4,ANNUAL!$1:$1048576,10,0) -> E | BD4: =VLOOKUP($A4,ANNUAL!$1:$1048576,11,0) -> 0 | BE4: =VLOOKUP($A4,ANNUAL!$1:$1048576,12,0) -> 0 | BF4: =VLOOKUP($A4,ANNUAL!$1:$1048576,13,0) -> 0 | BG4: =VLOOKUP($A4,ANNUAL!$1:$1048576,14,0) -> 0 | BH4: =VLOOKUP($A4,ANNUAL!$1:$1048576,15,0) -> 0 | BI4: =SUM(G4,L4,Q4,V4,AA4,AF4,AK4,AP4,AU4,AZ4) -> 0 | BJ4: =ROUND(BI4/10,2)&" %" -> 0 %
A5: =DETAILS!A4 -> 1571 | B5: =DETAILS!B4 -> ABHIJEET PATEL | C5: =VLOOKUP($A5,'HY Compile'!$1:$1048576,3,0) -> 0 | D5: =VLOOKUP($A5,'HY Compile'!$1:$1048576,4,0) -> 0 | E5: =VLOOKUP($A5,'HY Compile'!$1:$1048576,5,0) -> 0 | F5: =VLOOKUP($A5,'HY Compile'!$1:$1048576,6,0) -> 0 | G5: =SUM(C5:F5) -> 0 | H5: =IFERROR(ROUND((VLOOKUP($A5,'UT-2'!$1:$1048576,3,0))/2,0),VLOOKUP($A5,'UT-2'!$1:$1048576,3,0)) -> 0 | I5: =VLOOKUP($A5,'NOTEBOOK-2(Entry)'!$1:$1048576,3,0) -> 0 | J5: =VLOOKUP($A5,'ENRICH-2(Entry)'!$1:$1048576,3,0) -> 0 | K5: =VLOOKUP($A5,ANNUAL!$1:$1048576,3,0) -> 0 | L5: =SUM(H5:K5) -> 0 | M5: =VLOOKUP($A5,'HY Compile'!$1:$1048576,8,0) -> 0 | N5: =VLOOKUP($A5,'HY Compile'!$1:$1048576,9,0) -> 0 | O5: =VLOOKUP($A5,'HY Compile'!$1:$1048576,10,0) -> 0 | P5: =VLOOKUP($A5,'HY Compile'!$1:$1048576,11,0) -> 0 | Q5: =SUM(M5:P5) -> 0 | R5: =IFERROR(ROUND((VLOOKUP($A5,'UT-2'!$1:$1048576,4,0))/2,0),VLOOKUP($A5,'UT-2'!$1:$1048576,4,0)) -> 0 | S5: =VLOOKUP($A5,'NOTEBOOK-2(Entry)'!$1:$1048576,4,0) -> 0 | T5: =VLOOKUP($A5,'ENRICH-2(Entry)'!$1:$1048576,4,0) -> 0 | U5: =VLOOKUP($A5,ANNUAL!$1:$1048576,4,0) -> 0 | V5: =SUM(R5:U5) -> 0 | W5: =VLOOKUP($A5,'HY Compile'!$1:$1048576,13,0) -> 0 | X5: =VLOOKUP($A5,'HY Compile'!$1:$1048576,14,0) -> 0 | Y5: =VLOOKUP($A5,'HY Compile'!$1:$1048576,15,0) -> 0 | Z5: =VLOOKUP($A5,'HY Compile'!$1:$1048576,16,0) -> 0 | AA5: =SUM(W5:Z5) -> 0 | AB5: =IFERROR(ROUND((VLOOKUP($A5,'UT-2'!$1:$1048576,5,0))/2,0),VLOOKUP($A5,'UT-2'!$1:$1048576,5,0)) -> 0 | AC5: =VLOOKUP($A5,'NOTEBOOK-2(Entry)'!$1:$1048576,5,0) -> 0 | AD5: =VLOOKUP($A5,'ENRICH-2(Entry)'!$1:$1048576,5,0) -> 0 | AE5: =VLOOKUP($A5,ANNUAL!$1:$1048576,5,0) -> 0 | AF5: =SUM(AB5:AE5) -> 0 | AG5: =VLOOKUP($A5,'HY Compile'!$1:$1048576,18,0) -> 0 | AH5: =VLOOKUP($A5,'HY Compile'!$1:$1048576,19,0) -> 0 | AI5: =VLOOKUP($A5,'HY Compile'!$1:$1048576,20,0) -> 0 | AJ5: =VLOOKUP($A5,'HY Compile'!$1:$1048576,21,0) -> 0 | AK5: =SUM(AG5:AJ5) -> 0 | AL5: =IFERROR(ROUND((VLOOKUP($A5,'UT-2'!$1:$1048576,6,0))/2,0),VLOOKUP($A5,'UT-2'!$1:$1048576,6,0)) -> 0 | AM5: =VLOOKUP($A5,'NOTEBOOK-2(Entry)'!$1:$1048576,6,0) -> 0 | AN5: =VLOOKUP($A5,'ENRICH-2(Entry)'!$1:$1048576,6,0) -> 0 | AO5: =VLOOKUP($A5,ANNUAL!$1:$1048576,6,0) -> 0 | AP5: =SUM(AL5:AO5) -> 0 | AQ5: =VLOOKUP($A5,'HY Compile'!$1:$1048576,23,0) -> 0 | AR5: =VLOOKUP($A5,'HY Compile'!$1:$1048576,24,0) -> 0 | AS5: =VLOOKUP($A5,'HY Compile'!$1:$1048576,25,0) -> 0 | AT5: =VLOOKUP($A5,'HY Compile'!$1:$1048576,26,0) -> 0 | AU5: =SUM(AQ5:AT5) -> 0 | AV5: =IFERROR(ROUND((VLOOKUP($A5,'UT-2'!$1:$1048576,7,0))/2,0),VLOOKUP($A5,'UT-2'!$1:$1048576,7,0)) -> 0 | AW5: =VLOOKUP($A5,'NOTEBOOK-2(Entry)'!$1:$1048576,7,0) -> 0 | AX5: =VLOOKUP($A5,'ENRICH-2(Entry)'!$1:$1048576,7,0) -> 0 | AY5: =VLOOKUP($A5,ANNUAL!$1:$1048576,7,0) -> 0 | AZ5: =SUM(AV5:AY5) -> 0 | BA5: =VLOOKUP($A5,ANNUAL!$1:$1048576,8,0) -> 0 | BB5: =VLOOKUP($A5,ANNUAL!$1:$1048576,9,0) -> E | BC5: =VLOOKUP($A5,ANNUAL!$1:$1048576,10,0) -> E | BD5: =VLOOKUP($A5,ANNUAL!$1:$1048576,11,0) -> 0 | BE5: =VLOOKUP($A5,ANNUAL!$1:$1048576,12,0) -> 0 | BF5: =VLOOKUP($A5,ANNUAL!$1:$1048576,13,0) -> 0 | BG5: =VLOOKUP($A5,ANNUAL!$1:$1048576,14,0) -> 0 | BH5: =VLOOKUP($A5,ANNUAL!$1:$1048576,15,0) -> 0 | BI5: =SUM(G5,L5,Q5,V5,AA5,AF5,AK5,AP5,AU5,AZ5) -> 0 | BJ5: =ROUND(BI5/10,2)&" %" -> 0 %
A6: =DETAILS!A5 -> 1881 | B6: =DETAILS!B5 -> ADITI | C6: =VLOOKUP($A6,'HY Compile'!$1:$1048576,3,0) -> 0 | D6: =VLOOKUP($A6,'HY Compile'!$1:$1048576,4,0) -> 0 | E6: =VLOOKUP($A6,'HY Compile'!$1:$1048576,5,0) -> 0 | F6: =VLOOKUP($A6,'HY Compile'!$1:$1048576,6,0) -> 0 | G6: =SUM(C6:F6) -> 0 | H6: =IFERROR(ROUND((VLOOKUP($A6,'UT-2'!$1:$1048576,3,0))/2,0),VLOOKUP($A6,'UT-2'!$1:$1048576,3,0)) -> 0 | I6: =VLOOKUP($A6,'NOTEBOOK-2(Entry)'!$1:$1048576,3,0) -> 0 | J6: =VLOOKUP($A6,'ENRICH-2(Entry)'!$1:$1048576,3,0) -> 0 | K6: =VLOOKUP($A6,ANNUAL!$1:$1048576,3,0) -> 0 | L6: =SUM(H6:K6) -> 0 | M6: =VLOOKUP($A6,'HY Compile'!$1:$1048576,8,0) -> 0 | N6: =VLOOKUP($A6,'HY Compile'!$1:$1048576,9,0) -> 0 | O6: =VLOOKUP($A6,'HY Compile'!$1:$1048576,10,0) -> 0 | P6: =VLOOKUP($A6,'HY Compile'!$1:$1048576,11,0) -> 0 | Q6: =SUM(M6:P6) -> 0 | R6: =IFERROR(ROUND((VLOOKUP($A6,'UT-2'!$1:$1048576,4,0))/2,0),VLOOKUP($A6,'UT-2'!$1:$1048576,4,0)) -> 0 | S6: =VLOOKUP($A6,'NOTEBOOK-2(Entry)'!$1:$1048576,4,0) -> 0 | T6: =VLOOKUP($A6,'ENRICH-2(Entry)'!$1:$1048576,4,0) -> 0 | U6: =VLOOKUP($A6,ANNUAL!$1:$1048576,4,0) -> 0 | V6: =SUM(R6:U6) -> 0 | W6: =VLOOKUP($A6,'HY Compile'!$1:$1048576,13,0) -> 0 | X6: =VLOOKUP($A6,'HY Compile'!$1:$1048576,14,0) -> 0 | Y6: =VLOOKUP($A6,'HY Compile'!$1:$1048576,15,0) -> 0 | Z6: =VLOOKUP($A6,'HY Compile'!$1:$1048576,16,0) -> 0 | AA6: =SUM(W6:Z6) -> 0 | AB6: =IFERROR(ROUND((VLOOKUP($A6,'UT-2'!$1:$1048576,5,0))/2,0),VLOOKUP($A6,'UT-2'!$1:$1048576,5,0)) -> 0 | AC6: =VLOOKUP($A6,'NOTEBOOK-2(Entry)'!$1:$1048576,5,0) -> 0 | AD6: =VLOOKUP($A6,'ENRICH-2(Entry)'!$1:$1048576,5,0) -> 0 | AE6: =VLOOKUP($A6,ANNUAL!$1:$1048576,5,0) -> 0 | AF6: =SUM(AB6:AE6) -> 0 | AG6: =VLOOKUP($A6,'HY Compile'!$1:$1048576,18,0) -> 0 | AH6: =VLOOKUP($A6,'HY Compile'!$1:$1048576,19,0) -> 0 | AI6: =VLOOKUP($A6,'HY Compile'!$1:$1048576,20,0) -> 0 | AJ6: =VLOOKUP($A6,'HY Compile'!$1:$1048576,21,0) -> 0 | AK6: =SUM(AG6:AJ6) -> 0 | AL6: =IFERROR(ROUND((VLOOKUP($A6,'UT-2'!$1:$1048576,6,0))/2,0),VLOOKUP($A6,'UT-2'!$1:$1048576,6,0)) -> 0 | AM6: =VLOOKUP($A6,'NOTEBOOK-2(Entry)'!$1:$1048576,6,0) -> 0 | AN6: =VLOOKUP($A6,'ENRICH-2(Entry)'!$1:$1048576,6,0) -> 0 | AO6: =VLOOKUP($A6,ANNUAL!$1:$1048576,6,0) -> 0 | AP6: =SUM(AL6:AO6) -> 0 | AQ6: =VLOOKUP($A6,'HY Compile'!$1:$1048576,23,0) -> 0 | AR6: =VLOOKUP($A6,'HY Compile'!$1:$1048576,24,0) -> 0 | AS6: =VLOOKUP($A6,'HY Compile'!$1:$1048576,25,0) -> 0 | AT6: =VLOOKUP($A6,'HY Compile'!$1:$1048576,26,0) -> 0 | AU6: =SUM(AQ6:AT6) -> 0 | AV6: =IFERROR(ROUND((VLOOKUP($A6,'UT-2'!$1:$1048576,7,0))/2,0),VLOOKUP($A6,'UT-2'!$1:$1048576,7,0)) -> 0 | AW6: =VLOOKUP($A6,'NOTEBOOK-2(Entry)'!$1:$1048576,7,0) -> 0 | AX6: =VLOOKUP($A6,'ENRICH-2(Entry)'!$1:$1048576,7,0) -> 0 | AY6: =VLOOKUP($A6,ANNUAL!$1:$1048576,7,0) -> 0 | AZ6: =SUM(AV6:AY6) -> 0 | BA6: =VLOOKUP($A6,ANNUAL!$1:$1048576,8,0) -> 0 | BB6: =VLOOKUP($A6,ANNUAL!$1:$1048576,9,0) -> E | BC6: =VLOOKUP($A6,ANNUAL!$1:$1048576,10,0) -> E | BD6: =VLOOKUP($A6,ANNUAL!$1:$1048576,11,0) -> 0 | BE6: =VLOOKUP($A6,ANNUAL!$1:$1048576,12,0) -> 0 | BF6: =VLOOKUP($A6,ANNUAL!$1:$1048576,13,0) -> 0 | BG6: =VLOOKUP($A6,ANNUAL!$1:$1048576,14,0) -> 0 | BH6: =VLOOKUP($A6,ANNUAL!$1:$1048576,15,0) -> 0 | BI6: =SUM(G6,L6,Q6,V6,AA6,AF6,AK6,AP6,AU6,AZ6) -> 0 | BJ6: =ROUND(BI6/10,2)&" %" -> 0 %
A7: =DETAILS!A6 -> 1559 | B7: =DETAILS!B6 -> ADITYA VERMA | C7: =VLOOKUP($A7,'HY Compile'!$1:$1048576,3,0) -> 0 | D7: =VLOOKUP($A7,'HY Compile'!$1:$1048576,4,0) -> 0 | E7: =VLOOKUP($A7,'HY Compile'!$1:$1048576,5,0) -> 0 | F7: =VLOOKUP($A7,'HY Compile'!$1:$1048576,6,0) -> 0 | G7: =SUM(C7:F7) -> 0 | H7: =IFERROR(ROUND((VLOOKUP($A7,'UT-2'!$1:$1048576,3,0))/2,0),VLOOKUP($A7,'UT-2'!$1:$1048576,3,0)) -> 0 | I7: =VLOOKUP($A7,'NOTEBOOK-2(Entry)'!$1:$1048576,3,0) -> 0 | J7: =VLOOKUP($A7,'ENRICH-2(Entry)'!$1:$1048576,3,0) -> 0 | K7: =VLOOKUP($A7,ANNUAL!$1:$1048576,3,0) -> 0 | L7: =SUM(H7:K7) -> 0 | M7: =VLOOKUP($A7,'HY Compile'!$1:$1048576,8,0) -> 0 | N7: =VLOOKUP($A7,'HY Compile'!$1:$1048576,9,0) -> 0 | O7: =VLOOKUP($A7,'HY Compile'!$1:$1048576,10,0) -> 0 | P7: =VLOOKUP($A7,'HY Compile'!$1:$1048576,11,0) -> 0 | Q7: =SUM(M7:P7) -> 0 | R7: =IFERROR(ROUND((VLOOKUP($A7,'UT-2'!$1:$1048576,4,0))/2,0),VLOOKUP($A7,'UT-2'!$1:$1048576,4,0)) -> 0 | S7: =VLOOKUP($A7,'NOTEBOOK-2(Entry)'!$1:$1048576,4,0) -> 0 | T7: =VLOOKUP($A7,'ENRICH-2(Entry)'!$1:$1048576,4,0) -> 0 | U7: =VLOOKUP($A7,ANNUAL!$1:$1048576,4,0) -> 0 | V7: =SUM(R7:U7) -> 0 | W7: =VLOOKUP($A7,'HY Compile'!$1:$1048576,13,0) -> 0 | X7: =VLOOKUP($A7,'HY Compile'!$1:$1048576,14,0) -> 0 | Y7: =VLOOKUP($A7,'HY Compile'!$1:$1048576,15,0) -> 0 | Z7: =VLOOKUP($A7,'HY Compile'!$1:$1048576,16,0) -> 0 | AA7: =SUM(W7:Z7) -> 0 | AB7: =IFERROR(ROUND((VLOOKUP($A7,'UT-2'!$1:$1048576,5,0))/2,0),VLOOKUP($A7,'UT-2'!$1:$1048576,5,0)) -> 0 | AC7: =VLOOKUP($A7,'NOTEBOOK-2(Entry)'!$1:$1048576,5,0) -> 0 | AD7: =VLOOKUP($A7,'ENRICH-2(Entry)'!$1:$1048576,5,0) -> 0 | AE7: =VLOOKUP($A7,ANNUAL!$1:$1048576,5,0) -> 0 | AF7: =SUM(AB7:AE7) -> 0 | AG7: =VLOOKUP($A7,'HY Compile'!$1:$1048576,18,0) -> 0 | AH7: =VLOOKUP($A7,'HY Compile'!$1:$1048576,19,0) -> 0 | AI7: =VLOOKUP($A7,'HY Compile'!$1:$1048576,20,0) -> 0 | AJ7: =VLOOKUP($A7,'HY Compile'!$1:$1048576,21,0) -> 0 | AK7: =SUM(AG7:AJ7) -> 0 | AL7: =IFERROR(ROUND((VLOOKUP($A7,'UT-2'!$1:$1048576,6,0))/2,0),VLOOKUP($A7,'UT-2'!$1:$1048576,6,0)) -> 0 | AM7: =VLOOKUP($A7,'NOTEBOOK-2(Entry)'!$1:$1048576,6,0) -> 0 | AN7: =VLOOKUP($A7,'ENRICH-2(Entry)'!$1:$1048576,6,0) -> 0 | AO7: =VLOOKUP($A7,ANNUAL!$1:$1048576,6,0) -> 0 | AP7: =SUM(AL7:AO7) -> 0 | AQ7: =VLOOKUP($A7,'HY Compile'!$1:$1048576,23,0) -> 0 | AR7: =VLOOKUP($A7,'HY Compile'!$1:$1048576,24,0) -> 0 | AS7: =VLOOKUP($A7,'HY Compile'!$1:$1048576,25,0) -> 0 | AT7: =VLOOKUP($A7,'HY Compile'!$1:$1048576,26,0) -> 0 | AU7: =SUM(AQ7:AT7) -> 0 | AV7: =IFERROR(ROUND((VLOOKUP($A7,'UT-2'!$1:$1048576,7,0))/2,0),VLOOKUP($A7,'UT-2'!$1:$1048576,7,0)) -> 0 | AW7: =VLOOKUP($A7,'NOTEBOOK-2(Entry)'!$1:$1048576,7,0) -> 0 | AX7: =VLOOKUP($A7,'ENRICH-2(Entry)'!$1:$1048576,7,0) -> 0 | AY7: =VLOOKUP($A7,ANNUAL!$1:$1048576,7,0) -> 0 | AZ7: =SUM(AV7:AY7) -> 0 | BA7: =VLOOKUP($A7,ANNUAL!$1:$1048576,8,0) -> 0 | BB7: =VLOOKUP($A7,ANNUAL!$1:$1048576,9,0) -> E | BC7: =VLOOKUP($A7,ANNUAL!$1:$1048576,10,0) -> E | BD7: =VLOOKUP($A7,ANNUAL!$1:$1048576,11,0) -> 0 | BE7: =VLOOKUP($A7,ANNUAL!$1:$1048576,12,0) -> 0 | BF7: =VLOOKUP($A7,ANNUAL!$1:$1048576,13,0) -> 0 | BG7: =VLOOKUP($A7,ANNUAL!$1:$1048576,14,0) -> 0 | BH7: =VLOOKUP($A7,ANNUAL!$1:$1048576,15,0) -> 0 | BI7: =SUM(G7,L7,Q7,V7,AA7,AF7,AK7,AP7,AU7,AZ7) -> 0 | BJ7: =ROUND(BI7/10,2)&" %" -> 0 %
A8: =DETAILS!A7 -> 1548 | B8: =DETAILS!B7 -> ADVIK BAJPAI | C8: =VLOOKUP($A8,'HY Compile'!$1:$1048576,3,0) -> 0 | D8: =VLOOKUP($A8,'HY Compile'!$1:$1048576,4,0) -> 0 | E8: =VLOOKUP($A8,'HY Compile'!$1:$1048576,5,0) -> 0 | F8: =VLOOKUP($A8,'HY Compile'!$1:$1048576,6,0) -> 0 | G8: =SUM(C8:F8) -> 0 | H8: =IFERROR(ROUND((VLOOKUP($A8,'UT-2'!$1:$1048576,3,0))/2,0),VLOOKUP($A8,'UT-2'!$1:$1048576,3,0)) -> 0 | I8: =VLOOKUP($A8,'NOTEBOOK-2(Entry)'!$1:$1048576,3,0) -> 0 | J8: =VLOOKUP($A8,'ENRICH-2(Entry)'!$1:$1048576,3,0) -> 0 | K8: =VLOOKUP($A8,ANNUAL!$1:$1048576,3,0) -> 0 | L8: =SUM(H8:K8) -> 0 | M8: =VLOOKUP($A8,'HY Compile'!$1:$1048576,8,0) -> 0 | N8: =VLOOKUP($A8,'HY Compile'!$1:$1048576,9,0) -> 0 | O8: =VLOOKUP($A8,'HY Compile'!$1:$1048576,10,0) -> 0 | P8: =VLOOKUP($A8,'HY Compile'!$1:$1048576,11,0) -> 0 | Q8: =SUM(M8:P8) -> 0 | R8: =IFERROR(ROUND((VLOOKUP($A8,'UT-2'!$1:$1048576,4,0))/2,0),VLOOKUP($A8,'UT-2'!$1:$1048576,4,0)) -> 0 | S8: =VLOOKUP($A8,'NOTEBOOK-2(Entry)'!$1:$1048576,4,0) -> 0 | T8: =VLOOKUP($A8,'ENRICH-2(Entry)'!$1:$1048576,4,0) -> 0 | U8: =VLOOKUP($A8,ANNUAL!$1:$1048576,4,0) -> 0 | V8: =SUM(R8:U8) -> 0 | W8: =VLOOKUP($A8,'HY Compile'!$1:$1048576,13,0) -> 0 | X8: =VLOOKUP($A8,'HY Compile'!$1:$1048576,14,0) -> 0 | Y8: =VLOOKUP($A8,'HY Compile'!$1:$1048576,15,0) -> 0 | Z8: =VLOOKUP($A8,'HY Compile'!$1:$1048576,16,0) -> 0 | AA8: =SUM(W8:Z8) -> 0 | AB8: =IFERROR(ROUND((VLOOKUP($A8,'UT-2'!$1:$1048576,5,0))/2,0),VLOOKUP($A8,'UT-2'!$1:$1048576,5,0)) -> 0 | AC8: =VLOOKUP($A8,'NOTEBOOK-2(Entry)'!$1:$1048576,5,0) -> 0 | AD8: =VLOOKUP($A8,'ENRICH-2(Entry)'!$1:$1048576,5,0) -> 0 | AE8: =VLOOKUP($A8,ANNUAL!$1:$1048576,5,0) -> 0 | AF8: =SUM(AB8:AE8) -> 0 | AG8: =VLOOKUP($A8,'HY Compile'!$1:$1048576,18,0) -> 0 | AH8: =VLOOKUP($A8,'HY Compile'!$1:$1048576,19,0) -> 0 | AI8: =VLOOKUP($A8,'HY Compile'!$1:$1048576,20,0) -> 0 | AJ8: =VLOOKUP($A8,'HY Compile'!$1:$1048576,21,0) -> 0 | AK8: =SUM(AG8:AJ8) -> 0 | AL8: =IFERROR(ROUND((VLOOKUP($A8,'UT-2'!$1:$1048576,6,0))/2,0),VLOOKUP($A8,'UT-2'!$1:$1048576,6,0)) -> 0 | AM8: =VLOOKUP($A8,'NOTEBOOK-2(Entry)'!$1:$1048576,6,0) -> 0 | AN8: =VLOOKUP($A8,'ENRICH-2(Entry)'!$1:$1048576,6,0) -> 0 | AO8: =VLOOKUP($A8,ANNUAL!$1:$1048576,6,0) -> 0 | AP8: =SUM(AL8:AO8) -> 0 | AQ8: =VLOOKUP($A8,'HY Compile'!$1:$1048576,23,0) -> 0 | AR8: =VLOOKUP($A8,'HY Compile'!$1:$1048576,24,0) -> 0 | AS8: =VLOOKUP($A8,'HY Compile'!$1:$1048576,25,0) -> 0 | AT8: =VLOOKUP($A8,'HY Compile'!$1:$1048576,26,0) -> 0 | AU8: =SUM(AQ8:AT8) -> 0 | AV8: =IFERROR(ROUND((VLOOKUP($A8,'UT-2'!$1:$1048576,7,0))/2,0),VLOOKUP($A8,'UT-2'!$1:$1048576,7,0)) -> 0 | AW8: =VLOOKUP($A8,'NOTEBOOK-2(Entry)'!$1:$1048576,7,0) -> 0 | AX8: =VLOOKUP($A8,'ENRICH-2(Entry)'!$1:$1048576,7,0) -> 0 | AY8: =VLOOKUP($A8,ANNUAL!$1:$1048576,7,0) -> 0 | AZ8: =SUM(AV8:AY8) -> 0 | BA8: =VLOOKUP($A8,ANNUAL!$1:$1048576,8,0) -> 0 | BB8: =VLOOKUP($A8,ANNUAL!$1:$1048576,9,0) -> E | BC8: =VLOOKUP($A8,ANNUAL!$1:$1048576,10,0) -> E | BD8: =VLOOKUP($A8,ANNUAL!$1:$1048576,11,0) -> 0 | BE8: =VLOOKUP($A8,ANNUAL!$1:$1048576,12,0) -> 0 | BF8: =VLOOKUP($A8,ANNUAL!$1:$1048576,13,0) -> 0 | BG8: =VLOOKUP($A8,ANNUAL!$1:$1048576,14,0) -> 0 | BH8: =VLOOKUP($A8,ANNUAL!$1:$1048576,15,0) -> 0 | BI8: =SUM(G8,L8,Q8,V8,AA8,AF8,AK8,AP8,AU8,AZ8) -> 0 | BJ8: =ROUND(BI8/10,2)&" %" -> 0 %
A9: =DETAILS!A8 -> 1549 | B9: =DETAILS!B8 -> AHEM SHARMA | C9: =VLOOKUP($A9,'HY Compile'!$1:$1048576,3,0) -> 0 | D9: =VLOOKUP($A9,'HY Compile'!$1:$1048576,4,0) -> 0 | E9: =VLOOKUP($A9,'HY Compile'!$1:$1048576,5,0) -> 0 | F9: =VLOOKUP($A9,'HY Compile'!$1:$1048576,6,0) -> 0 | G9: =SUM(C9:F9) -> 0 | H9: =IFERROR(ROUND((VLOOKUP($A9,'UT-2'!$1:$1048576,3,0))/2,0),VLOOKUP($A9,'UT-2'!$1:$1048576,3,0)) -> 0 | I9: =VLOOKUP($A9,'NOTEBOOK-2(Entry)'!$1:$1048576,3,0) -> 0 | J9: =VLOOKUP($A9,'ENRICH-2(Entry)'!$1:$1048576,3,0) -> 0 | K9: =VLOOKUP($A9,ANNUAL!$1:$1048576,3,0) -> 0 | L9: =SUM(H9:K9) -> 0 | M9: =VLOOKUP($A9,'HY Compile'!$1:$1048576,8,0) -> 0 | N9: =VLOOKUP($A9,'HY Compile'!$1:$1048576,9,0) -> 0 | O9: =VLOOKUP($A9,'HY Compile'!$1:$1048576,10,0) -> 0 | P9: =VLOOKUP($A9,'HY Compile'!$1:$1048576,11,0) -> 0 | Q9: =SUM(M9:P9) -> 0 | R9: =IFERROR(ROUND((VLOOKUP($A9,'UT-2'!$1:$1048576,4,0))/2,0),VLOOKUP($A9,'UT-2'!$1:$1048576,4,0)) -> 0 | S9: =VLOOKUP($A9,'NOTEBOOK-2(Entry)'!$1:$1048576,4,0) -> 0 | T9: =VLOOKUP($A9,'ENRICH-2(Entry)'!$1:$1048576,4,0) -> 0 | U9: =VLOOKUP($A9,ANNUAL!$1:$1048576,4,0) -> 0 | V9: =SUM(R9:U9) -> 0 | W9: =VLOOKUP($A9,'HY Compile'!$1:$1048576,13,0) -> 0 | X9: =VLOOKUP($A9,'HY Compile'!$1:$1048576,14,0) -> 0 | Y9: =VLOOKUP($A9,'HY Compile'!$1:$1048576,15,0) -> 0 | Z9: =VLOOKUP($A9,'HY Compile'!$1:$1048576,16,0) -> 0 | AA9: =SUM(W9:Z9) -> 0 | AB9: =IFERROR(ROUND((VLOOKUP($A9,'UT-2'!$1:$1048576,5,0))/2,0),VLOOKUP($A9,'UT-2'!$1:$1048576,5,0)) -> 0 | AC9: =VLOOKUP($A9,'NOTEBOOK-2(Entry)'!$1:$1048576,5,0) -> 0 | AD9: =VLOOKUP($A9,'ENRICH-2(Entry)'!$1:$1048576,5,0) -> 0 | AE9: =VLOOKUP($A9,ANNUAL!$1:$1048576,5,0) -> 0 | AF9: =SUM(AB9:AE9) -> 0 | AG9: =VLOOKUP($A9,'HY Compile'!$1:$1048576,18,0) -> 0 | AH9: =VLOOKUP($A9,'HY Compile'!$1:$1048576,19,0) -> 0 | AI9: =VLOOKUP($A9,'HY Compile'!$1:$1048576,20,0) -> 0 | AJ9: =VLOOKUP($A9,'HY Compile'!$1:$1048576,21,0) -> 0 | AK9: =SUM(AG9:AJ9) -> 0 | AL9: =IFERROR(ROUND((VLOOKUP($A9,'UT-2'!$1:$1048576,6,0))/2,0),VLOOKUP($A9,'UT-2'!$1:$1048576,6,0)) -> 0 | AM9: =VLOOKUP($A9,'NOTEBOOK-2(Entry)'!$1:$1048576,6,0) -> 0 | AN9: =VLOOKUP($A9,'ENRICH-2(Entry)'!$1:$1048576,6,0) -> 0 | AO9: =VLOOKUP($A9,ANNUAL!$1:$1048576,6,0) -> 0 | AP9: =SUM(AL9:AO9) -> 0 | AQ9: =VLOOKUP($A9,'HY Compile'!$1:$1048576,23,0) -> 0 | AR9: =VLOOKUP($A9,'HY Compile'!$1:$1048576,24,0) -> 0 | AS9: =VLOOKUP($A9,'HY Compile'!$1:$1048576,25,0) -> 0 | AT9: =VLOOKUP($A9,'HY Compile'!$1:$1048576,26,0) -> 0 | AU9: =SUM(AQ9:AT9) -> 0 | AV9: =IFERROR(ROUND((VLOOKUP($A9,'UT-2'!$1:$1048576,7,0))/2,0),VLOOKUP($A9,'UT-2'!$1:$1048576,7,0)) -> 0 | AW9: =VLOOKUP($A9,'NOTEBOOK-2(Entry)'!$1:$1048576,7,0) -> 0 | AX9: =VLOOKUP($A9,'ENRICH-2(Entry)'!$1:$1048576,7,0) -> 0 | AY9: =VLOOKUP($A9,ANNUAL!$1:$1048576,7,0) -> 0 | AZ9: =SUM(AV9:AY9) -> 0 | BA9: =VLOOKUP($A9,ANNUAL!$1:$1048576,8,0) -> 0 | BB9: =VLOOKUP($A9,ANNUAL!$1:$1048576,9,0) -> E | BC9: =VLOOKUP($A9,ANNUAL!$1:$1048576,10,0) -> E | BD9: =VLOOKUP($A9,ANNUAL!$1:$1048576,11,0) -> 0 | BE9: =VLOOKUP($A9,ANNUAL!$1:$1048576,12,0) -> 0 | BF9: =VLOOKUP($A9,ANNUAL!$1:$1048576,13,0) -> 0 | BG9: =VLOOKUP($A9,ANNUAL!$1:$1048576,14,0) -> 0 | BH9: =VLOOKUP($A9,ANNUAL!$1:$1048576,15,0) -> 0 | BI9: =SUM(G9,L9,Q9,V9,AA9,AF9,AK9,AP9,AU9,AZ9) -> 0 | BJ9: =ROUND(BI9/10,2)&" %" -> 0 %
A10: =DETAILS!A9 -> 1556 | B10: =DETAILS!B9 -> AKRATI VISHWAKARMA | C10: =VLOOKUP($A10,'HY Compile'!$1:$1048576,3,0) -> 0 | D10: =VLOOKUP($A10,'HY Compile'!$1:$1048576,4,0) -> 0 | E10: =VLOOKUP($A10,'HY Compile'!$1:$1048576,5,0) -> 0 | F10: =VLOOKUP($A10,'HY Compile'!$1:$1048576,6,0) -> 0 | G10: =SUM(C10:F10) -> 0 | H10: =IFERROR(ROUND((VLOOKUP($A10,'UT-2'!$1:$1048576,3,0))/2,0),VLOOKUP($A10,'UT-2'!$1:$1048576,3,0)) -> 0 | I10: =VLOOKUP($A10,'NOTEBOOK-2(Entry)'!$1:$1048576,3,0) -> 0 | J10: =VLOOKUP($A10,'ENRICH-2(Entry)'!$1:$1048576,3,0) -> 0 | K10: =VLOOKUP($A10,ANNUAL!$1:$1048576,3,0) -> 0 | L10: =SUM(H10:K10) -> 0 | M10: =VLOOKUP($A10,'HY Compile'!$1:$1048576,8,0) -> 0 | N10: =VLOOKUP($A10,'HY Compile'!$1:$1048576,9,0) -> 0 | O10: =VLOOKUP($A10,'HY Compile'!$1:$1048576,10,0) -> 0 | P10: =VLOOKUP($A10,'HY Compile'!$1:$1048576,11,0) -> 0 | Q10: =SUM(M10:P10) -> 0 | R10: =IFERROR(ROUND((VLOOKUP($A10,'UT-2'!$1:$1048576,4,0))/2,0),VLOOKUP($A10,'UT-2'!$1:$1048576,4,0)) -> 0 | S10: =VLOOKUP($A10,'NOTEBOOK-2(Entry)'!$1:$1048576,4,0) -> 0 | T10: =VLOOKUP($A10,'ENRICH-2(Entry)'!$1:$1048576,4,0) -> 0 | U10: =VLOOKUP($A10,ANNUAL!$1:$1048576,4,0) -> 0 | V10: =SUM(R10:U10) -> 0 | W10: =VLOOKUP($A10,'HY Compile'!$1:$1048576,13,0) -> 0 | X10: =VLOOKUP($A10,'HY Compile'!$1:$1048576,14,0) -> 0 | Y10: =VLOOKUP($A10,'HY Compile'!$1:$1048576,15,0) -> 0 | Z10: =VLOOKUP($A10,'HY Compile'!$1:$1048576,16,0) -> 0 | AA10: =SUM(W10:Z10) -> 0 | AB10: =IFERROR(ROUND((VLOOKUP($A10,'UT-2'!$1:$1048576,5,0))/2,0),VLOOKUP($A10,'UT-2'!$1:$1048576,5,0)) -> 0 | AC10: =VLOOKUP($A10,'NOTEBOOK-2(Entry)'!$1:$1048576,5,0) -> 0 | AD10: =VLOOKUP($A10,'ENRICH-2(Entry)'!$1:$1048576,5,0) -> 0 | AE10: =VLOOKUP($A10,ANNUAL!$1:$1048576,5,0) -> 0 | AF10: =SUM(AB10:AE10) -> 0 | AG10: =VLOOKUP($A10,'HY Compile'!$1:$1048576,18,0) -> 0 | AH10: =VLOOKUP($A10,'HY Compile'!$1:$1048576,19,0) -> 0 | AI10: =VLOOKUP($A10,'HY Compile'!$1:$1048576,20,0) -> 0 | AJ10: =VLOOKUP($A10,'HY Compile'!$1:$1048576,21,0) -> 0 | AK10: =SUM(AG10:AJ10) -> 0 | AL10: =IFERROR(ROUND((VLOOKUP($A10,'UT-2'!$1:$1048576,6,0))/2,0),VLOOKUP($A10,'UT-2'!$1:$1048576,6,0)) -> 0 | AM10: =VLOOKUP($A10,'NOTEBOOK-2(Entry)'!$1:$1048576,6,0) -> 0 | AN10: =VLOOKUP($A10,'ENRICH-2(Entry)'!$1:$1048576,6,0) -> 0 | AO10: =VLOOKUP($A10,ANNUAL!$1:$1048576,6,0) -> 0 | AP10: =SUM(AL10:AO10) -> 0 | AQ10: =VLOOKUP($A10,'HY Compile'!$1:$1048576,23,0) -> 0 | AR10: =VLOOKUP($A10,'HY Compile'!$1:$1048576,24,0) -> 0 | AS10: =VLOOKUP($A10,'HY Compile'!$1:$1048576,25,0) -> 0 | AT10: =VLOOKUP($A10,'HY Compile'!$1:$1048576,26,0) -> 0 | AU10: =SUM(AQ10:AT10) -> 0 | AV10: =IFERROR(ROUND((VLOOKUP($A10,'UT-2'!$1:$1048576,7,0))/2,0),VLOOKUP($A10,'UT-2'!$1:$1048576,7,0)) -> 0 | AW10: =VLOOKUP($A10,'NOTEBOOK-2(Entry)'!$1:$1048576,7,0) -> 0 | AX10: =VLOOKUP($A10,'ENRICH-2(Entry)'!$1:$1048576,7,0) -> 0 | AY10: =VLOOKUP($A10,ANNUAL!$1:$1048576,7,0) -> 0 | AZ10: =SUM(AV10:AY10) -> 0 | BA10: =VLOOKUP($A10,ANNUAL!$1:$1048576,8,0) -> 0 | BB10: =VLOOKUP($A10,ANNUAL!$1:$1048576,9,0) -> E | BC10: =VLOOKUP($A10,ANNUAL!$1:$1048576,10,0) -> E | BD10: =VLOOKUP($A10,ANNUAL!$1:$1048576,11,0) -> 0 | BE10: =VLOOKUP($A10,ANNUAL!$1:$1048576,12,0) -> 0 | BF10: =VLOOKUP($A10,ANNUAL!$1:$1048576,13,0) -> 0 | BG10: =VLOOKUP($A10,ANNUAL!$1:$1048576,14,0) -> 0 | BH10: =VLOOKUP($A10,ANNUAL!$1:$1048576,15,0) -> 0 | BI10: =SUM(G10,L10,Q10,V10,AA10,AF10,AK10,AP10,AU10,AZ10) -> 0 | BJ10: =ROUND(BI10/10,2)&" %" -> 0 %
A11: =DETAILS!A10 -> 1915 | B11: =DETAILS!B10 -> AKRITI SHUKLA | C11: =VLOOKUP($A11,'HY Compile'!$1:$1048576,3,0) -> 0 | D11: =VLOOKUP($A11,'HY Compile'!$1:$1048576,4,0) -> 0 | E11: =VLOOKUP($A11,'HY Compile'!$1:$1048576,5,0) -> 0 | F11: =VLOOKUP($A11,'HY Compile'!$1:$1048576,6,0) -> 0 | G11: =SUM(C11:F11) -> 0 | H11: =IFERROR(ROUND((VLOOKUP($A11,'UT-2'!$1:$1048576,3,0))/2,0),VLOOKUP($A11,'UT-2'!$1:$1048576,3,0)) -> 0 | I11: =VLOOKUP($A11,'NOTEBOOK-2(Entry)'!$1:$1048576,3,0) -> 0 | J11: =VLOOKUP($A11,'ENRICH-2(Entry)'!$1:$1048576,3,0) -> 0 | K11: =VLOOKUP($A11,ANNUAL!$1:$1048576,3,0) -> 0 | L11: =SUM(H11:K11) -> 0 | M11: =VLOOKUP($A11,'HY Compile'!$1:$1048576,8,0) -> 0 | N11: =VLOOKUP($A11,'HY Compile'!$1:$1048576,9,0) -> 0 | O11: =VLOOKUP($A11,'HY Compile'!$1:$1048576,10,0) -> 0 | P11: =VLOOKUP($A11,'HY Compile'!$1:$1048576,11,0) -> 0 | Q11: =SUM(M11:P11) -> 0 | R11: =IFERROR(ROUND((VLOOKUP($A11,'UT-2'!$1:$1048576,4,0))/2,0),VLOOKUP($A11,'UT-2'!$1:$1048576,4,0)) -> 0 | S11: =VLOOKUP($A11,'NOTEBOOK-2(Entry)'!$1:$1048576,4,0) -> 0 | T11: =VLOOKUP($A11,'ENRICH-2(Entry)'!$1:$1048576,4,0) -> 0 | U11: =VLOOKUP($A11,ANNUAL!$1:$1048576,4,0) -> 0 | V11: =SUM(R11:U11) -> 0 | W11: =VLOOKUP($A11,'HY Compile'!$1:$1048576,13,0) -> 0 | X11: =VLOOKUP($A11,'HY Compile'!$1:$1048576,14,0) -> 0 | Y11: =VLOOKUP($A11,'HY Compile'!$1:$1048576,15,0) -> 0 | Z11: =VLOOKUP($A11,'HY Compile'!$1:$1048576,16,0) -> 0 | AA11: =SUM(W11:Z11) -> 0 | AB11: =IFERROR(ROUND((VLOOKUP($A11,'UT-2'!$1:$1048576,5,0))/2,0),VLOOKUP($A11,'UT-2'!$1:$1048576,5,0)) -> 0 | AC11: =VLOOKUP($A11,'NOTEBOOK-2(Entry)'!$1:$1048576,5,0) -> 0 | AD11: =VLOOKUP($A11,'ENRICH-2(Entry)'!$1:$1048576,5,0) -> 0 | AE11: =VLOOKUP($A11,ANNUAL!$1:$1048576,5,0) -> 0 | AF11: =SUM(AB11:AE11) -> 0 | AG11: =VLOOKUP($A11,'HY Compile'!$1:$1048576,18,0) -> 0 | AH11: =VLOOKUP($A11,'HY Compile'!$1:$1048576,19,0) -> 0 | AI11: =VLOOKUP($A11,'HY Compile'!$1:$1048576,20,0) -> 0 | AJ11: =VLOOKUP($A11,'HY Compile'!$1:$1048576,21,0) -> 0 | AK11: =SUM(AG11:AJ11) -> 0 | AL11: =IFERROR(ROUND((VLOOKUP($A11,'UT-2'!$1:$1048576,6,0))/2,0),VLOOKUP($A11,'UT-2'!$1:$1048576,6,0)) -> 0 | AM11: =VLOOKUP($A11,'NOTEBOOK-2(Entry)'!$1:$1048576,6,0) -> 0 | AN11: =VLOOKUP($A11,'ENRICH-2(Entry)'!$1:$1048576,6,0) -> 0 | AO11: =VLOOKUP($A11,ANNUAL!$1:$1048576,6,0) -> 0 | AP11: =SUM(AL11:AO11) -> 0 | AQ11: =VLOOKUP($A11,'HY Compile'!$1:$1048576,23,0) -> 0 | AR11: =VLOOKUP($A11,'HY Compile'!$1:$1048576,24,0) -> 0 | AS11: =VLOOKUP($A11,'HY Compile'!$1:$1048576,25,0) -> 0 | AT11: =VLOOKUP($A11,'HY Compile'!$1:$1048576,26,0) -> 0 | AU11: =SUM(AQ11:AT11) -> 0 | AV11: =IFERROR(ROUND((VLOOKUP($A11,'UT-2'!$1:$1048576,7,0))/2,0),VLOOKUP($A11,'UT-2'!$1:$1048576,7,0)) -> 0 | AW11: =VLOOKUP($A11,'NOTEBOOK-2(Entry)'!$1:$1048576,7,0) -> 0 | AX11: =VLOOKUP($A11,'ENRICH-2(Entry)'!$1:$1048576,7,0) -> 0 | AY11: =VLOOKUP($A11,ANNUAL!$1:$1048576,7,0) -> 0 | AZ11: =SUM(AV11:AY11) -> 0 | BA11: =VLOOKUP($A11,ANNUAL!$1:$1048576,8,0) -> 0 | BB11: =VLOOKUP($A11,ANNUAL!$1:$1048576,9,0) -> E | BC11: =VLOOKUP($A11,ANNUAL!$1:$1048576,10,0) -> E | BD11: =VLOOKUP($A11,ANNUAL!$1:$1048576,11,0) -> 0 | BE11: =VLOOKUP($A11,ANNUAL!$1:$1048576,12,0) -> 0 | BF11: =VLOOKUP($A11,ANNUAL!$1:$1048576,13,0) -> 0 | BG11: =VLOOKUP($A11,ANNUAL!$1:$1048576,14,0) -> 0 | BH11: =VLOOKUP($A11,ANNUAL!$1:$1048576,15,0) -> 0 | BI11: =SUM(G11,L11,Q11,V11,AA11,AF11,AK11,AP11,AU11,AZ11) -> 0 | BJ11: =ROUND(BI11/10,2)&" %" -> 0 %
A12: =DETAILS!A11 -> 1563 | B12: =DETAILS!B11 -> ANANYA | C12: =VLOOKUP($A12,'HY Compile'!$1:$1048576,3,0) -> 0 | D12: =VLOOKUP($A12,'HY Compile'!$1:$1048576,4,0) -> 0 | E12: =VLOOKUP($A12,'HY Compile'!$1:$1048576,5,0) -> 0 | F12: =VLOOKUP($A12,'HY Compile'!$1:$1048576,6,0) -> 0 | G12: =SUM(C12:F12) -> 0 | H12: =IFERROR(ROUND((VLOOKUP($A12,'UT-2'!$1:$1048576,3,0))/2,0),VLOOKUP($A12,'UT-2'!$1:$1048576,3,0)) -> 0 | I12: =VLOOKUP($A12,'NOTEBOOK-2(Entry)'!$1:$1048576,3,0) -> 0 | J12: =VLOOKUP($A12,'ENRICH-2(Entry)'!$1:$1048576,3,0) -> 0 | K12: =VLOOKUP($A12,ANNUAL!$1:$1048576,3,0) -> 0 | L12: =SUM(H12:K12) -> 0 | M12: =VLOOKUP($A12,'HY Compile'!$1:$1048576,8,0) -> 0 | N12: =VLOOKUP($A12,'HY Compile'!$1:$1048576,9,0) -> 0 | O12: =VLOOKUP($A12,'HY Compile'!$1:$1048576,10,0) -> 0 | P12: =VLOOKUP($A12,'HY Compile'!$1:$1048576,11,0) -> 0 | Q12: =SUM(M12:P12) -> 0 | R12: =IFERROR(ROUND((VLOOKUP($A12,'UT-2'!$1:$1048576,4,0))/2,0),VLOOKUP($A12,'UT-2'!$1:$1048576,4,0)) -> 0 | S12: =VLOOKUP($A12,'NOTEBOOK-2(Entry)'!$1:$1048576,4,0) -> 0 | T12: =VLOOKUP($A12,'ENRICH-2(Entry)'!$1:$1048576,4,0) -> 0 | U12: =VLOOKUP($A12,ANNUAL!$1:$1048576,4,0) -> 0 | V12: =SUM(R12:U12) -> 0 | W12: =VLOOKUP($A12,'HY Compile'!$1:$1048576,13,0) -> 0 | X12: =VLOOKUP($A12,'HY Compile'!$1:$1048576,14,0) -> 0 | Y12: =VLOOKUP($A12,'HY Compile'!$1:$1048576,15,0) -> 0 | Z12: =VLOOKUP($A12,'HY Compile'!$1:$1048576,16,0) -> 0 | AA12: =SUM(W12:Z12) -> 0 | AB12: =IFERROR(ROUND((VLOOKUP($A12,'UT-2'!$1:$1048576,5,0))/2,0),VLOOKUP($A12,'UT-2'!$1:$1048576,5,0)) -> 0 | AC12: =VLOOKUP($A12,'NOTEBOOK-2(Entry)'!$1:$1048576,5,0) -> 0 | AD12: =VLOOKUP($A12,'ENRICH-2(Entry)'!$1:$1048576,5,0) -> 0 | AE12: =VLOOKUP($A12,ANNUAL!$1:$1048576,5,0) -> 0 | AF12: =SUM(AB12:AE12) -> 0 | AG12: =VLOOKUP($A12,'HY Compile'!$1:$1048576,18,0) -> 0 | AH12: =VLOOKUP($A12,'HY Compile'!$1:$1048576,19,0) -> 0 | AI12: =VLOOKUP($A12,'HY Compile'!$1:$1048576,20,0) -> 0 | AJ12: =VLOOKUP($A12,'HY Compile'!$1:$1048576,21,0) -> 0 | AK12: =SUM(AG12:AJ12) -> 0 | AL12: =IFERROR(ROUND((VLOOKUP($A12,'UT-2'!$1:$1048576,6,0))/2,0),VLOOKUP($A12,'UT-2'!$1:$1048576,6,0)) -> 0 | AM12: =VLOOKUP($A12,'NOTEBOOK-2(Entry)'!$1:$1048576,6,0) -> 0 | AN12: =VLOOKUP($A12,'ENRICH-2(Entry)'!$1:$1048576,6,0) -> 0 | AO12: =VLOOKUP($A12,ANNUAL!$1:$1048576,6,0) -> 0 | AP12: =SUM(AL12:AO12) -> 0 | AQ12: =VLOOKUP($A12,'HY Compile'!$1:$1048576,23,0) -> 0 | AR12: =VLOOKUP($A12,'HY Compile'!$1:$1048576,24,0) -> 0 | AS12: =VLOOKUP($A12,'HY Compile'!$1:$1048576,25,0) -> 0 | AT12: =VLOOKUP($A12,'HY Compile'!$1:$1048576,26,0) -> 0 | AU12: =SUM(AQ12:AT12) -> 0 | AV12: =IFERROR(ROUND((VLOOKUP($A12,'UT-2'!$1:$1048576,7,0))/2,0),VLOOKUP($A12,'UT-2'!$1:$1048576,7,0)) -> 0 | AW12: =VLOOKUP($A12,'NOTEBOOK-2(Entry)'!$1:$1048576,7,0) -> 0 | AX12: =VLOOKUP($A12,'ENRICH-2(Entry)'!$1:$1048576,7,0) -> 0 | AY12: =VLOOKUP($A12,ANNUAL!$1:$1048576,7,0) -> 0 | AZ12: =SUM(AV12:AY12) -> 0 | BA12: =VLOOKUP($A12,ANNUAL!$1:$1048576,8,0) -> 0 | BB12: =VLOOKUP($A12,ANNUAL!$1:$1048576,9,0) -> E | BC12: =VLOOKUP($A12,ANNUAL!$1:$1048576,10,0) -> E | BD12: =VLOOKUP($A12,ANNUAL!$1:$1048576,11,0) -> 0 | BE12: =VLOOKUP($A12,ANNUAL!$1:$1048576,12,0) -> 0 | BF12: =VLOOKUP($A12,ANNUAL!$1:$1048576,13,0) -> 0 | BG12: =VLOOKUP($A12,ANNUAL!$1:$1048576,14,0) -> 0 | BH12: =VLOOKUP($A12,ANNUAL!$1:$1048576,15,0) -> 0 | BI12: =SUM(G12,L12,Q12,V12,AA12,AF12,AK12,AP12,AU12,AZ12) -> 0 | BJ12: =ROUND(BI12/10,2)&" %" -> 0 %
A13: =DETAILS!A12 -> 1562 | B13: =DETAILS!B12 -> ANKITA RAJPOOT | C13: =VLOOKUP($A13,'HY Compile'!$1:$1048576,3,0) -> 0 | D13: =VLOOKUP($A13,'HY Compile'!$1:$1048576,4,0) -> 0 | E13: =VLOOKUP($A13,'HY Compile'!$1:$1048576,5,0) -> 0 | F13: =VLOOKUP($A13,'HY Compile'!$1:$1048576,6,0) -> 0 | G13: =SUM(C13:F13) -> 0 | H13: =IFERROR(ROUND((VLOOKUP($A13,'UT-2'!$1:$1048576,3,0))/2,0),VLOOKUP($A13,'UT-2'!$1:$1048576,3,0)) -> 0 | I13: =VLOOKUP($A13,'NOTEBOOK-2(Entry)'!$1:$1048576,3,0) -> 0 | J13: =VLOOKUP($A13,'ENRICH-2(Entry)'!$1:$1048576,3,0) -> 0 | K13: =VLOOKUP($A13,ANNUAL!$1:$1048576,3,0) -> 0 | L13: =SUM(H13:K13) -> 0 | M13: =VLOOKUP($A13,'HY Compile'!$1:$1048576,8,0) -> 0 | N13: =VLOOKUP($A13,'HY Compile'!$1:$1048576,9,0) -> 0 | O13: =VLOOKUP($A13,'HY Compile'!$1:$1048576,10,0) -> 0 | P13: =VLOOKUP($A13,'HY Compile'!$1:$1048576,11,0) -> 0 | Q13: =SUM(M13:P13) -> 0 | R13: =IFERROR(ROUND((VLOOKUP($A13,'UT-2'!$1:$1048576,4,0))/2,0),VLOOKUP($A13,'UT-2'!$1:$1048576,4,0)) -> 0 | S13: =VLOOKUP($A13,'NOTEBOOK-2(Entry)'!$1:$1048576,4,0) -> 0 | T13: =VLOOKUP($A13,'ENRICH-2(Entry)'!$1:$1048576,4,0) -> 0 | U13: =VLOOKUP($A13,ANNUAL!$1:$1048576,4,0) -> 0 | V13: =SUM(R13:U13) -> 0 | W13: =VLOOKUP($A13,'HY Compile'!$1:$1048576,13,0) -> 0 | X13: =VLOOKUP($A13,'HY Compile'!$1:$1048576,14,0) -> 0 | Y13: =VLOOKUP($A13,'HY Compile'!$1:$1048576,15,0) -> 0 | Z13: =VLOOKUP($A13,'HY Compile'!$1:$1048576,16,0) -> 0 | AA13: =SUM(W13:Z13) -> 0 | AB13: =IFERROR(ROUND((VLOOKUP($A13,'UT-2'!$1:$1048576,5,0))/2,0),VLOOKUP($A13,'UT-2'!$1:$1048576,5,0)) -> 0 | AC13: =VLOOKUP($A13,'NOTEBOOK-2(Entry)'!$1:$1048576,5,0) -> 0 | AD13: =VLOOKUP($A13,'ENRICH-2(Entry)'!$1:$1048576,5,0) -> 0 | AE13: =VLOOKUP($A13,ANNUAL!$1:$1048576,5,0) -> 0 | AF13: =SUM(AB13:AE13) -> 0 | AG13: =VLOOKUP($A13,'HY Compile'!$1:$1048576,18,0) -> 0 | AH13: =VLOOKUP($A13,'HY Compile'!$1:$1048576,19,0) -> 0 | AI13: =VLOOKUP($A13,'HY Compile'!$1:$1048576,20,0) -> 0 | AJ13: =VLOOKUP($A13,'HY Compile'!$1:$1048576,21,0) -> 0 | AK13: =SUM(AG13:AJ13) -> 0 | AL13: =IFERROR(ROUND((VLOOKUP($A13,'UT-2'!$1:$1048576,6,0))/2,0),VLOOKUP($A13,'UT-2'!$1:$1048576,6,0)) -> 0 | AM13: =VLOOKUP($A13,'NOTEBOOK-2(Entry)'!$1:$1048576,6,0) -> 0 | AN13: =VLOOKUP($A13,'ENRICH-2(Entry)'!$1:$1048576,6,0) -> 0 | AO13: =VLOOKUP($A13,ANNUAL!$1:$1048576,6,0) -> 0 | AP13: =SUM(AL13:AO13) -> 0 | AQ13: =VLOOKUP($A13,'HY Compile'!$1:$1048576,23,0) -> 0 | AR13: =VLOOKUP($A13,'HY Compile'!$1:$1048576,24,0) -> 0 | AS13: =VLOOKUP($A13,'HY Compile'!$1:$1048576,25,0) -> 0 | AT13: =VLOOKUP($A13,'HY Compile'!$1:$1048576,26,0) -> 0 | AU13: =SUM(AQ13:AT13) -> 0 | AV13: =IFERROR(ROUND((VLOOKUP($A13,'UT-2'!$1:$1048576,7,0))/2,0),VLOOKUP($A13,'UT-2'!$1:$1048576,7,0)) -> 0 | AW13: =VLOOKUP($A13,'NOTEBOOK-2(Entry)'!$1:$1048576,7,0) -> 0 | AX13: =VLOOKUP($A13,'ENRICH-2(Entry)'!$1:$1048576,7,0) -> 0 | AY13: =VLOOKUP($A13,ANNUAL!$1:$1048576,7,0) -> 0 | AZ13: =SUM(AV13:AY13) -> 0 | BA13: =VLOOKUP($A13,ANNUAL!$1:$1048576,8,0) -> 0 | BB13: =VLOOKUP($A13,ANNUAL!$1:$1048576,9,0) -> E | BC13: =VLOOKUP($A13,ANNUAL!$1:$1048576,10,0) -> E | BD13: =VLOOKUP($A13,ANNUAL!$1:$1048576,11,0) -> 0 | BE13: =VLOOKUP($A13,ANNUAL!$1:$1048576,12,0) -> 0 | BF13: =VLOOKUP($A13,ANNUAL!$1:$1048576,13,0) -> 0 | BG13: =VLOOKUP($A13,ANNUAL!$1:$1048576,14,0) -> 0 | BH13: =VLOOKUP($A13,ANNUAL!$1:$1048576,15,0) -> 0 | BI13: =SUM(G13,L13,Q13,V13,AA13,AF13,AK13,AP13,AU13,AZ13) -> 0 | BJ13: =ROUND(BI13/10,2)&" %" -> 0 %
A14: =DETAILS!A13 -> 1547 | B14: =DETAILS!B13 -> ANSHIKA PANDEY | C14: =VLOOKUP($A14,'HY Compile'!$1:$1048576,3,0) -> 0 | D14: =VLOOKUP($A14,'HY Compile'!$1:$1048576,4,0) -> 0 | E14: =VLOOKUP($A14,'HY Compile'!$1:$1048576,5,0) -> 0 | F14: =VLOOKUP($A14,'HY Compile'!$1:$1048576,6,0) -> 0 | G14: =SUM(C14:F14) -> 0 | H14: =IFERROR(ROUND((VLOOKUP($A14,'UT-2'!$1:$1048576,3,0))/2,0),VLOOKUP($A14,'UT-2'!$1:$1048576,3,0)) -> 0 | I14: =VLOOKUP($A14,'NOTEBOOK-2(Entry)'!$1:$1048576,3,0) -> 0 | J14: =VLOOKUP($A14,'ENRICH-2(Entry)'!$1:$1048576,3,0) -> 0 | K14: =VLOOKUP($A14,ANNUAL!$1:$1048576,3,0) -> 0 | L14: =SUM(H14:K14) -> 0 | M14: =VLOOKUP($A14,'HY Compile'!$1:$1048576,8,0) -> 0 | N14: =VLOOKUP($A14,'HY Compile'!$1:$1048576,9,0) -> 0 | O14: =VLOOKUP($A14,'HY Compile'!$1:$1048576,10,0) -> 0 | P14: =VLOOKUP($A14,'HY Compile'!$1:$1048576,11,0) -> 0 | Q14: =SUM(M14:P14) -> 0 | R14: =IFERROR(ROUND((VLOOKUP($A14,'UT-2'!$1:$1048576,4,0))/2,0),VLOOKUP($A14,'UT-2'!$1:$1048576,4,0)) -> 0 | S14: =VLOOKUP($A14,'NOTEBOOK-2(Entry)'!$1:$1048576,4,0) -> 0 | T14: =VLOOKUP($A14,'ENRICH-2(Entry)'!$1:$1048576,4,0) -> 0 | U14: =VLOOKUP($A14,ANNUAL!$1:$1048576,4,0) -> 0 | V14: =SUM(R14:U14) -> 0 | W14: =VLOOKUP($A14,'HY Compile'!$1:$1048576,13,0) -> 0 | X14: =VLOOKUP($A14,'HY Compile'!$1:$1048576,14,0) -> 0 | Y14: =VLOOKUP($A14,'HY Compile'!$1:$1048576,15,0) -> 0 | Z14: =VLOOKUP($A14,'HY Compile'!$1:$1048576,16,0) -> 0 | AA14: =SUM(W14:Z14) -> 0 | AB14: =IFERROR(ROUND((VLOOKUP($A14,'UT-2'!$1:$1048576,5,0))/2,0),VLOOKUP($A14,'UT-2'!$1:$1048576,5,0)) -> 0 | AC14: =VLOOKUP($A14,'NOTEBOOK-2(Entry)'!$1:$1048576,5,0) -> 0 | AD14: =VLOOKUP($A14,'ENRICH-2(Entry)'!$1:$1048576,5,0) -> 0 | AE14: =VLOOKUP($A14,ANNUAL!$1:$1048576,5,0) -> 0 | AF14: =SUM(AB14:AE14) -> 0 | AG14: =VLOOKUP($A14,'HY Compile'!$1:$1048576,18,0) -> 0 | AH14: =VLOOKUP($A14,'HY Compile'!$1:$1048576,19,0) -> 0 | AI14: =VLOOKUP($A14,'HY Compile'!$1:$1048576,20,0) -> 0 | AJ14: =VLOOKUP($A14,'HY Compile'!$1:$1048576,21,0) -> 0 | AK14: =SUM(AG14:AJ14) -> 0 | AL14: =IFERROR(ROUND((VLOOKUP($A14,'UT-2'!$1:$1048576,6,0))/2,0),VLOOKUP($A14,'UT-2'!$1:$1048576,6,0)) -> 0 | AM14: =VLOOKUP($A14,'NOTEBOOK-2(Entry)'!$1:$1048576,6,0) -> 0 | AN14: =VLOOKUP($A14,'ENRICH-2(Entry)'!$1:$1048576,6,0) -> 0 | AO14: =VLOOKUP($A14,ANNUAL!$1:$1048576,6,0) -> 0 | AP14: =SUM(AL14:AO14) -> 0 | AQ14: =VLOOKUP($A14,'HY Compile'!$1:$1048576,23,0) -> 0 | AR14: =VLOOKUP($A14,'HY Compile'!$1:$1048576,24,0) -> 0 | AS14: =VLOOKUP($A14,'HY Compile'!$1:$1048576,25,0) -> 0 | AT14: =VLOOKUP($A14,'HY Compile'!$1:$1048576,26,0) -> 0 | AU14: =SUM(AQ14:AT14) -> 0 | AV14: =IFERROR(ROUND((VLOOKUP($A14,'UT-2'!$1:$1048576,7,0))/2,0),VLOOKUP($A14,'UT-2'!$1:$1048576,7,0)) -> 0 | AW14: =VLOOKUP($A14,'NOTEBOOK-2(Entry)'!$1:$1048576,7,0) -> 0 | AX14: =VLOOKUP($A14,'ENRICH-2(Entry)'!$1:$1048576,7,0) -> 0 | AY14: =VLOOKUP($A14,ANNUAL!$1:$1048576,7,0) -> 0 | AZ14: =SUM(AV14:AY14) -> 0 | BA14: =VLOOKUP($A14,ANNUAL!$1:$1048576,8,0) -> 0 | BB14: =VLOOKUP($A14,ANNUAL!$1:$1048576,9,0) -> E | BC14: =VLOOKUP($A14,ANNUAL!$1:$1048576,10,0) -> E | BD14: =VLOOKUP($A14,ANNUAL!$1:$1048576,11,0) -> 0 | BE14: =VLOOKUP($A14,ANNUAL!$1:$1048576,12,0) -> 0 | BF14: =VLOOKUP($A14,ANNUAL!$1:$1048576,13,0) -> 0 | BG14: =VLOOKUP($A14,ANNUAL!$1:$1048576,14,0) -> 0 | BH14: =VLOOKUP($A14,ANNUAL!$1:$1048576,15,0) -> 0 | BI14: =SUM(G14,L14,Q14,V14,AA14,AF14,AK14,AP14,AU14,AZ14) -> 0 | BJ14: =ROUND(BI14/10,2)&" %" -> 0 %
A15: =DETAILS!A14 -> 1644 | B15: =DETAILS!B14 -> ARADHYA SINGH | C15: =VLOOKUP($A15,'HY Compile'!$1:$1048576,3,0) -> 0 | D15: =VLOOKUP($A15,'HY Compile'!$1:$1048576,4,0) -> 0 | E15: =VLOOKUP($A15,'HY Compile'!$1:$1048576,5,0) -> 0 | F15: =VLOOKUP($A15,'HY Compile'!$1:$1048576,6,0) -> 0 | G15: =SUM(C15:F15) -> 0 | H15: =IFERROR(ROUND((VLOOKUP($A15,'UT-2'!$1:$1048576,3,0))/2,0),VLOOKUP($A15,'UT-2'!$1:$1048576,3,0)) -> 0 | I15: =VLOOKUP($A15,'NOTEBOOK-2(Entry)'!$1:$1048576,3,0) -> 0 | J15: =VLOOKUP($A15,'ENRICH-2(Entry)'!$1:$1048576,3,0) -> 0 | K15: =VLOOKUP($A15,ANNUAL!$1:$1048576,3,0) -> 0 | L15: =SUM(H15:K15) -> 0 | M15: =VLOOKUP($A15,'HY Compile'!$1:$1048576,8,0) -> 0 | N15: =VLOOKUP($A15,'HY Compile'!$1:$1048576,9,0) -> 0 | O15: =VLOOKUP($A15,'HY Compile'!$1:$1048576,10,0) -> 0 | P15: =VLOOKUP($A15,'HY Compile'!$1:$1048576,11,0) -> 0 | Q15: =SUM(M15:P15) -> 0 | R15: =IFERROR(ROUND((VLOOKUP($A15,'UT-2'!$1:$1048576,4,0))/2,0),VLOOKUP($A15,'UT-2'!$1:$1048576,4,0)) -> 0 | S15: =VLOOKUP($A15,'NOTEBOOK-2(Entry)'!$1:$1048576,4,0) -> 0 | T15: =VLOOKUP($A15,'ENRICH-2(Entry)'!$1:$1048576,4,0) -> 0 | U15: =VLOOKUP($A15,ANNUAL!$1:$1048576,4,0) -> 0 | V15: =SUM(R15:U15) -> 0 | W15: =VLOOKUP($A15,'HY Compile'!$1:$1048576,13,0) -> 0 | X15: =VLOOKUP($A15,'HY Compile'!$1:$1048576,14,0) -> 0 | Y15: =VLOOKUP($A15,'HY Compile'!$1:$1048576,15,0) -> 0 | Z15: =VLOOKUP($A15,'HY Compile'!$1:$1048576,16,0) -> 0 | AA15: =SUM(W15:Z15) -> 0 | AB15: =IFERROR(ROUND((VLOOKUP($A15,'UT-2'!$1:$1048576,5,0))/2,0),VLOOKUP($A15,'UT-2'!$1:$1048576,5,0)) -> 0 | AC15: =VLOOKUP($A15,'NOTEBOOK-2(Entry)'!$1:$1048576,5,0) -> 0 | AD15: =VLOOKUP($A15,'ENRICH-2(Entry)'!$1:$1048576,5,0) -> 0 | AE15: =VLOOKUP($A15,ANNUAL!$1:$1048576,5,0) -> 0 | AF15: =SUM(AB15:AE15) -> 0 | AG15: =VLOOKUP($A15,'HY Compile'!$1:$1048576,18,0) -> 0 | AH15: =VLOOKUP($A15,'HY Compile'!$1:$1048576,19,0) -> 0 | AI15: =VLOOKUP($A15,'HY Compile'!$1:$1048576,20,0) -> 0 | AJ15: =VLOOKUP($A15,'HY Compile'!$1:$1048576,21,0) -> 0 | AK15: =SUM(AG15:AJ15) -> 0 | AL15: =IFERROR(ROUND((VLOOKUP($A15,'UT-2'!$1:$1048576,6,0))/2,0),VLOOKUP($A15,'UT-2'!$1:$1048576,6,0)) -> 0 | AM15: =VLOOKUP($A15,'NOTEBOOK-2(Entry)'!$1:$1048576,6,0) -> 0 | AN15: =VLOOKUP($A15,'ENRICH-2(Entry)'!$1:$1048576,6,0) -> 0 | AO15: =VLOOKUP($A15,ANNUAL!$1:$1048576,6,0) -> 0 | AP15: =SUM(AL15:AO15) -> 0 | AQ15: =VLOOKUP($A15,'HY Compile'!$1:$1048576,23,0) -> 0 | AR15: =VLOOKUP($A15,'HY Compile'!$1:$1048576,24,0) -> 0 | AS15: =VLOOKUP($A15,'HY Compile'!$1:$1048576,25,0) -> 0 | AT15: =VLOOKUP($A15,'HY Compile'!$1:$1048576,26,0) -> 0 | AU15: =SUM(AQ15:AT15) -> 0 | AV15: =IFERROR(ROUND((VLOOKUP($A15,'UT-2'!$1:$1048576,7,0))/2,0),VLOOKUP($A15,'UT-2'!$1:$1048576,7,0)) -> 0 | AW15: =VLOOKUP($A15,'NOTEBOOK-2(Entry)'!$1:$1048576,7,0) -> 0 | AX15: =VLOOKUP($A15,'ENRICH-2(Entry)'!$1:$1048576,7,0) -> 0 | AY15: =VLOOKUP($A15,ANNUAL!$1:$1048576,7,0) -> 0 | AZ15: =SUM(AV15:AY15) -> 0 | BA15: =VLOOKUP($A15,ANNUAL!$1:$1048576,8,0) -> 0 | BB15: =VLOOKUP($A15,ANNUAL!$1:$1048576,9,0) -> E | BC15: =VLOOKUP($A15,ANNUAL!$1:$1048576,10,0) -> E | BD15: =VLOOKUP($A15,ANNUAL!$1:$1048576,11,0) -> 0 | BE15: =VLOOKUP($A15,ANNUAL!$1:$1048576,12,0) -> 0 | BF15: =VLOOKUP($A15,ANNUAL!$1:$1048576,13,0) -> 0 | BG15: =VLOOKUP($A15,ANNUAL!$1:$1048576,14,0) -> 0 | BH15: =VLOOKUP($A15,ANNUAL!$1:$1048576,15,0) -> 0 | BI15: =SUM(G15,L15,Q15,V15,AA15,AF15,AK15,AP15,AU15,AZ15) -> 0 | BJ15: =ROUND(BI15/10,2)&" %" -> 0 %
... A42: =DETAILS!A41 -> 1937 | B42: =DETAILS!B41 -> VIVAAN PAL | C42: =VLOOKUP($A42,'HY Compile'!$1:$1048576,3,0) -> #N/A | D42: =VLOOKUP($A42,'HY Compile'!$1:$1048576,4,0) -> #N/A | E42: =VLOOKUP($A42,'HY Compile'!$1:$1048576,5,0) -> #N/A | F42: =VLOOKUP($A42,'HY Compile'!$1:$1048576,6,0) -> #N/A | G42: =SUM(C42:F42) -> #N/A | H42: =IFERROR(ROUND((VLOOKUP($A42,'UT-2'!$1:$1048576,3,0))/2,0),VLOOKUP($A42,'UT-2'!$1:$1048576,3,0)) -> 0 | I42: =VLOOKUP($A42,'NOTEBOOK-2(Entry)'!$1:$1048576,3,0) -> 0 | J42: =VLOOKUP($A42,'ENRICH-2(Entry)'!$1:$1048576,3,0) -> 0 | K42: =VLOOKUP($A42,ANNUAL!$1:$1048576,3,0) -> 0 | L42: =SUM(H42:K42) -> 0 | M42: =VLOOKUP($A42,'HY Compile'!$1:$1048576,8,0) -> #N/A | N42: =VLOOKUP($A42,'HY Compile'!$1:$1048576,9,0) -> #N/A | O42: =VLOOKUP($A42,'HY Compile'!$1:$1048576,10,0) -> #N/A | P42: =VLOOKUP($A42,'HY Compile'!$1:$1048576,11,0) -> #N/A | Q42: =SUM(M42:P42) -> #N/A | R42: =IFERROR(ROUND((VLOOKUP($A42,'UT-2'!$1:$1048576,4,0))/2,0),VLOOKUP($A42,'UT-2'!$1:$1048576,4,0)) -> 0 | S42: =VLOOKUP($A42,'NOTEBOOK-2(Entry)'!$1:$1048576,4,0) -> 0 | T42: =VLOOKUP($A42,'ENRICH-2(Entry)'!$1:$1048576,4,0) -> 0 | U42: =VLOOKUP($A42,ANNUAL!$1:$1048576,4,0) -> 0 | V42: =SUM(R42:U42) -> 0 | W42: =VLOOKUP($A42,'HY Compile'!$1:$1048576,13,0) -> #N/A | X42: =VLOOKUP($A42,'HY Compile'!$1:$1048576,14,0) -> #N/A | Y42: =VLOOKUP($A42,'HY Compile'!$1:$1048576,15,0) -> #N/A | Z42: =VLOOKUP($A42,'HY Compile'!$1:$1048576,16,0) -> #N/A | AA42: =SUM(W42:Z42) -> #N/A | AB42: =IFERROR(ROUND((VLOOKUP($A42,'UT-2'!$1:$1048576,5,0))/2,0),VLOOKUP($A42,'UT-2'!$1:$1048576,5,0)) -> 0 | AC42: =VLOOKUP($A42,'NOTEBOOK-2(Entry)'!$1:$1048576,5,0) -> 0 | AD42: =VLOOKUP($A42,'ENRICH-2(Entry)'!$1:$1048576,5,0) -> 0 | AE42: =VLOOKUP($A42,ANNUAL!$1:$1048576,5,0) -> 0 | AF42: =SUM(AB42:AE42) -> 0 | AG42: =VLOOKUP($A42,'HY Compile'!$1:$1048576,18,0) -> #N/A | AH42: =VLOOKUP($A42,'HY Compile'!$1:$1048576,19,0) -> #N/A | AI42: =VLOOKUP($A42,'HY Compile'!$1:$1048576,20,0) -> #N/A | AJ42: =VLOOKUP($A42,'HY Compile'!$1:$1048576,21,0) -> #N/A | AK42: =SUM(AG42:AJ42) -> #N/A | AL42: =IFERROR(ROUND((VLOOKUP($A42,'UT-2'!$1:$1048576,6,0))/2,0),VLOOKUP($A42,'UT-2'!$1:$1048576,6,0)) -> 0 | AM42: =VLOOKUP($A42,'NOTEBOOK-2(Entry)'!$1:$1048576,6,0) -> 0 | AN42: =VLOOKUP($A42,'ENRICH-2(Entry)'!$1:$1048576,6,0) -> 0 | AO42: =VLOOKUP($A42,ANNUAL!$1:$1048576,6,0) -> 0 | AP42: =SUM(AL42:AO42) -> 0 | AQ42: =VLOOKUP($A42,'HY Compile'!$1:$1048576,23,0) -> #N/A | AR42: =VLOOKUP($A42,'HY Compile'!$1:$1048576,24,0) -> #N/A | AS42: =VLOOKUP($A42,'HY Compile'!$1:$1048576,25,0) -> #N/A | AT42: =VLOOKUP($A42,'HY Compile'!$1:$1048576,26,0) -> #N/A | AU42: =SUM(AQ42:AT42) -> #N/A | AV42: =IFERROR(ROUND((VLOOKUP($A42,'UT-2'!$1:$1048576,7,0))/2,0),VLOOKUP($A42,'UT-2'!$1:$1048576,7,0)) -> 0 | AW42: =VLOOKUP($A42,'NOTEBOOK-2(Entry)'!$1:$1048576,7,0) -> 0 | AX42: =VLOOKUP($A42,'ENRICH-2(Entry)'!$1:$1048576,7,0) -> 0 | AY42: =VLOOKUP($A42,ANNUAL!$1:$1048576,7,0) -> 0 | AZ42: =SUM(AV42:AY42) -> 0 | BA42: =VLOOKUP($A42,ANNUAL!$1:$1048576,8,0) -> 0 | BB42: =VLOOKUP($A42,ANNUAL!$1:$1048576,9,0) -> E | BC42: =VLOOKUP($A42,ANNUAL!$1:$1048576,10,0) -> E | BD42: =VLOOKUP($A42,ANNUAL!$1:$1048576,11,0) -> 0 | BE42: =VLOOKUP($A42,ANNUAL!$1:$1048576,12,0) -> 0 | BF42: =VLOOKUP($A42,ANNUAL!$1:$1048576,13,0) -> 0 | BG42: =VLOOKUP($A42,ANNUAL!$1:$1048576,14,0) -> 0 | BH42: =VLOOKUP($A42,ANNUAL!$1:$1048576,15,0) -> 0 | BI42: =SUM(G42,L42,Q42,V42,AA42,AF42,AK42,AP42,AU42,AZ42) -> #N/A | BJ42: =ROUND(BI42/10,2)&" %" -> #N/A

Sheet REORT CARD
B2: SAINIK PUBLIC SCHOOL
B3: (Affiliated to C.B.S.E. New Delhi- Reg. No. : 2131299)
B4: Building No. VB1893, Vikas Bhawan Ward,
B5: Nagar Palika Parishad, Nawabganj, Barabanki
B6: ANNUAL REPORT CARD
B7: SESSION 2025-26
B8: STUDENT PROFILE
B9: Student's Name | C9: =": "&VLOOKUP($K$9,DETAILS!$1:$1048576,2,0) -> #N/A | I9: Admission No. : | K9: 1
B10: Mother's Name | C10: =": "&VLOOKUP($K$9,DETAILS!$1:$1048576,3,0) -> #N/A | I10: Class & Sec. : | K10: =VLOOKUP($K$9,DETAILS!$1:$1048576,6,0) -> #N/A
B11: Father's Name | C11: =": "&VLOOKUP($K$9,DETAILS!$1:$1048576,4,0) -> #N/A | I11: Date of Birth : | K11: =VLOOKUP($K$9,DETAILS!$1:$1048576,5,0) -> #N/A
B13: PART-1 : ACADEMIC PERFORMANCE-SCHOLASTIC AREAS
B14: SUBJECT | C14: Unit Test-1 (10) | D14: Note book-1 (5) | E14: Subject Enrich ment-1 (5) | F14: Half Yearly (80) | G14: TOTAL (100) | H14: Unit Test-2 (10) | I14: Note book-2 (5) | J14: Subject Enchrich ment-2 (5) | K14: Annual (80) | L14: TOTAL (100) | M14: GRAND TOTAL (200)
B15: ENGLISH | C15: =VLOOKUP($K$9,'COMPILE REPORT'!$1:$1048576,3,0) -> #N/A | D15: =VLOOKUP($K$9,'COMPILE REPORT'!$1:$1048576,4,0) -> #N/A | E15: =VLOOKUP($K$9,'COMPILE REPORT'!$1:$1048576,5,0) -> #N/A | F15: =VLOOKUP($K$9,'COMPILE REPORT'!$1:$1048576,6,0) -> #N/A | G15: =SUM(C15:F15) -> #N/A | H15: =VLOOKUP($K$9,'COMPILE REPORT'!$1:$1048576,8,0) -> #N/A | I15: =VLOOKUP($K$9,'COMPILE REPORT'!$1:$1048576,9,0) -> #N/A | J15: =VLOOKUP($K$9,'COMPILE REPORT'!$1:$1048576,10,0) -> #N/A | K15: =VLOOKUP($K$9,'COMPILE REPORT'!$1:$1048576,11,0) -> #N/A | L15: =SUM(H15:K15) -> #N/A | M15: =SUM(G15,L15) -> #N/A
B16: HINDI | C16: =VLOOKUP($K$9,'COMPILE REPORT'!$1:$1048576,13,0) -> #N/A | D16: =VLOOKUP($K$9,'COMPILE REPORT'!$1:$1048576,14,0) -> #N/A | E16: =VLOOKUP($K$9,'COMPILE REPORT'!$1:$1048576,15,0) -> #N/A | F16: =VLOOKUP($K$9,'COMPILE REPORT'!$1:$1048576,16,0) -> #N/A | G16: =SUM(C16:F16) -> #N/A | H16: =VLOOKUP($K$9,'COMPILE REPORT'!$1:$1048576,18,0) -> #N/A | I16: =VLOOKUP($K$9,'COMPILE REPORT'!$1:$1048576,19,0) -> #N/A | J16: =VLOOKUP($K$9,'COMPILE REPORT'!$1:$1048576,20,0) -> #N/A | K16: =VLOOKUP($K$9,'COMPILE REPORT'!$1:$1048576,21,0) -> #N/A | L16: =SUM(H16:K16) -> #N/A | M16: =SUM(G16,L16) -> #N/A
B17: MATHEMATICS | C17: =VLOOKUP($K$9,'COMPILE REPORT'!$1:$1048576,23,0) -> #N/A | D17: =VLOOKUP($K$9,'COMPILE REPORT'!$1:$1048576,24,0) -> #N/A | E17: =VLOOKUP($K$9,'COMPILE REPORT'!$1:$1048576,25,0) -> #N/A | F17: =VLOOKUP($K$9,'COMPILE REPORT'!$1:$1048576,26,0) -> #N/A | G17: =SUM(C17:F17) -> #N/A | H17: =VLOOKUP($K$9,'COMPILE REPORT'!$1:$1048576,28,0) -> #N/A | I17: =VLOOKUP($K$9,'COMPILE REPORT'!$1:$1048576,29,0) -> #N/A | J17: =VLOOKUP($K$9,'COMPILE REPORT'!$1:$1048576,30,0) -> #N/A | K17: =VLOOKUP($K$9,'COMPILE REPORT'!$1:$1048576,31,0) -> #N/A | L17: =SUM(H17:K17) -> #N/A | M17: =SUM(G17,L17) -> #N/A
B18: EVS | C18: =VLOOKUP($K$9,'COMPILE REPORT'!$1:$1048576,33,0) -> #N/A | D18: =VLOOKUP($K$9,'COMPILE REPORT'!$1:$1048576,34,0) -> #N/A | E18: =VLOOKUP($K$9,'COMPILE REPORT'!$1:$1048576,35,0) -> #N/A | F18: =VLOOKUP($K$9,'COMPILE REPORT'!$1:$1048576,36,0) -> #N/A | G18: =SUM(C18:F18) -> #N/A | H18: =VLOOKUP($K$9,'COMPILE REPORT'!$1:$1048576,38,0) -> #N/A | I18: =VLOOKUP($K$9,'COMPILE REPORT'!$1:$1048576,39,0) -> #N/A | J18: =VLOOKUP($K$9,'COMPILE REPORT'!$1:$1048576,40,0) -> #N/A | K18: =VLOOKUP($K$9,'COMPILE REPORT'!$1:$1048576,41,0) -> #N/A | L18: =SUM(H18:K18) -> #N/A | M18: =SUM(G18,L18) -> #N/A
B19: COMPUTER | C19: =VLOOKUP($K$9,'COMPILE REPORT'!$1:$1048576,43,0) -> #N/A | D19: =VLOOKUP($K$9,'COMPILE REPORT'!$1:$1048576,44,0) -> #N/A | E19: =VLOOKUP($K$9,'COMPILE REPORT'!$1:$1048576,45,0) -> #N/A | F19: =VLOOKUP($K$9,'COMPILE REPORT'!$1:$1048576,46,0) -> #N/A | G19: =SUM(C19:F19) -> #N/A | H19: =VLOOKUP($K$9,'COMPILE REPORT'!$1:$1048576,48,0) -> #N/A | I19: =VLOOKUP($K$9,'COMPILE REPORT'!$1:$1048576,49,0) -> #N/A | J19: =VLOOKUP($K$9,'COMPILE REPORT'!$1:$1048576,50,0) -> #N/A | K19: =VLOOKUP($K$9,'COMPILE REPORT'!$1:$1048576,51,0) -> #N/A | L19: =SUM(H19:K19) -> #N/A | M19: =SUM(G19,L19) -> #N/A
B21: Attendance | C21: =VLOOKUP($K$9,'COMPILE REPORT'!$1:$1048576,58,0) -> #N/A | D21: =VLOOKUP($K$9,'COMPILE REPORT'!$1:$1048576,59,0) -> #N/A | J21: Percentage : | L21: =ROUND(SUM(M15:M19)/10,2)&" %" -> #N/A
C22: =VLOOKUP($K$9,'COMPILE REPORT'!$1:$1048576,53,0) -> #N/A | D22: =VLOOKUP($K$9,'COMPILE REPORT'!$1:$1048576,53,0) -> #N/A | J22: Grand Total : | L22: =SUM(M15:M19)& "/1000" -> #N/A
B25: PART-2:CO-SCHOLASTIC AREAS | K25: GRADE
B26: Work Education | K26: =VLOOKUP($K$9,'COMPILE REPORT'!$1:$1048576,53,0) -> #N/A | L26: =VLOOKUP($K$9,'COMPILE REPORT'!$1:$1048576,61,0) -> #N/A | M26: =VLOOKUP($K$9,'COMPILE REPORT'!$1:$1048576,61,0) -> #N/A
B27: Art Education | K27: =VLOOKUP($K$9,'COMPILE REPORT'!$1:$1048576,54,0) -> #N/A | L27: =VLOOKUP($K$9,'COMPILE REPORT'!$1:$1048576,61,0) -> #N/A | M27: =VLOOKUP($K$9,'COMPILE REPORT'!$1:$1048576,61,0) -> #N/A
B28: General Knowledge | K28: =VLOOKUP($K$9,'COMPILE REPORT'!$1:$1048576,55,0) -> #N/A | L28: =VLOOKUP($K$9,'COMPILE REPORT'!$1:$1048576,61,0) -> #N/A | M28: =VLOOKUP($K$9,'COMPILE REPORT'!$1:$1048576,61,0) -> #N/A
B29: Health & Physical Education | K29: =VLOOKUP($K$9,'COMPILE REPORT'!$1:$1048576,56,0) -> #N/A | L29: =VLOOKUP($K$9,'COMPILE REPORT'!$1:$1048576,61,0) -> #N/A | M29: =VLOOKUP($K$9,'COMPILE REPORT'!$1:$1048576,61,0) -> #N/A
B30: Discipline | K30: =VLOOKUP($K$9,'COMPILE REPORT'!$1:$1048576,57,0) -> #N/A | L30: =VLOOKUP($K$9,'COMPILE REPORT'!$1:$1048576,61,0) -> #N/A | M30: =VLOOKUP($K$9,'COMPILE REPORT'!$1:$1048576,61,0) -> #N/A
B32: Mark Range | D32: 100-81 | F32: 80-61 | H32: 60-41 | J32: 40-33 | L32: 32-0
B33: Grade | D33: A | F33: B | H33: C | J33: D | L33: E
B36: ="Class Teacher's Remark: "&VLOOKUP($K$9,'COMPILE REPORT'!$1:$1048576,60,0) -> #N/A
J37: Promoted to Class : II
B38: Issue Date: 27.03.2026 | J38: School Reopen Date: 01.04.2026
B41: Class Teacher's Signature | J41: Principal's Signature
