Workbook

Sheet DETAILS
A1: STUDENT'S DETAIL
A2: SR NO | B2: NAME | C2: MOTHER'S NAME | D2: FATHER'S NAME | E2: DOB | F2: CLASS & SEC
A3: 1887 | B3: ABHINAV YADAV | C3: NEELAM DEVI | D3: AMBRESH YADAV | E3: 20.08.2010 | F3: IX-B
A4: 1926 | B4: ADITYA KUMAR | C4: PUSHPA DEVI | D4: SANJAY KUMAR | E4: 20.02.2011 | F4: IX-B
A5: 1841 | B5: ANSHIKA THAKUR | C5: LALITA SINGH | D5: VISHWANATH PRATAP SINGH | E5: 23.11.2011 | F5: IX-B
A6: 1724 | B6: ANSHIKA YADAV | C6: SANJAY YADAV | D6: UMESH CHANDRA | E6: 16.06.2011 | F6: IX-B
A7: 1112 | B7: AQSA BANO | C7: RESHMA BANO | D7: MOHD. ATEEQ | E7: 28.07.2011 | F7: IX-B
A8: 1830 | B8: ATHARVA SHARMA | C8: NEETU SHARMA | D8: SANDEEP SHARMA | E8: 20.08.2011 | F8: IX-B
A9: 1516 | B9: AYUB KHAN | C9: SHABANA BEGUM | D9: GABBAR KHAN | E9: 20.03.2011 | F9: IX-B
A10: 1109 | B10: AYUSH MISHRA | C10: JULI MISHRA | D10: SURYAKANT MISHRA | E10: 08.12.2010 | F10: IX-B
A11: 1951 | B11: AYUSHI YADAV | C11: RANJU DEVI | D11: SANTOSH KUMAR YADAV | E11: 01.01.2011 | F11: IX-B
A12: 1863 | B12: BARIRA KHAN | C12: TANVEER | D12: MOHD. ILIYAS | E12: 14.04.2011 | F12: IX-B
A13: 899 | B13: DEEPANSHU MEENA | C13: MAMTA DEVI | D13: HARIRAM MEENA | E13: 04.07.2010 | F13: IX-B
A14: 1924 | B14: DEVANSH SINGH | C14: ANEETA SINGH | D14: RANVIJAY SINGH | E14: 18.11.2012 | F14: IX-B
... A31: 1778 | B31: YUSRA SHARIQ | C31: SHAYMA SHARIQ | D31: LATE SHARIQ RASHEED | E31: 01.01.2011 | F31: IX-B

Sheet UT-I(Entry)
A1: UNIT TEST-I (2025-26) CLASS - IX-B
A2: SR. NO. | B2: NAME | C2: ENGLISH | D2: HINDI | E2: MATHS | F2: SCIENCE | G2: SOCIAL SCIENCE | H2: ARTIFICIAL INTELLIGENCE | I2: Attendance
I3: Present | J3: Working Day
A4: =DETAILS!A3 -> 1887 | B4: =DETAILS!B3 -> ABHINAV YADAV
A5: =DETAILS!A4 -> 1926 | B5: =DETAILS!B4 -> ADITYA KUMAR
A6: =DETAILS!A5 -> 1841 | B6: =DETAILS!B5 -> ANSHIKA THAKUR
A7: =DETAILS!A6 -> 1724 | B7: =DETAILS!B6 -> ANSHIKA YADAV
A8: =DETAILS!A7 -> 1112 | B8: =DETAILS!B7 -> AQSA BANO
A9: =DETAILS!A8 -> 1830 | B9: =DETAILS!B8 -> ATHARVA SHARMA
A10: =DETAILS!A9 -> 1516 | B10: =DETAILS!B9 -> AYUB KHAN
A11: =DETAILS!A10 -> 1109 | B11: =DETAILS!B10 -> AYUSH MISHRA
A12: =DETAILS!A11 -> 1951 | B12: =DETAILS!B11 -> AYUSHI YADAV
A13: =DETAILS!A12 -> 1863 | B13: =DETAILS!B12 -> BARIRA KHAN
A14: =DETAILS!A13 -> 899 | B14: =DETAILS!B13 -> DEEPANSHU MEENA
A15: =DETAILS!A14 -> 1924 | B15: =DETAILS!B14 -> DEVANSH SINGH
... A32: =DETAILS!A31 -> 1778 | B32: =DETAILS!B31 -> YUSRA SHARIQ

Sheet UT-I 
A1: UNIT TEST-I (2025-26) CLASS - IX-B
A2: SR. NO. | B2: NAME | C2: ENGLISH | D2: HINDI | E2: MATHS | F2: SCIENCE | G2: SOCIAL SCIENCE | H2: ARTIFICIAL INTELLIGENCE | I2: TOTAL | J2: PERCENTAGE | K2: Attendance
K3: Present | L3: Working Day
A4: =DETAILS!A3 -> 1887 | B4: =DETAILS!B3 -> ABHINAV YADAV | C4: =IFERROR(ROUND((VLOOKUP(A4,'UT-I(Entry)'!$1:$1048576,3,0))/2,0),VLOOKUP(A4,'UT-I(Entry)'!$1:$1048576,3,0)) -> 0 | D4: =IFERROR(ROUND((VLOOKUP(A4,'UT-I(Entry)'!$1:$1048576,4,0))/2,0),VLOOKUP(A4,'UT-I(Entry)'!$1:$1048576,4,0)) -> 0 | E4: =IFERROR(ROUND((VLOOKUP(A4,'UT-I(Entry)'!$1:$1048576,5,0))/2,0),VLOOKUP(A4,'UT-I(Entry)'!$1:$1048576,5,0)) -> 0 | F4: =IFERROR(ROUND((VLOOKUP(A4,'UT-I(Entry)'!$1:$1048576,6,0))/2,0),VLOOKUP(A4,'UT-I(Entry)'!$1:$1048576,6,0)) -> 0 | G4: =IFERROR(ROUND((VLOOKUP($A4,'UT-I(Entry)'!$1:$1048576,7,0))/2,0),VLOOKUP($A4,'UT-I(Entry)'!$1:$1048576,7,0)) -> 0 | H4: =IFERROR(ROUND((VLOOKUP($A4,'UT-I(Entry)'!$1:$1048576,8,0))/2,0),VLOOKUP($A4,'UT-I(Entry)'!$1:$1048576,8,0)) -> 0 | I4: =SUM(C4:H4) -> 0 | J4: =ROUND(I4/1.2,2)&" %" -> 0 % | K4: =VLOOKUP(A4,'UT-I(Entry)'!$1:$1048576,10,0) -> 0 | L4: =VLOOKUP(A4,'UT-I(Entry)'!$1:$1048576,11,0) -> 0
A5: =DETAILS!A4 -> 1926 | B5: =DETAILS!B4 -> ADITYA KUMAR | C5: =IFERROR(ROUND((VLOOKUP(A5,'UT-I(Entry)'!$1:$1048576,3,0))/2,0),VLOOKUP(A5,'UT-I(Entry)'!$1:$1048576,3,0)) -> 0 | D5: =IFERROR(ROUND((VLOOKUP(A5,'UT-I(Entry)'!$1:$1048576,4,0))/2,0),VLOOKUP(A5,'UT-I(Entry)'!$1:$1048576,4,0)) -> 0 | E5: =IFERROR(ROUND((VLOOKUP(A5,'UT-I(Entry)'!$1:$1048576,5,0))/2,0),VLOOKUP(A5,'UT-I(Entry)'!$1:$1048576,5,0)) -> 0 | F5: =IFERROR(ROUND((VLOOKUP(A5,'UT-I(Entry)'!$1:$1048576,6,0))/2,0),VLOOKUP(A5,'UT-I(Entry)'!$1:$1048576,6,0)) -> 0 | G5: =IFERROR(ROUND((VLOOKUP(A5,'UT-I(Entry)'!$1:$1048576,7,0))/2,0),VLOOKUP(A5,'UT-I(Entry)'!$1:$1048576,7,0)) -> 0 | H5: =IFERROR(ROUND((VLOOKUP($A5,'UT-I(Entry)'!$1:$1048576,8,0))/2,0),VLOOKUP($A5,'UT-I(Entry)'!$1:$1048576,8,0)) -> 0 | I5: =SUM(C5:H5) -> 0 | J5: =ROUND(I5/1.2,2)&" %" -> 0 % | K5: =VLOOKUP(A5,'UT-I(Entry)'!$1:$1048576,10,0) -> 0 | L5: =VLOOKUP(A5,'UT-I(Entry)'!$1:$1048576,11,0) -> 0
A6: =DETAILS!A5 -> 1841 | B6: =DETAILS!B5 -> ANSHIKA THAKUR | C6: =IFERROR(ROUND((VLOOKUP(A6,'UT-I(Entry)'!$1:$1048576,3,0))/2,0),VLOOKUP(A6,'UT-I(Entry)'!$1:$1048576,3,0)) -> 0 | D6: =IFERROR(ROUND((VLOOKUP(A6,'UT-I(Entry)'!$1:$1048576,4,0))/2,0),VLOOKUP(A6,'UT-I(Entry)'!$1:$1048576,4,0)) -> 0 | E6: =IFERROR(ROUND((VLOOKUP(A6,'UT-I(Entry)'!$1:$1048576,5,0))/2,0),VLOOKUP(A6,'UT-I(Entry)'!$1:$1048576,5,0)) -> 0 | F6: =IFERROR(ROUND((VLOOKUP(A6,'UT-I(Entry)'!$1:$1048576,6,0))/2,0),VLOOKUP(A6,'UT-I(Entry)'!$1:$1048576,6,0)) -> 0 | G6: =IFERROR(ROUND((VLOOKUP(A6,'UT-I(Entry)'!$1:$1048576,7,0))/2,0),VLOOKUP(A6,'UT-I(Entry)'!$1:$1048576,7,0)) -> 0 | H6: =IFERROR(ROUND((VLOOKUP($A6,'UT-I(Entry)'!$1:$1048576,8,0))/2,0),VLOOKUP($A6,'UT-I(Entry)'!$1:$1048576,8,0)) -> 0 | I6: =SUM(C6:H6) -> 0 | J6: =ROUND(I6/1.2,2)&" %" -> 0 % | K6: =VLOOKUP(A6,'UT-I(Entry)'!$1:$1048576,10,0) -> 0 | L6: =VLOOKUP(A6,'UT-I(Entry)'!$1:$1048576,11,0) -> 0
A7: =DETAILS!A6 -> 1724 | B7: =DETAILS!B6 -> ANSHIKA YADAV | C7: =IFERROR(ROUND((VLOOKUP(A7,'UT-I(Entry)'!$1:$1048576,3,0))/2,0),VLOOKUP(A7,'UT-I(Entry)'!$1:$1048576,3,0)) -> 0 | D7: =IFERROR(ROUND((VLOOKUP(A7,'UT-I(Entry)'!$1:$1048576,4,0))/2,0),VLOOKUP(A7,'UT-I(Entry)'!$1:$1048576,4,0)) -> 0 | E7: =IFERROR(ROUND((VLOOKUP(A7,'UT-I(Entry)'!$1:$1048576,5,0))/2,0),VLOOKUP(A7,'UT-I(Entry)'!$1:$1048576,5,0)) -> 0 | F7: =IFERROR(ROUND((VLOOKUP(A7,'UT-I(Entry)'!$1:$1048576,6,0))/2,0),VLOOKUP(A7,'UT-I(Entry)'!$1:$1048576,6,0)) -> 0 | G7: =IFERROR(ROUND((VLOOKUP(A7,'UT-I(Entry)'!$1:$1048576,7,0))/2,0),VLOOKUP(A7,'UT-I(Entry)'!$1:$1048576,7,0)) -> 0 | H7: =IFERROR(ROUND((VLOOKUP($A7,'UT-I(Entry)'!$1:$1048576,8,0))/2,0),VLOOKUP($A7,'UT-I(Entry)'!$1:$1048576,8,0)) -> 0 | I7: =SUM(C7:H7) -> 0 | J7: =ROUND(I7/1.2,2)&" %" -> 0 % | K7: =VLOOKUP(A7,'UT-I(Entry)'!$1:$1048576,10,0) -> 0 | L7: =VLOOKUP(A7,'UT-I(Entry)'!$1:$1048576,11,0) -> 0
A8: =DETAILS!A7 -> 1112 | B8: =DETAILS!B7 -> AQSA BANO | C8: =IFERROR(ROUND((VLOOKUP(A8,'UT-I(Entry)'!$1:$1048576,3,0))/2,0),VLOOKUP(A8,'UT-I(Entry)'!$1:$1048576,3,0)) -> 0 | D8: =IFERROR(ROUND((VLOOKUP(A8,'UT-I(Entry)'!$1:$1048576,4,0))/2,0),VLOOKUP(A8,'UT-I(Entry)'!$1:$1048576,4,0)) -> 0 | E8: =IFERROR(ROUND((VLOOKUP(A8,'UT-I(Entry)'!$1:$1048576,5,0))/2,0),VLOOKUP(A8,'UT-I(Entry)'!$1:$1048576,5,0)) -> 0 | F8: =IFERROR(ROUND((VLOOKUP(A8,'UT-I(Entry)'!$1:$1048576,6,0))/2,0),VLOOKUP(A8,'UT-I(Entry)'!$1:$1048576,6,0)) -> 0 | G8: =IFERROR(ROUND((VLOOKUP(A8,'UT-I(Entry)'!$1:$1048576,7,0))/2,0),VLOOKUP(A8,'UT-I(Entry)'!$1:$1048576,7,0)) -> 0 | H8: =IFERROR(ROUND((VLOOKUP($A8,'UT-I(Entry)'!$1:$1048576,8,0))/2,0),VLOOKUP($A8,'UT-I(Entry)'!$1:$1048576,8,0)) -> 0 | I8: =SUM(C8:H8) -> 0 | J8: =ROUND(I8/1.2,2)&" %" -> 0 % | K8: =VLOOKUP(A8,'UT-I(Entry)'!$1:$1048576,10,0) -> 0 | L8: =VLOOKUP(A8,'UT-I(Entry)'!$1:$1048576,11,0) -> 0
A9: =DETAILS!A8 -> 1830 | B9: =DETAILS!B8 -> ATHARVA SHARMA | C9: =IFERROR(ROUND((VLOOKUP(A9,'UT-I(Entry)'!$1:$1048576,3,0))/2,0),VLOOKUP(A9,'UT-I(Entry)'!$1:$1048576,3,0)) -> 0 | D9: =IFERROR(ROUND((VLOOKUP(A9,'UT-I(Entry)'!$1:$1048576,4,0))/2,0),VLOOKUP(A9,'UT-I(Entry)'!$1:$1048576,4,0)) -> 0 | E9: =IFERROR(ROUND((VLOOKUP(A9,'UT-I(Entry)'!$1:$1048576,5,0))/2,0),VLOOKUP(A9,'UT-I(Entry)'!$1:$1048576,5,0)) -> 0 | F9: =IFERROR(ROUND((VLOOKUP(A9,'UT-I(Entry)'!$1:$1048576,6,0))/2,0),VLOOKUP(A9,'UT-I(Entry)'!$1:$1048576,6,0)) -> 0 | G9: =IFERROR(ROUND((VLOOKUP(A9,'UT-I(Entry)'!$1:$1048576,7,0))/2,0),VLOOKUP(A9,'UT-I(Entry)'!$1:$1048576,7,0)) -> 0 | H9: =IFERROR(ROUND((VLOOKUP($A9,'UT-I(Entry)'!$1:$1048576,8,0))/2,0),VLOOKUP($A9,'UT-I(Entry)'!$1:$1048576,8,0)) -> 0 | I9: =SUM(C9:H9) -> 0 | J9: =ROUND(I9/1.2,2)&" %" -> 0 % | K9: =VLOOKUP(A9,'UT-I(Entry)'!$1:$1048576,10,0) -> 0 | L9: =VLOOKUP(A9,'UT-I(Entry)'!$1:$1048576,11,0) -> 0
A10: =DETAILS!A9 -> 1516 | B10: =DETAILS!B9 -> AYUB KHAN | C10: =IFERROR(ROUND((VLOOKUP(A10,'UT-I(Entry)'!$1:$1048576,3,0))/2,0),VLOOKUP(A10,'UT-I(Entry)'!$1:$1048576,3,0)) -> 0 | D10: =IFERROR(ROUND((VLOOKUP(A10,'UT-I(Entry)'!$1:$1048576,4,0))/2,0),VLOOKUP(A10,'UT-I(Entry)'!$1:$1048576,4,0)) -> 0 | E10: =IFERROR(ROUND((VLOOKUP(A10,'UT-I(Entry)'!$1:$1048576,5,0))/2,0),VLOOKUP(A10,'UT-I(Entry)'!$1:$1048576,5,0)) -> 0 | F10: =IFERROR(ROUND((VLOOKUP(A10,'UT-I(Entry)'!$1:$1048576,6,0))/2,0),VLOOKUP(A10,'UT-I(Entry)'!$1:$1048576,6,0)) -> 0 | G10: =IFERROR(ROUND((VLOOKUP(A10,'UT-I(Entry)'!$1:$1048576,7,0))/2,0),VLOOKUP(A10,'UT-I(Entry)'!$1:$1048576,7,0)) -> 0 | H10: =IFERROR(ROUND((VLOOKUP($A10,'UT-I(Entry)'!$1:$1048576,8,0))/2,0),VLOOKUP($A10,'UT-I(Entry)'!$1:$1048576,8,0)) -> 0 | I10: =SUM(C10:H10) -> 0 | J10: =ROUND(I10/1.2,2)&" %" -> 0 % | K10: =VLOOKUP(A10,'UT-I(Entry)'!$1:$1048576,10,0) -> 0 | L10: =VLOOKUP(A10,'UT-I(Entry)'!$1:$1048576,11,0) -> 0
A11: =DETAILS!A10 -> 1109 | B11: =DETAILS!B10 -> AYUSH MISHRA | C11: =IFERROR(ROUND((VLOOKUP(A11,'UT-I(Entry)'!$1:$1048576,3,0))/2,0),VLOOKUP(A11,'UT-I(Entry)'!$1:$1048576,3,0)) -> 0 | D11: =IFERROR(ROUND((VLOOKUP(A11,'UT-I(Entry)'!$1:$1048576,4,0))/2,0),VLOOKUP(A11,'UT-I(Entry)'!$1:$1048576,4,0)) -> 0 | E11: =IFERROR(ROUND((VLOOKUP(A11,'UT-I(Entry)'!$1:$1048576,5,0))/2,0),VLOOKUP(A11,'UT-I(Entry)'!$1:$1048576,5,0)) -> 0 | F11: =IFERROR(ROUND((VLOOKUP(A11,'UT-I(Entry)'!$1:$1048576,6,0))/2,0),VLOOKUP(A11,'UT-I(Entry)'!$1:$1048576,6,0)) -> 0 | G11: =IFERROR(ROUND((VLOOKUP(A11,'UT-I(Entry)'!$1:$1048576,7,0))/2,0),VLOOKUP(A11,'UT-I(Entry)'!$1:$1048576,7,0)) -> 0 | H11: =IFERROR(ROUND((VLOOKUP($A11,'UT-I(Entry)'!$1:$1048576,8,0))/2,0),VLOOKUP($A11,'UT-I(Entry)'!$1:$1048576,8,0)) -> 0 | I11: =SUM(C11:H11) -> 0 | J11: =ROUND(I11/1.2,2)&" %" -> 0 % | K11: =VLOOKUP(A11,'UT-I(Entry)'!$1:$1048576,10,0) -> 0 | L11: =VLOOKUP(A11,'UT-I(Entry)'!$1:$1048576,11,0) -> 0
A12: =DETAILS!A11 -> 1951 | B12: =DETAILS!B11 -> AYUSHI YADAV | C12: =IFERROR(ROUND((VLOOKUP(A12,'UT-I(Entry)'!$1:$1048576,3,0))/2,0),VLOOKUP(A12,'UT-I(Entry)'!$1:$1048576,3,0)) -> 0 | D12: =IFERROR(ROUND((VLOOKUP(A12,'UT-I(Entry)'!$1:$1048576,4,0))/2,0),VLOOKUP(A12,'UT-I(Entry)'!$1:$1048576,4,0)) -> 0 | E12: =IFERROR(ROUND((VLOOKUP(A12,'UT-I(Entry)'!$1:$1048576,5,0))/2,0),VLOOKUP(A12,'UT-I(Entry)'!$1:$1048576,5,0)) -> 0 | F12: =IFERROR(ROUND((VLOOKUP(A12,'UT-I(Entry)'!$1:$1048576,6,0))/2,0),VLOOKUP(A12,'UT-I(Entry)'!$1:$1048576,6,0)) -> 0 | G12: =IFERROR(ROUND((VLOOKUP(A12,'UT-I(Entry)'!$1:$1048576,7,0))/2,0),VLOOKUP(A12,'UT-I(Entry)'!$1:$1048576,7,0)) -> 0 | H12: =IFERROR(ROUND((VLOOKUP($A12,'UT-I(Entry)'!$1:$1048576,8,0))/2,0),VLOOKUP($A12,'UT-I(Entry)'!$1:$1048576,8,0)) -> 0 | I12: =SUM(C12:H12) -> 0 | J12: =ROUND(I12/1.2,2)&" %" -> 0 % | K12: =VLOOKUP(A12,'UT-I(Entry)'!$1:$1048576,10,0) -> 0 | L12: =VLOOKUP(A12,'UT-I(Entry)'!$1:$1048576,11,0) -> 0
A13: =DETAILS!A12 -> 1863 | B13: =DETAILS!B12 -> BARIRA KHAN | C13: =IFERROR(ROUND((VLOOKUP(A13,'UT-I(Entry)'!$1:$1048576,3,0))/2,0),VLOOKUP(A13,'UT-I(Entry)'!$1:$1048576,3,0)) -> 0 | D13: =IFERROR(ROUND((VLOOKUP(A13,'UT-I(Entry)'!$1:$1048576,4,0))/2,0),VLOOKUP(A13,'UT-I(Entry)'!$1:$1048576,4,0)) -> 0 | E13: =IFERROR(ROUND((VLOOKUP(A13,'UT-I(Entry)'!$1:$1048576,5,0))/2,0),VLOOKUP(A13,'UT-I(Entry)'!$1:$1048576,5,0)) -> 0 | F13: =IFERROR(ROUND((VLOOKUP(A13,'UT-I(Entry)'!$1:$1048576,6,0))/2,0),VLOOKUP(A13,'UT-I(Entry)'!$1:$1048576,6,0)) -> 0 | G13: =IFERROR(ROUND((VLOOKUP(A13,'UT-I(Entry)'!$1:$1048576,7,0))/2,0),VLOOKUP(A13,'UT-I(Entry)'!$1:$1048576,7,0)) -> 0 | H13: =IFERROR(ROUND((VLOOKUP($A13,'UT-I(Entry)'!$1:$1048576,8,0))/2,0),VLOOKUP($A13,'UT-I(Entry)'!$1:$1048576,8,0)) -> 0 | I13: =SUM(C13:H13) -> 0 | J13: =ROUND(I13/1.2,2)&" %" -> 0 % | K13: =VLOOKUP(A13,'UT-I(Entry)'!$1:$1048576,10,0) -> 0 | L13: =VLOOKUP(A13,'UT-I(Entry)'!$1:$1048576,11,0) -> 0
A14: =DETAILS!A13 -> 899 | B14: =DETAILS!B13 -> DEEPANSHU MEENA | C14: =IFERROR(ROUND((VLOOKUP(A14,'UT-I(Entry)'!$1:$1048576,3,0))/2,0),VLOOKUP(A14,'UT-I(Entry)'!$1:$1048576,3,0)) -> 0 | D14: =IFERROR(ROUND((VLOOKUP(A14,'UT-I(Entry)'!$1:$1048576,4,0))/2,0),VLOOKUP(A14,'UT-I(Entry)'!$1:$1048576,4,0)) -> 0 | E14: =IFERROR(ROUND((VLOOKUP(A14,'UT-I(Entry)'!$1:$1048576,5,0))/2,0),VLOOKUP(A14,'UT-I(Entry)'!$1:$1048576,5,0)) -> 0 | F14: =IFERROR(ROUND((VLOOKUP(A14,'UT-I(Entry)'!$1:$1048576,6,0))/2,0),VLOOKUP(A14,'UT-I(Entry)'!$1:$1048576,6,0)) -> 0 | G14: =IFERROR(ROUND((VLOOKUP(A14,'UT-I(Entry)'!$1:$1048576,7,0))/2,0),VLOOKUP(A14,'UT-I(Entry)'!$1:$1048576,7,0)) -> 0 | H14: =IFERROR(ROUND((VLOOKUP($A14,'UT-I(Entry)'!$1:$1048576,8,0))/2,0),VLOOKUP($A14,'UT-I(Entry)'!$1:$1048576,8,0)) -> 0 | I14: =SUM(C14:H14) -> 0 | J14: =ROUND(I14/1.2,2)&" %" -> 0 % | K14: =VLOOKUP(A14,'UT-I(Entry)'!$1:$1048576,10,0) -> 0 | L14: =VLOOKUP(A14,'UT-I(Entry)'!$1:$1048576,11,0) -> 0
A15: =DETAILS!A14 -> 1924 | B15: =DETAILS!B14 -> DEVANSH SINGH | C15: =IFERROR(ROUND((VLOOKUP(A15,'UT-I(Entry)'!$1:$1048576,3,0))/2,0),VLOOKUP(A15,'UT-I(Entry)'!$1:$1048576,3,0)) -> 0 | D15: =IFERROR(ROUND((VLOOKUP(A15,'UT-I(Entry)'!$1:$1048576,4,0))/2,0),VLOOKUP(A15,'UT-I(Entry)'!$1:$1048576,4,0)) -> 0 | E15: =IFERROR(ROUND((VLOOKUP(A15,'UT-I(Entry)'!$1:$1048576,5,0))/2,0),VLOOKUP(A15,'UT-I(Entry)'!$1:$1048576,5,0)) -> 0 | F15: =IFERROR(ROUND((VLOOKUP(A15,'UT-I(Entry)'!$1:$1048576,6,0))/2,0),VLOOKUP(A15,'UT-I(Entry)'!$1:$1048576,6,0)) -> 0 | G15: =IFERROR(ROUND((VLOOKUP(A15,'UT-I(Entry)'!$1:$1048576,7,0))/2,0),VLOOKUP(A15,'UT-I(Entry)'!$1:$1048576,7,0)) -> 0 | H15: =IFERROR(ROUND((VLOOKUP($A15,'UT-I(Entry)'!$1:$1048576,8,0))/2,0),VLOOKUP($A15,'UT-I(Entry)'!$1:$1048576,8,0)) -> 0 | I15: =SUM(C15:H15) -> 0 | J15: =ROUND(I15/1.2,2)&" %" -> 0 % | K15: =VLOOKUP(A15,'UT-I(Entry)'!$1:$1048576,10,0) -> 0 | L15: =VLOOKUP(A15,'UT-I(Entry)'!$1:$1048576,11,0) -> 0
A16: =DETAILS!A15 -> 900 | B16: =DETAILS!B15 -> DIVYANSH MISHRA | C16: =IFERROR(ROUND((VLOOKUP(A16,'UT-I(Entry)'!$1:$1048576,3,0))/2,0),VLOOKUP(A16,'UT-I(Entry)'!$1:$1048576,3,0)) -> 0 | D16: =IFERROR(ROUND((VLOOKUP(A16,'UT-I(Entry)'!$1:$1048576,4,0))/2,0),VLOOKUP(A16,'UT-I(Entry)'!$1:$1048576,4,0)) -> 0 | E16: =IFERROR(ROUND((VLOOKUP(A16,'UT-I(Entry)'!$1:$1048576,5,0))/2,0),VLOOKUP(A16,'UT-I(Entry)'!$1:$1048576,5,0)) -> 0 | F16: =IFERROR(ROUND((VLOOKUP(A16,'UT-I(Entry)'!$1:$1048576,6,0))/2,0),VLOOKUP(A16,'UT-I(Entry)'!$1:$1048576,6,0)) -> 0 | G16: =IFERROR(ROUND((VLOOKUP(A16,'UT-I(Entry)'!$1:$1048576,7,0))/2,0),VLOOKUP(A16,'UT-I(Entry)'!$1:$1048576,7,0)) -> 0 | H16: =IFERROR(ROUND((VLOOKUP($A16,'UT-I(Entry)'!$1:$1048576,8,0))/2,0),VLOOKUP($A16,'UT-I(Entry)'!$1:$1048576,8,0)) -> 0 | I16: =SUM(C16:H16) -> 0 | J16: =ROUND(I16/1.2,2)&" %" -> 0 % | K16: =VLOOKUP(A16,'UT-I(Entry)'!$1:$1048576,10,0) -> 0 | L16: =VLOOKUP(A16,'UT-I(Entry)'!$1:$1048576,11,0) -> 0
... A32: =DETAILS!A31 -> 1778 | B32: =DETAILS!B31 -> YUSRA SHARIQ | C32: =IFERROR(ROUND((VLOOKUP(A32,'UT-I(Entry)'!$1:$1048576,3,0))/2,0),VLOOKUP(A32,'UT-I(Entry)'!$1:$1048576,3,0)) -> 0 | D32: =IFERROR(ROUND((VLOOKUP(A32,'UT-I(Entry)'!$1:$1048576,4,0))/2,0),VLOOKUP(A32,'UT-I(Entry)'!$1:$1048576,4,0)) -> 0 | E32: =IFERROR(ROUND((VLOOKUP(A32,'UT-I(Entry)'!$1:$1048576,5,0))/2,0),VLOOKUP(A32,'UT-I(Entry)'!$1:$1048576,5,0)) -> 0 | F32: =IFERROR(ROUND((VLOOKUP(A32,'UT-I(Entry)'!$1:$1048576,6,0))/2,0),VLOOKUP(A32,'UT-I(Entry)'!$1:$1048576,6,0)) -> 0 | G32: =IFERROR(ROUND((VLOOKUP(A32,'UT-I(Entry)'!$1:$1048576,7,0))/2,0),VLOOKUP(A32,'UT-I(Entry)'!$1:$1048576,7,0)) -> 0 | H32: =IFERROR(ROUND((VLOOKUP($A32,'UT-I(Entry)'!$1:$1048576,8,0))/2,0),VLOOKUP($A32,'UT-I(Entry)'!$1:$1048576,8,0)) -> 0 | I32: =SUM(C32:H32) -> 0 | J32: =ROUND(I32/1.2,2)&" %" -> 0 % | K32: =VLOOKUP(A32,'UT-I(Entry)'!$1:$1048576,10,0) -> 0 | L32: =VLOOKUP(A32,'UT-I(Entry)'!$1:$1048576,11,0) -> 0

Sheet Grade(40)
A2: 40 | B2: A
A3: 39 | B3: A
A4: 38 | B4: A
A5: 37 | B5: A
A6: 36 | B6: A
A7: 35 | B7: A
A8: 34 | B8: A
A9: 33 | B9: A
A10: 32 | B10: B
A11: 31 | B11: B
A12: 30 | B12: B
A13: 29 | B13: B
... A42: 0 | B42: E

Sheet HALF YEARLY(Entry)
A1: HALF YEARLY EXAMINATION (2025-26) CLASS - IX-A
A2: SR. NO. | B2: NAME | C2: ENGLISH | D2: HINDI | E2: MATHS | F2: SCIENCE | G2: SOCIAL SCIENCE | H2: ARTIFICIAL INTELLIGENCE | I2: WORK EDUCATION | J2: ART EDUCATION | K2: HEALTH & PHYSICAL EDUCATION | L2: DISCIPLINE | M2: Total Present | N2: Total Working | O2: Class Teacher's Remark | P2: TOTAL | Q2: Percentage
A3: =DETAILS!A3 -> 1887 | B3: =DETAILS!B3 -> ABHINAV YADAV | P3: =SUM(C3:H3) -> 0 | Q3: =ROUND(P3/6,2)&" %" -> 0 %
A4: =DETAILS!A4 -> 1926 | B4: =DETAILS!B4 -> ADITYA KUMAR | P4: =SUM(C4:H4) -> 0 | Q4: =ROUND(P4/6,2)&" %" -> 0 %
A5: =DETAILS!A5 -> 1841 | B5: =DETAILS!B5 -> ANSHIKA THAKUR | P5: =SUM(C5:H5) -> 0 | Q5: =ROUND(P5/6,2)&" %" -> 0 %
A6: =DETAILS!A6 -> 1724 | B6: =DETAILS!B6 -> ANSHIKA YADAV | P6: =SUM(C6:H6) -> 0 | Q6: =ROUND(P6/6,2)&" %" -> 0 %
A7: =DETAILS!A7 -> 1112 | B7: =DETAILS!B7 -> AQSA BANO | P7: =SUM(C7:H7) -> 0 | Q7: =ROUND(P7/6,2)&" %" -> 0 %
A8: =DETAILS!A8 -> 1830 | B8: =DETAILS!B8 -> ATHARVA SHARMA | P8: =SUM(C8:H8) -> 0 | Q8: =ROUND(P8/6,2)&" %" -> 0 %
A9: =DETAILS!A9 -> 1516 | B9: =DETAILS!B9 -> AYUB KHAN | P9: =SUM(C9:H9) -> 0 | Q9: =ROUND(P9/6,2)&" %" -> 0 %
A10: =DETAILS!A10 -> 1109 | B10: =DETAILS!B10 -> AYUSH MISHRA | P10: =SUM(C10:H10) -> 0 | Q10: =ROUND(P10/6,2)&" %" -> 0 %
A11: =DETAILS!A11 -> 1951 | B11: =DETAILS!B11 -> AYUSHI YADAV | P11: =SUM(C11:H11) -> 0 | Q11: =ROUND(P11/6,2)&" %" -> 0 %
A12: =DETAILS!A12 -> 1863 | B12: =DETAILS!B12 -> BARIRA KHAN | P12: =SUM(C12:H12) -> 0 | Q12: =ROUND(P12/6,2)&" %" -> 0 %
A13: =DETAILS!A13 -> 899 | B13: =DETAILS!B13 -> DEEPANSHU MEENA | P13: =SUM(C13:H13) -> 0 | Q13: =ROUND(P13/6,2)&" %" -> 0 %
A14: =DETAILS!A14 -> 1924 | B14: =DETAILS!B14 -> DEVANSH SINGH | P14: =SUM(C14:H14) -> 0 | Q14: =ROUND(P14/6,2)&" %" -> 0 %
... A31: =DETAILS!A31 -> 1778 | B31: =DETAILS!B31 -> YUSRA SHARIQ | P31: =SUM(C31:H31) -> 0 | Q31: =ROUND(P31/6,2)&" %" -> 0 %
A32: =DETAILS!#REF! -> #REF! | B32: =DETAILS!#REF! -> #REF! | P32: =SUM(C32:H32) -> 0 | Q32: =ROUND(P32/6,2)&" %" -> 0 %
A33: =DETAILS!#REF! -> #REF! | B33: =DETAILS!#REF! -> #REF! | P33: =SUM(C33:H33) -> 0 | Q33: =ROUND(P33/6,2)&" %" -> 0 %
A34: =DETAILS!#REF! -> #REF! | B34: =DETAILS!#REF! -> #REF! | P34: =SUM(C34:H34) -> 0 | Q34: =ROUND(P34/6,2)&" %" -> 0 %
A35: =DETAILS!#REF! -> #REF! | B35: =DETAILS!#REF! -> #REF! | P35: =SUM(C35:H35) -> 0 | Q35: =ROUND(P35/6,2)&" %" -> 0 %
A36: =DETAILS!#REF! -> #REF! | B36: =DETAILS!#REF! -> #REF! | P36: =SUM(C36:H36) -> 0 | Q36: =ROUND(P36/6,2)&" %" -> 0 %
A37: =DETAILS!#REF! -> #REF! | B37: =DETAILS!#REF! -> #REF! | P37: =SUM(C37:H37) -> 0 | Q37: =ROUND(P37/6,2)&" %" -> 0 %
A38: =DETAILS!#REF! -> #REF! | B38: =DETAILS!#REF! -> #REF! | P38: =SUM(C38:H38) -> 0 | Q38: =ROUND(P38/6,2)&" %" -> 0 %
A39: =DETAILS!#REF! -> #REF! | B39: =DETAILS!#REF! -> #REF! | P39: =SUM(C39:H39) -> 0 | Q39: =ROUND(P39/6,2)&" %" -> 0 %
A40: =DETAILS!#REF! -> #REF! | B40: =DETAILS!#REF! -> #REF! | P40: =SUM(C40:H40) -> 0 | Q40: =ROUND(P40/6,2)&" %" -> 0 %
A41: =DETAILS!#REF! -> #REF! | B41: =DETAILS!#REF! -> #REF! | P41: =SUM(C41:H41) -> 0 | Q41: =ROUND(P41/6,2)&" %" -> 0 %

Sheet HALF YEARLY
A1: HALF YEARLY EXAMINATION (2025-26) CLASS - IX-A
A2: SR. NO. | B2: NAME | C2: ENGLISH | D2: HINDI | E2: MATHS | F2: SCIENCE | G2: SOCIAL SCIENCE | H2: ARTIFICIAL INTELLIGENCE | I2: WORK EDUCATION | J2: ART EDUCATION | K2: HEALTH & PHYSICAL EDUCATION | L2: DISCIPLINE | M2: Total Present | N2: Total Working | O2: Class Teacher's Remark | P2: TOTAL | Q2: Percentage
A3: =DETAILS!A3 -> 1887 | B3: =DETAILS!B3 -> ABHINAV YADAV | C3: =VLOOKUP($A3,'HALF YEARLY(Entry)'!$1:$1048576,3,0) -> 0 | D3: =VLOOKUP($A3,'HALF YEARLY(Entry)'!$1:$1048576,4,0) -> 0 | E3: =VLOOKUP($A3,'HALF YEARLY(Entry)'!$1:$1048576,5,0) -> 0 | F3: =VLOOKUP($A3,'HALF YEARLY(Entry)'!$1:$1048576,6,0) -> 0 | G3: =VLOOKUP($A3,'HALF YEARLY(Entry)'!$1:$1048576,7,0) -> 0 | H3: =VLOOKUP($A3,'HALF YEARLY(Entry)'!$1:$1048576,8,0) -> 0 | I3: =VLOOKUP($A3,'HALF YEARLY(Entry)'!$1:$1048576,9,0) -> 0 | J3: =VLOOKUP($A3,'HALF YEARLY(Entry)'!$1:$1048576,10,0) -> 0 | K3: =VLOOKUP($A3,'HALF YEARLY(Entry)'!$1:$1048576,11,0) -> 0 | L3: =VLOOKUP($A3,'HALF YEARLY(Entry)'!$1:$1048576,12,0) -> 0 | M3: =VLOOKUP($A3,'HALF YEARLY(Entry)'!$1:$1048576,13,0) -> 0 | N3: =VLOOKUP($A3,'HALF YEARLY(Entry)'!$1:$1048576,14,0) -> 0 | O3: =VLOOKUP($A3,'HALF YEARLY(Entry)'!$1:$1048576,15,0) -> 0 | P3: =SUM(C3:H3) -> 0 | Q3: =ROUND(P3/6,2)&" %" -> 0 %
A4: =DETAILS!A4 -> 1926 | B4: =DETAILS!B4 -> ADITYA KUMAR | C4: =VLOOKUP($A4,'HALF YEARLY(Entry)'!$1:$1048576,3,0) -> 0 | D4: =VLOOKUP($A4,'HALF YEARLY(Entry)'!$1:$1048576,4,0) -> 0 | E4: =VLOOKUP($A4,'HALF YEARLY(Entry)'!$1:$1048576,5,0) -> 0 | F4: =VLOOKUP($A4,'HALF YEARLY(Entry)'!$1:$1048576,6,0) -> 0 | G4: =VLOOKUP($A4,'HALF YEARLY(Entry)'!$1:$1048576,7,0) -> 0 | H4: =VLOOKUP($A4,'HALF YEARLY(Entry)'!$1:$1048576,8,0) -> 0 | I4: =VLOOKUP($A4,'HALF YEARLY(Entry)'!$1:$1048576,9,0) -> 0 | J4: =VLOOKUP($A4,'HALF YEARLY(Entry)'!$1:$1048576,10,0) -> 0 | K4: =VLOOKUP($A4,'HALF YEARLY(Entry)'!$1:$1048576,11,0) -> 0 | L4: =VLOOKUP($A4,'HALF YEARLY(Entry)'!$1:$1048576,12,0) -> 0 | M4: =VLOOKUP($A4,'HALF YEARLY(Entry)'!$1:$1048576,13,0) -> 0 | N4: =VLOOKUP($A4,'HALF YEARLY(Entry)'!$1:$1048576,14,0) -> 0 | O4: =VLOOKUP($A4,'HALF YEARLY(Entry)'!$1:$1048576,15,0) -> 0 | P4: =SUM(C4:H4) -> 0 | Q4: =ROUND(P4/6,2)&" %" -> 0 %
A5: =DETAILS!A5 -> 1841 | B5: =DETAILS!B5 -> ANSHIKA THAKUR | C5: =VLOOKUP($A5,'HALF YEARLY(Entry)'!$1:$1048576,3,0) -> 0 | D5: =VLOOKUP($A5,'HALF YEARLY(Entry)'!$1:$1048576,4,0) -> 0 | E5: =VLOOKUP($A5,'HALF YEARLY(Entry)'!$1:$1048576,5,0) -> 0 | F5: =VLOOKUP($A5,'HALF YEARLY(Entry)'!$1:$1048576,6,0) -> 0 | G5: =VLOOKUP($A5,'HALF YEARLY(Entry)'!$1:$1048576,7,0) -> 0 | H5: =VLOOKUP($A5,'HALF YEARLY(Entry)'!$1:$1048576,8,0) -> 0 | I5: =VLOOKUP($A5,'HALF YEARLY(Entry)'!$1:$1048576,9,0) -> 0 | J5: =VLOOKUP($A5,'HALF YEARLY(Entry)'!$1:$1048576,10,0) -> 0 | K5: =VLOOKUP($A5,'HALF YEARLY(Entry)'!$1:$1048576,11,0) -> 0 | L5: =VLOOKUP($A5,'HALF YEARLY(Entry)'!$1:$1048576,12,0) -> 0 | M5: =VLOOKUP($A5,'HALF YEARLY(Entry)'!$1:$1048576,13,0) -> 0 | N5: =VLOOKUP($A5,'HALF YEARLY(Entry)'!$1:$1048576,14,0) -> 0 | O5: =VLOOKUP($A5,'HALF YEARLY(Entry)'!$1:$1048576,15,0) -> 0 | P5: =SUM(C5:H5) -> 0 | Q5: =ROUND(P5/6,2)&" %" -> 0 %
A6: =DETAILS!A6 -> 1724 | B6: =DETAILS!B6 -> ANSHIKA YADAV | C6: =VLOOKUP($A6,'HALF YEARLY(Entry)'!$1:$1048576,3,0) -> 0 | D6: =VLOOKUP($A6,'HALF YEARLY(Entry)'!$1:$1048576,4,0) -> 0 | E6: =VLOOKUP($A6,'HALF YEARLY(Entry)'!$1:$1048576,5,0) -> 0 | F6: =VLOOKUP($A6,'HALF YEARLY(Entry)'!$1:$1048576,6,0) -> 0 | G6: =VLOOKUP($A6,'HALF YEARLY(Entry)'!$1:$1048576,7,0) -> 0 | H6: =VLOOKUP($A6,'HALF YEARLY(Entry)'!$1:$1048576,8,0) -> 0 | I6: =VLOOKUP($A6,'HALF YEARLY(Entry)'!$1:$1048576,9,0) -> 0 | J6: =VLOOKUP($A6,'HALF YEARLY(Entry)'!$1:$1048576,10,0) -> 0 | K6: =VLOOKUP($A6,'HALF YEARLY(Entry)'!$1:$1048576,11,0) -> 0 | L6: =VLOOKUP($A6,'HALF YEARLY(Entry)'!$1:$1048576,12,0) -> 0 | M6: =VLOOKUP($A6,'HALF YEARLY(Entry)'!$1:$1048576,13,0) -> 0 | N6: =VLOOKUP($A6,'HALF YEARLY(Entry)'!$1:$1048576,14,0) -> 0 | O6: =VLOOKUP($A6,'HALF YEARLY(Entry)'!$1:$1048576,15,0) -> 0 | P6: =SUM(C6:H6) -> 0 | Q6: =ROUND(P6/6,2)&" %" -> 0 %
A7: =DETAILS!A7 -> 1112 | B7: =DETAILS!B7 -> AQSA BANO | C7: =VLOOKUP($A7,'HALF YEARLY(Entry)'!$1:$1048576,3,0) -> 0 | D7: =VLOOKUP($A7,'HALF YEARLY(Entry)'!$1:$1048576,4,0) -> 0 | E7: =VLOOKUP($A7,'HALF YEARLY(Entry)'!$1:$1048576,5,0) -> 0 | F7: =VLOOKUP($A7,'HALF YEARLY(Entry)'!$1:$1048576,6,0) -> 0 | G7: =VLOOKUP($A7,'HALF YEARLY(Entry)'!$1:$1048576,7,0) -> 0 | H7: =VLOOKUP($A7,'HALF YEARLY(Entry)'!$1:$1048576,8,0) -> 0 | I7: =VLOOKUP($A7,'HALF YEARLY(Entry)'!$1:$1048576,9,0) -> 0 | J7: =VLOOKUP($A7,'HALF YEARLY(Entry)'!$1:$1048576,10,0) -> 0 | K7: =VLOOKUP($A7,'HALF YEARLY(Entry)'!$1:$1048576,11,0) -> 0 | L7: =VLOOKUP($A7,'HALF YEARLY(Entry)'!$1:$1048576,12,0) -> 0 | M7: =VLOOKUP($A7,'HALF YEARLY(Entry)'!$1:$1048576,13,0) -> 0 | N7: =VLOOKUP($A7,'HALF YEARLY(Entry)'!$1:$1048576,14,0) -> 0 | O7: =VLOOKUP($A7,'HALF YEARLY(Entry)'!$1:$1048576,15,0) -> 0 | P7: =SUM(C7:H7) -> 0 | Q7: =ROUND(P7/6,2)&" %" -> 0 %
A8: =DETAILS!A8 -> 1830 | B8: =DETAILS!B8 -> ATHARVA SHARMA | C8: =VLOOKUP($A8,'HALF YEARLY(Entry)'!$1:$1048576,3,0) -> 0 | D8: =VLOOKUP($A8,'HALF YEARLY(Entry)'!$1:$1048576,4,0) -> 0 | E8: =VLOOKUP($A8,'HALF YEARLY(Entry)'!$1:$1048576,5,0) -> 0 | F8: =VLOOKUP($A8,'HALF YEARLY(Entry)'!$1:$1048576,6,0) -> 0 | G8: =VLOOKUP($A8,'HALF YEARLY(Entry)'!$1:$1048576,7,0) -> 0 | H8: =VLOOKUP($A8,'HALF YEARLY(Entry)'!$1:$1048576,8,0) -> 0 | I8: =VLOOKUP($A8,'HALF YEARLY(Entry)'!$1:$1048576,9,0) -> 0 | J8: =VLOOKUP($A8,'HALF YEARLY(Entry)'!$1:$1048576,10,0) -> 0 | K8: =VLOOKUP($A8,'HALF YEARLY(Entry)'!$1:$1048576,11,0) -> 0 | L8: =VLOOKUP($A8,'HALF YEARLY(Entry)'!$1:$1048576,12,0) -> 0 | M8: =VLOOKUP($A8,'HALF YEARLY(Entry)'!$1:$1048576,13,0) -> 0 | N8: =VLOOKUP($A8,'HALF YEARLY(Entry)'!$1:$1048576,14,0) -> 0 | O8: =VLOOKUP($A8,'HALF YEARLY(Entry)'!$1:$1048576,15,0) -> 0 | P8: =SUM(C8:H8) -> 0 | Q8: =ROUND(P8/6,2)&" %" -> 0 %
A9: =DETAILS!A9 -> 1516 | B9: =DETAILS!B9 -> AYUB KHAN | C9: =VLOOKUP($A9,'HALF YEARLY(Entry)'!$1:$1048576,3,0) -> 0 | D9: =VLOOKUP($A9,'HALF YEARLY(Entry)'!$1:$1048576,4,0) -> 0 | E9: =VLOOKUP($A9,'HALF YEARLY(Entry)'!$1:$1048576,5,0) -> 0 | F9: =VLOOKUP($A9,'HALF YEARLY(Entry)'!$1:$1048576,6,0) -> 0 | G9: =VLOOKUP($A9,'HALF YEARLY(Entry)'!$1:$1048576,7,0) -> 0 | H9: =VLOOKUP($A9,'HALF YEARLY(Entry)'!$1:$1048576,8,0) -> 0 | I9: =VLOOKUP($A9,'HALF YEARLY(Entry)'!$1:$1048576,9,0) -> 0 | J9: =VLOOKUP($A9,'HALF YEARLY(Entry)'!$1:$1048576,10,0) -> 0 | K9: =VLOOKUP($A9,'HALF YEARLY(Entry)'!$1:$1048576,11,0) -> 0 | L9: =VLOOKUP($A9,'HALF YEARLY(Entry)'!$1:$1048576,12,0) -> 0 | M9: =VLOOKUP($A9,'HALF YEARLY(Entry)'!$1:$1048576,13,0) -> 0 | N9: =VLOOKUP($A9,'HALF YEARLY(Entry)'!$1:$1048576,14,0) -> 0 | O9: =VLOOKUP($A9,'HALF YEARLY(Entry)'!$1:$1048576,15,0) -> 0 | P9: =SUM(C9:H9) -> 0 | Q9: =ROUND(P9/6,2)&" %" -> 0 %
A10: =DETAILS!A10 -> 1109 | B10: =DETAILS!B10 -> AYUSH MISHRA | C10: =VLOOKUP($A10,'HALF YEARLY(Entry)'!$1:$1048576,3,0) -> 0 | D10: =VLOOKUP($A10,'HALF YEARLY(Entry)'!$1:$1048576,4,0) -> 0 | E10: =VLOOKUP($A10,'HALF YEARLY(Entry)'!$1:$1048576,5,0) -> 0 | F10: =VLOOKUP($A10,'HALF YEARLY(Entry)'!$1:$1048576,6,0) -> 0 | G10: =VLOOKUP($A10,'HALF YEARLY(Entry)'!$1:$1048576,7,0) -> 0 | H10: =VLOOKUP($A10,'HALF YEARLY(Entry)'!$1:$1048576,8,0) -> 0 | I10: =VLOOKUP($A10,'HALF YEARLY(Entry)'!$1:$1048576,9,0) -> 0 | J10: =VLOOKUP($A10,'HALF YEARLY(Entry)'!$1:$1048576,10,0) -> 0 | K10: =VLOOKUP($A10,'HALF YEARLY(Entry)'!$1:$1048576,11,0) -> 0 | L10: =VLOOKUP($A10,'HALF YEARLY(Entry)'!$1:$1048576,12,0) -> 0 | M10: =VLOOKUP($A10,'HALF YEARLY(Entry)'!$1:$1048576,13,0) -> 0 | N10: =VLOOKUP($A10,'HALF YEARLY(Entry)'!$1:$1048576,14,0) -> 0 | O10: =VLOOKUP($A10,'HALF YEARLY(Entry)'!$1:$1048576,15,0) -> 0 | P10: =SUM(C10:H10) -> 0 | Q10: =ROUND(P10/6,2)&" %" -> 0 %
A11: =DETAILS!A11 -> 1951 | B11: =DETAILS!B11 -> AYUSHI YADAV | C11: =VLOOKUP($A11,'HALF YEARLY(Entry)'!$1:$1048576,3,0) -> 0 | D11: =VLOOKUP($A11,'HALF YEARLY(Entry)'!$1:$1048576,4,0) -> 0 | E11: =VLOOKUP($A11,'HALF YEARLY(Entry)'!$1:$1048576,5,0) -> 0 | F11: =VLOOKUP($A11,'HALF YEARLY(Entry)'!$1:$1048576,6,0) -> 0 | G11: =VLOOKUP($A11,'HALF YEARLY(Entry)'!$1:$1048576,7,0) -> 0 | H11: =VLOOKUP($A11,'HALF YEARLY(Entry)'!$1:$1048576,8,0) -> 0 | I11: =VLOOKUP($A11,'HALF YEARLY(Entry)'!$1:$1048576,9,0) -> 0 | J11: =VLOOKUP($A11,'HALF YEARLY(Entry)'!$1:$1048576,10,0) -> 0 | K11: =VLOOKUP($A11,'HALF YEARLY(Entry)'!$1:$1048576,11,0) -> 0 | L11: =VLOOKUP($A11,'HALF YEARLY(Entry)'!$1:$1048576,12,0) -> 0 | M11: =VLOOKUP($A11,'HALF YEARLY(Entry)'!$1:$1048576,13,0) -> 0 | N11: =VLOOKUP($A11,'HALF YEARLY(Entry)'!$1:$1048576,14,0) -> 0 | O11: =VLOOKUP($A11,'HALF YEARLY(Entry)'!$1:$1048576,15,0) -> 0 | P11: =SUM(C11:H11) -> 0 | Q11: =ROUND(P11/6,2)&" %" -> 0 %
A12: =DETAILS!A12 -> 1863 | B12: =DETAILS!B12 -> BARIRA KHAN | C12: =VLOOKUP($A12,'HALF YEARLY(Entry)'!$1:$1048576,3,0) -> 0 | D12: =VLOOKUP($A12,'HALF YEARLY(Entry)'!$1:$1048576,4,0) -> 0 | E12: =VLOOKUP($A12,'HALF YEARLY(Entry)'!$1:$1048576,5,0) -> 0 | F12: =VLOOKUP($A12,'HALF YEARLY(Entry)'!$1:$1048576,6,0) -> 0 | G12: =VLOOKUP($A12,'HALF YEARLY(Entry)'!$1:$1048576,7,0) -> 0 | H12: =VLOOKUP($A12,'HALF YEARLY(Entry)'!$1:$1048576,8,0) -> 0 | I12: =VLOOKUP($A12,'HALF YEARLY(Entry)'!$1:$1048576,9,0) -> 0 | J12: =VLOOKUP($A12,'HALF YEARLY(Entry)'!$1:$1048576,10,0) -> 0 | K12: =VLOOKUP($A12,'HALF YEARLY(Entry)'!$1:$1048576,11,0) -> 0 | L12: =VLOOKUP($A12,'HALF YEARLY(Entry)'!$1:$1048576,12,0) -> 0 | M12: =VLOOKUP($A12,'HALF YEARLY(Entry)'!$1:$1048576,13,0) -> 0 | N12: =VLOOKUP($A12,'HALF YEARLY(Entry)'!$1:$1048576,14,0) -> 0 | O12: =VLOOKUP($A12,'HALF YEARLY(Entry)'!$1:$1048576,15,0) -> 0 | P12: =SUM(C12:H12) -> 0 | Q12: =ROUND(P12/6,2)&" %" -> 0 %
A13: =DETAILS!A13 -> 899 | B13: =DETAILS!B13 -> DEEPANSHU MEENA | C13: =VLOOKUP($A13,'HALF YEARLY(Entry)'!$1:$1048576,3,0) -> 0 | D13: =VLOOKUP($A13,'HALF YEARLY(Entry)'!$1:$1048576,4,0) -> 0 | E13: =VLOOKUP($A13,'HALF YEARLY(Entry)'!$1:$1048576,5,0) -> 0 | F13: =VLOOKUP($A13,'HALF YEARLY(Entry)'!$1:$1048576,6,0) -> 0 | G13: =VLOOKUP($A13,'HALF YEARLY(Entry)'!$1:$1048576,7,0) -> 0 | H13: =VLOOKUP($A13,'HALF YEARLY(Entry)'!$1:$1048576,8,0) -> 0 | I13: =VLOOKUP($A13,'HALF YEARLY(Entry)'!$1:$1048576,9,0) -> 0 | J13: =VLOOKUP($A13,'HALF YEARLY(Entry)'!$1:$1048576,10,0) -> 0 | K13: =VLOOKUP($A13,'HALF YEARLY(Entry)'!$1:$1048576,11,0) -> 0 | L13: =VLOOKUP($A13,'HALF YEARLY(Entry)'!$1:$1048576,12,0) -> 0 | M13: =VLOOKUP($A13,'HALF YEARLY(Entry)'!$1:$1048576,13,0) -> 0 | N13: =VLOOKUP($A13,'HALF YEARLY(Entry)'!$1:$1048576,14,0) -> 0 | O13: =VLOOKUP($A13,'HALF YEARLY(Entry)'!$1:$1048576,15,0) -> 0 | P13: =SUM(C13:H13) -> 0 | Q13: =ROUND(P13/6,2)&" %" -> 0 %
A14: =DETAILS!A14 -> 1924 | B14: =DETAILS!B14 -> DEVANSH SINGH | C14: =VLOOKUP($A14,'HALF YEARLY(Entry)'!$1:$1048576,3,0) -> 0 | D14: =VLOOKUP($A14,'HALF YEARLY(Entry)'!$1:$1048576,4,0) -> 0 | E14: =VLOOKUP($A14,'HALF YEARLY(Entry)'!$1:$1048576,5,0) -> 0 | F14: =VLOOKUP($A14,'HALF YEARLY(Entry)'!$1:$1048576,6,0) -> 0 | G14: =VLOOKUP($A14,'HALF YEARLY(Entry)'!$1:$1048576,7,0) -> 0 | H14: =VLOOKUP($A14,'HALF YEARLY(Entry)'!$1:$1048576,8,0) -> 0 | I14: =VLOOKUP($A14,'HALF YEARLY(Entry)'!$1:$1048576,9,0) -> 0 | J14: =VLOOKUP($A14,'HALF YEARLY(Entry)'!$1:$1048576,10,0) -> 0 | K14: =VLOOKUP($A14,'HALF YEARLY(Entry)'!$1:$1048576,11,0) -> 0 | L14: =VLOOKUP($A14,'HALF YEARLY(Entry)'!$1:$1048576,12,0) -> 0 | M14: =VLOOKUP($A14,'HALF YEARLY(Entry)'!$1:$1048576,13,0) -> 0 | N14: =VLOOKUP($A14,'HALF YEARLY(Entry)'!$1:$1048576,14,0) -> 0 | O14: =VLOOKUP($A14,'HALF YEARLY(Entry)'!$1:$1048576,15,0) -> 0 | P14: =SUM(C14:H14) -> 0 | Q14: =ROUND(P14/6,2)&" %" -> 0 %
... A31: =DETAILS!A31 -> 1778 | B31: =DETAILS!B31 -> YUSRA SHARIQ | C31: =VLOOKUP($A31,'HALF YEARLY(Entry)'!$1:$1048576,3,0) -> 0 | D31: =VLOOKUP($A31,'HALF YEARLY(Entry)'!$1:$1048576,4,0) -> 0 | E31: =VLOOKUP($A31,'HALF YEARLY(Entry)'!$1:$1048576,5,0) -> 0 | F31: =VLOOKUP($A31,'HALF YEARLY(Entry)'!$1:$1048576,6,0) -> 0 | G31: =VLOOKUP($A31,'HALF YEARLY(Entry)'!$1:$1048576,7,0) -> 0 | H31: =VLOOKUP($A31,'HALF YEARLY(Entry)'!$1:$1048576,8,0) -> 0 | I31: =VLOOKUP($A31,'HALF YEARLY(Entry)'!$1:$1048576,9,0) -> 0 | J31: =VLOOKUP($A31,'HALF YEARLY(Entry)'!$1:$1048576,10,0) -> 0 | K31: =VLOOKUP($A31,'HALF YEARLY(Entry)'!$1:$1048576,11,0) -> 0 | L31: =VLOOKUP($A31,'HALF YEARLY(Entry)'!$1:$1048576,12,0) -> 0 | M31: =VLOOKUP($A31,'HALF YEARLY(Entry)'!$1:$1048576,13,0) -> 0 | N31: =VLOOKUP($A31,'HALF YEARLY(Entry)'!$1:$1048576,14,0) -> 0 | O31: =VLOOKUP($A31,'HALF YEARLY(Entry)'!$1:$1048576,15,0) -> 0 | P31: =SUM(C31:H31) -> 0 | Q31: =ROUND(P31/6,2)&" %" -> 0 %
A32: =DETAILS!#REF! -> #REF! | B32: =DETAILS!#REF! -> #REF! | C32: =VLOOKUP($A32,'HALF YEARLY(Entry)'!$1:$1048576,3,0) -> #REF! | D32: =VLOOKUP($A32,'HALF YEARLY(Entry)'!$1:$1048576,4,0) -> #REF! | E32: =VLOOKUP($A32,'HALF YEARLY(Entry)'!$1:$1048576,5,0) -> #REF! | F32: =VLOOKUP($A32,'HALF YEARLY(Entry)'!$1:$1048576,6,0) -> #REF! | G32: =VLOOKUP($A32,'HALF YEARLY(Entry)'!$1:$1048576,7,0) -> #REF! | H32: =VLOOKUP($A32,'HALF YEARLY(Entry)'!$1:$1048576,8,0) -> #REF! | I32: =VLOOKUP($A32,'HALF YEARLY(Entry)'!$1:$1048576,9,0) -> #REF! | J32: =VLOOKUP($A32,'HALF YEARLY(Entry)'!$1:$1048576,10,0) -> #REF! | K32: =VLOOKUP($A32,'HALF YEARLY(Entry)'!$1:$1048576,11,0) -> #REF! | L32: =VLOOKUP($A32,'HALF YEARLY(Entry)'!$1:$1048576,12,0) -> #REF! | M32: =VLOOKUP($A32,'HALF YEARLY(Entry)'!$1:$1048576,13,0) -> #REF! | N32: =VLOOKUP($A32,'HALF YEARLY(Entry)'!$1:$1048576,14,0) -> #REF! | O32: =VLOOKUP($A32,'HALF YEARLY(Entry)'!$1:$1048576,15,0) -> #REF! | P32: =SUM(C32:H32) -> #REF! | Q32: =ROUND(P32/6,2)&" %" -> #REF!
A33: =DETAILS!#REF! -> #REF! | B33: =DETAILS!#REF! -> #REF! | C33: =VLOOKUP($A33,'HALF YEARLY(Entry)'!$1:$1048576,3,0) -> #REF! | D33: =VLOOKUP($A33,'HALF YEARLY(Entry)'!$1:$1048576,4,0) -> #REF! | E33: =VLOOKUP($A33,'HALF YEARLY(Entry)'!$1:$1048576,5,0) -> #REF! | F33: =VLOOKUP($A33,'HALF YEARLY(Entry)'!$1:$1048576,6,0) -> #REF! | G33: =VLOOKUP($A33,'HALF YEARLY(Entry)'!$1:$1048576,7,0) -> #REF! | H33: =VLOOKUP($A33,'HALF YEARLY(Entry)'!$1:$1048576,8,0) -> #REF! | I33: =VLOOKUP($A33,'HALF YEARLY(Entry)'!$1:$1048576,9,0) -> #REF! | J33: =VLOOKUP($A33,'HALF YEARLY(Entry)'!$1:$1048576,10,0) -> #REF! | K33: =VLOOKUP($A33,'HALF YEARLY(Entry)'!$1:$1048576,11,0) -> #REF! | L33: =VLOOKUP($A33,'HALF YEARLY(Entry)'!$1:$1048576,12,0) -> #REF! | M33: =VLOOKUP($A33,'HALF YEARLY(Entry)'!$1:$1048576,13,0) -> #REF! | N33: =VLOOKUP($A33,'HALF YEARLY(Entry)'!$1:$1048576,14,0) -> #REF! | O33: =VLOOKUP($A33,'HALF YEARLY(Entry)'!$1:$1048576,15,0) -> #REF! | P33: =SUM(C33:H33) -> #REF! | Q33: =ROUND(P33/6,2)&" %" -> #REF!
A34: =DETAILS!#REF! -> #REF! | B34: =DETAILS!#REF! -> #REF! | C34: =VLOOKUP($A34,'HALF YEARLY(Entry)'!$1:$1048576,3,0) -> #REF! | D34: =VLOOKUP($A34,'HALF YEARLY(Entry)'!$1:$1048576,4,0) -> #REF! | E34: =VLOOKUP($A34,'HALF YEARLY(Entry)'!$1:$1048576,5,0) -> #REF! | F34: =VLOOKUP($A34,'HALF YEARLY(Entry)'!$1:$1048576,6,0) -> #REF! | G34: =VLOOKUP($A34,'HALF YEARLY(Entry)'!$1:$1048576,7,0) -> #REF! | H34: =VLOOKUP($A34,'HALF YEARLY(Entry)'!$1:$1048576,8,0) -> #REF! | I34: =VLOOKUP($A34,'HALF YEARLY(Entry)'!$1:$1048576,9,0) -> #REF! | J34: =VLOOKUP($A34,'HALF YEARLY(Entry)'!$1:$1048576,10,0) -> #REF! | K34: =VLOOKUP($A34,'HALF YEARLY(Entry)'!$1:$1048576,11,0) -> #REF! | L34: =VLOOKUP($A34,'HALF YEARLY(Entry)'!$1:$1048576,12,0) -> #REF! | M34: =VLOOKUP($A34,'HALF YEARLY(Entry)'!$1:$1048576,13,0) -> #REF! | N34: =VLOOKUP($A34,'HALF YEARLY(Entry)'!$1:$1048576,14,0) -> #REF! | O34: =VLOOKUP($A34,'HALF YEARLY(Entry)'!$1:$1048576,15,0) -> #REF! | P34: =SUM(C34:H34) -> #REF! | Q34: =ROUND(P34/6,2)&" %" -> #REF!
A35: =DETAILS!#REF! -> #REF! | B35: =DETAILS!#REF! -> #REF! | C35: =VLOOKUP($A35,'HALF YEARLY(Entry)'!$1:$1048576,3,0) -> #REF! | D35: =VLOOKUP($A35,'HALF YEARLY(Entry)'!$1:$1048576,4,0) -> #REF! | E35: =VLOOKUP($A35,'HALF YEARLY(Entry)'!$1:$1048576,5,0) -> #REF! | F35: =VLOOKUP($A35,'HALF YEARLY(Entry)'!$1:$1048576,6,0) -> #REF! | G35: =VLOOKUP($A35,'HALF YEARLY(Entry)'!$1:$1048576,7,0) -> #REF! | H35: =VLOOKUP($A35,'HALF YEARLY(Entry)'!$1:$1048576,8,0) -> #REF! | I35: =VLOOKUP($A35,'HALF YEARLY(Entry)'!$1:$1048576,9,0) -> #REF! | J35: =VLOOKUP($A35,'HALF YEARLY(Entry)'!$1:$1048576,10,0) -> #REF! | K35: =VLOOKUP($A35,'HALF YEARLY(Entry)'!$1:$1048576,11,0) -> #REF! | L35: =VLOOKUP($A35,'HALF YEARLY(Entry)'!$1:$1048576,12,0) -> #REF! | M35: =VLOOKUP($A35,'HALF YEARLY(Entry)'!$1:$1048576,13,0) -> #REF! | N35: =VLOOKUP($A35,'HALF YEARLY(Entry)'!$1:$1048576,14,0) -> #REF! | O35: =VLOOKUP($A35,'HALF YEARLY(Entry)'!$1:$1048576,15,0) -> #REF! | P35: =SUM(C35:H35) -> #REF! | Q35: =ROUND(P35/6,2)&" %" -> #REF!
A36: =DETAILS!#REF! -> #REF! | B36: =DETAILS!#REF! -> #REF! | C36: =VLOOKUP($A36,'HALF YEARLY(Entry)'!$1:$1048576,3,0) -> #REF! | D36: =VLOOKUP($A36,'HALF YEARLY(Entry)'!$1:$1048576,4,0) -> #REF! | E36: =VLOOKUP($A36,'HALF YEARLY(Entry)'!$1:$1048576,5,0) -> #REF! | F36: =VLOOKUP($A36,'HALF YEARLY(Entry)'!$1:$1048576,6,0) -> #REF! | G36: =VLOOKUP($A36,'HALF YEARLY(Entry)'!$1:$1048576,7,0) -> #REF! | H36: =VLOOKUP($A36,'HALF YEARLY(Entry)'!$1:$1048576,8,0) -> #REF! | I36: =VLOOKUP($A36,'HALF YEARLY(Entry)'!$1:$1048576,9,0) -> #REF! | J36: =VLOOKUP($A36,'HALF YEARLY(Entry)'!$1:$1048576,10,0) -> #REF! | K36: =VLOOKUP($A36,'HALF YEARLY(Entry)'!$1:$1048576,11,0) -> #REF! | L36: =VLOOKUP($A36,'HALF YEARLY(Entry)'!$1:$1048576,12,0) -> #REF! | M36: =VLOOKUP($A36,'HALF YEARLY(Entry)'!$1:$1048576,13,0) -> #REF! | N36: =VLOOKUP($A36,'HALF YEARLY(Entry)'!$1:$1048576,14,0) -> #REF! | O36: =VLOOKUP($A36,'HALF YEARLY(Entry)'!$1:$1048576,15,0) -> #REF! | P36: =SUM(C36:H36) -> #REF! | Q36: =ROUND(P36/6,2)&" %" -> #REF!
A37: =DETAILS!#REF! -> #REF! | B37: =DETAILS!#REF! -> #REF! | C37: =VLOOKUP($A37,'HALF YEARLY(Entry)'!$1:$1048576,3,0) -> #REF! | D37: =VLOOKUP($A37,'HALF YEARLY(Entry)'!$1:$1048576,4,0) -> #REF! | E37: =VLOOKUP($A37,'HALF YEARLY(Entry)'!$1:$1048576,5,0) -> #REF! | F37: =VLOOKUP($A37,'HALF YEARLY(Entry)'!$1:$1048576,6,0) -> #REF! | G37: =VLOOKUP($A37,'HALF YEARLY(Entry)'!$1:$1048576,7,0) -> #REF! | H37: =VLOOKUP($A37,'HALF YEARLY(Entry)'!$1:$1048576,8,0) -> #REF! | I37: =VLOOKUP($A37,'HALF YEARLY(Entry)'!$1:$1048576,9,0) -> #REF! | J37: =VLOOKUP($A37,'HALF YEARLY(Entry)'!$1:$1048576,10,0) -> #REF! | K37: =VLOOKUP($A37,'HALF YEARLY(Entry)'!$1:$1048576,11,0) -> #REF! | L37: =VLOOKUP($A37,'HALF YEARLY(Entry)'!$1:$1048576,12,0) -> #REF! | M37: =VLOOKUP($A37,'HALF YEARLY(Entry)'!$1:$1048576,13,0) -> #REF! | N37: =VLOOKUP($A37,'HALF YEARLY(Entry)'!$1:$1048576,14,0) -> #REF! | O37: =VLOOKUP($A37,'HALF YEARLY(Entry)'!$1:$1048576,15,0) -> #REF! | P37: =SUM(C37:H37) -> #REF! | Q37: =ROUND(P37/6,2)&" %" -> #REF!
A38: =DETAILS!#REF! -> #REF! | B38: =DETAILS!#REF! -> #REF! | C38: =VLOOKUP($A38,'HALF YEARLY(Entry)'!$1:$1048576,3,0) -> #REF! | D38: =VLOOKUP($A38,'HALF YEARLY(Entry)'!$1:$1048576,4,0) -> #REF! | E38: =VLOOKUP($A38,'HALF YEARLY(Entry)'!$1:$1048576,5,0) -> #REF! | F38: =VLOOKUP($A38,'HALF YEARLY(Entry)'!$1:$1048576,6,0) -> #REF! | G38: =VLOOKUP($A38,'HALF YEARLY(Entry)'!$1:$1048576,7,0) -> #REF! | H38: =VLOOKUP($A38,'HALF YEARLY(Entry)'!$1:$1048576,8,0) -> #REF! | I38: =VLOOKUP($A38,'HALF YEARLY(Entry)'!$1:$1048576,9,0) -> #REF! | J38: =VLOOKUP($A38,'HALF YEARLY(Entry)'!$1:$1048576,10,0) -> #REF! | K38: =VLOOKUP($A38,'HALF YEARLY(Entry)'!$1:$1048576,11,0) -> #REF! | L38: =VLOOKUP($A38,'HALF YEARLY(Entry)'!$1:$1048576,12,0) -> #REF! | M38: =VLOOKUP($A38,'HALF YEARLY(Entry)'!$1:$1048576,13,0) -> #REF! | N38: =VLOOKUP($A38,'HALF YEARLY(Entry)'!$1:$1048576,14,0) -> #REF! | O38: =VLOOKUP($A38,'HALF YEARLY(Entry)'!$1:$1048576,15,0) -> #REF! | P38: =SUM(C38:H38) -> #REF! | Q38: =ROUND(P38/6,2)&" %" -> #REF!
A39: =DETAILS!#REF! -> #REF! | B39: =DETAILS!#REF! -> #REF! | C39: =VLOOKUP($A39,'HALF YEARLY(Entry)'!$1:$1048576,3,0) -> #REF! | D39: =VLOOKUP($A39,'HALF YEARLY(Entry)'!$1:$1048576,4,0) -> #REF! | E39: =VLOOKUP($A39,'HALF YEARLY(Entry)'!$1:$1048576,5,0) -> #REF! | F39: =VLOOKUP($A39,'HALF YEARLY(Entry)'!$1:$1048576,6,0) -> #REF! | G39: =VLOOKUP($A39,'HALF YEARLY(Entry)'!$1:$1048576,7,0) -> #REF! | H39: =VLOOKUP($A39,'HALF YEARLY(Entry)'!$1:$1048576,8,0) -> #REF! | I39: =VLOOKUP($A39,'HALF YEARLY(Entry)'!$1:$1048576,9,0) -> #REF! | J39: =VLOOKUP($A39,'HALF YEARLY(Entry)'!$1:$1048576,10,0) -> #REF! | K39: =VLOOKUP($A39,'HALF YEARLY(Entry)'!$1:$1048576,11,0) -> #REF! | L39: =VLOOKUP($A39,'HALF YEARLY(Entry)'!$1:$1048576,12,0) -> #REF! | M39: =VLOOKUP($A39,'HALF YEARLY(Entry)'!$1:$1048576,13,0) -> #REF! | N39: =VLOOKUP($A39,'HALF YEARLY(Entry)'!$1:$1048576,14,0) -> #REF! | O39: =VLOOKUP($A39,'HALF YEARLY(Entry)'!$1:$1048576,15,0) -> #REF! | P39: =SUM(C39:H39) -> #REF! | Q39: =ROUND(P39/6,2)&" %" -> #REF!
A40: =DETAILS!#REF! -> #REF! | B40: =DETAILS!#REF! -> #REF! | C40: =VLOOKUP($A40,'HALF YEARLY(Entry)'!$1:$1048576,3,0) -> #REF! | D40: =VLOOKUP($A40,'HALF YEARLY(Entry)'!$1:$1048576,4,0) -> #REF! | E40: =VLOOKUP($A40,'HALF YEARLY(Entry)'!$1:$1048576,5,0) -> #REF! | F40: =VLOOKUP($A40,'HALF YEARLY(Entry)'!$1:$1048576,6,0) -> #REF! | G40: =VLOOKUP($A40,'HALF YEARLY(Entry)'!$1:$1048576,7,0) -> #REF! | H40: =VLOOKUP($A40,'HALF YEARLY(Entry)'!$1:$1048576,8,0) -> #REF! | I40: =VLOOKUP($A40,'HALF YEARLY(Entry)'!$1:$1048576,9,0) -> #REF! | J40: =VLOOKUP($A40,'HALF YEARLY(Entry)'!$1:$1048576,10,0) -> #REF! | K40: =VLOOKUP($A40,'HALF YEARLY(Entry)'!$1:$1048576,11,0) -> #REF! | L40: =VLOOKUP($A40,'HALF YEARLY(Entry)'!$1:$1048576,12,0) -> #REF! | M40: =VLOOKUP($A40,'HALF YEARLY(Entry)'!$1:$1048576,13,0) -> #REF! | N40: =VLOOKUP($A40,'HALF YEARLY(Entry)'!$1:$1048576,14,0) -> #REF! | O40: =VLOOKUP($A40,'HALF YEARLY(Entry)'!$1:$1048576,15,0) -> #REF! | P40: =SUM(C40:H40) -> #REF! | Q40: =ROUND(P40/6,2)&" %" -> #REF!
A41: =DETAILS!#REF! -> #REF! | B41: =DETAILS!#REF! -> #REF! | C41: =VLOOKUP($A41,'HALF YEARLY(Entry)'!$1:$1048576,3,0) -> #REF! | D41: =VLOOKUP($A41,'HALF YEARLY(Entry)'!$1:$1048576,4,0) -> #REF! | E41: =VLOOKUP($A41,'HALF YEARLY(Entry)'!$1:$1048576,5,0) -> #REF! | F41: =VLOOKUP($A41,'HALF YEARLY(Entry)'!$1:$1048576,6,0) -> #REF! | G41: =VLOOKUP($A41,'HALF YEARLY(Entry)'!$1:$1048576,7,0) -> #REF! | H41: =VLOOKUP($A41,'HALF YEARLY(Entry)'!$1:$1048576,8,0) -> #REF! | I41: =VLOOKUP($A41,'HALF YEARLY(Entry)'!$1:$1048576,9,0) -> #REF! | J41: =VLOOKUP($A41,'HALF YEARLY(Entry)'!$1:$1048576,10,0) -> #REF! | K41: =VLOOKUP($A41,'HALF YEARLY(Entry)'!$1:$1048576,11,0) -> #REF! | L41: =VLOOKUP($A41,'HALF YEARLY(Entry)'!$1:$1048576,12,0) -> #REF! | M41: =VLOOKUP($A41,'HALF YEARLY(Entry)'!$1:$1048576,13,0) -> #REF! | N41: =VLOOKUP($A41,'HALF YEARLY(Entry)'!$1:$1048576,14,0) -> #REF! | O41: =VLOOKUP($A41,'HALF YEARLY(Entry)'!$1:$1048576,15,0) -> #REF! | P41: =SUM(C41:H41) -> #REF! | Q41: =ROUND(P41/6,2)&" %" -> #REF!

Sheet Grade 50
A2: 50 | B2: A
A3: 49 | B3: A
A4: 48 | B4: A
A5: 47 | B5: A
A6: 46 | B6: A
A7: 45 | B7: A
A8: 44 | B8: A
A9: 43 | B9: A
A10: 42 | B10: A
A11: 41 | B11: A
A12: 40 | B12: B
A13: 39 | B13: B
... A52: 0 | B52: E

Sheet HY Compile
A1: Half Yearly Compile Report (2025-26) Class - IX-A
A2: S.R. No. | B2: Student's Name | C2: ENGLISH | F2: HINDI | I2: MATHEMATICS | L2: SCIENCE | O2: SOCIAL SCIENCE | R2: ARTIFICIAL INTELLIGENCE | U2: WORK EDUCATION | V2: ART EDUCATION | W2: HEALTH & PHYSICAL EDUCATION | X2: DISCIPLINE | Y2: TOTAL PRESENT | Z2: TORAL WORKING DAY | AA2: CLASS TEACHER'S REAMRK
C3: UT-I | D3: HY | E3: Total | F3: UT-I | G3: HY | H3: Total | I3: UT-I | J3: HY | K3: Total | L3: UT-I | M3: HY | N3: Total | O3: UT-I | P3: HY | Q3: Total | R3: UT-I | S3: HY | T3: Total
A4: =DETAILS!A3 -> 1887 | B4: =DETAILS!B3 -> ABHINAV YADAV | C4: =VLOOKUP($A4,'UT-I '!$1:$1048576,3,0) -> 0 | D4: =IFERROR(ROUND(VLOOKUP($A4,'HALF YEARLY'!$1:$1048576,3,0)*0.8,0),VLOOKUP($A4,'HALF YEARLY'!$1:$1048576,3,0)) -> 0 | E4: =SUM(C4:D4) -> 0 | F4: =VLOOKUP($A4,'UT-I '!$1:$1048576,4,0) -> 0 | G4: =IFERROR(ROUND(VLOOKUP($A4,'HALF YEARLY'!$1:$1048576,4,0)*0.8,0),VLOOKUP($A4,'HALF YEARLY'!$1:$1048576,4,0)) -> 0 | H4: =SUM(F4:G4) -> 0 | I4: =VLOOKUP($A4,'UT-I '!$1:$1048576,5,0) -> 0 | J4: =IFERROR(ROUND(VLOOKUP($A4,'HALF YEARLY'!$1:$1048576,5,0)*0.8,0),VLOOKUP($A4,'HALF YEARLY'!$1:$1048576,5,0)) -> 0 | K4: =SUM(I4:J4) -> 0 | L4: =VLOOKUP($A4,'UT-I '!$1:$1048576,6,0) -> 0 | M4: =IFERROR(ROUND(VLOOKUP($A4,'HALF YEARLY'!$1:$1048576,6,0)*0.8,0),VLOOKUP($A4,'HALF YEARLY'!$1:$1048576,6,0)) -> 0 | N4: =SUM(L4:M4) -> 0 | O4: =VLOOKUP($A4,'UT-I '!$1:$1048576,7,0) -> 0 | P4: =IFERROR(ROUND(VLOOKUP($A4,'HALF YEARLY'!$1:$1048576,7,0)*0.8,0),VLOOKUP($A4,'HALF YEARLY'!$1:$1048576,7,0)) -> 0 | Q4: =SUM(O4:P4) -> 0 | R4: =VLOOKUP($A4,'UT-I '!$1:$1048576,8,0) -> 0 | S4: =IFERROR(ROUND(VLOOKUP($A4,'HALF YEARLY'!$1:$1048576,8,0)*0.8,0),VLOOKUP($A4,'HALF YEARLY'!$1:$1048576,8,0)) -> 0 | T4: =SUM(R4:S4) -> 0 | U4: =VLOOKUP($A4,'HALF YEARLY'!$1:$1048576,9,0) -> 0 | V4: =VLOOKUP($A4,'HALF YEARLY'!$1:$1048576,10,0) -> 0 | W4: =VLOOKUP($A4,'HALF YEARLY'!$1:$1048576,11,0) -> 0 | X4: =VLOOKUP($A4,'HALF YEARLY'!$1:$1048576,12,0) -> 0 | Y4: =VLOOKUP($A4,'HALF YEARLY'!$1:$1048576,13,0) -> 0 | Z4: =VLOOKUP($A4,'HALF YEARLY'!$1:$1048576,14,0) -> 0 | AA4: =VLOOKUP($A4,'HALF YEARLY'!$1:$1048576,15,0) -> 0
A5: =DETAILS!A4 -> 1926 | B5: =DETAILS!B4 -> ADITYA KUMAR | C5: =VLOOKUP($A5,'UT-I '!$1:$1048576,3,0) -> 0 | D5: =IFERROR(ROUND(VLOOKUP($A5,'HALF YEARLY'!$1:$1048576,3,0)*0.8,0),VLOOKUP($A5,'HALF YEARLY'!$1:$1048576,3,0)) -> 0 | E5: =SUM(C5:D5) -> 0 | F5: =VLOOKUP($A5,'UT-I '!$1:$1048576,4,0) -> 0 | G5: =IFERROR(ROUND(VLOOKUP($A5,'HALF YEARLY'!$1:$1048576,4,0)*0.8,0),VLOOKUP($A5,'HALF YEARLY'!$1:$1048576,4,0)) -> 0 | H5: =SUM(F5:G5) -> 0 | I5: =VLOOKUP($A5,'UT-I '!$1:$1048576,5,0) -> 0 | J5: =IFERROR(ROUND(VLOOKUP($A5,'HALF YEARLY'!$1:$1048576,5,0)*0.8,0),VLOOKUP($A5,'HALF YEARLY'!$1:$1048576,5,0)) -> 0 | K5: =SUM(I5:J5) -> 0 | L5: =VLOOKUP($A5,'UT-I '!$1:$1048576,6,0) -> 0 | M5: =IFERROR(ROUND(VLOOKUP($A5,'HALF YEARLY'!$1:$1048576,6,0)*0.8,0),VLOOKUP($A5,'HALF YEARLY'!$1:$1048576,6,0)) -> 0 | N5: =SUM(L5:M5) -> 0 | O5: =VLOOKUP($A5,'UT-I '!$1:$1048576,7,0) -> 0 | P5: =IFERROR(ROUND(VLOOKUP($A5,'HALF YEARLY'!$1:$1048576,7,0)*0.8,0),VLOOKUP($A5,'HALF YEARLY'!$1:$1048576,7,0)) -> 0 | Q5: =SUM(O5:P5) -> 0 | R5: =VLOOKUP($A5,'UT-I '!$1:$1048576,8,0) -> 0 | S5: =IFERROR(ROUND(VLOOKUP($A5,'HALF YEARLY'!$1:$1048576,8,0)*0.8,0),VLOOKUP($A5,'HALF YEARLY'!$1:$1048576,8,0)) -> 0 | T5: =SUM(R5:S5) -> 0 | U5: =VLOOKUP($A5,'HALF YEARLY'!$1:$1048576,9,0) -> 0 | V5: =VLOOKUP($A5,'HALF YEARLY'!$1:$1048576,10,0) -> 0 | W5: =VLOOKUP($A5,'HALF YEARLY'!$1:$1048576,11,0) -> 0 | X5: =VLOOKUP($A5,'HALF YEARLY'!$1:$1048576,12,0) -> 0 | Y5: =VLOOKUP($A5,'HALF YEARLY'!$1:$1048576,13,0) -> 0 | Z5: =VLOOKUP($A5,'HALF YEARLY'!$1:$1048576,14,0) -> 0 | AA5: =VLOOKUP($A5,'HALF YEARLY'!$1:$1048576,15,0) -> 0
A6: =DETAILS!A5 -> 1841 | B6: =DETAILS!B5 -> ANSHIKA THAKUR | C6: =VLOOKUP($A6,'UT-I '!$1:$1048576,3,0) -> 0 | D6: =IFERROR(ROUND(VLOOKUP($A6,'HALF YEARLY'!$1:$1048576,3,0)*0.8,0),VLOOKUP($A6,'HALF YEARLY'!$1:$1048576,3,0)) -> 0 | E6: =SUM(C6:D6) -> 0 | F6: =VLOOKUP($A6,'UT-I '!$1:$1048576,4,0) -> 0 | G6: =IFERROR(ROUND(VLOOKUP($A6,'HALF YEARLY'!$1:$1048576,4,0)*0.8,0),VLOOKUP($A6,'HALF YEARLY'!$1:$1048576,4,0)) -> 0 | H6: =SUM(F6:G6) -> 0 | I6: =VLOOKUP($A6,'UT-I '!$1:$1048576,5,0) -> 0 | J6: =IFERROR(ROUND(VLOOKUP($A6,'HALF YEARLY'!$1:$1048576,5,0)*0.8,0),VLOOKUP($A6,'HALF YEARLY'!$1:$1048576,5,0)) -> 0 | K6: =SUM(I6:J6) -> 0 | L6: =VLOOKUP($A6,'UT-I '!$1:$1048576,6,0) -> 0 | M6: =IFERROR(ROUND(VLOOKUP($A6,'HALF YEARLY'!$1:$1048576,6,0)*0.8,0),VLOOKUP($A6,'HALF YEARLY'!$1:$1048576,6,0)) -> 0 | N6: =SUM(L6:M6) -> 0 | O6: =VLOOKUP($A6,'UT-I '!$1:$1048576,7,0) -> 0 | P6: =IFERROR(ROUND(VLOOKUP($A6,'HALF YEARLY'!$1:$1048576,7,0)*0.8,0),VLOOKUP($A6,'HALF YEARLY'!$1:$1048576,7,0)) -> 0 | Q6: =SUM(O6:P6) -> 0 | R6: =VLOOKUP($A6,'UT-I '!$1:$1048576,8,0) -> 0 | S6: =IFERROR(ROUND(VLOOKUP($A6,'HALF YEARLY'!$1:$1048576,8,0)*0.8,0),VLOOKUP($A6,'HALF YEARLY'!$1:$1048576,8,0)) -> 0 | T6: =SUM(R6:S6) -> 0 | U6: =VLOOKUP($A6,'HALF YEARLY'!$1:$1048576,9,0) -> 0 | V6: =VLOOKUP($A6,'HALF YEARLY'!$1:$1048576,10,0) -> 0 | W6: =VLOOKUP($A6,'HALF YEARLY'!$1:$1048576,11,0) -> 0 | X6: =VLOOKUP($A6,'HALF YEARLY'!$1:$1048576,12,0) -> 0 | Y6: =VLOOKUP($A6,'HALF YEARLY'!$1:$1048576,13,0) -> 0 | Z6: =VLOOKUP($A6,'HALF YEARLY'!$1:$1048576,14,0) -> 0 | AA6: =VLOOKUP($A6,'HALF YEARLY'!$1:$1048576,15,0) -> 0
A7: =DETAILS!A6 -> 1724 | B7: =DETAILS!B6 -> ANSHIKA YADAV | C7: =VLOOKUP($A7,'UT-I '!$1:$1048576,3,0) -> 0 | D7: =IFERROR(ROUND(VLOOKUP($A7,'HALF YEARLY'!$1:$1048576,3,0)*0.8,0),VLOOKUP($A7,'HALF YEARLY'!$1:$1048576,3,0)) -> 0 | E7: =SUM(C7:D7) -> 0 | F7: =VLOOKUP($A7,'UT-I '!$1:$1048576,4,0) -> 0 | G7: =IFERROR(ROUND(VLOOKUP($A7,'HALF YEARLY'!$1:$1048576,4,0)*0.8,0),VLOOKUP($A7,'HALF YEARLY'!$1:$1048576,4,0)) -> 0 | H7: =SUM(F7:G7) -> 0 | I7: =VLOOKUP($A7,'UT-I '!$1:$1048576,5,0) -> 0 | J7: =IFERROR(ROUND(VLOOKUP($A7,'HALF YEARLY'!$1:$1048576,5,0)*0.8,0),VLOOKUP($A7,'HALF YEARLY'!$1:$1048576,5,0)) -> 0 | K7: =SUM(I7:J7) -> 0 | L7: =VLOOKUP($A7,'UT-I '!$1:$1048576,6,0) -> 0 | M7: =IFERROR(ROUND(VLOOKUP($A7,'HALF YEARLY'!$1:$1048576,6,0)*0.8,0),VLOOKUP($A7,'HALF YEARLY'!$1:$1048576,6,0)) -> 0 | N7: =SUM(L7:M7) -> 0 | O7: =VLOOKUP($A7,'UT-I '!$1:$1048576,7,0) -> 0 | P7: =IFERROR(ROUND(VLOOKUP($A7,'HALF YEARLY'!$1:$1048576,7,0)*0.8,0),VLOOKUP($A7,'HALF YEARLY'!$1:$1048576,7,0)) -> 0 | Q7: =SUM(O7:P7) -> 0 | R7: =VLOOKUP($A7,'UT-I '!$1:$1048576,8,0) -> 0 | S7: =IFERROR(ROUND(VLOOKUP($A7,'HALF YEARLY'!$1:$1048576,8,0)*0.8,0),VLOOKUP($A7,'HALF YEARLY'!$1:$1048576,8,0)) -> 0 | T7: =SUM(R7:S7) -> 0 | U7: =VLOOKUP($A7,'HALF YEARLY'!$1:$1048576,9,0) -> 0 | V7: =VLOOKUP($A7,'HALF YEARLY'!$1:$1048576,10,0) -> 0 | W7: =VLOOKUP($A7,'HALF YEARLY'!$1:$1048576,11,0) -> 0 | X7: =VLOOKUP($A7,'HALF YEARLY'!$1:$1048576,12,0) -> 0 | Y7: =VLOOKUP($A7,'HALF YEARLY'!$1:$1048576,13,0) -> 0 | Z7: =VLOOKUP($A7,'HALF YEARLY'!$1:$1048576,14,0) -> 0 | AA7: =VLOOKUP($A7,'HALF YEARLY'!$1:$1048576,15,0) -> 0
A8: =DETAILS!A7 -> 1112 | B8: =DETAILS!B7 -> AQSA BANO | C8: =VLOOKUP($A8,'UT-I '!$1:$1048576,3,0) -> 0 | D8: =IFERROR(ROUND(VLOOKUP($A8,'HALF YEARLY'!$1:$1048576,3,0)*0.8,0),VLOOKUP($A8,'HALF YEARLY'!$1:$1048576,3,0)) -> 0 | E8: =SUM(C8:D8) -> 0 | F8: =VLOOKUP($A8,'UT-I '!$1:$1048576,4,0) -> 0 | G8: =IFERROR(ROUND(VLOOKUP($A8,'HALF YEARLY'!$1:$1048576,4,0)*0.8,0),VLOOKUP($A8,'HALF YEARLY'!$1:$1048576,4,0)) -> 0 | H8: =SUM(F8:G8) -> 0 | I8: =VLOOKUP($A8,'UT-I '!$1:$1048576,5,0) -> 0 | J8: =IFERROR(ROUND(VLOOKUP($A8,'HALF YEARLY'!$1:$1048576,5,0)*0.8,0),VLOOKUP($A8,'HALF YEARLY'!$1:$1048576,5,0)) -> 0 | K8: =SUM(I8:J8) -> 0 | L8: =VLOOKUP($A8,'UT-I '!$1:$1048576,6,0) -> 0 | M8: =IFERROR(ROUND(VLOOKUP($A8,'HALF YEARLY'!$1:$1048576,6,0)*0.8,0),VLOOKUP($A8,'HALF YEARLY'!$1:$1048576,6,0)) -> 0 | N8: =SUM(L8:M8) -> 0 | O8: =VLOOKUP($A8,'UT-I '!$1:$1048576,7,0) -> 0 | P8: =IFERROR(ROUND(VLOOKUP($A8,'HALF YEARLY'!$1:$1048576,7,0)*0.8,0),VLOOKUP($A8,'HALF YEARLY'!$1:$1048576,7,0)) -> 0 | Q8: =SUM(O8:P8) -> 0 | R8: =VLOOKUP($A8,'UT-I '!$1:$1048576,8,0) -> 0 | S8: =IFERROR(ROUND(VLOOKUP($A8,'HALF YEARLY'!$1:$1048576,8,0)*0.8,0),VLOOKUP($A8,'HALF YEARLY'!$1:$1048576,8,0)) -> 0 | T8: =SUM(R8:S8) -> 0 | U8: =VLOOKUP($A8,'HALF YEARLY'!$1:$1048576,9,0) -> 0 | V8: =VLOOKUP($A8,'HALF YEARLY'!$1:$1048576,10,0) -> 0 | W8: =VLOOKUP($A8,'HALF YEARLY'!$1:$1048576,11,0) -> 0 | X8: =VLOOKUP($A8,'HALF YEARLY'!$1:$1048576,12,0) -> 0 | Y8: =VLOOKUP($A8,'HALF YEARLY'!$1:$1048576,13,0) -> 0 | Z8: =VLOOKUP($A8,'HALF YEARLY'!$1:$1048576,14,0) -> 0 | AA8: =VLOOKUP($A8,'HALF YEARLY'!$1:$1048576,15,0) -> 0
A9: =DETAILS!A8 -> 1830 | B9: =DETAILS!B8 -> ATHARVA SHARMA | C9: =VLOOKUP($A9,'UT-I '!$1:$1048576,3,0) -> 0 | D9: =IFERROR(ROUND(VLOOKUP($A9,'HALF YEARLY'!$1:$1048576,3,0)*0.8,0),VLOOKUP($A9,'HALF YEARLY'!$1:$1048576,3,0)) -> 0 | E9: =SUM(C9:D9) -> 0 | F9: =VLOOKUP($A9,'UT-I '!$1:$1048576,4,0) -> 0 | G9: =IFERROR(ROUND(VLOOKUP($A9,'HALF YEARLY'!$1:$1048576,4,0)*0.8,0),VLOOKUP($A9,'HALF YEARLY'!$1:$1048576,4,0)) -> 0 | H9: =SUM(F9:G9) -> 0 | I9: =VLOOKUP($A9,'UT-I '!$1:$1048576,5,0) -> 0 | J9: =IFERROR(ROUND(VLOOKUP($A9,'HALF YEARLY'!$1:$1048576,5,0)*0.8,0),VLOOKUP($A9,'HALF YEARLY'!$1:$1048576,5,0)) -> 0 | K9: =SUM(I9:J9) -> 0 | L9: =VLOOKUP($A9,'UT-I '!$1:$1048576,6,0) -> 0 | M9: =IFERROR(ROUND(VLOOKUP($A9,'HALF YEARLY'!$1:$1048576,6,0)*0.8,0),VLOOKUP($A9,'HALF YEARLY'!$1:$1048576,6,0)) -> 0 | N9: =SUM(L9:M9) -> 0 | O9: =VLOOKUP($A9,'UT-I '!$1:$1048576,7,0) -> 0 | P9: =IFERROR(ROUND(VLOOKUP($A9,'HALF YEARLY'!$1:$1048576,7,0)*0.8,0),VLOOKUP($A9,'HALF YEARLY'!$1:$1048576,7,0)) -> 0 | Q9: =SUM(O9:P9) -> 0 | R9: =VLOOKUP($A9,'UT-I '!$1:$1048576,8,0) -> 0 | S9: =IFERROR(ROUND(VLOOKUP($A9,'HALF YEARLY'!$1:$1048576,8,0)*0.8,0),VLOOKUP($A9,'HALF YEARLY'!$1:$1048576,8,0)) -> 0 | T9: =SUM(R9:S9) -> 0 | U9: =VLOOKUP($A9,'HALF YEARLY'!$1:$1048576,9,0) -> 0 | V9: =VLOOKUP($A9,'HALF YEARLY'!$1:$1048576,10,0) -> 0 | W9: =VLOOKUP($A9,'HALF YEARLY'!$1:$1048576,11,0) -> 0 | X9: =VLOOKUP($A9,'HALF YEARLY'!$1:$1048576,12,0) -> 0 | Y9: =VLOOKUP($A9,'HALF YEARLY'!$1:$1048576,13,0) -> 0 | Z9: =VLOOKUP($A9,'HALF YEARLY'!$1:$1048576,14,0) -> 0 | AA9: =VLOOKUP($A9,'HALF YEARLY'!$1:$1048576,15,0) -> 0
A10: =DETAILS!A9 -> 1516 | B10: =DETAILS!B9 -> AYUB KHAN | C10: =VLOOKUP($A10,'UT-I '!$1:$1048576,3,0) -> 0 | D10: =IFERROR(ROUND(VLOOKUP($A10,'HALF YEARLY'!$1:$1048576,3,0)*0.8,0),VLOOKUP($A10,'HALF YEARLY'!$1:$1048576,3,0)) -> 0 | E10: =SUM(C10:D10) -> 0 | F10: =VLOOKUP($A10,'UT-I '!$1:$1048576,4,0) -> 0 | G10: =IFERROR(ROUND(VLOOKUP($A10,'HALF YEARLY'!$1:$1048576,4,0)*0.8,0),VLOOKUP($A10,'HALF YEARLY'!$1:$1048576,4,0)) -> 0 | H10: =SUM(F10:G10) -> 0 | I10: =VLOOKUP($A10,'UT-I '!$1:$1048576,5,0) -> 0 | J10: =IFERROR(ROUND(VLOOKUP($A10,'HALF YEARLY'!$1:$1048576,5,0)*0.8,0),VLOOKUP($A10,'HALF YEARLY'!$1:$1048576,5,0)) -> 0 | K10: =SUM(I10:J10) -> 0 | L10: =VLOOKUP($A10,'UT-I '!$1:$1048576,6,0) -> 0 | M10: =IFERROR(ROUND(VLOOKUP($A10,'HALF YEARLY'!$1:$1048576,6,0)*0.8,0),VLOOKUP($A10,'HALF YEARLY'!$1:$1048576,6,0)) -> 0 | N10: =SUM(L10:M10) -> 0 | O10: =VLOOKUP($A10,'UT-I '!$1:$1048576,7,0) -> 0 | P10: =IFERROR(ROUND(VLOOKUP($A10,'HALF YEARLY'!$1:$1048576,7,0)*0.8,0),VLOOKUP($A10,'HALF YEARLY'!$1:$1048576,7,0)) -> 0 | Q10: =SUM(O10:P10) -> 0 | R10: =VLOOKUP($A10,'UT-I '!$1:$1048576,8,0) -> 0 | S10: =IFERROR(ROUND(VLOOKUP($A10,'HALF YEARLY'!$1:$1048576,8,0)*0.8,0),VLOOKUP($A10,'HALF YEARLY'!$1:$1048576,8,0)) -> 0 | T10: =SUM(R10:S10) -> 0 | U10: =VLOOKUP($A10,'HALF YEARLY'!$1:$1048576,9,0) -> 0 | V10: =VLOOKUP($A10,'HALF YEARLY'!$1:$1048576,10,0) -> 0 | W10: =VLOOKUP($A10,'HALF YEARLY'!$1:$1048576,11,0) -> 0 | X10: =VLOOKUP($A10,'HALF YEARLY'!$1:$1048576,12,0) -> 0 | Y10: =VLOOKUP($A10,'HALF YEARLY'!$1:$1048576,13,0) -> 0 | Z10: =VLOOKUP($A10,'HALF YEARLY'!$1:$1048576,14,0) -> 0 | AA10: =VLOOKUP($A10,'HALF YEARLY'!$1:$1048576,15,0) -> 0
A11: =DETAILS!A10 -> 1109 | B11: =DETAILS!B10 -> AYUSH MISHRA | C11: =VLOOKUP($A11,'UT-I '!$1:$1048576,3,0) -> 0 | D11: =IFERROR(ROUND(VLOOKUP($A11,'HALF YEARLY'!$1:$1048576,3,0)*0.8,0),VLOOKUP($A11,'HALF YEARLY'!$1:$1048576,3,0)) -> 0 | E11: =SUM(C11:D11) -> 0 | F11: =VLOOKUP($A11,'UT-I '!$1:$1048576,4,0) -> 0 | G11: =IFERROR(ROUND(VLOOKUP($A11,'HALF YEARLY'!$1:$1048576,4,0)*0.8,0),VLOOKUP($A11,'HALF YEARLY'!$1:$1048576,4,0)) -> 0 | H11: =SUM(F11:G11) -> 0 | I11: =VLOOKUP($A11,'UT-I '!$1:$1048576,5,0) -> 0 | J11: =IFERROR(ROUND(VLOOKUP($A11,'HALF YEARLY'!$1:$1048576,5,0)*0.8,0),VLOOKUP($A11,'HALF YEARLY'!$1:$1048576,5,0)) -> 0 | K11: =SUM(I11:J11) -> 0 | L11: =VLOOKUP($A11,'UT-I '!$1:$1048576,6,0) -> 0 | M11: =IFERROR(ROUND(VLOOKUP($A11,'HALF YEARLY'!$1:$1048576,6,0)*0.8,0),VLOOKUP($A11,'HALF YEARLY'!$1:$1048576,6,0)) -> 0 | N11: =SUM(L11:M11) -> 0 | O11: =VLOOKUP($A11,'UT-I '!$1:$1048576,7,0) -> 0 | P11: =IFERROR(ROUND(VLOOKUP($A11,'HALF YEARLY'!$1:$1048576,7,0)*0.8,0),VLOOKUP($A11,'HALF YEARLY'!$1:$1048576,7,0)) -> 0 | Q11: =SUM(O11:P11) -> 0 | R11: =VLOOKUP($A11,'UT-I '!$1:$1048576,8,0) -> 0 | S11: =IFERROR(ROUND(VLOOKUP($A11,'HALF YEARLY'!$1:$1048576,8,0)*0.8,0),VLOOKUP($A11,'HALF YEARLY'!$1:$1048576,8,0)) -> 0 | T11: =SUM(R11:S11) -> 0 | U11: =VLOOKUP($A11,'HALF YEARLY'!$1:$1048576,9,0) -> 0 | V11: =VLOOKUP($A11,'HALF YEARLY'!$1:$1048576,10,0) -> 0 | W11: =VLOOKUP($A11,'HALF YEARLY'!$1:$1048576,11,0) -> 0 | X11: =VLOOKUP($A11,'HALF YEARLY'!$1:$1048576,12,0) -> 0 | Y11: =VLOOKUP($A11,'HALF YEARLY'!$1:$1048576,13,0) -> 0 | Z11: =VLOOKUP($A11,'HALF YEARLY'!$1:$1048576,14,0) -> 0 | AA11: =VLOOKUP($A11,'HALF YEARLY'!$1:$1048576,15,0) -> 0
A12: =DETAILS!A11 -> 1951 | B12: =DETAILS!B11 -> AYUSHI YADAV | C12: =VLOOKUP($A12,'UT-I '!$1:$1048576,3,0) -> 0 | D12: =IFERROR(ROUND(VLOOKUP($A12,'HALF YEARLY'!$1:$1048576,3,0)*0.8,0),VLOOKUP($A12,'HALF YEARLY'!$1:$1048576,3,0)) -> 0 | E12: =SUM(C12:D12) -> 0 | F12: =VLOOKUP($A12,'UT-I '!$1:$1048576,4,0) -> 0 | G12: =IFERROR(ROUND(VLOOKUP($A12,'HALF YEARLY'!$1:$1048576,4,0)*0.8,0),VLOOKUP($A12,'HALF YEARLY'!$1:$1048576,4,0)) -> 0 | H12: =SUM(F12:G12) -> 0 | I12: =VLOOKUP($A12,'UT-I '!$1:$1048576,5,0) -> 0 | J12: =IFERROR(ROUND(VLOOKUP($A12,'HALF YEARLY'!$1:$1048576,5,0)*0.8,0),VLOOKUP($A12,'HALF YEARLY'!$1:$1048576,5,0)) -> 0 | K12: =SUM(I12:J12) -> 0 | L12: =VLOOKUP($A12,'UT-I '!$1:$1048576,6,0) -> 0 | M12: =IFERROR(ROUND(VLOOKUP($A12,'HALF YEARLY'!$1:$1048576,6,0)*0.8,0),VLOOKUP($A12,'HALF YEARLY'!$1:$1048576,6,0)) -> 0 | N12: =SUM(L12:M12) -> 0 | O12: =VLOOKUP($A12,'UT-I '!$1:$1048576,7,0) -> 0 | P12: =IFERROR(ROUND(VLOOKUP($A12,'HALF YEARLY'!$1:$1048576,7,0)*0.8,0),VLOOKUP($A12,'HALF YEARLY'!$1:$1048576,7,0)) -> 0 | Q12: =SUM(O12:P12) -> 0 | R12: =VLOOKUP($A12,'UT-I '!$1:$1048576,8,0) -> 0 | S12: =IFERROR(ROUND(VLOOKUP($A12,'HALF YEARLY'!$1:$1048576,8,0)*0.8,0),VLOOKUP($A12,'HALF YEARLY'!$1:$1048576,8,0)) -> 0 | T12: =SUM(R12:S12) -> 0 | U12: =VLOOKUP($A12,'HALF YEARLY'!$1:$1048576,9,0) -> 0 | V12: =VLOOKUP($A12,'HALF YEARLY'!$1:$1048576,10,0) -> 0 | W12: =VLOOKUP($A12,'HALF YEARLY'!$1:$1048576,11,0) -> 0 | X12: =VLOOKUP($A12,'HALF YEARLY'!$1:$1048576,12,0) -> 0 | Y12: =VLOOKUP($A12,'HALF YEARLY'!$1:$1048576,13,0) -> 0 | Z12: =VLOOKUP($A12,'HALF YEARLY'!$1:$1048576,14,0) -> 0 | AA12: =VLOOKUP($A12,'HALF YEARLY'!$1:$1048576,15,0) -> 0
A13: =DETAILS!A12 -> 1863 | B13: =DETAILS!B12 -> BARIRA KHAN | C13: =VLOOKUP($A13,'UT-I '!$1:$1048576,3,0) -> 0 | D13: =IFERROR(ROUND(VLOOKUP($A13,'HALF YEARLY'!$1:$1048576,3,0)*0.8,0),VLOOKUP($A13,'HALF YEARLY'!$1:$1048576,3,0)) -> 0 | E13: =SUM(C13:D13) -> 0 | F13: =VLOOKUP($A13,'UT-I '!$1:$1048576,4,0) -> 0 | G13: =IFERROR(ROUND(VLOOKUP($A13,'HALF YEARLY'!$1:$1048576,4,0)*0.8,0),VLOOKUP($A13,'HALF YEARLY'!$1:$1048576,4,0)) -> 0 | H13: =SUM(F13:G13) -> 0 | I13: =VLOOKUP($A13,'UT-I '!$1:$1048576,5,0) -> 0 | J13: =IFERROR(ROUND(VLOOKUP($A13,'HALF YEARLY'!$1:$1048576,5,0)*0.8,0),VLOOKUP($A13,'HALF YEARLY'!$1:$1048576,5,0)) -> 0 | K13: =SUM(I13:J13) -> 0 | L13: =VLOOKUP($A13,'UT-I '!$1:$1048576,6,0) -> 0 | M13: =IFERROR(ROUND(VLOOKUP($A13,'HALF YEARLY'!$1:$1048576,6,0)*0.8,0),VLOOKUP($A13,'HALF YEARLY'!$1:$1048576,6,0)) -> 0 | N13: =SUM(L13:M13) -> 0 | O13: =VLOOKUP($A13,'UT-I '!$1:$1048576,7,0) -> 0 | P13: =IFERROR(ROUND(VLOOKUP($A13,'HALF YEARLY'!$1:$1048576,7,0)*0.8,0),VLOOKUP($A13,'HALF YEARLY'!$1:$1048576,7,0)) -> 0 | Q13: =SUM(O13:P13) -> 0 | R13: =VLOOKUP($A13,'UT-I '!$1:$1048576,8,0) -> 0 | S13: =IFERROR(ROUND(VLOOKUP($A13,'HALF YEARLY'!$1:$1048576,8,0)*0.8,0),VLOOKUP($A13,'HALF YEARLY'!$1:$1048576,8,0)) -> 0 | T13: =SUM(R13:S13) -> 0 | U13: =VLOOKUP($A13,'HALF YEARLY'!$1:$1048576,9,0) -> 0 | V13: =VLOOKUP($A13,'HALF YEARLY'!$1:$1048576,10,0) -> 0 | W13: =VLOOKUP($A13,'HALF YEARLY'!$1:$1048576,11,0) -> 0 | X13: =VLOOKUP($A13,'HALF YEARLY'!$1:$1048576,12,0) -> 0 | Y13: =VLOOKUP($A13,'HALF YEARLY'!$1:$1048576,13,0) -> 0 | Z13: =VLOOKUP($A13,'HALF YEARLY'!$1:$1048576,14,0) -> 0 | AA13: =VLOOKUP($A13,'HALF YEARLY'!$1:$1048576,15,0) -> 0
A14: =DETAILS!A13 -> 899 | B14: =DETAILS!B13 -> DEEPANSHU MEENA | C14: =VLOOKUP($A14,'UT-I '!$1:$1048576,3,0) -> 0 | D14: =IFERROR(ROUND(VLOOKUP($A14,'HALF YEARLY'!$1:$1048576,3,0)*0.8,0),VLOOKUP($A14,'HALF YEARLY'!$1:$1048576,3,0)) -> 0 | E14: =SUM(C14:D14) -> 0 | F14: =VLOOKUP($A14,'UT-I '!$1:$1048576,4,0) -> 0 | G14: =IFERROR(ROUND(VLOOKUP($A14,'HALF YEARLY'!$1:$1048576,4,0)*0.8,0),VLOOKUP($A14,'HALF YEARLY'!$1:$1048576,4,0)) -> 0 | H14: =SUM(F14:G14) -> 0 | I14: =VLOOKUP($A14,'UT-I '!$1:$1048576,5,0) -> 0 | J14: =IFERROR(ROUND(VLOOKUP($A14,'HALF YEARLY'!$1:$1048576,5,0)*0.8,0),VLOOKUP($A14,'HALF YEARLY'!$1:$1048576,5,0)) -> 0 | K14: =SUM(I14:J14) -> 0 | L14: =VLOOKUP($A14,'UT-I '!$1:$1048576,6,0) -> 0 | M14: =IFERROR(ROUND(VLOOKUP($A14,'HALF YEARLY'!$1:$1048576,6,0)*0.8,0),VLOOKUP($A14,'HALF YEARLY'!$1:$1048576,6,0)) -> 0 | N14: =SUM(L14:M14) -> 0 | O14: =VLOOKUP($A14,'UT-I '!$1:$1048576,7,0) -> 0 | P14: =IFERROR(ROUND(VLOOKUP($A14,'HALF YEARLY'!$1:$1048576,7,0)*0.8,0),VLOOKUP($A14,'HALF YEARLY'!$1:$1048576,7,0)) -> 0 | Q14: =SUM(O14:P14) -> 0 | R14: =VLOOKUP($A14,'UT-I '!$1:$1048576,8,0) -> 0 | S14: =IFERROR(ROUND(VLOOKUP($A14,'HALF YEARLY'!$1:$1048576,8,0)*0.8,0),VLOOKUP($A14,'HALF YEARLY'!$1:$1048576,8,0)) -> 0 | T14: =SUM(R14:S14) -> 0 | U14: =VLOOKUP($A14,'HALF YEARLY'!$1:$1048576,9,0) -> 0 | V14: =VLOOKUP($A14,'HALF YEARLY'!$1:$1048576,10,0) -> 0 | W14: =VLOOKUP($A14,'HALF YEARLY'!$1:$1048576,11,0) -> 0 | X14: =VLOOKUP($A14,'HALF YEARLY'!$1:$1048576,12,0) -> 0 | Y14: =VLOOKUP($A14,'HALF YEARLY'!$1:$1048576,13,0) -> 0 | Z14: =VLOOKUP($A14,'HALF YEARLY'!$1:$1048576,14,0) -> 0 | AA14: =VLOOKUP($A14,'HALF YEARLY'!$1:$1048576,15,0) -> 0
A15: =DETAILS!A14 -> 1924 | B15: =DETAILS!B14 -> DEVANSH SINGH | C15: =VLOOKUP($A15,'UT-I '!$1:$1048576,3,0) -> 0 | D15: =IFERROR(ROUND(VLOOKUP($A15,'HALF YEARLY'!$1:$1048576,3,0)*0.8,0),VLOOKUP($A15,'HALF YEARLY'!$1:$1048576,3,0)) -> 0 | E15: =SUM(C15:D15) -> 0 | F15: =VLOOKUP($A15,'UT-I '!$1:$1048576,4,0) -> 0 | G15: =IFERROR(ROUND(VLOOKUP($A15,'HALF YEARLY'!$1:$1048576,4,0)*0.8,0),VLOOKUP($A15,'HALF YEARLY'!$1:$1048576,4,0)) -> 0 | H15: =SUM(F15:G15) -> 0 | I15: =VLOOKUP($A15,'UT-I '!$1:$1048576,5,0) -> 0 | J15: =IFERROR(ROUND(VLOOKUP($A15,'HALF YEARLY'!$1:$1048576,5,0)*0.8,0),VLOOKUP($A15,'HALF YEARLY'!$1:$1048576,5,0)) -> 0 | K15: =SUM(I15:J15) -> 0 | L15: =VLOOKUP($A15,'UT-I '!$1:$1048576,6,0) -> 0 | M15: =IFERROR(ROUND(VLOOKUP($A15,'HALF YEARLY'!$1:$1048576,6,0)*0.8,0),VLOOKUP($A15,'HALF YEARLY'!$1:$1048576,6,0)) -> 0 | N15: =SUM(L15:M15) -> 0 | O15: =VLOOKUP($A15,'UT-I '!$1:$1048576,7,0) -> 0 | P15: =IFERROR(ROUND(VLOOKUP($A15,'HALF YEARLY'!$1:$1048576,7,0)*0.8,0),VLOOKUP($A15,'HALF YEARLY'!$1:$1048576,7,0)) -> 0 | Q15: =SUM(O15:P15) -> 0 | R15: =VLOOKUP($A15,'UT-I '!$1:$1048576,8,0) -> 0 | S15: =IFERROR(ROUND(VLOOKUP($A15,'HALF YEARLY'!$1:$1048576,8,0)*0.8,0),VLOOKUP($A15,'HALF YEARLY'!$1:$1048576,8,0)) -> 0 | T15: =SUM(R15:S15) -> 0 | U15: =VLOOKUP($A15,'HALF YEARLY'!$1:$1048576,9,0) -> 0 | V15: =VLOOKUP($A15,'HALF YEARLY'!$1:$1048576,10,0) -> 0 | W15: =VLOOKUP($A15,'HALF YEARLY'!$1:$1048576,11,0) -> 0 | X15: =VLOOKUP($A15,'HALF YEARLY'!$1:$1048576,12,0) -> 0 | Y15: =VLOOKUP($A15,'HALF YEARLY'!$1:$1048576,13,0) -> 0 | Z15: =VLOOKUP($A15,'HALF YEARLY'!$1:$1048576,14,0) -> 0 | AA15: =VLOOKUP($A15,'HALF YEARLY'!$1:$1048576,15,0) -> 0
... A32: =DETAILS!A31 -> 1778 | B32: =DETAILS!B31 -> YUSRA SHARIQ | C32: =VLOOKUP($A32,'UT-I '!$1:$1048576,3,0) -> 0 | D32: =IFERROR(ROUND(VLOOKUP($A32,'HALF YEARLY'!$1:$1048576,3,0)*0.8,0),VLOOKUP($A32,'HALF YEARLY'!$1:$1048576,3,0)) -> 0 | E32: =SUM(C32:D32) -> 0 | F32: =VLOOKUP($A32,'UT-I '!$1:$1048576,4,0) -> 0 | G32: =IFERROR(ROUND(VLOOKUP($A32,'HALF YEARLY'!$1:$1048576,4,0)*0.8,0),VLOOKUP($A32,'HALF YEARLY'!$1:$1048576,4,0)) -> 0 | H32: =SUM(F32:G32) -> 0 | I32: =VLOOKUP($A32,'UT-I '!$1:$1048576,5,0) -> 0 | J32: =IFERROR(ROUND(VLOOKUP($A32,'HALF YEARLY'!$1:$1048576,5,0)*0.8,0),VLOOKUP($A32,'HALF YEARLY'!$1:$1048576,5,0)) -> 0 | K32: =SUM(I32:J32) -> 0 | L32: =VLOOKUP($A32,'UT-I '!$1:$1048576,6,0) -> 0 | M32: =IFERROR(ROUND(VLOOKUP($A32,'HALF YEARLY'!$1:$1048576,6,0)*0.8,0),VLOOKUP($A32,'HALF YEARLY'!$1:$1048576,6,0)) -> 0 | N32: =SUM(L32:M32) -> 0 | O32: =VLOOKUP($A32,'UT-I '!$1:$1048576,7,0) -> 0 | P32: =IFERROR(ROUND(VLOOKUP($A32,'HALF YEARLY'!$1:$1048576,7,0)*0.8,0),VLOOKUP($A32,'HALF YEARLY'!$1:$1048576,7,0)) -> 0 | Q32: =SUM(O32:P32) -> 0 | R32: =VLOOKUP($A32,'UT-I '!$1:$1048576,8,0) -> 0 | S32: =IFERROR(ROUND(VLOOKUP($A32,'HALF YEARLY'!$1:$1048576,8,0)*0.8,0),VLOOKUP($A32,'HALF YEARLY'!$1:$1048576,8,0)) -> 0 | T32: =SUM(R32:S32) -> 0 | U32: =VLOOKUP($A32,'HALF YEARLY'!$1:$1048576,9,0) -> 0 | V32: =VLOOKUP($A32,'HALF YEARLY'!$1:$1048576,10,0) -> 0 | W32: =VLOOKUP($A32,'HALF YEARLY'!$1:$1048576,11,0) -> 0 | X32: =VLOOKUP($A32,'HALF YEARLY'!$1:$1048576,12,0) -> 0 | Y32: =VLOOKUP($A32,'HALF YEARLY'!$1:$1048576,13,0) -> 0 | Z32: =VLOOKUP($A32,'HALF YEARLY'!$1:$1048576,14,0) -> 0 | AA32: =VLOOKUP($A32,'HALF YEARLY'!$1:$1048576,15,0) -> 0
A33: =DETAILS!#REF! -> #REF! | B33: =DETAILS!#REF! -> #REF! | C33: =VLOOKUP($A33,'UT-I '!$1:$1048576,3,0) -> #REF! | D33: =IFERROR(ROUND(VLOOKUP($A33,'HALF YEARLY'!$1:$1048576,3,0)*0.8,0),VLOOKUP($A33,'HALF YEARLY'!$1:$1048576,3,0)) -> #REF! | E33: =SUM(C33:D33) -> #REF! | F33: =VLOOKUP($A33,'UT-I '!$1:$1048576,4,0) -> #REF! | G33: =IFERROR(ROUND(VLOOKUP($A33,'HALF YEARLY'!$1:$1048576,4,0)*0.8,0),VLOOKUP($A33,'HALF YEARLY'!$1:$1048576,4,0)) -> #REF! | H33: =SUM(F33:G33) -> #REF! | I33: =VLOOKUP($A33,'UT-I '!$1:$1048576,5,0) -> #REF! | J33: =IFERROR(ROUND(VLOOKUP($A33,'HALF YEARLY'!$1:$1048576,5,0)*0.8,0),VLOOKUP($A33,'HALF YEARLY'!$1:$1048576,5,0)) -> #REF! | K33: =SUM(I33:J33) -> #REF! | L33: =VLOOKUP($A33,'UT-I '!$1:$1048576,6,0) -> #REF! | M33: =IFERROR(ROUND(VLOOKUP($A33,'HALF YEARLY'!$1:$1048576,6,0)*0.8,0),VLOOKUP($A33,'HALF YEARLY'!$1:$1048576,6,0)) -> #REF! | N33: =SUM(L33:M33) -> #REF! | O33: =VLOOKUP($A33,'UT-I '!$1:$1048576,7,0) -> #REF! | P33: =IFERROR(ROUND(VLOOKUP($A33,'HALF YEARLY'!$1:$1048576,7,0)*0.8,0),VLOOKUP($A33,'HALF YEARLY'!$1:$1048576,7,0)) -> #REF! | Q33: =SUM(O33:P33) -> #REF! | R33: =VLOOKUP($A33,'UT-I '!$1:$1048576,8,0) -> #REF! | S33: =IFERROR(ROUND(VLOOKUP($A33,'HALF YEARLY'!$1:$1048576,8,0)*0.8,0),VLOOKUP($A33,'HALF YEARLY'!$1:$1048576,8,0)) -> #REF! | T33: =SUM(R33:S33) -> #REF! | U33: =VLOOKUP($A33,'HALF YEARLY'!$1:$1048576,9,0) -> #REF! | V33: =VLOOKUP($A33,'HALF YEARLY'!$1:$1048576,10,0) -> #REF! | W33: =VLOOKUP($A33,'HALF YEARLY'!$1:$1048576,11,0) -> #REF! | X33: =VLOOKUP($A33,'HALF YEARLY'!$1:$1048576,12,0) -> #REF! | Y33: =VLOOKUP($A33,'HALF YEARLY'!$1:$1048576,13,0) -> #REF! | Z33: =VLOOKUP($A33,'HALF YEARLY'!$1:$1048576,14,0) -> #REF! | AA33: =VLOOKUP($A33,'HALF YEARLY'!$1:$1048576,15,0) -> #REF!
A34: =DETAILS!#REF! -> #REF! | B34: =DETAILS!#REF! -> #REF! | C34: =VLOOKUP($A34,'UT-I '!$1:$1048576,3,0) -> #REF! | D34: =IFERROR(ROUND(VLOOKUP($A34,'HALF YEARLY'!$1:$1048576,3,0)*0.8,0),VLOOKUP($A34,'HALF YEARLY'!$1:$1048576,3,0)) -> #REF! | E34: =SUM(C34:D34) -> #REF! | F34: =VLOOKUP($A34,'UT-I '!$1:$1048576,4,0) -> #REF! | G34: =IFERROR(ROUND(VLOOKUP($A34,'HALF YEARLY'!$1:$1048576,4,0)*0.8,0),VLOOKUP($A34,'HALF YEARLY'!$1:$1048576,4,0)) -> #REF! | H34: =SUM(F34:G34) -> #REF! | I34: =VLOOKUP($A34,'UT-I '!$1:$1048576,5,0) -> #REF! | J34: =IFERROR(ROUND(VLOOKUP($A34,'HALF YEARLY'!$1:$1048576,5,0)*0.8,0),VLOOKUP($A34,'HALF YEARLY'!$1:$1048576,5,0)) -> #REF! | K34: =SUM(I34:J34) -> #REF! | L34: =VLOOKUP($A34,'UT-I '!$1:$1048576,6,0) -> #REF! | M34: =IFERROR(ROUND(VLOOKUP($A34,'HALF YEARLY'!$1:$1048576,6,0)*0.8,0),VLOOKUP($A34,'HALF YEARLY'!$1:$1048576,6,0)) -> #REF! | N34: =SUM(L34:M34) -> #REF! | O34: =VLOOKUP($A34,'UT-I '!$1:$1048576,7,0) -> #REF! | P34: =IFERROR(ROUND(VLOOKUP($A34,'HALF YEARLY'!$1:$1048576,7,0)*0.8,0),VLOOKUP($A34,'HALF YEARLY'!$1:$1048576,7,0)) -> #REF! | Q34: =SUM(O34:P34) -> #REF! | R34: =VLOOKUP($A34,'UT-I '!$1:$1048576,8,0) -> #REF! | S34: =IFERROR(ROUND(VLOOKUP($A34,'HALF YEARLY'!$1:$1048576,8,0)*0.8,0),VLOOKUP($A34,'HALF YEARLY'!$1:$1048576,8,0)) -> #REF! | T34: =SUM(R34:S34) -> #REF! | U34: =VLOOKUP($A34,'HALF YEARLY'!$1:$1048576,9,0) -> #REF! | V34: =VLOOKUP($A34,'HALF YEARLY'!$1:$1048576,10,0) -> #REF! | W34: =VLOOKUP($A34,'HALF YEARLY'!$1:$1048576,11,0) -> #REF! | X34: =VLOOKUP($A34,'HALF YEARLY'!$1:$1048576,12,0) -> #REF! | Y34: =VLOOKUP($A34,'HALF YEARLY'!$1:$1048576,13,0) -> #REF! | Z34: =VLOOKUP($A34,'HALF YEARLY'!$1:$1048576,14,0) -> #REF! | AA34: =VLOOKUP($A34,'HALF YEARLY'!$1:$1048576,15,0) -> #REF!
A35: =DETAILS!#REF! -> #REF! | B35: =DETAILS!#REF! -> #REF! | C35: =VLOOKUP($A35,'UT-I '!$1:$1048576,3,0) -> #REF! | D35: =IFERROR(ROUND(VLOOKUP($A35,'HALF YEARLY'!$1:$1048576,3,0)*0.8,0),VLOOKUP($A35,'HALF YEARLY'!$1:$1048576,3,0)) -> #REF! | E35: =SUM(C35:D35) -> #REF! | F35: =VLOOKUP($A35,'UT-I '!$1:$1048576,4,0) -> #REF! | G35: =IFERROR(ROUND(VLOOKUP($A35,'HALF YEARLY'!$1:$1048576,4,0)*0.8,0),VLOOKUP($A35,'HALF YEARLY'!$1:$1048576,4,0)) -> #REF! | H35: =SUM(F35:G35) -> #REF! | I35: =VLOOKUP($A35,'UT-I '!$1:$1048576,5,0) -> #REF! | J35: =IFERROR(ROUND(VLOOKUP($A35,'HALF YEARLY'!$1:$1048576,5,0)*0.8,0),VLOOKUP($A35,'HALF YEARLY'!$1:$1048576,5,0)) -> #REF! | K35: =SUM(I35:J35) -> #REF! | L35: =VLOOKUP($A35,'UT-I '!$1:$1048576,6,0) -> #REF! | M35: =IFERROR(ROUND(VLOOKUP($A35,'HALF YEARLY'!$1:$1048576,6,0)*0.8,0),VLOOKUP($A35,'HALF YEARLY'!$1:$1048576,6,0)) -> #REF! | N35: =SUM(L35:M35) -> #REF! | O35: =VLOOKUP($A35,'UT-I '!$1:$1048576,7,0) -> #REF! | P35: =IFERROR(ROUND(VLOOKUP($A35,'HALF YEARLY'!$1:$1048576,7,0)*0.8,0),VLOOKUP($A35,'HALF YEARLY'!$1:$1048576,7,0)) -> #REF! | Q35: =SUM(O35:P35) -> #REF! | R35: =VLOOKUP($A35,'UT-I '!$1:$1048576,8,0) -> #REF! | S35: =IFERROR(ROUND(VLOOKUP($A35,'HALF YEARLY'!$1:$1048576,8,0)*0.8,0),VLOOKUP($A35,'HALF YEARLY'!$1:$1048576,8,0)) -> #REF! | T35: =SUM(R35:S35) -> #REF! | U35: =VLOOKUP($A35,'HALF YEARLY'!$1:$1048576,9,0) -> #REF! | V35: =VLOOKUP($A35,'HALF YEARLY'!$1:$1048576,10,0) -> #REF! | W35: =VLOOKUP($A35,'HALF YEARLY'!$1:$1048576,11,0) -> #REF! | X35: =VLOOKUP($A35,'HALF YEARLY'!$1:$1048576,12,0) -> #REF! | Y35: =VLOOKUP($A35,'HALF YEARLY'!$1:$1048576,13,0) -> #REF! | Z35: =VLOOKUP($A35,'HALF YEARLY'!$1:$1048576,14,0) -> #REF! | AA35: =VLOOKUP($A35,'HALF YEARLY'!$1:$1048576,15,0) -> #REF!
A36: =DETAILS!#REF! -> #REF! | B36: =DETAILS!#REF! -> #REF! | C36: =VLOOKUP($A36,'UT-I '!$1:$1048576,3,0) -> #REF! | D36: =IFERROR(ROUND(VLOOKUP($A36,'HALF YEARLY'!$1:$1048576,3,0)*0.8,0),VLOOKUP($A36,'HALF YEARLY'!$1:$1048576,3,0)) -> #REF! | E36: =SUM(C36:D36) -> #REF! | F36: =VLOOKUP($A36,'UT-I '!$1:$1048576,4,0) -> #REF! | G36: =IFERROR(ROUND(VLOOKUP($A36,'HALF YEARLY'!$1:$1048576,4,0)*0.8,0),VLOOKUP($A36,'HALF YEARLY'!$1:$1048576,4,0)) -> #REF! | H36: =SUM(F36:G36) -> #REF! | I36: =VLOOKUP($A36,'UT-I '!$1:$1048576,5,0) -> #REF! | J36: =IFERROR(ROUND(VLOOKUP($A36,'HALF YEARLY'!$1:$1048576,5,0)*0.8,0),VLOOKUP($A36,'HALF YEARLY'!$1:$1048576,5,0)) -> #REF! | K36: =SUM(I36:J36) -> #REF! | L36: =VLOOKUP($A36,'UT-I '!$1:$1048576,6,0) -> #REF! | M36: =IFERROR(ROUND(VLOOKUP($A36,'HALF YEARLY'!$1:$1048576,6,0)*0.8,0),VLOOKUP($A36,'HALF YEARLY'!$1:$1048576,6,0)) -> #REF! | N36: =SUM(L36:M36) -> #REF! | O36: =VLOOKUP($A36,'UT-I '!$1:$1048576,7,0) -> #REF! | P36: =IFERROR(ROUND(VLOOKUP($A36,'HALF YEARLY'!$1:$1048576,7,0)*0.8,0),VLOOKUP($A36,'HALF YEARLY'!$1:$1048576,7,0)) -> #REF! | Q36: =SUM(O36:P36) -> #REF! | R36: =VLOOKUP($A36,'UT-I '!$1:$1048576,8,0) -> #REF! | S36: =IFERROR(ROUND(VLOOKUP($A36,'HALF YEARLY'!$1:$1048576,8,0)*0.8,0),VLOOKUP($A36,'HALF YEARLY'!$1:$1048576,8,0)) -> #REF! | T36: =SUM(R36:S36) -> #REF! | U36: =VLOOKUP($A36,'HALF YEARLY'!$1:$1048576,9,0) -> #REF! | V36: =VLOOKUP($A36,'HALF YEARLY'!$1:$1048576,10,0) -> #REF! | W36: =VLOOKUP($A36,'HALF YEARLY'!$1:$1048576,11,0) -> #REF! | X36: =VLOOKUP($A36,'HALF YEARLY'!$1:$1048576,12,0) -> #REF! | Y36: =VLOOKUP($A36,'HALF YEARLY'!$1:$1048576,13,0) -> #REF! | Z36: =VLOOKUP($A36,'HALF YEARLY'!$1:$1048576,14,0) -> #REF! | AA36: =VLOOKUP($A36,'HALF YEARLY'!$1:$1048576,15,0) -> #REF!
A37: =DETAILS!#REF! -> #REF! | B37: =DETAILS!#REF! -> #REF! | C37: =VLOOKUP($A37,'UT-I '!$1:$1048576,3,0) -> #REF! | D37: =IFERROR(ROUND(VLOOKUP($A37,'HALF YEARLY'!$1:$1048576,3,0)*0.8,0),VLOOKUP($A37,'HALF YEARLY'!$1:$1048576,3,0)) -> #REF! | E37: =SUM(C37:D37) -> #REF! | F37: =VLOOKUP($A37,'UT-I '!$1:$1048576,4,0) -> #REF! | G37: =IFERROR(ROUND(VLOOKUP($A37,'HALF YEARLY'!$1:$1048576,4,0)*0.8,0),VLOOKUP($A37,'HALF YEARLY'!$1:$1048576,4,0)) -> #REF! | H37: =SUM(F37:G37) -> #REF! | I37: =VLOOKUP($A37,'UT-I '!$1:$1048576,5,0) -> #REF! | J37: =IFERROR(ROUND(VLOOKUP($A37,'HALF YEARLY'!$1:$1048576,5,0)*0.8,0),VLOOKUP($A37,'HALF YEARLY'!$1:$1048576,5,0)) -> #REF! | K37: =SUM(I37:J37) -> #REF! | L37: =VLOOKUP($A37,'UT-I '!$1:$1048576,6,0) -> #REF! | M37: =IFERROR(ROUND(VLOOKUP($A37,'HALF YEARLY'!$1:$1048576,6,0)*0.8,0),VLOOKUP($A37,'HALF YEARLY'!$1:$1048576,6,0)) -> #REF! | N37: =SUM(L37:M37) -> #REF! | O37: =VLOOKUP($A37,'UT-I '!$1:$1048576,7,0) -> #REF! | P37: =IFERROR(ROUND(VLOOKUP($A37,'HALF YEARLY'!$1:$1048576,7,0)*0.8,0),VLOOKUP($A37,'HALF YEARLY'!$1:$1048576,7,0)) -> #REF! | Q37: =SUM(O37:P37) -> #REF! | R37: =VLOOKUP($A37,'UT-I '!$1:$1048576,8,0) -> #REF! | S37: =IFERROR(ROUND(VLOOKUP($A37,'HALF YEARLY'!$1:$1048576,8,0)*0.8,0),VLOOKUP($A37,'HALF YEARLY'!$1:$1048576,8,0)) -> #REF! | T37: =SUM(R37:S37) -> #REF! | U37: =VLOOKUP($A37,'HALF YEARLY'!$1:$1048576,9,0) -> #REF! | V37: =VLOOKUP($A37,'HALF YEARLY'!$1:$1048576,10,0) -> #REF! | W37: =VLOOKUP($A37,'HALF YEARLY'!$1:$1048576,11,0) -> #REF! | X37: =VLOOKUP($A37,'HALF YEARLY'!$1:$1048576,12,0) -> #REF! | Y37: =VLOOKUP($A37,'HALF YEARLY'!$1:$1048576,13,0) -> #REF! | Z37: =VLOOKUP($A37,'HALF YEARLY'!$1:$1048576,14,0) -> #REF! | AA37: =VLOOKUP($A37,'HALF YEARLY'!$1:$1048576,15,0) -> #REF!
A38: =DETAILS!#REF! -> #REF! | B38: =DETAILS!#REF! -> #REF! | C38: =VLOOKUP($A38,'UT-I '!$1:$1048576,3,0) -> #REF! | D38: =IFERROR(ROUND(VLOOKUP($A38,'HALF YEARLY'!$1:$1048576,3,0)*0.8,0),VLOOKUP($A38,'HALF YEARLY'!$1:$1048576,3,0)) -> #REF! | E38: =SUM(C38:D38) -> #REF! | F38: =VLOOKUP($A38,'UT-I '!$1:$1048576,4,0) -> #REF! | G38: =IFERROR(ROUND(VLOOKUP($A38,'HALF YEARLY'!$1:$1048576,4,0)*0.8,0),VLOOKUP($A38,'HALF YEARLY'!$1:$1048576,4,0)) -> #REF! | H38: =SUM(F38:G38) -> #REF! | I38: =VLOOKUP($A38,'UT-I '!$1:$1048576,5,0) -> #REF! | J38: =IFERROR(ROUND(VLOOKUP($A38,'HALF YEARLY'!$1:$1048576,5,0)*0.8,0),VLOOKUP($A38,'HALF YEARLY'!$1:$1048576,5,0)) -> #REF! | K38: =SUM(I38:J38) -> #REF! | L38: =VLOOKUP($A38,'UT-I '!$1:$1048576,6,0) -> #REF! | M38: =IFERROR(ROUND(VLOOKUP($A38,'HALF YEARLY'!$1:$1048576,6,0)*0.8,0),VLOOKUP($A38,'HALF YEARLY'!$1:$1048576,6,0)) -> #REF! | N38: =SUM(L38:M38) -> #REF! | O38: =VLOOKUP($A38,'UT-I '!$1:$1048576,7,0) -> #REF! | P38: =IFERROR(ROUND(VLOOKUP($A38,'HALF YEARLY'!$1:$1048576,7,0)*0.8,0),VLOOKUP($A38,'HALF YEARLY'!$1:$1048576,7,0)) -> #REF! | Q38: =SUM(O38:P38) -> #REF! | R38: =VLOOKUP($A38,'UT-I '!$1:$1048576,8,0) -> #REF! | S38: =IFERROR(ROUND(VLOOKUP($A38,'HALF YEARLY'!$1:$1048576,8,0)*0.8,0),VLOOKUP($A38,'HALF YEARLY'!$1:$1048576,8,0)) -> #REF! | T38: =SUM(R38:S38) -> #REF! | U38: =VLOOKUP($A38,'HALF YEARLY'!$1:$1048576,9,0) -> #REF! | V38: =VLOOKUP($A38,'HALF YEARLY'!$1:$1048576,10,0) -> #REF! | W38: =VLOOKUP($A38,'HALF YEARLY'!$1:$1048576,11,0) -> #REF! | X38: =VLOOKUP($A38,'HALF YEARLY'!$1:$1048576,12,0) -> #REF! | Y38: =VLOOKUP($A38,'HALF YEARLY'!$1:$1048576,13,0) -> #REF! | Z38: =VLOOKUP($A38,'HALF YEARLY'!$1:$1048576,14,0) -> #REF! | AA38: =VLOOKUP($A38,'HALF YEARLY'!$1:$1048576,15,0) -> #REF!
A39: =DETAILS!#REF! -> #REF! | B39: =DETAILS!#REF! -> #REF! | C39: =VLOOKUP($A39,'UT-I '!$1:$1048576,3,0) -> #REF! | D39: =IFERROR(ROUND(VLOOKUP($A39,'HALF YEARLY'!$1:$1048576,3,0)*0.8,0),VLOOKUP($A39,'HALF YEARLY'!$1:$1048576,3,0)) -> #REF! | E39: =SUM(C39:D39) -> #REF! | F39: =VLOOKUP($A39,'UT-I '!$1:$1048576,4,0) -> #REF! | G39: =IFERROR(ROUND(VLOOKUP($A39,'HALF YEARLY'!$1:$1048576,4,0)*0.8,0),VLOOKUP($A39,'HALF YEARLY'!$1:$1048576,4,0)) -> #REF! | H39: =SUM(F39:G39) -> #REF! | I39: =VLOOKUP($A39,'UT-I '!$1:$1048576,5,0) -> #REF! | J39: =IFERROR(ROUND(VLOOKUP($A39,'HALF YEARLY'!$1:$1048576,5,0)*0.8,0),VLOOKUP($A39,'HALF YEARLY'!$1:$1048576,5,0)) -> #REF! | K39: =SUM(I39:J39) -> #REF! | L39: =VLOOKUP($A39,'UT-I '!$1:$1048576,6,0) -> #REF! | M39: =IFERROR(ROUND(VLOOKUP($A39,'HALF YEARLY'!$1:$1048576,6,0)*0.8,0),VLOOKUP($A39,'HALF YEARLY'!$1:$1048576,6,0)) -> #REF! | N39: =SUM(L39:M39) -> #REF! | O39: =VLOOKUP($A39,'UT-I '!$1:$1048576,7,0) -> #REF! | P39: =IFERROR(ROUND(VLOOKUP($A39,'HALF YEARLY'!$1:$1048576,7,0)*0.8,0),VLOOKUP($A39,'HALF YEARLY'!$1:$1048576,7,0)) -> #REF! | Q39: =SUM(O39:P39) -> #REF! | R39: =VLOOKUP($A39,'UT-I '!$1:$1048576,8,0) -> #REF! | S39: =IFERROR(ROUND(VLOOKUP($A39,'HALF YEARLY'!$1:$1048576,8,0)*0.8,0),VLOOKUP($A39,'HALF YEARLY'!$1:$1048576,8,0)) -> #REF! | T39: =SUM(R39:S39) -> #REF! | U39: =VLOOKUP($A39,'HALF YEARLY'!$1:$1048576,9,0) -> #REF! | V39: =VLOOKUP($A39,'HALF YEARLY'!$1:$1048576,10,0) -> #REF! | W39: =VLOOKUP($A39,'HALF YEARLY'!$1:$1048576,11,0) -> #REF! | X39: =VLOOKUP($A39,'HALF YEARLY'!$1:$1048576,12,0) -> #REF! | Y39: =VLOOKUP($A39,'HALF YEARLY'!$1:$1048576,13,0) -> #REF! | Z39: =VLOOKUP($A39,'HALF YEARLY'!$1:$1048576,14,0) -> #REF! | AA39: =VLOOKUP($A39,'HALF YEARLY'!$1:$1048576,15,0) -> #REF!
A40: =DETAILS!#REF! -> #REF! | B40: =DETAILS!#REF! -> #REF! | C40: =VLOOKUP($A40,'UT-I '!$1:$1048576,3,0) -> #REF! | D40: =IFERROR(ROUND(VLOOKUP($A40,'HALF YEARLY'!$1:$1048576,3,0)*0.8,0),VLOOKUP($A40,'HALF YEARLY'!$1:$1048576,3,0)) -> #REF! | E40: =SUM(C40:D40) -> #REF! | F40: =VLOOKUP($A40,'UT-I '!$1:$1048576,4,0) -> #REF! | G40: =IFERROR(ROUND(VLOOKUP($A40,'HALF YEARLY'!$1:$1048576,4,0)*0.8,0),VLOOKUP($A40,'HALF YEARLY'!$1:$1048576,4,0)) -> #REF! | H40: =SUM(F40:G40) -> #REF! | I40: =VLOOKUP($A40,'UT-I '!$1:$1048576,5,0) -> #REF! | J40: =IFERROR(ROUND(VLOOKUP($A40,'HALF YEARLY'!$1:$1048576,5,0)*0.8,0),VLOOKUP($A40,'HALF YEARLY'!$1:$1048576,5,0)) -> #REF! | K40: =SUM(I40:J40) -> #REF! | L40: =VLOOKUP($A40,'UT-I '!$1:$1048576,6,0) -> #REF! | M40: =IFERROR(ROUND(VLOOKUP($A40,'HALF YEARLY'!$1:$1048576,6,0)*0.8,0),VLOOKUP($A40,'HALF YEARLY'!$1:$1048576,6,0)) -> #REF! | N40: =SUM(L40:M40) -> #REF! | O40: =VLOOKUP($A40,'UT-I '!$1:$1048576,7,0) -> #REF! | P40: =IFERROR(ROUND(VLOOKUP($A40,'HALF YEARLY'!$1:$1048576,7,0)*0.8,0),VLOOKUP($A40,'HALF YEARLY'!$1:$1048576,7,0)) -> #REF! | Q40: =SUM(O40:P40) -> #REF! | R40: =VLOOKUP($A40,'UT-I '!$1:$1048576,8,0) -> #REF! | S40: =IFERROR(ROUND(VLOOKUP($A40,'HALF YEARLY'!$1:$1048576,8,0)*0.8,0),VLOOKUP($A40,'HALF YEARLY'!$1:$1048576,8,0)) -> #REF! | T40: =SUM(R40:S40) -> #REF! | U40: =VLOOKUP($A40,'HALF YEARLY'!$1:$1048576,9,0) -> #REF! | V40: =VLOOKUP($A40,'HALF YEARLY'!$1:$1048576,10,0) -> #REF! | W40: =VLOOKUP($A40,'HALF YEARLY'!$1:$1048576,11,0) -> #REF! | X40: =VLOOKUP($A40,'HALF YEARLY'!$1:$1048576,12,0) -> #REF! | Y40: =VLOOKUP($A40,'HALF YEARLY'!$1:$1048576,13,0) -> #REF! | Z40: =VLOOKUP($A40,'HALF YEARLY'!$1:$1048576,14,0) -> #REF! | AA40: =VLOOKUP($A40,'HALF YEARLY'!$1:$1048576,15,0) -> #REF!
A41: =DETAILS!#REF! -> #REF! | B41: =DETAILS!#REF! -> #REF! | C41: =VLOOKUP($A41,'UT-I '!$1:$1048576,3,0) -> #REF! | D41: =IFERROR(ROUND(VLOOKUP($A41,'HALF YEARLY'!$1:$1048576,3,0)*0.8,0),VLOOKUP($A41,'HALF YEARLY'!$1:$1048576,3,0)) -> #REF! | E41: =SUM(C41:D41) -> #REF! | F41: =VLOOKUP($A41,'UT-I '!$1:$1048576,4,0) -> #REF! | G41: =IFERROR(ROUND(VLOOKUP($A41,'HALF YEARLY'!$1:$1048576,4,0)*0.8,0),VLOOKUP($A41,'HALF YEARLY'!$1:$1048576,4,0)) -> #REF! | H41: =SUM(F41:G41) -> #REF! | I41: =VLOOKUP($A41,'UT-I '!$1:$1048576,5,0) -> #REF! | J41: =IFERROR(ROUND(VLOOKUP($A41,'HALF YEARLY'!$1:$1048576,5,0)*0.8,0),VLOOKUP($A41,'HALF YEARLY'!$1:$1048576,5,0)) -> #REF! | K41: =SUM(I41:J41) -> #REF! | L41: =VLOOKUP($A41,'UT-I '!$1:$1048576,6,0) -> #REF! | M41: =IFERROR(ROUND(VLOOKUP($A41,'HALF YEARLY'!$1:$1048576,6,0)*0.8,0),VLOOKUP($A41,'HALF YEARLY'!$1:$1048576,6,0)) -> #REF! | N41: =SUM(L41:M41) -> #REF! | O41: =VLOOKUP($A41,'UT-I '!$1:$1048576,7,0) -> #REF! | P41: =IFERROR(ROUND(VLOOKUP($A41,'HALF YEARLY'!$1:$1048576,7,0)*0.8,0),VLOOKUP($A41,'HALF YEARLY'!$1:$1048576,7,0)) -> #REF! | Q41: =SUM(O41:P41) -> #REF! | R41: =VLOOKUP($A41,'UT-I '!$1:$1048576,8,0) -> #REF! | S41: =IFERROR(ROUND(VLOOKUP($A41,'HALF YEARLY'!$1:$1048576,8,0)*0.8,0),VLOOKUP($A41,'HALF YEARLY'!$1:$1048576,8,0)) -> #REF! | T41: =SUM(R41:S41) -> #REF! | U41: =VLOOKUP($A41,'HALF YEARLY'!$1:$1048576,9,0) -> #REF! | V41: =VLOOKUP($A41,'HALF YEARLY'!$1:$1048576,10,0) -> #REF! | W41: =VLOOKUP($A41,'HALF YEARLY'!$1:$1048576,11,0) -> #REF! | X41: =VLOOKUP($A41,'HALF YEARLY'!$1:$1048576,12,0) -> #REF! | Y41: =VLOOKUP($A41,'HALF YEARLY'!$1:$1048576,13,0) -> #REF! | Z41: =VLOOKUP($A41,'HALF YEARLY'!$1:$1048576,14,0) -> #REF! | AA41: =VLOOKUP($A41,'HALF YEARLY'!$1:$1048576,15,0) -> #REF!

Sheet HY Report
B2: SAINIK PUBLIC SCHOOL
B3: (Affiliated to C.B.S.E. New Delhi- Reg. No. : 2131299)
B4: Building No. VB1893, Vikas Bhawan Ward,
B5: Nagar Palika Parishad, Nawabganj, Barabanki
B6: HALF YEARLY REPORT CARD
B7: SESSION 2025-26
B8: STUDENT PROFILE
B9: Student's Name | C9: =": "&VLOOKUP($K$9,DETAILS!$1:$1048576,2,0) -> #N/A | I9: Admission No. : | K9: 1
B10: Mother's Name | C10: =": "&VLOOKUP($K$9,DETAILS!$1:$1048576,3,0) -> #N/A | I10: Class & Sec. : | K10: =VLOOKUP($K$9,DETAILS!$1:$1048576,6,0) -> #N/A
B11: Father's Name | C11: =": "&VLOOKUP($K$9,DETAILS!$1:$1048576,4,0) -> #N/A | I11: Date of Birth : | K11: =VLOOKUP($K$9,DETAILS!$1:$1048576,5,0) -> #N/A
B13: PART-1 : ACADEMIC PERFORMANCE-SCHOLASTIC AREAS
B14: SUBJECT | D14: UNIT TEST - I (20) | G14: HALF YEARLY (80) | K14: TOTAL (100)
B15: ENGLISH | D15: =VLOOKUP($K$9,'HY Compile'!$1:$1048576,3,0) -> #N/A | G15: =VLOOKUP($K$9,'HY Compile'!$1:$1048576,4,0) -> #N/A | K15: =SUM(D15:J15) -> #N/A
B16: HINDI | D16: =VLOOKUP($K$9,'HY Compile'!$1:$1048576,6,0) -> #N/A | G16: =VLOOKUP($K$9,'HY Compile'!$1:$1048576,7,0) -> #N/A | K16: =SUM(D16:J16) -> #N/A
B17: MATHEMATICS | D17: =VLOOKUP($K$9,'HY Compile'!$1:$1048576,9,0) -> #N/A | G17: =VLOOKUP($K$9,'HY Compile'!$1:$1048576,10,0) -> #N/A | K17: =SUM(D17:J17) -> #N/A
B18: SCIENCE | D18: =VLOOKUP($K$9,'HY Compile'!$1:$1048576,12,0) -> #N/A | G18: =VLOOKUP($K$9,'HY Compile'!$1:$1048576,13,0) -> #N/A | K18: =SUM(D18:J18) -> #N/A
B19: SOCIAL STUDIES | D19: =VLOOKUP($K$9,'HY Compile'!$1:$1048576,15,0) -> #N/A | G19: =VLOOKUP($K$9,'HY Compile'!$1:$1048576,16,0) -> #N/A | K19: =SUM(D19:J19) -> #N/A
B20: ARTIFICIAL INTELLIGENCE | D20: =VLOOKUP($K$9,'HY Compile'!$1:$1048576,18,0) -> #N/A | G20: =VLOOKUP($K$9,'HY Compile'!$1:$1048576,19,0) -> #N/A | K20: =SUM(D20:J20) -> #N/A
B22: Attendance | C22: =VLOOKUP($K$9,'HY Compile'!$1:$1048576,25,0) -> #N/A | D22: =VLOOKUP($K$9,'HY Compile'!$1:$1048576,26,0) -> #N/A | J22: Percentage : | L22: =ROUND(SUM(K15:M20)/6,2)&" %" -> #N/A
C23: =VLOOKUP($K$9,'HY Compile'!$1:$1048576,38,0) -> #N/A | D23: =VLOOKUP($K$9,'HY Compile'!$1:$1048576,38,0) -> #N/A | J23: Grand Total : | L23: =SUM(K15:M20)& "/600" -> #N/A
B26: PART-2:CO-SCHOLASTIC AREAS | K26: GRADE
B27: Work Education | K27: =VLOOKUP($K$9,'HY Compile'!$1:$1048576,21,0) -> #N/A
B28: Art Education | K28: =VLOOKUP($K$9,'HY Compile'!$1:$1048576,22,0) -> #N/A
B29: Health & Physical Education | K29: =VLOOKUP($K$9,'HY Compile'!$1:$1048576,23,0) -> #N/A
B30: Discipline | K30: =VLOOKUP($K$9,'HY Compile'!$1:$1048576,24,0) -> #N/A
B32: Mark Range | D32: 100-81 | F32: 80-61 | H32: 60-41 | J32: 40-33 | L32: 32-0
B33: Grade | D33: A | F33: B | H33: C | J33: D | L33: E
B36: ="Class Teacher's Remark: "&VLOOKUP($K$9,'HY Compile'!$1:$1048576,27,0) -> #N/A
B38: Issue Date: 10.10.2025
B41: Class Teacher's Signature | J41: Principal's Signature

Sheet UT-2(Entry)
A1: UNIT TEST-II (2025-26) CLASS - IX-A
A2: SR. NO. | B2: NAME | C2: ENGLISH | D2: HINDI | E2: MATHS | F2: SCIENCE | G2: SOCIAL SCIENCE | H2: ARTIFICIAL INTELLIGENCE | I2: Attendance
I3: Present | J3: Working Day
A4: =DETAILS!A3 -> 1887 | B4: =DETAILS!B3 -> ABHINAV YADAV
A5: =DETAILS!A4 -> 1926 | B5: =DETAILS!B4 -> ADITYA KUMAR
A6: =DETAILS!A5 -> 1841 | B6: =DETAILS!B5 -> ANSHIKA THAKUR
A7: =DETAILS!A6 -> 1724 | B7: =DETAILS!B6 -> ANSHIKA YADAV
A8: =DETAILS!A7 -> 1112 | B8: =DETAILS!B7 -> AQSA BANO
A9: =DETAILS!A8 -> 1830 | B9: =DETAILS!B8 -> ATHARVA SHARMA
A10: =DETAILS!A9 -> 1516 | B10: =DETAILS!B9 -> AYUB KHAN
A11: =DETAILS!A10 -> 1109 | B11: =DETAILS!B10 -> AYUSH MISHRA
A12: =DETAILS!A11 -> 1951 | B12: =DETAILS!B11 -> AYUSHI YADAV
A13: =DETAILS!A12 -> 1863 | B13: =DETAILS!B12 -> BARIRA KHAN
A14: =DETAILS!A13 -> 899 | B14: =DETAILS!B13 -> DEEPANSHU MEENA
A15: =DETAILS!A14 -> 1924 | B15: =DETAILS!B14 -> DEVANSH SINGH
... A32: =DETAILS!A31 -> 1778 | B32: =DETAILS!B31 -> YUSRA SHARIQ
A33: =DETAILS!#REF! -> #REF! | B33: =DETAILS!#REF! -> #REF!
A34: =DETAILS!#REF! -> #REF! | B34: =DETAILS!#REF! -> #REF!
A35: =DETAILS!#REF! -> #REF! | B35: =DETAILS!#REF! -> #REF!
A36: =DETAILS!#REF! -> #REF! | B36: =DETAILS!#REF! -> #REF!
A37: =DETAILS!#REF! -> #REF! | B37: =DETAILS!#REF! -> #REF!
A38: =DETAILS!#REF! -> #REF! | B38: =DETAILS!#REF! -> #REF!
A39: =DETAILS!#REF! -> #REF! | B39: =DETAILS!#REF! -> #REF!
A40: =DETAILS!#REF! -> #REF! | B40: =DETAILS!#REF! -> #REF!
A41: =DETAILS!#REF! -> #REF! | B41: =DETAILS!#REF! -> #REF!
A42: =DETAILS!#REF! -> #REF! | B42: =DETAILS!#REF! -> #REF!

Sheet UT-2
A1: UNIT TEST-II (2025-26) CLASS - IX-A
A2: SR. NO. | B2: NAME | C2: ENGLISH | D2: HINDI | E2: MATHS | F2: SCIENCE | G2: SOCIAL SCIENCE | H2: ARTIFICIAL INTELLIGENCE | I2: TOTAL | J2: PERCENTAGE | K2: Attendance
K3: Present | L3: Working Day
A4: =DETAILS!A3 -> 1887 | B4: =DETAILS!B3 -> ABHINAV YADAV | C4: =IFERROR(ROUND((VLOOKUP(A4,'UT-2(Entry)'!$1:$1048576,3,0))/2,0),VLOOKUP(A4,'UT-2(Entry)'!$1:$1048576,3,0)) -> 0 | D4: =IFERROR(ROUND((VLOOKUP(A4,'UT-2(Entry)'!$1:$1048576,4,0))/2,0),VLOOKUP(A4,'UT-2(Entry)'!$1:$1048576,4,0)) -> 0 | E4: =IFERROR(ROUND((VLOOKUP(A4,'UT-2(Entry)'!$1:$1048576,5,0))/2,0),VLOOKUP(A4,'UT-2(Entry)'!$1:$1048576,5,0)) -> 0 | F4: =IFERROR(ROUND((VLOOKUP(A4,'UT-2(Entry)'!$1:$1048576,6,0))/2,0),VLOOKUP(A4,'UT-2(Entry)'!$1:$1048576,6,0)) -> 0 | G4: =IFERROR(ROUND((VLOOKUP($A4,'UT-2(Entry)'!$1:$1048576,7,0))/2,0),VLOOKUP($A4,'UT-2(Entry)'!$1:$1048576,7,0)) -> 0 | H4: =IFERROR(ROUND((VLOOKUP($A4,'UT-2(Entry)'!$1:$1048576,8,0))/2,0),VLOOKUP($A4,'UT-2(Entry)'!$1:$1048576,8,0)) -> 0 | I4: =SUM(C4:H4) -> 0 | J4: =ROUND(I4/1.2,2)&" %" -> 0 % | K4: =VLOOKUP(A4,'UT-2(Entry)'!$1:$1048576,9,0) -> 0 | L4: =VLOOKUP(A4,'UT-2(Entry)'!$1:$1048576,10,0) -> 0
A5: =DETAILS!A4 -> 1926 | B5: =DETAILS!B4 -> ADITYA KUMAR | C5: =IFERROR(ROUND((VLOOKUP(A5,'UT-2(Entry)'!$1:$1048576,3,0))/2,0),VLOOKUP(A5,'UT-2(Entry)'!$1:$1048576,3,0)) -> 0 | D5: =IFERROR(ROUND((VLOOKUP(A5,'UT-2(Entry)'!$1:$1048576,4,0))/2,0),VLOOKUP(A5,'UT-2(Entry)'!$1:$1048576,4,0)) -> 0 | E5: =IFERROR(ROUND((VLOOKUP(A5,'UT-2(Entry)'!$1:$1048576,5,0))/2,0),VLOOKUP(A5,'UT-2(Entry)'!$1:$1048576,5,0)) -> 0 | F5: =IFERROR(ROUND((VLOOKUP(A5,'UT-2(Entry)'!$1:$1048576,6,0))/2,0),VLOOKUP(A5,'UT-2(Entry)'!$1:$1048576,6,0)) -> 0 | G5: =IFERROR(ROUND((VLOOKUP(A5,'UT-2(Entry)'!$1:$1048576,7,0))/2,0),VLOOKUP(A5,'UT-2(Entry)'!$1:$1048576,7,0)) -> 0 | H5: =IFERROR(ROUND((VLOOKUP($A5,'UT-2(Entry)'!$1:$1048576,8,0))/2,0),VLOOKUP($A5,'UT-2(Entry)'!$1:$1048576,8,0)) -> 0 | I5: =SUM(C5:H5) -> 0 | J5: =ROUND(I5/1.2,2)&" %" -> 0 % | K5: =VLOOKUP(A5,'UT-2(Entry)'!$1:$1048576,9,0) -> 0 | L5: =VLOOKUP(A5,'UT-2(Entry)'!$1:$1048576,10,0) -> 0
A6: =DETAILS!A5 -> 1841 | B6: =DETAILS!B5 -> ANSHIKA THAKUR | C6: =IFERROR(ROUND((VLOOKUP(A6,'UT-2(Entry)'!$1:$1048576,3,0))/2,0),VLOOKUP(A6,'UT-2(Entry)'!$1:$1048576,3,0)) -> 0 | D6: =IFERROR(ROUND((VLOOKUP(A6,'UT-2(Entry)'!$1:$1048576,4,0))/2,0),VLOOKUP(A6,'UT-2(Entry)'!$1:$1048576,4,0)) -> 0 | E6: =IFERROR(ROUND((VLOOKUP(A6,'UT-2(Entry)'!$1:$1048576,5,0))/2,0),VLOOKUP(A6,'UT-2(Entry)'!$1:$1048576,5,0)) -> 0 | F6: =IFERROR(ROUND((VLOOKUP(A6,'UT-2(Entry)'!$1:$1048576,6,0))/2,0),VLOOKUP(A6,'UT-2(Entry)'!$1:$1048576,6,0)) -> 0 | G6: =IFERROR(ROUND((VLOOKUP(A6,'UT-2(Entry)'!$1:$1048576,7,0))/2,0),VLOOKUP(A6,'UT-2(Entry)'!$1:$1048576,7,0)) -> 0 | H6: =IFERROR(ROUND((VLOOKUP($A6,'UT-2(Entry)'!$1:$1048576,8,0))/2,0),VLOOKUP($A6,'UT-2(Entry)'!$1:$1048576,8,0)) -> 0 | I6: =SUM(C6:H6) -> 0 | J6: =ROUND(I6/1.2,2)&" %" -> 0 % | K6: =VLOOKUP(A6,'UT-2(Entry)'!$1:$1048576,9,0) -> 0 | L6: =VLOOKUP(A6,'UT-2(Entry)'!$1:$1048576,10,0) -> 0
A7: =DETAILS!A6 -> 1724 | B7: =DETAILS!B6 -> ANSHIKA YADAV | C7: =IFERROR(ROUND((VLOOKUP(A7,'UT-2(Entry)'!$1:$1048576,3,0))/2,0),VLOOKUP(A7,'UT-2(Entry)'!$1:$1048576,3,0)) -> 0 | D7: =IFERROR(ROUND((VLOOKUP(A7,'UT-2(Entry)'!$1:$1048576,4,0))/2,0),VLOOKUP(A7,'UT-2(Entry)'!$1:$1048576,4,0)) -> 0 | E7: =IFERROR(ROUND((VLOOKUP(A7,'UT-2(Entry)'!$1:$1048576,5,0))/2,0),VLOOKUP(A7,'UT-2(Entry)'!$1:$1048576,5,0)) -> 0 | F7: =IFERROR(ROUND((VLOOKUP(A7,'UT-2(Entry)'!$1:$1048576,6,0))/2,0),VLOOKUP(A7,'UT-2(Entry)'!$1:$1048576,6,0)) -> 0 | G7: =IFERROR(ROUND((VLOOKUP(A7,'UT-2(Entry)'!$1:$1048576,7,0))/2,0),VLOOKUP(A7,'UT-2(Entry)'!$1:$1048576,7,0)) -> 0 | H7: =IFERROR(ROUND((VLOOKUP($A7,'UT-2(Entry)'!$1:$1048576,8,0))/2,0),VLOOKUP($A7,'UT-2(Entry)'!$1:$1048576,8,0)) -> 0 | I7: =SUM(C7:H7) -> 0 | J7: =ROUND(I7/1.2,2)&" %" -> 0 % | K7: =VLOOKUP(A7,'UT-2(Entry)'!$1:$1048576,9,0) -> 0 | L7: =VLOOKUP(A7,'UT-2(Entry)'!$1:$1048576,10,0) -> 0
A8: =DETAILS!A7 -> 1112 | B8: =DETAILS!B7 -> AQSA BANO | C8: =IFERROR(ROUND((VLOOKUP(A8,'UT-2(Entry)'!$1:$1048576,3,0))/2,0),VLOOKUP(A8,'UT-2(Entry)'!$1:$1048576,3,0)) -> 0 | D8: =IFERROR(ROUND((VLOOKUP(A8,'UT-2(Entry)'!$1:$1048576,4,0))/2,0),VLOOKUP(A8,'UT-2(Entry)'!$1:$1048576,4,0)) -> 0 | E8: =IFERROR(ROUND((VLOOKUP(A8,'UT-2(Entry)'!$1:$1048576,5,0))/2,0),VLOOKUP(A8,'UT-2(Entry)'!$1:$1048576,5,0)) -> 0 | F8: =IFERROR(ROUND((VLOOKUP(A8,'UT-2(Entry)'!$1:$1048576,6,0))/2,0),VLOOKUP(A8,'UT-2(Entry)'!$1:$1048576,6,0)) -> 0 | G8: =IFERROR(ROUND((VLOOKUP(A8,'UT-2(Entry)'!$1:$1048576,7,0))/2,0),VLOOKUP(A8,'UT-2(Entry)'!$1:$1048576,7,0)) -> 0 | H8: =IFERROR(ROUND((VLOOKUP($A8,'UT-2(Entry)'!$1:$1048576,8,0))/2,0),VLOOKUP($A8,'UT-2(Entry)'!$1:$1048576,8,0)) -> 0 | I8: =SUM(C8:H8) -> 0 | J8: =ROUND(I8/1.2,2)&" %" -> 0 % | K8: =VLOOKUP(A8,'UT-2(Entry)'!$1:$1048576,9,0) -> 0 | L8: =VLOOKUP(A8,'UT-2(Entry)'!$1:$1048576,10,0) -> 0
A9: =DETAILS!A8 -> 1830 | B9: =DETAILS!B8 -> ATHARVA SHARMA | C9: =IFERROR(ROUND((VLOOKUP(A9,'UT-2(Entry)'!$1:$1048576,3,0))/2,0),VLOOKUP(A9,'UT-2(Entry)'!$1:$1048576,3,0)) -> 0 | D9: =IFERROR(ROUND((VLOOKUP(A9,'UT-2(Entry)'!$1:$1048576,4,0))/2,0),VLOOKUP(A9,'UT-2(Entry)'!$1:$1048576,4,0)) -> 0 | E9: =IFERROR(ROUND((VLOOKUP(A9,'UT-2(Entry)'!$1:$1048576,5,0))/2,0),VLOOKUP(A9,'UT-2(Entry)'!$1:$1048576,5,0)) -> 0 | F9: =IFERROR(ROUND((VLOOKUP(A9,'UT-2(Entry)'!$1:$1048576,6,0))/2,0),VLOOKUP(A9,'UT-2(Entry)'!$1:$1048576,6,0)) -> 0 | G9: =IFERROR(ROUND((VLOOKUP(A9,'UT-2(Entry)'!$1:$1048576,7,0))/2,0),VLOOKUP(A9,'UT-2(Entry)'!$1:$1048576,7,0)) -> 0 | H9: =IFERROR(ROUND((VLOOKUP($A9,'UT-2(Entry)'!$1:$1048576,8,0))/2,0),VLOOKUP($A9,'UT-2(Entry)'!$1:$1048576,8,0)) -> 0 | I9: =SUM(C9:H9) -> 0 | J9: =ROUND(I9/1.2,2)&" %" -> 0 % | K9: =VLOOKUP(A9,'UT-2(Entry)'!$1:$1048576,9,0) -> 0 | L9: =VLOOKUP(A9,'UT-2(Entry)'!$1:$1048576,10,0) -> 0
A10: =DETAILS!A9 -> 1516 | B10: =DETAILS!B9 -> AYUB KHAN | C10: =IFERROR(ROUND((VLOOKUP(A10,'UT-2(Entry)'!$1:$1048576,3,0))/2,0),VLOOKUP(A10,'UT-2(Entry)'!$1:$1048576,3,0)) -> 0 | D10: =IFERROR(ROUND((VLOOKUP(A10,'UT-2(Entry)'!$1:$1048576,4,0))/2,0),VLOOKUP(A10,'UT-2(Entry)'!$1:$1048576,4,0)) -> 0 | E10: =IFERROR(ROUND((VLOOKUP(A10,'UT-2(Entry)'!$1:$1048576,5,0))/2,0),VLOOKUP(A10,'UT-2(Entry)'!$1:$1048576,5,0)) -> 0 | F10: =IFERROR(ROUND((VLOOKUP(A10,'UT-2(Entry)'!$1:$1048576,6,0))/2,0),VLOOKUP(A10,'UT-2(Entry)'!$1:$1048576,6,0)) -> 0 | G10: =IFERROR(ROUND((VLOOKUP(A10,'UT-2(Entry)'!$1:$1048576,7,0))/2,0),VLOOKUP(A10,'UT-2(Entry)'!$1:$1048576,7,0)) -> 0 | H10: =IFERROR(ROUND((VLOOKUP($A10,'UT-2(Entry)'!$1:$1048576,8,0))/2,0),VLOOKUP($A10,'UT-2(Entry)'!$1:$1048576,8,0)) -> 0 | I10: =SUM(C10:H10) -> 0 | J10: =ROUND(I10/1.2,2)&" %" -> 0 % | K10: =VLOOKUP(A10,'UT-2(Entry)'!$1:$1048576,9,0) -> 0 | L10: =VLOOKUP(A10,'UT-2(Entry)'!$1:$1048576,10,0) -> 0
A11: =DETAILS!A10 -> 1109 | B11: =DETAILS!B10 -> AYUSH MISHRA | C11: =IFERROR(ROUND((VLOOKUP(A11,'UT-2(Entry)'!$1:$1048576,3,0))/2,0),VLOOKUP(A11,'UT-2(Entry)'!$1:$1048576,3,0)) -> 0 | D11: =IFERROR(ROUND((VLOOKUP(A11,'UT-2(Entry)'!$1:$1048576,4,0))/2,0),VLOOKUP(A11,'UT-2(Entry)'!$1:$1048576,4,0)) -> 0 | E11: =IFERROR(ROUND((VLOOKUP(A11,'UT-2(Entry)'!$1:$1048576,5,0))/2,0),VLOOKUP(A11,'UT-2(Entry)'!$1:$1048576,5,0)) -> 0 | F11: =IFERROR(ROUND((VLOOKUP(A11,'UT-2(Entry)'!$1:$1048576,6,0))/2,0),VLOOKUP(A11,'UT-2(Entry)'!$1:$1048576,6,0)) -> 0 | G11: =IFERROR(ROUND((VLOOKUP(A11,'UT-2(Entry)'!$1:$1048576,7,0))/2,0),VLOOKUP(A11,'UT-2(Entry)'!$1:$1048576,7,0)) -> 0 | H11: =IFERROR(ROUND((VLOOKUP($A11,'UT-2(Entry)'!$1:$1048576,8,0))/2,0),VLOOKUP($A11,'UT-2(Entry)'!$1:$1048576,8,0)) -> 0 | I11: =SUM(C11:H11) -> 0 | J11: =ROUND(I11/1.2,2)&" %" -> 0 % | K11: =VLOOKUP(A11,'UT-2(Entry)'!$1:$1048576,9,0) -> 0 | L11: =VLOOKUP(A11,'UT-2(Entry)'!$1:$1048576,10,0) -> 0
A12: =DETAILS!A11 -> 1951 | B12: =DETAILS!B11 -> AYUSHI YADAV | C12: =IFERROR(ROUND((VLOOKUP(A12,'UT-2(Entry)'!$1:$1048576,3,0))/2,0),VLOOKUP(A12,'UT-2(Entry)'!$1:$1048576,3,0)) -> 0 | D12: =IFERROR(ROUND((VLOOKUP(A12,'UT-2(Entry)'!$1:$1048576,4,0))/2,0),VLOOKUP(A12,'UT-2(Entry)'!$1:$1048576,4,0)) -> 0 | E12: =IFERROR(ROUND((VLOOKUP(A12,'UT-2(Entry)'!$1:$1048576,5,0))/2,0),VLOOKUP(A12,'UT-2(Entry)'!$1:$1048576,5,0)) -> 0 | F12: =IFERROR(ROUND((VLOOKUP(A12,'UT-2(Entry)'!$1:$1048576,6,0))/2,0),VLOOKUP(A12,'UT-2(Entry)'!$1:$1048576,6,0)) -> 0 | G12: =IFERROR(ROUND((VLOOKUP(A12,'UT-2(Entry)'!$1:$1048576,7,0))/2,0),VLOOKUP(A12,'UT-2(Entry)'!$1:$1048576,7,0)) -> 0 | H12: =IFERROR(ROUND((VLOOKUP($A12,'UT-2(Entry)'!$1:$1048576,8,0))/2,0),VLOOKUP($A12,'UT-2(Entry)'!$1:$1048576,8,0)) -> 0 | I12: =SUM(C12:H12) -> 0 | J12: =ROUND(I12/1.2,2)&" %" -> 0 % | K12: =VLOOKUP(A12,'UT-2(Entry)'!$1:$1048576,9,0) -> 0 | L12: =VLOOKUP(A12,'UT-2(Entry)'!$1:$1048576,10,0) -> 0
A13: =DETAILS!A12 -> 1863 | B13: =DETAILS!B12 -> BARIRA KHAN | C13: =IFERROR(ROUND((VLOOKUP(A13,'UT-2(Entry)'!$1:$1048576,3,0))/2,0),VLOOKUP(A13,'UT-2(Entry)'!$1:$1048576,3,0)) -> 0 | D13: =IFERROR(ROUND((VLOOKUP(A13,'UT-2(Entry)'!$1:$1048576,4,0))/2,0),VLOOKUP(A13,'UT-2(Entry)'!$1:$1048576,4,0)) -> 0 | E13: =IFERROR(ROUND((VLOOKUP(A13,'UT-2(Entry)'!$1:$1048576,5,0))/2,0),VLOOKUP(A13,'UT-2(Entry)'!$1:$1048576,5,0)) -> 0 | F13: =IFERROR(ROUND((VLOOKUP(A13,'UT-2(Entry)'!$1:$1048576,6,0))/2,0),VLOOKUP(A13,'UT-2(Entry)'!$1:$1048576,6,0)) -> 0 | G13: =IFERROR(ROUND((VLOOKUP(A13,'UT-2(Entry)'!$1:$1048576,7,0))/2,0),VLOOKUP(A13,'UT-2(Entry)'!$1:$1048576,7,0)) -> 0 | H13: =IFERROR(ROUND((VLOOKUP($A13,'UT-2(Entry)'!$1:$1048576,8,0))/2,0),VLOOKUP($A13,'UT-2(Entry)'!$1:$1048576,8,0)) -> 0 | I13: =SUM(C13:H13) -> 0 | J13: =ROUND(I13/1.2,2)&" %" -> 0 % | K13: =VLOOKUP(A13,'UT-2(Entry)'!$1:$1048576,9,0) -> 0 | L13: =VLOOKUP(A13,'UT-2(Entry)'!$1:$1048576,10,0) -> 0
A14: =DETAILS!A13 -> 899 | B14: =DETAILS!B13 -> DEEPANSHU MEENA | C14: =IFERROR(ROUND((VLOOKUP(A14,'UT-2(Entry)'!$1:$1048576,3,0))/2,0),VLOOKUP(A14,'UT-2(Entry)'!$1:$1048576,3,0)) -> 0 | D14: =IFERROR(ROUND((VLOOKUP(A14,'UT-2(Entry)'!$1:$1048576,4,0))/2,0),VLOOKUP(A14,'UT-2(Entry)'!$1:$1048576,4,0)) -> 0 | E14: =IFERROR(ROUND((VLOOKUP(A14,'UT-2(Entry)'!$1:$1048576,5,0))/2,0),VLOOKUP(A14,'UT-2(Entry)'!$1:$1048576,5,0)) -> 0 | F14: =IFERROR(ROUND((VLOOKUP(A14,'UT-2(Entry)'!$1:$1048576,6,0))/2,0),VLOOKUP(A14,'UT-2(Entry)'!$1:$1048576,6,0)) -> 0 | G14: =IFERROR(ROUND((VLOOKUP(A14,'UT-2(Entry)'!$1:$1048576,7,0))/2,0),VLOOKUP(A14,'UT-2(Entry)'!$1:$1048576,7,0)) -> 0 | H14: =IFERROR(ROUND((VLOOKUP($A14,'UT-2(Entry)'!$1:$1048576,8,0))/2,0),VLOOKUP($A14,'UT-2(Entry)'!$1:$1048576,8,0)) -> 0 | I14: =SUM(C14:H14) -> 0 | J14: =ROUND(I14/1.2,2)&" %" -> 0 % | K14: =VLOOKUP(A14,'UT-2(Entry)'!$1:$1048576,9,0) -> 0 | L14: =VLOOKUP(A14,'UT-2(Entry)'!$1:$1048576,10,0) -> 0
A15: =DETAILS!A14 -> 1924 | B15: =DETAILS!B14 -> DEVANSH SINGH | C15: =IFERROR(ROUND((VLOOKUP(A15,'UT-2(Entry)'!$1:$1048576,3,0))/2,0),VLOOKUP(A15,'UT-2(Entry)'!$1:$1048576,3,0)) -> 0 | D15: =IFERROR(ROUND((VLOOKUP(A15,'UT-2(Entry)'!$1:$1048576,4,0))/2,0),VLOOKUP(A15,'UT-2(Entry)'!$1:$1048576,4,0)) -> 0 | E15: =IFERROR(ROUND((VLOOKUP(A15,'UT-2(Entry)'!$1:$1048576,5,0))/2,0),VLOOKUP(A15,'UT-2(Entry)'!$1:$1048576,5,0)) -> 0 | F15: =IFERROR(ROUND((VLOOKUP(A15,'UT-2(Entry)'!$1:$1048576,6,0))/2,0),VLOOKUP(A15,'UT-2(Entry)'!$1:$1048576,6,0)) -> 0 | G15: =IFERROR(ROUND((VLOOKUP(A15,'UT-2(Entry)'!$1:$1048576,7,0))/2,0),VLOOKUP(A15,'UT-2(Entry)'!$1:$1048576,7,0)) -> 0 | H15: =IFERROR(ROUND((VLOOKUP($A15,'UT-2(Entry)'!$1:$1048576,8,0))/2,0),VLOOKUP($A15,'UT-2(Entry)'!$1:$1048576,8,0)) -> 0 | I15: =SUM(C15:H15) -> 0 | J15: =ROUND(I15/1.2,2)&" %" -> 0 % | K15: =VLOOKUP(A15,'UT-2(Entry)'!$1:$1048576,9,0) -> 0 | L15: =VLOOKUP(A15,'UT-2(Entry)'!$1:$1048576,10,0) -> 0
A16: =DETAILS!A15 -> 900 | B16: =DETAILS!B15 -> DIVYANSH MISHRA | C16: =IFERROR(ROUND((VLOOKUP(A16,'UT-2(Entry)'!$1:$1048576,3,0))/2,0),VLOOKUP(A16,'UT-2(Entry)'!$1:$1048576,3,0)) -> 0 | D16: =IFERROR(ROUND((VLOOKUP(A16,'UT-2(Entry)'!$1:$1048576,4,0))/2,0),VLOOKUP(A16,'UT-2(Entry)'!$1:$1048576,4,0)) -> 0 | E16: =IFERROR(ROUND((VLOOKUP(A16,'UT-2(Entry)'!$1:$1048576,5,0))/2,0),VLOOKUP(A16,'UT-2(Entry)'!$1:$1048576,5,0)) -> 0 | F16: =IFERROR(ROUND((VLOOKUP(A16,'UT-2(Entry)'!$1:$1048576,6,0))/2,0),VLOOKUP(A16,'UT-2(Entry)'!$1:$1048576,6,0)) -> 0 | G16: =IFERROR(ROUND((VLOOKUP(A16,'UT-2(Entry)'!$1:$1048576,7,0))/2,0),VLOOKUP(A16,'UT-2(Entry)'!$1:$1048576,7,0)) -> 0 | H16: =IFERROR(ROUND((VLOOKUP($A16,'UT-2(Entry)'!$1:$1048576,8,0))/2,0),VLOOKUP($A16,'UT-2(Entry)'!$1:$1048576,8,0)) -> 0 | I16: =SUM(C16:H16) -> 0 | J16: =ROUND(I16/1.2,2)&" %" -> 0 % | K16: =VLOOKUP(A16,'UT-2(Entry)'!$1:$1048576,9,0) -> 0 | L16: =VLOOKUP(A16,'UT-2(Entry)'!$1:$1048576,10,0) -> 0
... A32: =DETAILS!A31 -> 1778 | B32: =DETAILS!B31 -> YUSRA SHARIQ | C32: =IFERROR(ROUND((VLOOKUP(A32,'UT-2(Entry)'!$1:$1048576,3,0))/2,0),VLOOKUP(A32,'UT-2(Entry)'!$1:$1048576,3,0)) -> 0 | D32: =IFERROR(ROUND((VLOOKUP(A32,'UT-2(Entry)'!$1:$1048576,4,0))/2,0),VLOOKUP(A32,'UT-2(Entry)'!$1:$1048576,4,0)) -> 0 | E32: =IFERROR(ROUND((VLOOKUP(A32,'UT-2(Entry)'!$1:$1048576,5,0))/2,0),VLOOKUP(A32,'UT-2(Entry)'!$1:$1048576,5,0)) -> 0 | F32: =IFERROR(ROUND((VLOOKUP(A32,'UT-2(Entry)'!$1:$1048576,6,0))/2,0),VLOOKUP(A32,'UT-2(Entry)'!$1:$1048576,6,0)) -> 0 | G32: =IFERROR(ROUND((VLOOKUP(A32,'UT-2(Entry)'!$1:$1048576,7,0))/2,0),VLOOKUP(A32,'UT-2(Entry)'!$1:$1048576,7,0)) -> 0 | H32: =IFERROR(ROUND((VLOOKUP($A32,'UT-2(Entry)'!$1:$1048576,8,0))/2,0),VLOOKUP($A32,'UT-2(Entry)'!$1:$1048576,8,0)) -> 0 | I32: =SUM(C32:H32) -> 0 | J32: =ROUND(I32/1.2,2)&" %" -> 0 % | K32: =VLOOKUP(A32,'UT-2(Entry)'!$1:$1048576,9,0) -> 0 | L32: =VLOOKUP(A32,'UT-2(Entry)'!$1:$1048576,10,0) -> 0
A33: =DETAILS!#REF! -> #REF! | B33: =DETAILS!#REF! -> #REF! | C33: =IFERROR(ROUND((VLOOKUP(A33,'UT-2(Entry)'!$1:$1048576,3,0))/2,0),VLOOKUP(A33,'UT-2(Entry)'!$1:$1048576,3,0)) -> #REF! | D33: =IFERROR(ROUND((VLOOKUP(A33,'UT-2(Entry)'!$1:$1048576,4,0))/2,0),VLOOKUP(A33,'UT-2(Entry)'!$1:$1048576,4,0)) -> #REF! | E33: =IFERROR(ROUND((VLOOKUP(A33,'UT-2(Entry)'!$1:$1048576,5,0))/2,0),VLOOKUP(A33,'UT-2(Entry)'!$1:$1048576,5,0)) -> #REF! | F33: =IFERROR(ROUND((VLOOKUP(A33,'UT-2(Entry)'!$1:$1048576,6,0))/2,0),VLOOKUP(A33,'UT-2(Entry)'!$1:$1048576,6,0)) -> #REF! | G33: =IFERROR(ROUND((VLOOKUP(A33,'UT-2(Entry)'!$1:$1048576,7,0))/2,0),VLOOKUP(A33,'UT-2(Entry)'!$1:$1048576,7,0)) -> #REF! | H33: =IFERROR(ROUND((VLOOKUP($A33,'UT-2(Entry)'!$1:$1048576,8,0))/2,0),VLOOKUP($A33,'UT-2(Entry)'!$1:$1048576,8,0)) -> #REF! | I33: =SUM(C33:H33) -> #REF! | J33: =ROUND(I33/1.2,2)&" %" -> #REF! | K33: =VLOOKUP(A33,'UT-2(Entry)'!$1:$1048576,9,0) -> #REF! | L33: =VLOOKUP(A33,'UT-2(Entry)'!$1:$1048576,10,0) -> #REF!
A34: =DETAILS!#REF! -> #REF! | B34: =DETAILS!#REF! -> #REF! | C34: =IFERROR(ROUND((VLOOKUP(A34,'UT-2(Entry)'!$1:$1048576,3,0))/2,0),VLOOKUP(A34,'UT-2(Entry)'!$1:$1048576,3,0)) -> #REF! | D34: =IFERROR(ROUND((VLOOKUP(A34,'UT-2(Entry)'!$1:$1048576,4,0))/2,0),VLOOKUP(A34,'UT-2(Entry)'!$1:$1048576,4,0)) -> #REF! | E34: =IFERROR(ROUND((VLOOKUP(A34,'UT-2(Entry)'!$1:$1048576,5,0))/2,0),VLOOKUP(A34,'UT-2(Entry)'!$1:$1048576,5,0)) -> #REF! | F34: =IFERROR(ROUND((VLOOKUP(A34,'UT-2(Entry)'!$1:$1048576,6,0))/2,0),VLOOKUP(A34,'UT-2(Entry)'!$1:$1048576,6,0)) -> #REF! | G34: =IFERROR(ROUND((VLOOKUP(A34,'UT-2(Entry)'!$1:$1048576,7,0))/2,0),VLOOKUP(A34,'UT-2(Entry)'!$1:$1048576,7,0)) -> #REF! | H34: =IFERROR(ROUND((VLOOKUP($A34,'UT-2(Entry)'!$1:$1048576,8,0))/2,0),VLOOKUP($A34,'UT-2(Entry)'!$1:$1048576,8,0)) -> #REF! | I34: =SUM(C34:H34) -> #REF! | J34: =ROUND(I34/1.2,2)&" %" -> #REF! | K34: =VLOOKUP(A34,'UT-2(Entry)'!$1:$1048576,9,0) -> #REF! | L34: =VLOOKUP(A34,'UT-2(Entry)'!$1:$1048576,10,0) -> #REF!
A35: =DETAILS!#REF! -> #REF! | B35: =DETAILS!#REF! -> #REF! | C35: =IFERROR(ROUND((VLOOKUP(A35,'UT-2(Entry)'!$1:$1048576,3,0))/2,0),VLOOKUP(A35,'UT-2(Entry)'!$1:$1048576,3,0)) -> #REF! | D35: =IFERROR(ROUND((VLOOKUP(A35,'UT-2(Entry)'!$1:$1048576,4,0))/2,0),VLOOKUP(A35,'UT-2(Entry)'!$1:$1048576,4,0)) -> #REF! | E35: =IFERROR(ROUND((VLOOKUP(A35,'UT-2(Entry)'!$1:$1048576,5,0))/2,0),VLOOKUP(A35,'UT-2(Entry)'!$1:$1048576,5,0)) -> #REF! | F35: =IFERROR(ROUND((VLOOKUP(A35,'UT-2(Entry)'!$1:$1048576,6,0))/2,0),VLOOKUP(A35,'UT-2(Entry)'!$1:$1048576,6,0)) -> #REF! | G35: =IFERROR(ROUND((VLOOKUP(A35,'UT-2(Entry)'!$1:$1048576,7,0))/2,0),VLOOKUP(A35,'UT-2(Entry)'!$1:$1048576,7,0)) -> #REF! | H35: =IFERROR(ROUND((VLOOKUP($A35,'UT-2(Entry)'!$1:$1048576,8,0))/2,0),VLOOKUP($A35,'UT-2(Entry)'!$1:$1048576,8,0)) -> #REF! | I35: =SUM(C35:H35) -> #REF! | J35: =ROUND(I35/1.2,2)&" %" -> #REF! | K35: =VLOOKUP(A35,'UT-2(Entry)'!$1:$1048576,9,0) -> #REF! | L35: =VLOOKUP(A35,'UT-2(Entry)'!$1:$1048576,10,0) -> #REF!
A36: =DETAILS!#REF! -> #REF! | B36: =DETAILS!#REF! -> #REF! | C36: =IFERROR(ROUND((VLOOKUP(A36,'UT-2(Entry)'!$1:$1048576,3,0))/2,0),VLOOKUP(A36,'UT-2(Entry)'!$1:$1048576,3,0)) -> #REF! | D36: =IFERROR(ROUND((VLOOKUP(A36,'UT-2(Entry)'!$1:$1048576,4,0))/2,0),VLOOKUP(A36,'UT-2(Entry)'!$1:$1048576,4,0)) -> #REF! | E36: =IFERROR(ROUND((VLOOKUP(A36,'UT-2(Entry)'!$1:$1048576,5,0))/2,0),VLOOKUP(A36,'UT-2(Entry)'!$1:$1048576,5,0)) -> #REF! | F36: =IFERROR(ROUND((VLOOKUP(A36,'UT-2(Entry)'!$1:$1048576,6,0))/2,0),VLOOKUP(A36,'UT-2(Entry)'!$1:$1048576,6,0)) -> #REF! | G36: =IFERROR(ROUND((VLOOKUP(A36,'UT-2(Entry)'!$1:$1048576,7,0))/2,0),VLOOKUP(A36,'UT-2(Entry)'!$1:$1048576,7,0)) -> #REF! | H36: =IFERROR(ROUND((VLOOKUP($A36,'UT-2(Entry)'!$1:$1048576,8,0))/2,0),VLOOKUP($A36,'UT-2(Entry)'!$1:$1048576,8,0)) -> #REF! | I36: =SUM(C36:H36) -> #REF! | J36: =ROUND(I36/1.2,2)&" %" -> #REF! | K36: =VLOOKUP(A36,'UT-2(Entry)'!$1:$1048576,9,0) -> #REF! | L36: =VLOOKUP(A36,'UT-2(Entry)'!$1:$1048576,10,0) -> #REF!
A37: =DETAILS!#REF! -> #REF! | B37: =DETAILS!#REF! -> #REF! | C37: =IFERROR(ROUND((VLOOKUP(A37,'UT-2(Entry)'!$1:$1048576,3,0))/2,0),VLOOKUP(A37,'UT-2(Entry)'!$1:$1048576,3,0)) -> #REF! | D37: =IFERROR(ROUND((VLOOKUP(A37,'UT-2(Entry)'!$1:$1048576,4,0))/2,0),VLOOKUP(A37,'UT-2(Entry)'!$1:$1048576,4,0)) -> #REF! | E37: =IFERROR(ROUND((VLOOKUP(A37,'UT-2(Entry)'!$1:$1048576,5,0))/2,0),VLOOKUP(A37,'UT-2(Entry)'!$1:$1048576,5,0)) -> #REF! | F37: =IFERROR(ROUND((VLOOKUP(A37,'UT-2(Entry)'!$1:$1048576,6,0))/2,0),VLOOKUP(A37,'UT-2(Entry)'!$1:$1048576,6,0)) -> #REF! | G37: =IFERROR(ROUND((VLOOKUP(A37,'UT-2(Entry)'!$1:$1048576,7,0))/2,0),VLOOKUP(A37,'UT-2(Entry)'!$1:$1048576,7,0)) -> #REF! | H37: =IFERROR(ROUND((VLOOKUP($A37,'UT-2(Entry)'!$1:$1048576,8,0))/2,0),VLOOKUP($A37,'UT-2(Entry)'!$1:$1048576,8,0)) -> #REF! | I37: =SUM(C37:H37) -> #REF! | J37: =ROUND(I37/1.2,2)&" %" -> #REF! | K37: =VLOOKUP(A37,'UT-2(Entry)'!$1:$1048576,9,0) -> #REF! | L37: =VLOOKUP(A37,'UT-2(Entry)'!$1:$1048576,10,0) -> #REF!
A38: =DETAILS!#REF! -> #REF! | B38: =DETAILS!#REF! -> #REF! | C38: =IFERROR(ROUND((VLOOKUP(A38,'UT-2(Entry)'!$1:$1048576,3,0))/2,0),VLOOKUP(A38,'UT-2(Entry)'!$1:$1048576,3,0)) -> #REF! | D38: =IFERROR(ROUND((VLOOKUP(A38,'UT-2(Entry)'!$1:$1048576,4,0))/2,0),VLOOKUP(A38,'UT-2(Entry)'!$1:$1048576,4,0)) -> #REF! | E38: =IFERROR(ROUND((VLOOKUP(A38,'UT-2(Entry)'!$1:$1048576,5,0))/2,0),VLOOKUP(A38,'UT-2(Entry)'!$1:$1048576,5,0)) -> #REF! | F38: =IFERROR(ROUND((VLOOKUP(A38,'UT-2(Entry)'!$1:$1048576,6,0))/2,0),VLOOKUP(A38,'UT-2(Entry)'!$1:$1048576,6,0)) -> #REF! | G38: =IFERROR(ROUND((VLOOKUP(A38,'UT-2(Entry)'!$1:$1048576,7,0))/2,0),VLOOKUP(A38,'UT-2(Entry)'!$1:$1048576,7,0)) -> #REF! | H38: =IFERROR(ROUND((VLOOKUP($A38,'UT-2(Entry)'!$1:$1048576,8,0))/2,0),VLOOKUP($A38,'UT-2(Entry)'!$1:$1048576,8,0)) -> #REF! | I38: =SUM(C38:H38) -> #REF! | J38: =ROUND(I38/1.2,2)&" %" -> #REF! | K38: =VLOOKUP(A38,'UT-2(Entry)'!$1:$1048576,9,0) -> #REF! | L38: =VLOOKUP(A38,'UT-2(Entry)'!$1:$1048576,10,0) -> #REF!
A39: =DETAILS!#REF! -> #REF! | B39: =DETAILS!#REF! -> #REF! | C39: =IFERROR(ROUND((VLOOKUP(A39,'UT-2(Entry)'!$1:$1048576,3,0))/2,0),VLOOKUP(A39,'UT-2(Entry)'!$1:$1048576,3,0)) -> #REF! | D39: =IFERROR(ROUND((VLOOKUP(A39,'UT-2(Entry)'!$1:$1048576,4,0))/2,0),VLOOKUP(A39,'UT-2(Entry)'!$1:$1048576,4,0)) -> #REF! | E39: =IFERROR(ROUND((VLOOKUP(A39,'UT-2(Entry)'!$1:$1048576,5,0))/2,0),VLOOKUP(A39,'UT-2(Entry)'!$1:$1048576,5,0)) -> #REF! | F39: =IFERROR(ROUND((VLOOKUP(A39,'UT-2(Entry)'!$1:$1048576,6,0))/2,0),VLOOKUP(A39,'UT-2(Entry)'!$1:$1048576,6,0)) -> #REF! | G39: =IFERROR(ROUND((VLOOKUP(A39,'UT-2(Entry)'!$1:$1048576,7,0))/2,0),VLOOKUP(A39,'UT-2(Entry)'!$1:$1048576,7,0)) -> #REF! | H39: =IFERROR(ROUND((VLOOKUP($A39,'UT-2(Entry)'!$1:$1048576,8,0))/2,0),VLOOKUP($A39,'UT-2(Entry)'!$1:$1048576,8,0)) -> #REF! | I39: =SUM(C39:H39) -> #REF! | J39: =ROUND(I39/1.2,2)&" %" -> #REF! | K39: =VLOOKUP(A39,'UT-2(Entry)'!$1:$1048576,9,0) -> #REF! | L39: =VLOOKUP(A39,'UT-2(Entry)'!$1:$1048576,10,0) -> #REF!
A40: =DETAILS!#REF! -> #REF! | B40: =DETAILS!#REF! -> #REF! | C40: =IFERROR(ROUND((VLOOKUP(A40,'UT-2(Entry)'!$1:$1048576,3,0))/2,0),VLOOKUP(A40,'UT-2(Entry)'!$1:$1048576,3,0)) -> #REF! | D40: =IFERROR(ROUND((VLOOKUP(A40,'UT-2(Entry)'!$1:$1048576,4,0))/2,0),VLOOKUP(A40,'UT-2(Entry)'!$1:$1048576,4,0)) -> #REF! | E40: =IFERROR(ROUND((VLOOKUP(A40,'UT-2(Entry)'!$1:$1048576,5,0))/2,0),VLOOKUP(A40,'UT-2(Entry)'!$1:$1048576,5,0)) -> #REF! | F40: =IFERROR(ROUND((VLOOKUP(A40,'UT-2(Entry)'!$1:$1048576,6,0))/2,0),VLOOKUP(A40,'UT-2(Entry)'!$1:$1048576,6,0)) -> #REF! | G40: =IFERROR(ROUND((VLOOKUP(A40,'UT-2(Entry)'!$1:$1048576,7,0))/2,0),VLOOKUP(A40,'UT-2(Entry)'!$1:$1048576,7,0)) -> #REF! | H40: =IFERROR(ROUND((VLOOKUP($A40,'UT-2(Entry)'!$1:$1048576,8,0))/2,0),VLOOKUP($A40,'UT-2(Entry)'!$1:$1048576,8,0)) -> #REF! | I40: =SUM(C40:H40) -> #REF! | J40: =ROUND(I40/1.2,2)&" %" -> #REF! | K40: =VLOOKUP(A40,'UT-2(Entry)'!$1:$1048576,9,0) -> #REF! | L40: =VLOOKUP(A40,'UT-2(Entry)'!$1:$1048576,10,0) -> #REF!
A41: =DETAILS!#REF! -> #REF! | B41: =DETAILS!#REF! -> #REF! | C41: =IFERROR(ROUND((VLOOKUP(A41,'UT-2(Entry)'!$1:$1048576,3,0))/2,0),VLOOKUP(A41,'UT-2(Entry)'!$1:$1048576,3,0)) -> #REF! | D41: =IFERROR(ROUND((VLOOKUP(A41,'UT-2(Entry)'!$1:$1048576,4,0))/2,0),VLOOKUP(A41,'UT-2(Entry)'!$1:$1048576,4,0)) -> #REF! | E41: =IFERROR(ROUND((VLOOKUP(A41,'UT-2(Entry)'!$1:$1048576,5,0))/2,0),VLOOKUP(A41,'UT-2(Entry)'!$1:$1048576,5,0)) -> #REF! | F41: =IFERROR(ROUND((VLOOKUP(A41,'UT-2(Entry)'!$1:$1048576,6,0))/2,0),VLOOKUP(A41,'UT-2(Entry)'!$1:$1048576,6,0)) -> #REF! | G41: =IFERROR(ROUND((VLOOKUP(A41,'UT-2(Entry)'!$1:$1048576,7,0))/2,0),VLOOKUP(A41,'UT-2(Entry)'!$1:$1048576,7,0)) -> #REF! | H41: =IFERROR(ROUND((VLOOKUP($A41,'UT-2(Entry)'!$1:$1048576,8,0))/2,0),VLOOKUP($A41,'UT-2(Entry)'!$1:$1048576,8,0)) -> #REF! | I41: =SUM(C41:H41) -> #REF! | J41: =ROUND(I41/1.2,2)&" %" -> #REF! | K41: =VLOOKUP(A41,'UT-2(Entry)'!$1:$1048576,9,0) -> #REF! | L41: =VLOOKUP(A41,'UT-2(Entry)'!$1:$1048576,10,0) -> #REF!
A42: =DETAILS!#REF! -> #REF! | B42: =DETAILS!#REF! -> #REF! | C42: =IFERROR(ROUND((VLOOKUP(A42,'UT-2(Entry)'!$1:$1048576,3,0))/2,0),VLOOKUP(A42,'UT-2(Entry)'!$1:$1048576,3,0)) -> #REF! | D42: =IFERROR(ROUND((VLOOKUP(A42,'UT-2(Entry)'!$1:$1048576,4,0))/2,0),VLOOKUP(A42,'UT-2(Entry)'!$1:$1048576,4,0)) -> #REF! | E42: =IFERROR(ROUND((VLOOKUP(A42,'UT-2(Entry)'!$1:$1048576,5,0))/2,0),VLOOKUP(A42,'UT-2(Entry)'!$1:$1048576,5,0)) -> #REF! | F42: =IFERROR(ROUND((VLOOKUP(A42,'UT-2(Entry)'!$1:$1048576,6,0))/2,0),VLOOKUP(A42,'UT-2(Entry)'!$1:$1048576,6,0)) -> #REF! | G42: =IFERROR(ROUND((VLOOKUP(A42,'UT-2(Entry)'!$1:$1048576,7,0))/2,0),VLOOKUP(A42,'UT-2(Entry)'!$1:$1048576,7,0)) -> #REF! | H42: =IFERROR(ROUND((VLOOKUP($A42,'UT-2(Entry)'!$1:$1048576,8,0))/2,0),VLOOKUP($A42,'UT-2(Entry)'!$1:$1048576,8,0)) -> #REF! | I42: =SUM(C42:H42) -> #REF! | J42: =ROUND(I42/1.2,2)&" %" -> #REF! | K42: =VLOOKUP(A42,'UT-2(Entry)'!$1:$1048576,9,0) -> #REF! | L42: =VLOOKUP(A42,'UT-2(Entry)'!$1:$1048576,10,0) -> #REF!

Sheet Annual(Entry)
A1: ANNUAL EXAMINATION (2025-26) CLASS - IX-A
A2: SR. NO. | B2: NAME | C2: ENGLISH | D2: HINDI | E2: MATHS | F2: SCIENCE | G2: SOCIAL SCIENCE | H2: ARTIFICIAL INTELLIGENCE | I2: WORK EDUCATION | J2: ART EDUCATION | K2: HEALTH & PHYSICAL EDUCATION | L2: DISCIPLINE | M2: Total Present | N2: Total Working | O2: Class Teacher's Remark | P2: TOTAL | Q2: Percentage
A3: =DETAILS!A3 -> 1887 | B3: =DETAILS!B3 -> ABHINAV YADAV | P3: =SUM(C3:H3) -> 0 | Q3: =ROUND(P3/6,2)&" %" -> 0 %
A4: =DETAILS!A4 -> 1926 | B4: =DETAILS!B4 -> ADITYA KUMAR | P4: =SUM(C4:H4) -> 0 | Q4: =ROUND(P4/6,2)&" %" -> 0 %
A5: =DETAILS!A5 -> 1841 | B5: =DETAILS!B5 -> ANSHIKA THAKUR | P5: =SUM(C5:H5) -> 0 | Q5: =ROUND(P5/6,2)&" %" -> 0 %
A6: =DETAILS!A6 -> 1724 | B6: =DETAILS!B6 -> ANSHIKA YADAV | P6: =SUM(C6:H6) -> 0 | Q6: =ROUND(P6/6,2)&" %" -> 0 %
A7: =DETAILS!A7 -> 1112 | B7: =DETAILS!B7 -> AQSA BANO | P7: =SUM(C7:H7) -> 0 | Q7: =ROUND(P7/6,2)&" %" -> 0 %
A8: =DETAILS!A8 -> 1830 | B8: =DETAILS!B8 -> ATHARVA SHARMA | P8: =SUM(C8:H8) -> 0 | Q8: =ROUND(P8/6,2)&" %" -> 0 %
A9: =DETAILS!A9 -> 1516 | B9: =DETAILS!B9 -> AYUB KHAN | P9: =SUM(C9:H9) -> 0 | Q9: =ROUND(P9/6,2)&" %" -> 0 %
A10: =DETAILS!A10 -> 1109 | B10: =DETAILS!B10 -> AYUSH MISHRA | P10: =SUM(C10:H10) -> 0 | Q10: =ROUND(P10/6,2)&" %" -> 0 %
A11: =DETAILS!A11 -> 1951 | B11: =DETAILS!B11 -> AYUSHI YADAV | P11: =SUM(C11:H11) -> 0 | Q11: =ROUND(P11/6,2)&" %" -> 0 %
A12: =DETAILS!A12 -> 1863 | B12: =DETAILS!B12 -> BARIRA KHAN | P12: =SUM(C12:H12) -> 0 | Q12: =ROUND(P12/6,2)&" %" -> 0 %
A13: =DETAILS!A13 -> 899 | B13: =DETAILS!B13 -> DEEPANSHU MEENA | P13: =SUM(C13:H13) -> 0 | Q13: =ROUND(P13/6,2)&" %" -> 0 %
A14: =DETAILS!A14 -> 1924 | B14: =DETAILS!B14 -> DEVANSH SINGH | P14: =SUM(C14:H14) -> 0 | Q14: =ROUND(P14/6,2)&" %" -> 0 %
... A31: =DETAILS!A31 -> 1778 | B31: =DETAILS!B31 -> YUSRA SHARIQ | P31: =SUM(C31:H31) -> 0 | Q31: =ROUND(P31/6,2)&" %" -> 0 %
A32: =DETAILS!#REF! -> #REF! | B32: =DETAILS!#REF! -> #REF! | P32: =SUM(C32:H32) -> 0 | Q32: =ROUND(P32/6,2)&" %" -> 0 %
A33: =DETAILS!#REF! -> #REF! | B33: =DETAILS!#REF! -> #REF! | P33: =SUM(C33:H33) -> 0 | Q33: =ROUND(P33/6,2)&" %" -> 0 %
A34: =DETAILS!#REF! -> #REF! | B34: =DETAILS!#REF! -> #REF! | P34: =SUM(C34:H34) -> 0 | Q34: =ROUND(P34/6,2)&" %" -> 0 %
A35: =DETAILS!#REF! -> #REF! | B35: =DETAILS!#REF! -> #REF! | P35: =SUM(C35:H35) -> 0 | Q35: =ROUND(P35/6,2)&" %" -> 0 %
A36: =DETAILS!#REF! -> #REF! | B36: =DETAILS!#REF! -> #REF! | P36: =SUM(C36:H36) -> 0 | Q36: =ROUND(P36/6,2)&" %" -> 0 %
A37: =DETAILS!#REF! -> #REF! | B37: =DETAILS!#REF! -> #REF! | P37: =SUM(C37:H37) -> 0 | Q37: =ROUND(P37/6,2)&" %" -> 0 %
A38: =DETAILS!#REF! -> #REF! | B38: =DETAILS!#REF! -> #REF! | P38: =SUM(C38:H38) -> 0 | Q38: =ROUND(P38/6,2)&" %" -> 0 %
A39: =DETAILS!#REF! -> #REF! | B39: =DETAILS!#REF! -> #REF! | P39: =SUM(C39:H39) -> 0 | Q39: =ROUND(P39/6,2)&" %" -> 0 %
A40: =DETAILS!#REF! -> #REF! | B40: =DETAILS!#REF! -> #REF! | P40: =SUM(C40:H40) -> 0 | Q40: =ROUND(P40/6,2)&" %" -> 0 %
A41: =DETAILS!#REF! -> #REF! | B41: =DETAILS!#REF! -> #REF! | P41: =SUM(C41:H41) -> 0 | Q41: =ROUND(P41/6,2)&" %" -> 0 %

Sheet ANNUAL
A1: ANNUAL EXAMINATION (2025-26) CLASS - IX-A
A2: SR. NO. | B2: NAME | C2: ENGLISH | D2: HINDI | E2: MATHS | F2: SCIENCE | G2: SOCIAL SCIENCE | H2: ARTIFICIAL INTELLIGENCE | I2: WORK EDUCATION | J2: ART EDUCATION | K2: HEALTH & PHYSICAL EDUCATION | L2: DISCIPLINE | M2: Total Present | N2: Total Working | O2: Class Teacher's Remark | P2: TOTAL | Q2: Percentage
A3: =DETAILS!A3 -> 1887 | B3: =DETAILS!B3 -> ABHINAV YADAV | C3: =VLOOKUP($A3,'Annual(Entry)'!$1:$1048576,3,0) -> 0 | D3: =VLOOKUP($A3,'Annual(Entry)'!$1:$1048576,4,0) -> 0 | E3: =VLOOKUP($A3,'Annual(Entry)'!$1:$1048576,5,0) -> 0 | F3: =VLOOKUP($A3,'Annual(Entry)'!$1:$1048576,6,0) -> 0 | G3: =VLOOKUP($A3,'Annual(Entry)'!$1:$1048576,7,0) -> 0 | H3: =VLOOKUP($A3,'Annual(Entry)'!$1:$1048576,8,0) -> 0 | I3: =VLOOKUP($A3,'Annual(Entry)'!$1:$1048576,9,0) -> 0 | J3: =VLOOKUP($A3,'Annual(Entry)'!$1:$1048576,10,0) -> 0 | K3: =VLOOKUP($A3,'Annual(Entry)'!$1:$1048576,11,0) -> 0 | L3: =VLOOKUP($A3,'Annual(Entry)'!$1:$1048576,12,0) -> 0 | M3: =VLOOKUP($A3,'Annual(Entry)'!$1:$1048576,13,0) -> 0 | N3: =VLOOKUP($A3,'Annual(Entry)'!$1:$1048576,14,0) -> 0 | O3: =VLOOKUP($A3,'Annual(Entry)'!$1:$1048576,15,0) -> 0 | P3: =SUM(C3:H3) -> 0 | Q3: =ROUND(P3/6,2)&" %" -> 0 %
A4: =DETAILS!A4 -> 1926 | B4: =DETAILS!B4 -> ADITYA KUMAR | C4: =VLOOKUP($A4,'Annual(Entry)'!$1:$1048576,3,0) -> 0 | D4: =VLOOKUP($A4,'Annual(Entry)'!$1:$1048576,4,0) -> 0 | E4: =VLOOKUP($A4,'Annual(Entry)'!$1:$1048576,5,0) -> 0 | F4: =VLOOKUP($A4,'Annual(Entry)'!$1:$1048576,6,0) -> 0 | G4: =VLOOKUP($A4,'Annual(Entry)'!$1:$1048576,7,0) -> 0 | H4: =VLOOKUP($A4,'Annual(Entry)'!$1:$1048576,8,0) -> 0 | I4: =VLOOKUP($A4,'Annual(Entry)'!$1:$1048576,9,0) -> 0 | J4: =VLOOKUP($A4,'Annual(Entry)'!$1:$1048576,10,0) -> 0 | K4: =VLOOKUP($A4,'Annual(Entry)'!$1:$1048576,11,0) -> 0 | L4: =VLOOKUP($A4,'Annual(Entry)'!$1:$1048576,12,0) -> 0 | M4: =VLOOKUP($A4,'Annual(Entry)'!$1:$1048576,13,0) -> 0 | N4: =VLOOKUP($A4,'Annual(Entry)'!$1:$1048576,14,0) -> 0 | O4: =VLOOKUP($A4,'Annual(Entry)'!$1:$1048576,15,0) -> 0 | P4: =SUM(C4:H4) -> 0 | Q4: =ROUND(P4/6,2)&" %" -> 0 %
A5: =DETAILS!A5 -> 1841 | B5: =DETAILS!B5 -> ANSHIKA THAKUR | C5: =VLOOKUP($A5,'Annual(Entry)'!$1:$1048576,3,0) -> 0 | D5: =VLOOKUP($A5,'Annual(Entry)'!$1:$1048576,4,0) -> 0 | E5: =VLOOKUP($A5,'Annual(Entry)'!$1:$1048576,5,0) -> 0 | F5: =VLOOKUP($A5,'Annual(Entry)'!$1:$1048576,6,0) -> 0 | G5: =VLOOKUP($A5,'Annual(Entry)'!$1:$1048576,7,0) -> 0 | H5: =VLOOKUP($A5,'Annual(Entry)'!$1:$1048576,8,0) -> 0 | I5: =VLOOKUP($A5,'Annual(Entry)'!$1:$1048576,9,0) -> 0 | J5: =VLOOKUP($A5,'Annual(Entry)'!$1:$1048576,10,0) -> 0 | K5: =VLOOKUP($A5,'Annual(Entry)'!$1:$1048576,11,0) -> 0 | L5: =VLOOKUP($A5,'Annual(Entry)'!$1:$1048576,12,0) -> 0 | M5: =VLOOKUP($A5,'Annual(Entry)'!$1:$1048576,13,0) -> 0 | N5: =VLOOKUP($A5,'Annual(Entry)'!$1:$1048576,14,0) -> 0 | O5: =VLOOKUP($A5,'Annual(Entry)'!$1:$1048576,15,0) -> 0 | P5: =SUM(C5:H5) -> 0 | Q5: =ROUND(P5/6,2)&" %" -> 0 %
A6: =DETAILS!A6 -> 1724 | B6: =DETAILS!B6 -> ANSHIKA YADAV | C6: =VLOOKUP($A6,'Annual(Entry)'!$1:$1048576,3,0) -> 0 | D6: =VLOOKUP($A6,'Annual(Entry)'!$1:$1048576,4,0) -> 0 | E6: =VLOOKUP($A6,'Annual(Entry)'!$1:$1048576,5,0) -> 0 | F6: =VLOOKUP($A6,'Annual(Entry)'!$1:$1048576,6,0) -> 0 | G6: =VLOOKUP($A6,'Annual(Entry)'!$1:$1048576,7,0) -> 0 | H6: =VLOOKUP($A6,'Annual(Entry)'!$1:$1048576,8,0) -> 0 | I6: =VLOOKUP($A6,'Annual(Entry)'!$1:$1048576,9,0) -> 0 | J6: =VLOOKUP($A6,'Annual(Entry)'!$1:$1048576,10,0) -> 0 | K6: =VLOOKUP($A6,'Annual(Entry)'!$1:$1048576,11,0) -> 0 | L6: =VLOOKUP($A6,'Annual(Entry)'!$1:$1048576,12,0) -> 0 | M6: =VLOOKUP($A6,'Annual(Entry)'!$1:$1048576,13,0) -> 0 | N6: =VLOOKUP($A6,'Annual(Entry)'!$1:$1048576,14,0) -> 0 | O6: =VLOOKUP($A6,'Annual(Entry)'!$1:$1048576,15,0) -> 0 | P6: =SUM(C6:H6) -> 0 | Q6: =ROUND(P6/6,2)&" %" -> 0 %
A7: =DETAILS!A7 -> 1112 | B7: =DETAILS!B7 -> AQSA BANO | C7: =VLOOKUP($A7,'Annual(Entry)'!$1:$1048576,3,0) -> 0 | D7: =VLOOKUP($A7,'Annual(Entry)'!$1:$1048576,4,0) -> 0 | E7: =VLOOKUP($A7,'Annual(Entry)'!$1:$1048576,5,0) -> 0 | F7: =VLOOKUP($A7,'Annual(Entry)'!$1:$1048576,6,0) -> 0 | G7: =VLOOKUP($A7,'Annual(Entry)'!$1:$1048576,7,0) -> 0 | H7: =VLOOKUP($A7,'Annual(Entry)'!$1:$1048576,8,0) -> 0 | I7: =VLOOKUP($A7,'Annual(Entry)'!$1:$1048576,9,0) -> 0 | J7: =VLOOKUP($A7,'Annual(Entry)'!$1:$1048576,10,0) -> 0 | K7: =VLOOKUP($A7,'Annual(Entry)'!$1:$1048576,11,0) -> 0 | L7: =VLOOKUP($A7,'Annual(Entry)'!$1:$1048576,12,0) -> 0 | M7: =VLOOKUP($A7,'Annual(Entry)'!$1:$1048576,13,0) -> 0 | N7: =VLOOKUP($A7,'Annual(Entry)'!$1:$1048576,14,0) -> 0 | O7: =VLOOKUP($A7,'Annual(Entry)'!$1:$1048576,15,0) -> 0 | P7: =SUM(C7:H7) -> 0 | Q7: =ROUND(P7/6,2)&" %" -> 0 %
A8: =DETAILS!A8 -> 1830 | B8: =DETAILS!B8 -> ATHARVA SHARMA | C8: =VLOOKUP($A8,'Annual(Entry)'!$1:$1048576,3,0) -> 0 | D8: =VLOOKUP($A8,'Annual(Entry)'!$1:$1048576,4,0) -> 0 | E8: =VLOOKUP($A8,'Annual(Entry)'!$1:$1048576,5,0) -> 0 | F8: =VLOOKUP($A8,'Annual(Entry)'!$1:$1048576,6,0) -> 0 | G8: =VLOOKUP($A8,'Annual(Entry)'!$1:$1048576,7,0) -> 0 | H8: =VLOOKUP($A8,'Annual(Entry)'!$1:$1048576,8,0) -> 0 | I8: =VLOOKUP($A8,'Annual(Entry)'!$1:$1048576,9,0) -> 0 | J8: =VLOOKUP($A8,'Annual(Entry)'!$1:$1048576,10,0) -> 0 | K8: =VLOOKUP($A8,'Annual(Entry)'!$1:$1048576,11,0) -> 0 | L8: =VLOOKUP($A8,'Annual(Entry)'!$1:$1048576,12,0) -> 0 | M8: =VLOOKUP($A8,'Annual(Entry)'!$1:$1048576,13,0) -> 0 | N8: =VLOOKUP($A8,'Annual(Entry)'!$1:$1048576,14,0) -> 0 | O8: =VLOOKUP($A8,'Annual(Entry)'!$1:$1048576,15,0) -> 0 | P8: =SUM(C8:H8) -> 0 | Q8: =ROUND(P8/6,2)&" %" -> 0 %
A9: =DETAILS!A9 -> 1516 | B9: =DETAILS!B9 -> AYUB KHAN | C9: =VLOOKUP($A9,'Annual(Entry)'!$1:$1048576,3,0) -> 0 | D9: =VLOOKUP($A9,'Annual(Entry)'!$1:$1048576,4,0) -> 0 | E9: =VLOOKUP($A9,'Annual(Entry)'!$1:$1048576,5,0) -> 0 | F9: =VLOOKUP($A9,'Annual(Entry)'!$1:$1048576,6,0) -> 0 | G9: =VLOOKUP($A9,'Annual(Entry)'!$1:$1048576,7,0) -> 0 | H9: =VLOOKUP($A9,'Annual(Entry)'!$1:$1048576,8,0) -> 0 | I9: =VLOOKUP($A9,'Annual(Entry)'!$1:$1048576,9,0) -> 0 | J9: =VLOOKUP($A9,'Annual(Entry)'!$1:$1048576,10,0) -> 0 | K9: =VLOOKUP($A9,'Annual(Entry)'!$1:$1048576,11,0) -> 0 | L9: =VLOOKUP($A9,'Annual(Entry)'!$1:$1048576,12,0) -> 0 | M9: =VLOOKUP($A9,'Annual(Entry)'!$1:$1048576,13,0) -> 0 | N9: =VLOOKUP($A9,'Annual(Entry)'!$1:$1048576,14,0) -> 0 | O9: =VLOOKUP($A9,'Annual(Entry)'!$1:$1048576,15,0) -> 0 | P9: =SUM(C9:H9) -> 0 | Q9: =ROUND(P9/6,2)&" %" -> 0 %
A10: =DETAILS!A10 -> 1109 | B10: =DETAILS!B10 -> AYUSH MISHRA | C10: =VLOOKUP($A10,'Annual(Entry)'!$1:$1048576,3,0) -> 0 | D10: =VLOOKUP($A10,'Annual(Entry)'!$1:$1048576,4,0) -> 0 | E10: =VLOOKUP($A10,'Annual(Entry)'!$1:$1048576,5,0) -> 0 | F10: =VLOOKUP($A10,'Annual(Entry)'!$1:$1048576,6,0) -> 0 | G10: =VLOOKUP($A10,'Annual(Entry)'!$1:$1048576,7,0) -> 0 | H10: =VLOOKUP($A10,'Annual(Entry)'!$1:$1048576,8,0) -> 0 | I10: =VLOOKUP($A10,'Annual(Entry)'!$1:$1048576,9,0) -> 0 | J10: =VLOOKUP($A10,'Annual(Entry)'!$1:$1048576,10,0) -> 0 | K10: =VLOOKUP($A10,'Annual(Entry)'!$1:$1048576,11,0) -> 0 | L10: =VLOOKUP($A10,'Annual(Entry)'!$1:$1048576,12,0) -> 0 | M10: =VLOOKUP($A10,'Annual(Entry)'!$1:$1048576,13,0) -> 0 | N10: =VLOOKUP($A10,'Annual(Entry)'!$1:$1048576,14,0) -> 0 | O10: =VLOOKUP($A10,'Annual(Entry)'!$1:$1048576,15,0) -> 0 | P10: =SUM(C10:H10) -> 0 | Q10: =ROUND(P10/6,2)&" %" -> 0 %
A11: =DETAILS!A11 -> 1951 | B11: =DETAILS!B11 -> AYUSHI YADAV | C11: =VLOOKUP($A11,'Annual(Entry)'!$1:$1048576,3,0) -> 0 | D11: =VLOOKUP($A11,'Annual(Entry)'!$1:$1048576,4,0) -> 0 | E11: =VLOOKUP($A11,'Annual(Entry)'!$1:$1048576,5,0) -> 0 | F11: =VLOOKUP($A11,'Annual(Entry)'!$1:$1048576,6,0) -> 0 | G11: =VLOOKUP($A11,'Annual(Entry)'!$1:$1048576,7,0) -> 0 | H11: =VLOOKUP($A11,'Annual(Entry)'!$1:$1048576,8,0) -> 0 | I11: =VLOOKUP($A11,'Annual(Entry)'!$1:$1048576,9,0) -> 0 | J11: =VLOOKUP($A11,'Annual(Entry)'!$1:$1048576,10,0) -> 0 | K11: =VLOOKUP($A11,'Annual(Entry)'!$1:$1048576,11,0) -> 0 | L11: =VLOOKUP($A11,'Annual(Entry)'!$1:$1048576,12,0) -> 0 | M11: =VLOOKUP($A11,'Annual(Entry)'!$1:$1048576,13,0) -> 0 | N11: =VLOOKUP($A11,'Annual(Entry)'!$1:$1048576,14,0) -> 0 | O11: =VLOOKUP($A11,'Annual(Entry)'!$1:$1048576,15,0) -> 0 | P11: =SUM(C11:H11) -> 0 | Q11: =ROUND(P11/6,2)&" %" -> 0 %
A12: =DETAILS!A12 -> 1863 | B12: =DETAILS!B12 -> BARIRA KHAN | C12: =VLOOKUP($A12,'Annual(Entry)'!$1:$1048576,3,0) -> 0 | D12: =VLOOKUP($A12,'Annual(Entry)'!$1:$1048576,4,0) -> 0 | E12: =VLOOKUP($A12,'Annual(Entry)'!$1:$1048576,5,0) -> 0 | F12: =VLOOKUP($A12,'Annual(Entry)'!$1:$1048576,6,0) -> 0 | G12: =VLOOKUP($A12,'Annual(Entry)'!$1:$1048576,7,0) -> 0 | H12: =VLOOKUP($A12,'Annual(Entry)'!$1:$1048576,8,0) -> 0 | I12: =VLOOKUP($A12,'Annual(Entry)'!$1:$1048576,9,0) -> 0 | J12: =VLOOKUP($A12,'Annual(Entry)'!$1:$1048576,10,0) -> 0 | K12: =VLOOKUP($A12,'Annual(Entry)'!$1:$1048576,11,0) -> 0 | L12: =VLOOKUP($A12,'Annual(Entry)'!$1:$1048576,12,0) -> 0 | M12: =VLOOKUP($A12,'Annual(Entry)'!$1:$1048576,13,0) -> 0 | N12: =VLOOKUP($A12,'Annual(Entry)'!$1:$1048576,14,0) -> 0 | O12: =VLOOKUP($A12,'Annual(Entry)'!$1:$1048576,15,0) -> 0 | P12: =SUM(C12:H12) -> 0 | Q12: =ROUND(P12/6,2)&" %" -> 0 %
A13: =DETAILS!A13 -> 899 | B13: =DETAILS!B13 -> DEEPANSHU MEENA | C13: =VLOOKUP($A13,'Annual(Entry)'!$1:$1048576,3,0) -> 0 | D13: =VLOOKUP($A13,'Annual(Entry)'!$1:$1048576,4,0) -> 0 | E13: =VLOOKUP($A13,'Annual(Entry)'!$1:$1048576,5,0) -> 0 | F13: =VLOOKUP($A13,'Annual(Entry)'!$1:$1048576,6,0) -> 0 | G13: =VLOOKUP($A13,'Annual(Entry)'!$1:$1048576,7,0) -> 0 | H13: =VLOOKUP($A13,'Annual(Entry)'!$1:$1048576,8,0) -> 0 | I13: =VLOOKUP($A13,'Annual(Entry)'!$1:$1048576,9,0) -> 0 | J13: =VLOOKUP($A13,'Annual(Entry)'!$1:$1048576,10,0) -> 0 | K13: =VLOOKUP($A13,'Annual(Entry)'!$1:$1048576,11,0) -> 0 | L13: =VLOOKUP($A13,'Annual(Entry)'!$1:$1048576,12,0) -> 0 | M13: =VLOOKUP($A13,'Annual(Entry)'!$1:$1048576,13,0) -> 0 | N13: =VLOOKUP($A13,'Annual(Entry)'!$1:$1048576,14,0) -> 0 | O13: =VLOOKUP($A13,'Annual(Entry)'!$1:$1048576,15,0) -> 0 | P13: =SUM(C13:H13) -> 0 | Q13: =ROUND(P13/6,2)&" %" -> 0 %
A14: =DETAILS!A14 -> 1924 | B14: =DETAILS!B14 -> DEVANSH SINGH | C14: =VLOOKUP($A14,'Annual(Entry)'!$1:$1048576,3,0) -> 0 | D14: =VLOOKUP($A14,'Annual(Entry)'!$1:$1048576,4,0) -> 0 | E14: =VLOOKUP($A14,'Annual(Entry)'!$1:$1048576,5,0) -> 0 | F14: =VLOOKUP($A14,'Annual(Entry)'!$1:$1048576,6,0) -> 0 | G14: =VLOOKUP($A14,'Annual(Entry)'!$1:$1048576,7,0) -> 0 | H14: =VLOOKUP($A14,'Annual(Entry)'!$1:$1048576,8,0) -> 0 | I14: =VLOOKUP($A14,'Annual(Entry)'!$1:$1048576,9,0) -> 0 | J14: =VLOOKUP($A14,'Annual(Entry)'!$1:$1048576,10,0) -> 0 | K14: =VLOOKUP($A14,'Annual(Entry)'!$1:$1048576,11,0) -> 0 | L14: =VLOOKUP($A14,'Annual(Entry)'!$1:$1048576,12,0) -> 0 | M14: =VLOOKUP($A14,'Annual(Entry)'!$1:$1048576,13,0) -> 0 | N14: =VLOOKUP($A14,'Annual(Entry)'!$1:$1048576,14,0) -> 0 | O14: =VLOOKUP($A14,'Annual(Entry)'!$1:$1048576,15,0) -> 0 | P14: =SUM(C14:H14) -> 0 | Q14: =ROUND(P14/6,2)&" %" -> 0 %
... A31: =DETAILS!A31 -> 1778 | B31: =DETAILS!B31 -> YUSRA SHARIQ | C31: =VLOOKUP($A31,'Annual(Entry)'!$1:$1048576,3,0) -> 0 | D31: =VLOOKUP($A31,'Annual(Entry)'!$1:$1048576,4,0) -> 0 | E31: =VLOOKUP($A31,'Annual(Entry)'!$1:$1048576,5,0) -> 0 | F31: =VLOOKUP($A31,'Annual(Entry)'!$1:$1048576,6,0) -> 0 | G31: =VLOOKUP($A31,'Annual(Entry)'!$1:$1048576,7,0) -> 0 | H31: =VLOOKUP($A31,'Annual(Entry)'!$1:$1048576,8,0) -> 0 | I31: =VLOOKUP($A31,'Annual(Entry)'!$1:$1048576,9,0) -> 0 | J31: =VLOOKUP($A31,'Annual(Entry)'!$1:$1048576,10,0) -> 0 | K31: =VLOOKUP($A31,'Annual(Entry)'!$1:$1048576,11,0) -> 0 | L31: =VLOOKUP($A31,'Annual(Entry)'!$1:$1048576,12,0) -> 0 | M31: =VLOOKUP($A31,'Annual(Entry)'!$1:$1048576,13,0) -> 0 | N31: =VLOOKUP($A31,'Annual(Entry)'!$1:$1048576,14,0) -> 0 | O31: =VLOOKUP($A31,'Annual(Entry)'!$1:$1048576,15,0) -> 0 | P31: =SUM(C31:H31) -> 0 | Q31: =ROUND(P31/6,2)&" %" -> 0 %
A32: =DETAILS!#REF! -> #REF! | B32: =DETAILS!#REF! -> #REF! | C32: =VLOOKUP($A32,'Annual(Entry)'!$1:$1048576,3,0) -> #REF! | D32: =VLOOKUP($A32,'Annual(Entry)'!$1:$1048576,4,0) -> #REF! | E32: =VLOOKUP($A32,'Annual(Entry)'!$1:$1048576,5,0) -> #REF! | F32: =VLOOKUP($A32,'Annual(Entry)'!$1:$1048576,6,0) -> #REF! | G32: =VLOOKUP($A32,'Annual(Entry)'!$1:$1048576,7,0) -> #REF! | H32: =VLOOKUP($A32,'Annual(Entry)'!$1:$1048576,8,0) -> #REF! | I32: =VLOOKUP($A32,'Annual(Entry)'!$1:$1048576,9,0) -> #REF! | J32: =VLOOKUP($A32,'Annual(Entry)'!$1:$1048576,10,0) -> #REF! | K32: =VLOOKUP($A32,'Annual(Entry)'!$1:$1048576,11,0) -> #REF! | L32: =VLOOKUP($A32,'Annual(Entry)'!$1:$1048576,12,0) -> #REF! | M32: =VLOOKUP($A32,'Annual(Entry)'!$1:$1048576,13,0) -> #REF! | N32: =VLOOKUP($A32,'Annual(Entry)'!$1:$1048576,14,0) -> #REF! | O32: =VLOOKUP($A32,'Annual(Entry)'!$1:$1048576,15,0) -> #REF! | P32: =SUM(C32:H32) -> #REF! | Q32: =ROUND(P32/6,2)&" %" -> #REF!
A33: =DETAILS!#REF! -> #REF! | B33: =DETAILS!#REF! -> #REF! | C33: =VLOOKUP($A33,'Annual(Entry)'!$1:$1048576,3,0) -> #REF! | D33: =VLOOKUP($A33,'Annual(Entry)'!$1:$1048576,4,0) -> #REF! | E33: =VLOOKUP($A33,'Annual(Entry)'!$1:$1048576,5,0) -> #REF! | F33: =VLOOKUP($A33,'Annual(Entry)'!$1:$1048576,6,0) -> #REF! | G33: =VLOOKUP($A33,'Annual(Entry)'!$1:$1048576,7,0) -> #REF! | H33: =VLOOKUP($A33,'Annual(Entry)'!$1:$1048576,8,0) -> #REF! | I33: =VLOOKUP($A33,'Annual(Entry)'!$1:$1048576,9,0) -> #REF! | J33: =VLOOKUP($A33,'Annual(Entry)'!$1:$1048576,10,0) -> #REF! | K33: =VLOOKUP($A33,'Annual(Entry)'!$1:$1048576,11,0) -> #REF! | L33: =VLOOKUP($A33,'Annual(Entry)'!$1:$1048576,12,0) -> #REF! | M33: =VLOOKUP($A33,'Annual(Entry)'!$1:$1048576,13,0) -> #REF! | N33: =VLOOKUP($A33,'Annual(Entry)'!$1:$1048576,14,0) -> #REF! | O33: =VLOOKUP($A33,'Annual(Entry)'!$1:$1048576,15,0) -> #REF! | P33: =SUM(C33:H33) -> #REF! | Q33: =ROUND(P33/6,2)&" %" -> #REF!
A34: =DETAILS!#REF! -> #REF! | B34: =DETAILS!#REF! -> #REF! | C34: =VLOOKUP($A34,'Annual(Entry)'!$1:$1048576,3,0) -> #REF! | D34: =VLOOKUP($A34,'Annual(Entry)'!$1:$1048576,4,0) -> #REF! | E34: =VLOOKUP($A34,'Annual(Entry)'!$1:$1048576,5,0) -> #REF! | F34: =VLOOKUP($A34,'Annual(Entry)'!$1:$1048576,6,0) -> #REF! | G34: =VLOOKUP($A34,'Annual(Entry)'!$1:$1048576,7,0) -> #REF! | H34: =VLOOKUP($A34,'Annual(Entry)'!$1:$1048576,8,0) -> #REF! | I34: =VLOOKUP($A34,'Annual(Entry)'!$1:$1048576,9,0) -> #REF! | J34: =VLOOKUP($A34,'Annual(Entry)'!$1:$1048576,10,0) -> #REF! | K34: =VLOOKUP($A34,'Annual(Entry)'!$1:$1048576,11,0) -> #REF! | L34: =VLOOKUP($A34,'Annual(Entry)'!$1:$1048576,12,0) -> #REF! | M34: =VLOOKUP($A34,'Annual(Entry)'!$1:$1048576,13,0) -> #REF! | N34: =VLOOKUP($A34,'Annual(Entry)'!$1:$1048576,14,0) -> #REF! | O34: =VLOOKUP($A34,'Annual(Entry)'!$1:$1048576,15,0) -> #REF! | P34: =SUM(C34:H34) -> #REF! | Q34: =ROUND(P34/6,2)&" %" -> #REF!
A35: =DETAILS!#REF! -> #REF! | B35: =DETAILS!#REF! -> #REF! | C35: =VLOOKUP($A35,'Annual(Entry)'!$1:$1048576,3,0) -> #REF! | D35: =VLOOKUP($A35,'Annual(Entry)'!$1:$1048576,4,0) -> #REF! | E35: =VLOOKUP($A35,'Annual(Entry)'!$1:$1048576,5,0) -> #REF! | F35: =VLOOKUP($A35,'Annual(Entry)'!$1:$1048576,6,0) -> #REF! | G35: =VLOOKUP($A35,'Annual(Entry)'!$1:$1048576,7,0) -> #REF! | H35: =VLOOKUP($A35,'Annual(Entry)'!$1:$1048576,8,0) -> #REF! | I35: =VLOOKUP($A35,'Annual(Entry)'!$1:$1048576,9,0) -> #REF! | J35: =VLOOKUP($A35,'Annual(Entry)'!$1:$1048576,10,0) -> #REF! | K35: =VLOOKUP($A35,'Annual(Entry)'!$1:$1048576,11,0) -> #REF! | L35: =VLOOKUP($A35,'Annual(Entry)'!$1:$1048576,12,0) -> #REF! | M35: =VLOOKUP($A35,'Annual(Entry)'!$1:$1048576,13,0) -> #REF! | N35: =VLOOKUP($A35,'Annual(Entry)'!$1:$1048576,14,0) -> #REF! | O35: =VLOOKUP($A35,'Annual(Entry)'!$1:$1048576,15,0) -> #REF! | P35: =SUM(C35:H35) -> #REF! | Q35: =ROUND(P35/6,2)&" %" -> #REF!
A36: =DETAILS!#REF! -> #REF! | B36: =DETAILS!#REF! -> #REF! | C36: =VLOOKUP($A36,'Annual(Entry)'!$1:$1048576,3,0) -> #REF! | D36: =VLOOKUP($A36,'Annual(Entry)'!$1:$1048576,4,0) -> #REF! | E36: =VLOOKUP($A36,'Annual(Entry)'!$1:$1048576,5,0) -> #REF! | F36: =VLOOKUP($A36,'Annual(Entry)'!$1:$1048576,6,0) -> #REF! | G36: =VLOOKUP($A36,'Annual(Entry)'!$1:$1048576,7,0) -> #REF! | H36: =VLOOKUP($A36,'Annual(Entry)'!$1:$1048576,8,0) -> #REF! | I36: =VLOOKUP($A36,'Annual(Entry)'!$1:$1048576,9,0) -> #REF! | J36: =VLOOKUP($A36,'Annual(Entry)'!$1:$1048576,10,0) -> #REF! | K36: =VLOOKUP($A36,'Annual(Entry)'!$1:$1048576,11,0) -> #REF! | L36: =VLOOKUP($A36,'Annual(Entry)'!$1:$1048576,12,0) -> #REF! | M36: =VLOOKUP($A36,'Annual(Entry)'!$1:$1048576,13,0) -> #REF! | N36: =VLOOKUP($A36,'Annual(Entry)'!$1:$1048576,14,0) -> #REF! | O36: =VLOOKUP($A36,'Annual(Entry)'!$1:$1048576,15,0) -> #REF! | P36: =SUM(C36:H36) -> #REF! | Q36: =ROUND(P36/6,2)&" %" -> #REF!
A37: =DETAILS!#REF! -> #REF! | B37: =DETAILS!#REF! -> #REF! | C37: =VLOOKUP($A37,'Annual(Entry)'!$1:$1048576,3,0) -> #REF! | D37: =VLOOKUP($A37,'Annual(Entry)'!$1:$1048576,4,0) -> #REF! | E37: =VLOOKUP($A37,'Annual(Entry)'!$1:$1048576,5,0) -> #REF! | F37: =VLOOKUP($A37,'Annual(Entry)'!$1:$1048576,6,0) -> #REF! | G37: =VLOOKUP($A37,'Annual(Entry)'!$1:$1048576,7,0) -> #REF! | H37: =VLOOKUP($A37,'Annual(Entry)'!$1:$1048576,8,0) -> #REF! | I37: =VLOOKUP($A37,'Annual(Entry)'!$1:$1048576,9,0) -> #REF! | J37: =VLOOKUP($A37,'Annual(Entry)'!$1:$1048576,10,0) -> #REF! | K37: =VLOOKUP($A37,'Annual(Entry)'!$1:$1048576,11,0) -> #REF! | L37: =VLOOKUP($A37,'Annual(Entry)'!$1:$1048576,12,0) -> #REF! | M37: =VLOOKUP($A37,'Annual(Entry)'!$1:$1048576,13,0) -> #REF! | N37: =VLOOKUP($A37,'Annual(Entry)'!$1:$1048576,14,0) -> #REF! | O37: =VLOOKUP($A37,'Annual(Entry)'!$1:$1048576,15,0) -> #REF! | P37: =SUM(C37:H37) -> #REF! | Q37: =ROUND(P37/6,2)&" %" -> #REF!
A38: =DETAILS!#REF! -> #REF! | B38: =DETAILS!#REF! -> #REF! | C38: =VLOOKUP($A38,'Annual(Entry)'!$1:$1048576,3,0) -> #REF! | D38: =VLOOKUP($A38,'Annual(Entry)'!$1:$1048576,4,0) -> #REF! | E38: =VLOOKUP($A38,'Annual(Entry)'!$1:$1048576,5,0) -> #REF! | F38: =VLOOKUP($A38,'Annual(Entry)'!$1:$1048576,6,0) -> #REF! | G38: =VLOOKUP($A38,'Annual(Entry)'!$1:$1048576,7,0) -> #REF! | H38: =VLOOKUP($A38,'Annual(Entry)'!$1:$1048576,8,0) -> #REF! | I38: =VLOOKUP($A38,'Annual(Entry)'!$1:$1048576,9,0) -> #REF! | J38: =VLOOKUP($A38,'Annual(Entry)'!$1:$1048576,10,0) -> #REF! | K38: =VLOOKUP($A38,'Annual(Entry)'!$1:$1048576,11,0) -> #REF! | L38: =VLOOKUP($A38,'Annual(Entry)'!$1:$1048576,12,0) -> #REF! | M38: =VLOOKUP($A38,'Annual(Entry)'!$1:$1048576,13,0) -> #REF! | N38: =VLOOKUP($A38,'Annual(Entry)'!$1:$1048576,14,0) -> #REF! | O38: =VLOOKUP($A38,'Annual(Entry)'!$1:$1048576,15,0) -> #REF! | P38: =SUM(C38:H38) -> #REF! | Q38: =ROUND(P38/6,2)&" %" -> #REF!
A39: =DETAILS!#REF! -> #REF! | B39: =DETAILS!#REF! -> #REF! | C39: =VLOOKUP($A39,'Annual(Entry)'!$1:$1048576,3,0) -> #REF! | D39: =VLOOKUP($A39,'Annual(Entry)'!$1:$1048576,4,0) -> #REF! | E39: =VLOOKUP($A39,'Annual(Entry)'!$1:$1048576,5,0) -> #REF! | F39: =VLOOKUP($A39,'Annual(Entry)'!$1:$1048576,6,0) -> #REF! | G39: =VLOOKUP($A39,'Annual(Entry)'!$1:$1048576,7,0) -> #REF! | H39: =VLOOKUP($A39,'Annual(Entry)'!$1:$1048576,8,0) -> #REF! | I39: =VLOOKUP($A39,'Annual(Entry)'!$1:$1048576,9,0) -> #REF! | J39: =VLOOKUP($A39,'Annual(Entry)'!$1:$1048576,10,0) -> #REF! | K39: =VLOOKUP($A39,'Annual(Entry)'!$1:$1048576,11,0) -> #REF! | L39: =VLOOKUP($A39,'Annual(Entry)'!$1:$1048576,12,0) -> #REF! | M39: =VLOOKUP($A39,'Annual(Entry)'!$1:$1048576,13,0) -> #REF! | N39: =VLOOKUP($A39,'Annual(Entry)'!$1:$1048576,14,0) -> #REF! | O39: =VLOOKUP($A39,'Annual(Entry)'!$1:$1048576,15,0) -> #REF! | P39: =SUM(C39:H39) -> #REF! | Q39: =ROUND(P39/6,2)&" %" -> #REF!
A40: =DETAILS!#REF! -> #REF! | B40: =DETAILS!#REF! -> #REF! | C40: =VLOOKUP($A40,'Annual(Entry)'!$1:$1048576,3,0) -> #REF! | D40: =VLOOKUP($A40,'Annual(Entry)'!$1:$1048576,4,0) -> #REF! | E40: =VLOOKUP($A40,'Annual(Entry)'!$1:$1048576,5,0) -> #REF! | F40: =VLOOKUP($A40,'Annual(Entry)'!$1:$1048576,6,0) -> #REF! | G40: =VLOOKUP($A40,'Annual(Entry)'!$1:$1048576,7,0) -> #REF! | H40: =VLOOKUP($A40,'Annual(Entry)'!$1:$1048576,8,0) -> #REF! | I40: =VLOOKUP($A40,'Annual(Entry)'!$1:$1048576,9,0) -> #REF! | J40: =VLOOKUP($A40,'Annual(Entry)'!$1:$1048576,10,0) -> #REF! | K40: =VLOOKUP($A40,'Annual(Entry)'!$1:$1048576,11,0) -> #REF! | L40: =VLOOKUP($A40,'Annual(Entry)'!$1:$1048576,12,0) -> #REF! | M40: =VLOOKUP($A40,'Annual(Entry)'!$1:$1048576,13,0) -> #REF! | N40: =VLOOKUP($A40,'Annual(Entry)'!$1:$1048576,14,0) -> #REF! | O40: =VLOOKUP($A40,'Annual(Entry)'!$1:$1048576,15,0) -> #REF! | P40: =SUM(C40:H40) -> #REF! | Q40: =ROUND(P40/6,2)&" %" -> #REF!
A41: =DETAILS!#REF! -> #REF! | B41: =DETAILS!#REF! -> #REF! | C41: =VLOOKUP($A41,'Annual(Entry)'!$1:$1048576,3,0) -> #REF! | D41: =VLOOKUP($A41,'Annual(Entry)'!$1:$1048576,4,0) -> #REF! | E41: =VLOOKUP($A41,'Annual(Entry)'!$1:$1048576,5,0) -> #REF! | F41: =VLOOKUP($A41,'Annual(Entry)'!$1:$1048576,6,0) -> #REF! | G41: =VLOOKUP($A41,'Annual(Entry)'!$1:$1048576,7,0) -> #REF! | H41: =VLOOKUP($A41,'Annual(Entry)'!$1:$1048576,8,0) -> #REF! | I41: =VLOOKUP($A41,'Annual(Entry)'!$1:$1048576,9,0) -> #REF! | J41: =VLOOKUP($A41,'Annual(Entry)'!$1:$1048576,10,0) -> #REF! | K41: =VLOOKUP($A41,'Annual(Entry)'!$1:$1048576,11,0) -> #REF! | L41: =VLOOKUP($A41,'Annual(Entry)'!$1:$1048576,12,0) -> #REF! | M41: =VLOOKUP($A41,'Annual(Entry)'!$1:$1048576,13,0) -> #REF! | N41: =VLOOKUP($A41,'Annual(Entry)'!$1:$1048576,14,0) -> #REF! | O41: =VLOOKUP($A41,'Annual(Entry)'!$1:$1048576,15,0) -> #REF! | P41: =SUM(C41:H41) -> #REF! | Q41: =ROUND(P41/6,2)&" %" -> #REF!

Sheet COMPILE REPORT
A1: COMIPILE REPORT (2025-26) CLASS - IX-A
A2: SR NO | B2: NAME | C2: ENGLISH | I2: HINDI | O2: MATHEMATICS | U2: SCIENCE | AA2: SOCIAL SCIENCE | AG2: ARTIFICIAL INTELLIGENCE | AM2: WORK EDUCATION | AN2: ART EDUCATION | AO2: HEALTH & PHYSICAL EDUCATION | AP2: DISCIPLINE | AQ2: TOTAL PRESENT | AR2: TORAL WORKING DAY | AS2: CLASS TEACHER'S REAMRK | AT2: Total | AU2: Percentage
C3: UT-I | D3: HY | E3: Total | F3: UT-II | G3: AE | H3: Total | I3: UT-I | J3: HY | K3: Total | L3: UT-II | M3: AE | N3: Total | O3: UT-I | P3: HY | Q3: Total | R3: UT-II | S3: AE | T3: Total | U3: UT-I | V3: HY | W3: Total | X3: UT-II | Y3: AE | Z3: Total | AA3: UT-I | AB3: HY | AC3: Total | AD3: UT-II | AE3: AE | AF3: Total | AG3: UT-I | AH3: HY | AI3: Total | AJ3: UT-II | AK3: AE | AL3: Total
A4: =DETAILS!A3 -> 1887 | B4: =DETAILS!B3 -> ABHINAV YADAV | C4: =VLOOKUP($A4,'HY Compile'!$1:$1048576,3,0) -> 0 | D4: =VLOOKUP($A4,'HY Compile'!$1:$1048576,4,0) -> 0 | E4: =SUM(C4:D4) -> 0 | F4: =VLOOKUP($A4,'UT-2'!$1:$1048576,3,0) -> 0 | G4: =IFERROR(ROUND(VLOOKUP($A4,ANNUAL!$1:$1048576,3,0)*0.8,0),VLOOKUP($A4,ANNUAL!$1:$1048576,3,0)) -> 0 | H4: =SUM(F4:G4) -> 0 | I4: =VLOOKUP($A4,'HY Compile'!$1:$1048576,6,0) -> 0 | J4: =VLOOKUP($A4,'HY Compile'!$1:$1048576,7,0) -> 0 | K4: =SUM(I4:J4) -> 0 | L4: =VLOOKUP($A4,'UT-2'!$1:$1048576,4,0) -> 0 | M4: =IFERROR(ROUND(VLOOKUP($A4,ANNUAL!$1:$1048576,4,0)*0.8,0),VLOOKUP($A4,ANNUAL!$1:$1048576,4,0)) -> 0 | N4: =SUM(L4:M4) -> 0 | O4: =VLOOKUP($A4,'HY Compile'!$1:$1048576,9,0) -> 0 | P4: =VLOOKUP($A4,'HY Compile'!$1:$1048576,10,0) -> 0 | Q4: =SUM(O4:P4) -> 0 | R4: =VLOOKUP($A4,'UT-2'!$1:$1048576,5,0) -> 0 | S4: =IFERROR(ROUND(VLOOKUP($A4,ANNUAL!$1:$1048576,5,0)*0.8,0),VLOOKUP($A4,ANNUAL!$1:$1048576,5,0)) -> 0 | T4: =SUM(R4:S4) -> 0 | U4: =VLOOKUP($A4,'HY Compile'!$1:$1048576,12,0) -> 0 | V4: =VLOOKUP($A4,'HY Compile'!$1:$1048576,13,0) -> 0 | W4: =SUM(U4:V4) -> 0 | X4: =VLOOKUP($A4,'UT-2'!$1:$1048576,6,0) -> 0 | Y4: =IFERROR(ROUND(VLOOKUP($A4,ANNUAL!$1:$1048576,6,0)*0.8,0),VLOOKUP($A4,ANNUAL!$1:$1048576,6,0)) -> 0 | Z4: =SUM(X4:Y4) -> 0 | AA4: =VLOOKUP($A4,'HY Compile'!$1:$1048576,15,0) -> 0 | AB4: =VLOOKUP($A4,'HY Compile'!$1:$1048576,16,0) -> 0 | AC4: =SUM(AA4:AB4) -> 0 | AD4: =VLOOKUP($A4,'UT-2'!$1:$1048576,7,0) -> 0 | AE4: =IFERROR(ROUND(VLOOKUP($A4,ANNUAL!$1:$1048576,7,0)*0.8,0),VLOOKUP($A4,ANNUAL!$1:$1048576,7,0)) -> 0 | AF4: =SUM(AD4:AE4) -> 0 | AG4: =VLOOKUP($A4,'HY Compile'!$1:$1048576,18,0) -> 0 | AH4: =VLOOKUP($A4,'HY Compile'!$1:$1048576,19,0) -> 0 | AI4: =SUM(AG4:AH4) -> 0 | AJ4: =VLOOKUP($A4,'UT-2'!$1:$1048576,8,0) -> 0 | AK4: =IFERROR(ROUND(VLOOKUP($A4,ANNUAL!$1:$1048576,8,0)*0.8,0),VLOOKUP($A4,ANNUAL!$1:$1048576,8,0)) -> 0 | AL4: =SUM(AJ4:AK4) -> 0 | AM4: =VLOOKUP($A4,ANNUAL!$1:$1048576,9,0) -> 0 | AN4: =VLOOKUP($A4,ANNUAL!$1:$1048576,10,0) -> 0 | AO4: =VLOOKUP($A4,ANNUAL!$1:$1048576,11,0) -> 0 | AP4: =VLOOKUP($A4,ANNUAL!$1:$1048576,12,0) -> 0 | AQ4: =VLOOKUP($A4,ANNUAL!$1:$1048576,13,0) -> 0 | AR4: =VLOOKUP($A4,ANNUAL!$1:$1048576,14,0) -> 0 | AS4: =VLOOKUP($A4,ANNUAL!$1:$1048576,15,0) -> 0 | AT4: =SUM(E4,H4,K4,N4,Q4,T4,W4,Z4,AC4,AF4,AI4,AL4) -> 0 | AU4: =ROUND(AT4/12,2)&" %" -> 0 %
A5: =DETAILS!A4 -> 1926 | B5: =DETAILS!B4 -> ADITYA KUMAR | C5: =VLOOKUP($A5,'HY Compile'!$1:$1048576,3,0) -> 0 | D5: =VLOOKUP($A5,'HY Compile'!$1:$1048576,4,0) -> 0 | E5: =SUM(C5:D5) -> 0 | F5: =VLOOKUP($A5,'UT-2'!$1:$1048576,3,0) -> 0 | G5: =IFERROR(ROUND(VLOOKUP($A5,ANNUAL!$1:$1048576,3,0)*0.8,0),VLOOKUP($A5,ANNUAL!$1:$1048576,3,0)) -> 0 | H5: =SUM(F5:G5) -> 0 | I5: =VLOOKUP($A5,'HY Compile'!$1:$1048576,6,0) -> 0 | J5: =VLOOKUP($A5,'HY Compile'!$1:$1048576,7,0) -> 0 | K5: =SUM(I5:J5) -> 0 | L5: =VLOOKUP($A5,'UT-2'!$1:$1048576,4,0) -> 0 | M5: =IFERROR(ROUND(VLOOKUP($A5,ANNUAL!$1:$1048576,4,0)*0.8,0),VLOOKUP($A5,ANNUAL!$1:$1048576,4,0)) -> 0 | N5: =SUM(L5:M5) -> 0 | O5: =VLOOKUP($A5,'HY Compile'!$1:$1048576,9,0) -> 0 | P5: =VLOOKUP($A5,'HY Compile'!$1:$1048576,10,0) -> 0 | Q5: =SUM(O5:P5) -> 0 | R5: =VLOOKUP($A5,'UT-2'!$1:$1048576,5,0) -> 0 | S5: =IFERROR(ROUND(VLOOKUP($A5,ANNUAL!$1:$1048576,5,0)*0.8,0),VLOOKUP($A5,ANNUAL!$1:$1048576,5,0)) -> 0 | T5: =SUM(R5:S5) -> 0 | U5: =VLOOKUP($A5,'HY Compile'!$1:$1048576,12,0) -> 0 | V5: =VLOOKUP($A5,'HY Compile'!$1:$1048576,13,0) -> 0 | W5: =SUM(U5:V5) -> 0 | X5: =VLOOKUP($A5,'UT-2'!$1:$1048576,6,0) -> 0 | Y5: =IFERROR(ROUND(VLOOKUP($A5,ANNUAL!$1:$1048576,6,0)*0.8,0),VLOOKUP($A5,ANNUAL!$1:$1048576,6,0)) -> 0 | Z5: =SUM(X5:Y5) -> 0 | AA5: =VLOOKUP($A5,'HY Compile'!$1:$1048576,15,0) -> 0 | AB5: =VLOOKUP($A5,'HY Compile'!$1:$1048576,16,0) -> 0 | AC5: =SUM(AA5:AB5) -> 0 | AD5: =VLOOKUP($A5,'UT-2'!$1:$1048576,7,0) -> 0 | AE5: =IFERROR(ROUND(VLOOKUP($A5,ANNUAL!$1:$1048576,7,0)*0.8,0),VLOOKUP($A5,ANNUAL!$1:$1048576,7,0)) -> 0 | AF5: =SUM(AD5:AE5) -> 0 | AG5: =VLOOKUP($A5,'HY Compile'!$1:$1048576,18,0) -> 0 | AH5: =VLOOKUP($A5,'HY Compile'!$1:$1048576,19,0) -> 0 | AI5: =SUM(AG5:AH5) -> 0 | AJ5: =VLOOKUP($A5,'UT-2'!$1:$1048576,8,0) -> 0 | AK5: =IFERROR(ROUND(VLOOKUP($A5,ANNUAL!$1:$1048576,8,0)*0.8,0),VLOOKUP($A5,ANNUAL!$1:$1048576,8,0)) -> 0 | AL5: =SUM(AJ5:AK5) -> 0 | AM5: =VLOOKUP($A5,ANNUAL!$1:$1048576,9,0) -> 0 | AN5: =VLOOKUP($A5,ANNUAL!$1:$1048576,10,0) -> 0 | AO5: =VLOOKUP($A5,ANNUAL!$1:$1048576,11,0) -> 0 | AP5: =VLOOKUP($A5,ANNUAL!$1:$1048576,12,0) -> 0 | AQ5: =VLOOKUP($A5,ANNUAL!$1:$1048576,13,0) -> 0 | AR5: =VLOOKUP($A5,ANNUAL!$1:$1048576,14,0) -> 0 | AS5: =VLOOKUP($A5,ANNUAL!$1:$1048576,15,0) -> 0 | AT5: =SUM(E5,H5,K5,N5,Q5,T5,W5,Z5,AC5,AF5,AI5,AL5) -> 0 | AU5: =ROUND(AT5/12,2)&" %" -> 0 %
A6: =DETAILS!A5 -> 1841 | B6: =DETAILS!B5 -> ANSHIKA THAKUR | C6: =VLOOKUP($A6,'HY Compile'!$1:$1048576,3,0) -> 0 | D6: =VLOOKUP($A6,'HY Compile'!$1:$1048576,4,0) -> 0 | E6: =SUM(C6:D6) -> 0 | F6: =VLOOKUP($A6,'UT-2'!$1:$1048576,3,0) -> 0 | G6: =IFERROR(ROUND(VLOOKUP($A6,ANNUAL!$1:$1048576,3,0)*0.8,0),VLOOKUP($A6,ANNUAL!$1:$1048576,3,0)) -> 0 | H6: =SUM(F6:G6) -> 0 | I6: =VLOOKUP($A6,'HY Compile'!$1:$1048576,6,0) -> 0 | J6: =VLOOKUP($A6,'HY Compile'!$1:$1048576,7,0) -> 0 | K6: =SUM(I6:J6) -> 0 | L6: =VLOOKUP($A6,'UT-2'!$1:$1048576,4,0) -> 0 | M6: =IFERROR(ROUND(VLOOKUP($A6,ANNUAL!$1:$1048576,4,0)*0.8,0),VLOOKUP($A6,ANNUAL!$1:$1048576,4,0)) -> 0 | N6: =SUM(L6:M6) -> 0 | O6: =VLOOKUP($A6,'HY Compile'!$1:$1048576,9,0) -> 0 | P6: =VLOOKUP($A6,'HY Compile'!$1:$1048576,10,0) -> 0 | Q6: =SUM(O6:P6) -> 0 | R6: =VLOOKUP($A6,'UT-2'!$1:$1048576,5,0) -> 0 | S6: =IFERROR(ROUND(VLOOKUP($A6,ANNUAL!$1:$1048576,5,0)*0.8,0),VLOOKUP($A6,ANNUAL!$1:$1048576,5,0)) -> 0 | T6: =SUM(R6:S6) -> 0 | U6: =VLOOKUP($A6,'HY Compile'!$1:$1048576,12,0) -> 0 | V6: =VLOOKUP($A6,'HY Compile'!$1:$1048576,13,0) -> 0 | W6: =SUM(U6:V6) -> 0 | X6: =VLOOKUP($A6,'UT-2'!$1:$1048576,6,0) -> 0 | Y6: =IFERROR(ROUND(VLOOKUP($A6,ANNUAL!$1:$1048576,6,0)*0.8,0),VLOOKUP($A6,ANNUAL!$1:$1048576,6,0)) -> 0 | Z6: =SUM(X6:Y6) -> 0 | AA6: =VLOOKUP($A6,'HY Compile'!$1:$1048576,15,0) -> 0 | AB6: =VLOOKUP($A6,'HY Compile'!$1:$1048576,16,0) -> 0 | AC6: =SUM(AA6:AB6) -> 0 | AD6: =VLOOKUP($A6,'UT-2'!$1:$1048576,7,0) -> 0 | AE6: =IFERROR(ROUND(VLOOKUP($A6,ANNUAL!$1:$1048576,7,0)*0.8,0),VLOOKUP($A6,ANNUAL!$1:$1048576,7,0)) -> 0 | AF6: =SUM(AD6:AE6) -> 0 | AG6: =VLOOKUP($A6,'HY Compile'!$1:$1048576,18,0) -> 0 | AH6: =VLOOKUP($A6,'HY Compile'!$1:$1048576,19,0) -> 0 | AI6: =SUM(AG6:AH6) -> 0 | AJ6: =VLOOKUP($A6,'UT-2'!$1:$1048576,8,0) -> 0 | AK6: =IFERROR(ROUND(VLOOKUP($A6,ANNUAL!$1:$1048576,8,0)*0.8,0),VLOOKUP($A6,ANNUAL!$1:$1048576,8,0)) -> 0 | AL6: =SUM(AJ6:AK6) -> 0 | AM6: =VLOOKUP($A6,ANNUAL!$1:$1048576,9,0) -> 0 | AN6: =VLOOKUP($A6,ANNUAL!$1:$1048576,10,0) -> 0 | AO6: =VLOOKUP($A6,ANNUAL!$1:$1048576,11,0) -> 0 | AP6: =VLOOKUP($A6,ANNUAL!$1:$1048576,12,0) -> 0 | AQ6: =VLOOKUP($A6,ANNUAL!$1:$1048576,13,0) -> 0 | AR6: =VLOOKUP($A6,ANNUAL!$1:$1048576,14,0) -> 0 | AS6: =VLOOKUP($A6,ANNUAL!$1:$1048576,15,0) -> 0 | AT6: =SUM(E6,H6,K6,N6,Q6,T6,W6,Z6,AC6,AF6,AI6,AL6) -> 0 | AU6: =ROUND(AT6/12,2)&" %" -> 0 %
A7: =DETAILS!A6 -> 1724 | B7: =DETAILS!B6 -> ANSHIKA YADAV | C7: =VLOOKUP($A7,'HY Compile'!$1:$1048576,3,0) -> 0 | D7: =VLOOKUP($A7,'HY Compile'!$1:$1048576,4,0) -> 0 | E7: =SUM(C7:D7) -> 0 | F7: =VLOOKUP($A7,'UT-2'!$1:$1048576,3,0) -> 0 | G7: =IFERROR(ROUND(VLOOKUP($A7,ANNUAL!$1:$1048576,3,0)*0.8,0),VLOOKUP($A7,ANNUAL!$1:$1048576,3,0)) -> 0 | H7: =SUM(F7:G7) -> 0 | I7: =VLOOKUP($A7,'HY Compile'!$1:$1048576,6,0) -> 0 | J7: =VLOOKUP($A7,'HY Compile'!$1:$1048576,7,0) -> 0 | K7: =SUM(I7:J7) -> 0 | L7: =VLOOKUP($A7,'UT-2'!$1:$1048576,4,0) -> 0 | M7: =IFERROR(ROUND(VLOOKUP($A7,ANNUAL!$1:$1048576,4,0)*0.8,0),VLOOKUP($A7,ANNUAL!$1:$1048576,4,0)) -> 0 | N7: =SUM(L7:M7) -> 0 | O7: =VLOOKUP($A7,'HY Compile'!$1:$1048576,9,0) -> 0 | P7: =VLOOKUP($A7,'HY Compile'!$1:$1048576,10,0) -> 0 | Q7: =SUM(O7:P7) -> 0 | R7: =VLOOKUP($A7,'UT-2'!$1:$1048576,5,0) -> 0 | S7: =IFERROR(ROUND(VLOOKUP($A7,ANNUAL!$1:$1048576,5,0)*0.8,0),VLOOKUP($A7,ANNUAL!$1:$1048576,5,0)) -> 0 | T7: =SUM(R7:S7) -> 0 | U7: =VLOOKUP($A7,'HY Compile'!$1:$1048576,12,0) -> 0 | V7: =VLOOKUP($A7,'HY Compile'!$1:$1048576,13,0) -> 0 | W7: =SUM(U7:V7) -> 0 | X7: =VLOOKUP($A7,'UT-2'!$1:$1048576,6,0) -> 0 | Y7: =IFERROR(ROUND(VLOOKUP($A7,ANNUAL!$1:$1048576,6,0)*0.8,0),VLOOKUP($A7,ANNUAL!$1:$1048576,6,0)) -> 0 | Z7: =SUM(X7:Y7) -> 0 | AA7: =VLOOKUP($A7,'HY Compile'!$1:$1048576,15,0) -> 0 | AB7: =VLOOKUP($A7,'HY Compile'!$1:$1048576,16,0) -> 0 | AC7: =SUM(AA7:AB7) -> 0 | AD7: =VLOOKUP($A7,'UT-2'!$1:$1048576,7,0) -> 0 | AE7: =IFERROR(ROUND(VLOOKUP($A7,ANNUAL!$1:$1048576,7,0)*0.8,0),VLOOKUP($A7,ANNUAL!$1:$1048576,7,0)) -> 0 | AF7: =SUM(AD7:AE7) -> 0 | AG7: =VLOOKUP($A7,'HY Compile'!$1:$1048576,18,0) -> 0 | AH7: =VLOOKUP($A7,'HY Compile'!$1:$1048576,19,0) -> 0 | AI7: =SUM(AG7:AH7) -> 0 | AJ7: =VLOOKUP($A7,'UT-2'!$1:$1048576,8,0) -> 0 | AK7: =IFERROR(ROUND(VLOOKUP($A7,ANNUAL!$1:$1048576,8,0)*0.8,0),VLOOKUP($A7,ANNUAL!$1:$1048576,8,0)) -> 0 | AL7: =SUM(AJ7:AK7) -> 0 | AM7: =VLOOKUP($A7,ANNUAL!$1:$1048576,9,0) -> 0 | AN7: =VLOOKUP($A7,ANNUAL!$1:$1048576,10,0) -> 0 | AO7: =VLOOKUP($A7,ANNUAL!$1:$1048576,11,0) -> 0 | AP7: =VLOOKUP($A7,ANNUAL!$1:$1048576,12,0) -> 0 | AQ7: =VLOOKUP($A7,ANNUAL!$1:$1048576,13,0) -> 0 | AR7: =VLOOKUP($A7,ANNUAL!$1:$1048576,14,0) -> 0 | AS7: =VLOOKUP($A7,ANNUAL!$1:$1048576,15,0) -> 0 | AT7: =SUM(E7,H7,K7,N7,Q7,T7,W7,Z7,AC7,AF7,AI7,AL7) -> 0 | AU7: =ROUND(AT7/12,2)&" %" -> 0 %
A8: =DETAILS!A7 -> 1112 | B8: =DETAILS!B7 -> AQSA BANO | C8: =VLOOKUP($A8,'HY Compile'!$1:$1048576,3,0) -> 0 | D8: =VLOOKUP($A8,'HY Compile'!$1:$1048576,4,0) -> 0 | E8: =SUM(C8:D8) -> 0 | F8: =VLOOKUP($A8,'UT-2'!$1:$1048576,3,0) -> 0 | G8: =IFERROR(ROUND(VLOOKUP($A8,ANNUAL!$1:$1048576,3,0)*0.8,0),VLOOKUP($A8,ANNUAL!$1:$1048576,3,0)) -> 0 | H8: =SUM(F8:G8) -> 0 | I8: =VLOOKUP($A8,'HY Compile'!$1:$1048576,6,0) -> 0 | J8: =VLOOKUP($A8,'HY Compile'!$1:$1048576,7,0) -> 0 | K8: =SUM(I8:J8) -> 0 | L8: =VLOOKUP($A8,'UT-2'!$1:$1048576,4,0) -> 0 | M8: =IFERROR(ROUND(VLOOKUP($A8,ANNUAL!$1:$1048576,4,0)*0.8,0),VLOOKUP($A8,ANNUAL!$1:$1048576,4,0)) -> 0 | N8: =SUM(L8:M8) -> 0 | O8: =VLOOKUP($A8,'HY Compile'!$1:$1048576,9,0) -> 0 | P8: =VLOOKUP($A8,'HY Compile'!$1:$1048576,10,0) -> 0 | Q8: =SUM(O8:P8) -> 0 | R8: =VLOOKUP($A8,'UT-2'!$1:$1048576,5,0) -> 0 | S8: =IFERROR(ROUND(VLOOKUP($A8,ANNUAL!$1:$1048576,5,0)*0.8,0),VLOOKUP($A8,ANNUAL!$1:$1048576,5,0)) -> 0 | T8: =SUM(R8:S8) -> 0 | U8: =VLOOKUP($A8,'HY Compile'!$1:$1048576,12,0) -> 0 | V8: =VLOOKUP($A8,'HY Compile'!$1:$1048576,13,0) -> 0 | W8: =SUM(U8:V8) -> 0 | X8: =VLOOKUP($A8,'UT-2'!$1:$1048576,6,0) -> 0 | Y8: =IFERROR(ROUND(VLOOKUP($A8,ANNUAL!$1:$1048576,6,0)*0.8,0),VLOOKUP($A8,ANNUAL!$1:$1048576,6,0)) -> 0 | Z8: =SUM(X8:Y8) -> 0 | AA8: =VLOOKUP($A8,'HY Compile'!$1:$1048576,15,0) -> 0 | AB8: =VLOOKUP($A8,'HY Compile'!$1:$1048576,16,0) -> 0 | AC8: =SUM(AA8:AB8) -> 0 | AD8: =VLOOKUP($A8,'UT-2'!$1:$1048576,7,0) -> 0 | AE8: =IFERROR(ROUND(VLOOKUP($A8,ANNUAL!$1:$1048576,7,0)*0.8,0),VLOOKUP($A8,ANNUAL!$1:$1048576,7,0)) -> 0 | AF8: =SUM(AD8:AE8) -> 0 | AG8: =VLOOKUP($A8,'HY Compile'!$1:$1048576,18,0) -> 0 | AH8: =VLOOKUP($A8,'HY Compile'!$1:$1048576,19,0) -> 0 | AI8: =SUM(AG8:AH8) -> 0 | AJ8: =VLOOKUP($A8,'UT-2'!$1:$1048576,8,0) -> 0 | AK8: =IFERROR(ROUND(VLOOKUP($A8,ANNUAL!$1:$1048576,8,0)*0.8,0),VLOOKUP($A8,ANNUAL!$1:$1048576,8,0)) -> 0 | AL8: =SUM(AJ8:AK8) -> 0 | AM8: =VLOOKUP($A8,ANNUAL!$1:$1048576,9,0) -> 0 | AN8: =VLOOKUP($A8,ANNUAL!$1:$1048576,10,0) -> 0 | AO8: =VLOOKUP($A8,ANNUAL!$1:$1048576,11,0) -> 0 | AP8: =VLOOKUP($A8,ANNUAL!$1:$1048576,12,0) -> 0 | AQ8: =VLOOKUP($A8,ANNUAL!$1:$1048576,13,0) -> 0 | AR8: =VLOOKUP($A8,ANNUAL!$1:$1048576,14,0) -> 0 | AS8: =VLOOKUP($A8,ANNUAL!$1:$1048576,15,0) -> 0 | AT8: =SUM(E8,H8,K8,N8,Q8,T8,W8,Z8,AC8,AF8,AI8,AL8) -> 0 | AU8: =ROUND(AT8/12,2)&" %" -> 0 %
A9: =DETAILS!A8 -> 1830 | B9: =DETAILS!B8 -> ATHARVA SHARMA | C9: =VLOOKUP($A9,'HY Compile'!$1:$1048576,3,0) -> 0 | D9: =VLOOKUP($A9,'HY Compile'!$1:$1048576,4,0) -> 0 | E9: =SUM(C9:D9) -> 0 | F9: =VLOOKUP($A9,'UT-2'!$1:$1048576,3,0) -> 0 | G9: =IFERROR(ROUND(VLOOKUP($A9,ANNUAL!$1:$1048576,3,0)*0.8,0),VLOOKUP($A9,ANNUAL!$1:$1048576,3,0)) -> 0 | H9: =SUM(F9:G9) -> 0 | I9: =VLOOKUP($A9,'HY Compile'!$1:$1048576,6,0) -> 0 | J9: =VLOOKUP($A9,'HY Compile'!$1:$1048576,7,0) -> 0 | K9: =SUM(I9:J9) -> 0 | L9: =VLOOKUP($A9,'UT-2'!$1:$1048576,4,0) -> 0 | M9: =IFERROR(ROUND(VLOOKUP($A9,ANNUAL!$1:$1048576,4,0)*0.8,0),VLOOKUP($A9,ANNUAL!$1:$1048576,4,0)) -> 0 | N9: =SUM(L9:M9) -> 0 | O9: =VLOOKUP($A9,'HY Compile'!$1:$1048576,9,0) -> 0 | P9: =VLOOKUP($A9,'HY Compile'!$1:$1048576,10,0) -> 0 | Q9: =SUM(O9:P9) -> 0 | R9: =VLOOKUP($A9,'UT-2'!$1:$1048576,5,0) -> 0 | S9: =IFERROR(ROUND(VLOOKUP($A9,ANNUAL!$1:$1048576,5,0)*0.8,0),VLOOKUP($A9,ANNUAL!$1:$1048576,5,0)) -> 0 | T9: =SUM(R9:S9) -> 0 | U9: =VLOOKUP($A9,'HY Compile'!$1:$1048576,12,0) -> 0 | V9: =VLOOKUP($A9,'HY Compile'!$1:$1048576,13,0) -> 0 | W9: =SUM(U9:V9) -> 0 | X9: =VLOOKUP($A9,'UT-2'!$1:$1048576,6,0) -> 0 | Y9: =IFERROR(ROUND(VLOOKUP($A9,ANNUAL!$1:$1048576,6,0)*0.8,0),VLOOKUP($A9,ANNUAL!$1:$1048576,6,0)) -> 0 | Z9: =SUM(X9:Y9) -> 0 | AA9: =VLOOKUP($A9,'HY Compile'!$1:$1048576,15,0) -> 0 | AB9: =VLOOKUP($A9,'HY Compile'!$1:$1048576,16,0) -> 0 | AC9: =SUM(AA9:AB9) -> 0 | AD9: =VLOOKUP($A9,'UT-2'!$1:$1048576,7,0) -> 0 | AE9: =IFERROR(ROUND(VLOOKUP($A9,ANNUAL!$1:$1048576,7,0)*0.8,0),VLOOKUP($A9,ANNUAL!$1:$1048576,7,0)) -> 0 | AF9: =SUM(AD9:AE9) -> 0 | AG9: =VLOOKUP($A9,'HY Compile'!$1:$1048576,18,0) -> 0 | AH9: =VLOOKUP($A9,'HY Compile'!$1:$1048576,19,0) -> 0 | AI9: =SUM(AG9:AH9) -> 0 | AJ9: =VLOOKUP($A9,'UT-2'!$1:$1048576,8,0) -> 0 | AK9: =IFERROR(ROUND(VLOOKUP($A9,ANNUAL!$1:$1048576,8,0)*0.8,0),VLOOKUP($A9,ANNUAL!$1:$1048576,8,0)) -> 0 | AL9: =SUM(AJ9:AK9) -> 0 | AM9: =VLOOKUP($A9,ANNUAL!$1:$1048576,9,0) -> 0 | AN9: =VLOOKUP($A9,ANNUAL!$1:$1048576,10,0) -> 0 | AO9: =VLOOKUP($A9,ANNUAL!$1:$1048576,11,0) -> 0 | AP9: =VLOOKUP($A9,ANNUAL!$1:$1048576,12,0) -> 0 | AQ9: =VLOOKUP($A9,ANNUAL!$1:$1048576,13,0) -> 0 | AR9: =VLOOKUP($A9,ANNUAL!$1:$1048576,14,0) -> 0 | AS9: =VLOOKUP($A9,ANNUAL!$1:$1048576,15,0) -> 0 | AT9: =SUM(E9,H9,K9,N9,Q9,T9,W9,Z9,AC9,AF9,AI9,AL9) -> 0 | AU9: =ROUND(AT9/12,2)&" %" -> 0 %
A10: =DETAILS!A9 -> 1516 | B10: =DETAILS!B9 -> AYUB KHAN | C10: =VLOOKUP($A10,'HY Compile'!$1:$1048576,3,0) -> 0 | D10: =VLOOKUP($A10,'HY Compile'!$1:$1048576,4,0) -> 0 | E10: =SUM(C10:D10) -> 0 | F10: =VLOOKUP($A10,'UT-2'!$1:$1048576,3,0) -> 0 | G10: =IFERROR(ROUND(VLOOKUP($A10,ANNUAL!$1:$1048576,3,0)*0.8,0),VLOOKUP($A10,ANNUAL!$1:$1048576,3,0)) -> 0 | H10: =SUM(F10:G10) -> 0 | I10: =VLOOKUP($A10,'HY Compile'!$1:$1048576,6,0) -> 0 | J10: =VLOOKUP($A10,'HY Compile'!$1:$1048576,7,0) -> 0 | K10: =SUM(I10:J10) -> 0 | L10: =VLOOKUP($A10,'UT-2'!$1:$1048576,4,0) -> 0 | M10: =IFERROR(ROUND(VLOOKUP($A10,ANNUAL!$1:$1048576,4,0)*0.8,0),VLOOKUP($A10,ANNUAL!$1:$1048576,4,0)) -> 0 | N10: =SUM(L10:M10) -> 0 | O10: =VLOOKUP($A10,'HY Compile'!$1:$1048576,9,0) -> 0 | P10: =VLOOKUP($A10,'HY Compile'!$1:$1048576,10,0) -> 0 | Q10: =SUM(O10:P10) -> 0 | R10: =VLOOKUP($A10,'UT-2'!$1:$1048576,5,0) -> 0 | S10: =IFERROR(ROUND(VLOOKUP($A10,ANNUAL!$1:$1048576,5,0)*0.8,0),VLOOKUP($A10,ANNUAL!$1:$1048576,5,0)) -> 0 | T10: =SUM(R10:S10) -> 0 | U10: =VLOOKUP($A10,'HY Compile'!$1:$1048576,12,0) -> 0 | V10: =VLOOKUP($A10,'HY Compile'!$1:$1048576,13,0) -> 0 | W10: =SUM(U10:V10) -> 0 | X10: =VLOOKUP($A10,'UT-2'!$1:$1048576,6,0) -> 0 | Y10: =IFERROR(ROUND(VLOOKUP($A10,ANNUAL!$1:$1048576,6,0)*0.8,0),VLOOKUP($A10,ANNUAL!$1:$1048576,6,0)) -> 0 | Z10: =SUM(X10:Y10) -> 0 | AA10: =VLOOKUP($A10,'HY Compile'!$1:$1048576,15,0) -> 0 | AB10: =VLOOKUP($A10,'HY Compile'!$1:$1048576,16,0) -> 0 | AC10: =SUM(AA10:AB10) -> 0 | AD10: =VLOOKUP($A10,'UT-2'!$1:$1048576,7,0) -> 0 | AE10: =IFERROR(ROUND(VLOOKUP($A10,ANNUAL!$1:$1048576,7,0)*0.8,0),VLOOKUP($A10,ANNUAL!$1:$1048576,7,0)) -> 0 | AF10: =SUM(AD10:AE10) -> 0 | AG10: =VLOOKUP($A10,'HY Compile'!$1:$1048576,18,0) -> 0 | AH10: =VLOOKUP($A10,'HY Compile'!$1:$1048576,19,0) -> 0 | AI10: =SUM(AG10:AH10) -> 0 | AJ10: =VLOOKUP($A10,'UT-2'!$1:$1048576,8,0) -> 0 | AK10: =IFERROR(ROUND(VLOOKUP($A10,ANNUAL!$1:$1048576,8,0)*0.8,0),VLOOKUP($A10,ANNUAL!$1:$1048576,8,0)) -> 0 | AL10: =SUM(AJ10:AK10) -> 0 | AM10: =VLOOKUP($A10,ANNUAL!$1:$1048576,9,0) -> 0 | AN10: =VLOOKUP($A10,ANNUAL!$1:$1048576,10,0) -> 0 | AO10: =VLOOKUP($A10,ANNUAL!$1:$1048576,11,0) -> 0 | AP10: =VLOOKUP($A10,ANNUAL!$1:$1048576,12,0) -> 0 | AQ10: =VLOOKUP($A10,ANNUAL!$1:$1048576,13,0) -> 0 | AR10: =VLOOKUP($A10,ANNUAL!$1:$1048576,14,0) -> 0 | AS10: =VLOOKUP($A10,ANNUAL!$1:$1048576,15,0) -> 0 | AT10: =SUM(E10,H10,K10,N10,Q10,T10,W10,Z10,AC10,AF10,AI10,AL10) -> 0 | AU10: =ROUND(AT10/12,2)&" %" -> 0 %
A11: =DETAILS!A10 -> 1109 | B11: =DETAILS!B10 -> AYUSH MISHRA | C11: =VLOOKUP($A11,'HY Compile'!$1:$1048576,3,0) -> 0 | D11: =VLOOKUP($A11,'HY Compile'!$1:$1048576,4,0) -> 0 | E11: =SUM(C11:D11) -> 0 | F11: =VLOOKUP($A11,'UT-2'!$1:$1048576,3,0) -> 0 | G11: =IFERROR(ROUND(VLOOKUP($A11,ANNUAL!$1:$1048576,3,0)*0.8,0),VLOOKUP($A11,ANNUAL!$1:$1048576,3,0)) -> 0 | H11: =SUM(F11:G11) -> 0 | I11: =VLOOKUP($A11,'HY Compile'!$1:$1048576,6,0) -> 0 | J11: =VLOOKUP($A11,'HY Compile'!$1:$1048576,7,0) -> 0 | K11: =SUM(I11:J11) -> 0 | L11: =VLOOKUP($A11,'UT-2'!$1:$1048576,4,0) -> 0 | M11: =IFERROR(ROUND(VLOOKUP($A11,ANNUAL!$1:$1048576,4,0)*0.8,0),VLOOKUP($A11,ANNUAL!$1:$1048576,4,0)) -> 0 | N11: =SUM(L11:M11) -> 0 | O11: =VLOOKUP($A11,'HY Compile'!$1:$1048576,9,0) -> 0 | P11: =VLOOKUP($A11,'HY Compile'!$1:$1048576,10,0) -> 0 | Q11: =SUM(O11:P11) -> 0 | R11: =VLOOKUP($A11,'UT-2'!$1:$1048576,5,0) -> 0 | S11: =IFERROR(ROUND(VLOOKUP($A11,ANNUAL!$1:$1048576,5,0)*0.8,0),VLOOKUP($A11,ANNUAL!$1:$1048576,5,0)) -> 0 | T11: =SUM(R11:S11) -> 0 | U11: =VLOOKUP($A11,'HY Compile'!$1:$1048576,12,0) -> 0 | V11: =VLOOKUP($A11,'HY Compile'!$1:$1048576,13,0) -> 0 | W11: =SUM(U11:V11) -> 0 | X11: =VLOOKUP($A11,'UT-2'!$1:$1048576,6,0) -> 0 | Y11: =IFERROR(ROUND(VLOOKUP($A11,ANNUAL!$1:$1048576,6,0)*0.8,0),VLOOKUP($A11,ANNUAL!$1:$1048576,6,0)) -> 0 | Z11: =SUM(X11:Y11) -> 0 | AA11: =VLOOKUP($A11,'HY Compile'!$1:$1048576,15,0) -> 0 | AB11: =VLOOKUP($A11,'HY Compile'!$1:$1048576,16,0) -> 0 | AC11: =SUM(AA11:AB11) -> 0 | AD11: =VLOOKUP($A11,'UT-2'!$1:$1048576,7,0) -> 0 | AE11: =IFERROR(ROUND(VLOOKUP($A11,ANNUAL!$1:$1048576,7,0)*0.8,0),VLOOKUP($A11,ANNUAL!$1:$1048576,7,0)) -> 0 | AF11: =SUM(AD11:AE11) -> 0 | AG11: =VLOOKUP($A11,'HY Compile'!$1:$1048576,18,0) -> 0 | AH11: =VLOOKUP($A11,'HY Compile'!$1:$1048576,19,0) -> 0 | AI11: =SUM(AG11:AH11) -> 0 | AJ11: =VLOOKUP($A11,'UT-2'!$1:$1048576,8,0) -> 0 | AK11: =IFERROR(ROUND(VLOOKUP($A11,ANNUAL!$1:$1048576,8,0)*0.8,0),VLOOKUP($A11,ANNUAL!$1:$1048576,8,0)) -> 0 | AL11: =SUM(AJ11:AK11) -> 0 | AM11: =VLOOKUP($A11,ANNUAL!$1:$1048576,9,0) -> 0 | AN11: =VLOOKUP($A11,ANNUAL!$1:$1048576,10,0) -> 0 | AO11: =VLOOKUP($A11,ANNUAL!$1:$1048576,11,0) -> 0 | AP11: =VLOOKUP($A11,ANNUAL!$1:$1048576,12,0) -> 0 | AQ11: =VLOOKUP($A11,ANNUAL!$1:$1048576,13,0) -> 0 | AR11: =VLOOKUP($A11,ANNUAL!$1:$1048576,14,0) -> 0 | AS11: =VLOOKUP($A11,ANNUAL!$1:$1048576,15,0) -> 0 | AT11: =SUM(E11,H11,K11,N11,Q11,T11,W11,Z11,AC11,AF11,AI11,AL11) -> 0 | AU11: =ROUND(AT11/12,2)&" %" -> 0 %
A12: =DETAILS!A11 -> 1951 | B12: =DETAILS!B11 -> AYUSHI YADAV | C12: =VLOOKUP($A12,'HY Compile'!$1:$1048576,3,0) -> 0 | D12: =VLOOKUP($A12,'HY Compile'!$1:$1048576,4,0) -> 0 | E12: =SUM(C12:D12) -> 0 | F12: =VLOOKUP($A12,'UT-2'!$1:$1048576,3,0) -> 0 | G12: =IFERROR(ROUND(VLOOKUP($A12,ANNUAL!$1:$1048576,3,0)*0.8,0),VLOOKUP($A12,ANNUAL!$1:$1048576,3,0)) -> 0 | H12: =SUM(F12:G12) -> 0 | I12: =VLOOKUP($A12,'HY Compile'!$1:$1048576,6,0) -> 0 | J12: =VLOOKUP($A12,'HY Compile'!$1:$1048576,7,0) -> 0 | K12: =SUM(I12:J12) -> 0 | L12: =VLOOKUP($A12,'UT-2'!$1:$1048576,4,0) -> 0 | M12: =IFERROR(ROUND(VLOOKUP($A12,ANNUAL!$1:$1048576,4,0)*0.8,0),VLOOKUP($A12,ANNUAL!$1:$1048576,4,0)) -> 0 | N12: =SUM(L12:M12) -> 0 | O12: =VLOOKUP($A12,'HY Compile'!$1:$1048576,9,0) -> 0 | P12: =VLOOKUP($A12,'HY Compile'!$1:$1048576,10,0) -> 0 | Q12: =SUM(O12:P12) -> 0 | R12: =VLOOKUP($A12,'UT-2'!$1:$1048576,5,0) -> 0 | S12: =IFERROR(ROUND(VLOOKUP($A12,ANNUAL!$1:$1048576,5,0)*0.8,0),VLOOKUP($A12,ANNUAL!$1:$1048576,5,0)) -> 0 | T12: =SUM(R12:S12) -> 0 | U12: =VLOOKUP($A12,'HY Compile'!$1:$1048576,12,0) -> 0 | V12: =VLOOKUP($A12,'HY Compile'!$1:$1048576,13,0) -> 0 | W12: =SUM(U12:V12) -> 0 | X12: =VLOOKUP($A12,'UT-2'!$1:$1048576,6,0) -> 0 | Y12: =IFERROR(ROUND(VLOOKUP($A12,ANNUAL!$1:$1048576,6,0)*0.8,0),VLOOKUP($A12,ANNUAL!$1:$1048576,6,0)) -> 0 | Z12: =SUM(X12:Y12) -> 0 | AA12: =VLOOKUP($A12,'HY Compile'!$1:$1048576,15,0) -> 0 | AB12: =VLOOKUP($A12,'HY Compile'!$1:$1048576,16,0) -> 0 | AC12: =SUM(AA12:AB12) -> 0 | AD12: =VLOOKUP($A12,'UT-2'!$1:$1048576,7,0) -> 0 | AE12: =IFERROR(ROUND(VLOOKUP($A12,ANNUAL!$1:$1048576,7,0)*0.8,0),VLOOKUP($A12,ANNUAL!$1:$1048576,7,0)) -> 0 | AF12: =SUM(AD12:AE12) -> 0 | AG12: =VLOOKUP($A12,'HY Compile'!$1:$1048576,18,0) -> 0 | AH12: =VLOOKUP($A12,'HY Compile'!$1:$1048576,19,0) -> 0 | AI12: =SUM(AG12:AH12) -> 0 | AJ12: =VLOOKUP($A12,'UT-2'!$1:$1048576,8,0) -> 0 | AK12: =IFERROR(ROUND(VLOOKUP($A12,ANNUAL!$1:$1048576,8,0)*0.8,0),VLOOKUP($A12,ANNUAL!$1:$1048576,8,0)) -> 0 | AL12: =SUM(AJ12:AK12) -> 0 | AM12: =VLOOKUP($A12,ANNUAL!$1:$1048576,9,0) -> 0 | AN12: =VLOOKUP($A12,ANNUAL!$1:$1048576,10,0) -> 0 | AO12: =VLOOKUP($A12,ANNUAL!$1:$1048576,11,0) -> 0 | AP12: =VLOOKUP($A12,ANNUAL!$1:$1048576,12,0) -> 0 | AQ12: =VLOOKUP($A12,ANNUAL!$1:$1048576,13,0) -> 0 | AR12: =VLOOKUP($A12,ANNUAL!$1:$1048576,14,0) -> 0 | AS12: =VLOOKUP($A12,ANNUAL!$1:$1048576,15,0) -> 0 | AT12: =SUM(E12,H12,K12,N12,Q12,T12,W12,Z12,AC12,AF12,AI12,AL12) -> 0 | AU12: =ROUND(AT12/12,2)&" %" -> 0 %
A13: =DETAILS!A12 -> 1863 | B13: =DETAILS!B12 -> BARIRA KHAN | C13: =VLOOKUP($A13,'HY Compile'!$1:$1048576,3,0) -> 0 | D13: =VLOOKUP($A13,'HY Compile'!$1:$1048576,4,0) -> 0 | E13: =SUM(C13:D13) -> 0 | F13: =VLOOKUP($A13,'UT-2'!$1:$1048576,3,0) -> 0 | G13: =IFERROR(ROUND(VLOOKUP($A13,ANNUAL!$1:$1048576,3,0)*0.8,0),VLOOKUP($A13,ANNUAL!$1:$1048576,3,0)) -> 0 | H13: =SUM(F13:G13) -> 0 | I13: =VLOOKUP($A13,'HY Compile'!$1:$1048576,6,0) -> 0 | J13: =VLOOKUP($A13,'HY Compile'!$1:$1048576,7,0) -> 0 | K13: =SUM(I13:J13) -> 0 | L13: =VLOOKUP($A13,'UT-2'!$1:$1048576,4,0) -> 0 | M13: =IFERROR(ROUND(VLOOKUP($A13,ANNUAL!$1:$1048576,4,0)*0.8,0),VLOOKUP($A13,ANNUAL!$1:$1048576,4,0)) -> 0 | N13: =SUM(L13:M13) -> 0 | O13: =VLOOKUP($A13,'HY Compile'!$1:$1048576,9,0) -> 0 | P13: =VLOOKUP($A13,'HY Compile'!$1:$1048576,10,0) -> 0 | Q13: =SUM(O13:P13) -> 0 | R13: =VLOOKUP($A13,'UT-2'!$1:$1048576,5,0) -> 0 | S13: =IFERROR(ROUND(VLOOKUP($A13,ANNUAL!$1:$1048576,5,0)*0.8,0),VLOOKUP($A13,ANNUAL!$1:$1048576,5,0)) -> 0 | T13: =SUM(R13:S13) -> 0 | U13: =VLOOKUP($A13,'HY Compile'!$1:$1048576,12,0) -> 0 | V13: =VLOOKUP($A13,'HY Compile'!$1:$1048576,13,0) -> 0 | W13: =SUM(U13:V13) -> 0 | X13: =VLOOKUP($A13,'UT-2'!$1:$1048576,6,0) -> 0 | Y13: =IFERROR(ROUND(VLOOKUP($A13,ANNUAL!$1:$1048576,6,0)*0.8,0),VLOOKUP($A13,ANNUAL!$1:$1048576,6,0)) -> 0 | Z13: =SUM(X13:Y13) -> 0 | AA13: =VLOOKUP($A13,'HY Compile'!$1:$1048576,15,0) -> 0 | AB13: =VLOOKUP($A13,'HY Compile'!$1:$1048576,16,0) -> 0 | AC13: =SUM(AA13:AB13) -> 0 | AD13: =VLOOKUP($A13,'UT-2'!$1:$1048576,7,0) -> 0 | AE13: =IFERROR(ROUND(VLOOKUP($A13,ANNUAL!$1:$1048576,7,0)*0.8,0),VLOOKUP($A13,ANNUAL!$1:$1048576,7,0)) -> 0 | AF13: =SUM(AD13:AE13) -> 0 | AG13: =VLOOKUP($A13,'HY Compile'!$1:$1048576,18,0) -> 0 | AH13: =VLOOKUP($A13,'HY Compile'!$1:$1048576,19,0) -> 0 | AI13: =SUM(AG13:AH13) -> 0 | AJ13: =VLOOKUP($A13,'UT-2'!$1:$1048576,8,0) -> 0 | AK13: =IFERROR(ROUND(VLOOKUP($A13,ANNUAL!$1:$1048576,8,0)*0.8,0),VLOOKUP($A13,ANNUAL!$1:$1048576,8,0)) -> 0 | AL13: =SUM(AJ13:AK13) -> 0 | AM13: =VLOOKUP($A13,ANNUAL!$1:$1048576,9,0) -> 0 | AN13: =VLOOKUP($A13,ANNUAL!$1:$1048576,10,0) -> 0 | AO13: =VLOOKUP($A13,ANNUAL!$1:$1048576,11,0) -> 0 | AP13: =VLOOKUP($A13,ANNUAL!$1:$1048576,12,0) -> 0 | AQ13: =VLOOKUP($A13,ANNUAL!$1:$1048576,13,0) -> 0 | AR13: =VLOOKUP($A13,ANNUAL!$1:$1048576,14,0) -> 0 | AS13: =VLOOKUP($A13,ANNUAL!$1:$1048576,15,0) -> 0 | AT13: =SUM(E13,H13,K13,N13,Q13,T13,W13,Z13,AC13,AF13,AI13,AL13) -> 0 | AU13: =ROUND(AT13/12,2)&" %" -> 0 %
A14: =DETAILS!A13 -> 899 | B14: =DETAILS!B13 -> DEEPANSHU MEENA | C14: =VLOOKUP($A14,'HY Compile'!$1:$1048576,3,0) -> 0 | D14: =VLOOKUP($A14,'HY Compile'!$1:$1048576,4,0) -> 0 | E14: =SUM(C14:D14) -> 0 | F14: =VLOOKUP($A14,'UT-2'!$1:$1048576,3,0) -> 0 | G14: =IFERROR(ROUND(VLOOKUP($A14,ANNUAL!$1:$1048576,3,0)*0.8,0),VLOOKUP($A14,ANNUAL!$1:$1048576,3,0)) -> 0 | H14: =SUM(F14:G14) -> 0 | I14: =VLOOKUP($A14,'HY Compile'!$1:$1048576,6,0) -> 0 | J14: =VLOOKUP($A14,'HY Compile'!$1:$1048576,7,0) -> 0 | K14: =SUM(I14:J14) -> 0 | L14: =VLOOKUP($A14,'UT-2'!$1:$1048576,4,0) -> 0 | M14: =IFERROR(ROUND(VLOOKUP($A14,ANNUAL!$1:$1048576,4,0)*0.8,0),VLOOKUP($A14,ANNUAL!$1:$1048576,4,0)) -> 0 | N14: =SUM(L14:M14) -> 0 | O14: =VLOOKUP($A14,'HY Compile'!$1:$1048576,9,0) -> 0 | P14: =VLOOKUP($A14,'HY Compile'!$1:$1048576,10,0) -> 0 | Q14: =SUM(O14:P14) -> 0 | R14: =VLOOKUP($A14,'UT-2'!$1:$1048576,5,0) -> 0 | S14: =IFERROR(ROUND(VLOOKUP($A14,ANNUAL!$1:$1048576,5,0)*0.8,0),VLOOKUP($A14,ANNUAL!$1:$1048576,5,0)) -> 0 | T14: =SUM(R14:S14) -> 0 | U14: =VLOOKUP($A14,'HY Compile'!$1:$1048576,12,0) -> 0 | V14: =VLOOKUP($A14,'HY Compile'!$1:$1048576,13,0) -> 0 | W14: =SUM(U14:V14) -> 0 | X14: =VLOOKUP($A14,'UT-2'!$1:$1048576,6,0) -> 0 | Y14: =IFERROR(ROUND(VLOOKUP($A14,ANNUAL!$1:$1048576,6,0)*0.8,0),VLOOKUP($A14,ANNUAL!$1:$1048576,6,0)) -> 0 | Z14: =SUM(X14:Y14) -> 0 | AA14: =VLOOKUP($A14,'HY Compile'!$1:$1048576,15,0) -> 0 | AB14: =VLOOKUP($A14,'HY Compile'!$1:$1048576,16,0) -> 0 | AC14: =SUM(AA14:AB14) -> 0 | AD14: =VLOOKUP($A14,'UT-2'!$1:$1048576,7,0) -> 0 | AE14: =IFERROR(ROUND(VLOOKUP($A14,ANNUAL!$1:$1048576,7,0)*0.8,0),VLOOKUP($A14,ANNUAL!$1:$1048576,7,0)) -> 0 | AF14: =SUM(AD14:AE14) -> 0 | AG14: =VLOOKUP($A14,'HY Compile'!$1:$1048576,18,0) -> 0 | AH14: =VLOOKUP($A14,'HY Compile'!$1:$1048576,19,0) -> 0 | AI14: =SUM(AG14:AH14) -> 0 | AJ14: =VLOOKUP($A14,'UT-2'!$1:$1048576,8,0) -> 0 | AK14: =IFERROR(ROUND(VLOOKUP($A14,ANNUAL!$1:$1048576,8,0)*0.8,0),VLOOKUP($A14,ANNUAL!$1:$1048576,8,0)) -> 0 | AL14: =SUM(AJ14:AK14) -> 0 | AM14: =VLOOKUP($A14,ANNUAL!$1:$1048576,9,0) -> 0 | AN14: =VLOOKUP($A14,ANNUAL!$1:$1048576,10,0) -> 0 | AO14: =VLOOKUP($A14,ANNUAL!$1:$1048576,11,0) -> 0 | AP14: =VLOOKUP($A14,ANNUAL!$1:$1048576,12,0) -> 0 | AQ14: =VLOOKUP($A14,ANNUAL!$1:$1048576,13,0) -> 0 | AR14: =VLOOKUP($A14,ANNUAL!$1:$1048576,14,0) -> 0 | AS14: =VLOOKUP($A14,ANNUAL!$1:$1048576,15,0) -> 0 | AT14: =SUM(E14,H14,K14,N14,Q14,T14,W14,Z14,AC14,AF14,AI14,AL14) -> 0 | AU14: =ROUND(AT14/12,2)&" %" -> 0 %
A15: =DETAILS!A14 -> 1924 | B15: =DETAILS!B14 -> DEVANSH SINGH | C15: =VLOOKUP($A15,'HY Compile'!$1:$1048576,3,0) -> 0 | D15: =VLOOKUP($A15,'HY Compile'!$1:$1048576,4,0) -> 0 | E15: =SUM(C15:D15) -> 0 | F15: =VLOOKUP($A15,'UT-2'!$1:$1048576,3,0) -> 0 | G15: =IFERROR(ROUND(VLOOKUP($A15,ANNUAL!$1:$1048576,3,0)*0.8,0),VLOOKUP($A15,ANNUAL!$1:$1048576,3,0)) -> 0 | H15: =SUM(F15:G15) -> 0 | I15: =VLOOKUP($A15,'HY Compile'!$1:$1048576,6,0) -> 0 | J15: =VLOOKUP($A15,'HY Compile'!$1:$1048576,7,0) -> 0 | K15: =SUM(I15:J15) -> 0 | L15: =VLOOKUP($A15,'UT-2'!$1:$1048576,4,0) -> 0 | M15: =IFERROR(ROUND(VLOOKUP($A15,ANNUAL!$1:$1048576,4,0)*0.8,0),VLOOKUP($A15,ANNUAL!$1:$1048576,4,0)) -> 0 | N15: =SUM(L15:M15) -> 0 | O15: =VLOOKUP($A15,'HY Compile'!$1:$1048576,9,0) -> 0 | P15: =VLOOKUP($A15,'HY Compile'!$1:$1048576,10,0) -> 0 | Q15: =SUM(O15:P15) -> 0 | R15: =VLOOKUP($A15,'UT-2'!$1:$1048576,5,0) -> 0 | S15: =IFERROR(ROUND(VLOOKUP($A15,ANNUAL!$1:$1048576,5,0)*0.8,0),VLOOKUP($A15,ANNUAL!$1:$1048576,5,0)) -> 0 | T15: =SUM(R15:S15) -> 0 | U15: =VLOOKUP($A15,'HY Compile'!$1:$1048576,12,0) -> 0 | V15: =VLOOKUP($A15,'HY Compile'!$1:$1048576,13,0) -> 0 | W15: =SUM(U15:V15) -> 0 | X15: =VLOOKUP($A15,'UT-2'!$1:$1048576,6,0) -> 0 | Y15: =IFERROR(ROUND(VLOOKUP($A15,ANNUAL!$1:$1048576,6,0)*0.8,0),VLOOKUP($A15,ANNUAL!$1:$1048576,6,0)) -> 0 | Z15: =SUM(X15:Y15) -> 0 | AA15: =VLOOKUP($A15,'HY Compile'!$1:$1048576,15,0) -> 0 | AB15: =VLOOKUP($A15,'HY Compile'!$1:$1048576,16,0) -> 0 | AC15: =SUM(AA15:AB15) -> 0 | AD15: =VLOOKUP($A15,'UT-2'!$1:$1048576,7,0) -> 0 | AE15: =IFERROR(ROUND(VLOOKUP($A15,ANNUAL!$1:$1048576,7,0)*0.8,0),VLOOKUP($A15,ANNUAL!$1:$1048576,7,0)) -> 0 | AF15: =SUM(AD15:AE15) -> 0 | AG15: =VLOOKUP($A15,'HY Compile'!$1:$1048576,18,0) -> 0 | AH15: =VLOOKUP($A15,'HY Compile'!$1:$1048576,19,0) -> 0 | AI15: =SUM(AG15:AH15) -> 0 | AJ15: =VLOOKUP($A15,'UT-2'!$1:$1048576,8,0) -> 0 | AK15: =IFERROR(ROUND(VLOOKUP($A15,ANNUAL!$1:$1048576,8,0)*0.8,0),VLOOKUP($A15,ANNUAL!$1:$1048576,8,0)) -> 0 | AL15: =SUM(AJ15:AK15) -> 0 | AM15: =VLOOKUP($A15,ANNUAL!$1:$1048576,9,0) -> 0 | AN15: =VLOOKUP($A15,ANNUAL!$1:$1048576,10,0) -> 0 | AO15: =VLOOKUP($A15,ANNUAL!$1:$1048576,11,0) -> 0 | AP15: =VLOOKUP($A15,ANNUAL!$1:$1048576,12,0) -> 0 | AQ15: =VLOOKUP($A15,ANNUAL!$1:$1048576,13,0) -> 0 | AR15: =VLOOKUP($A15,ANNUAL!$1:$1048576,14,0) -> 0 | AS15: =VLOOKUP($A15,ANNUAL!$1:$1048576,15,0) -> 0 | AT15: =SUM(E15,H15,K15,N15,Q15,T15,W15,Z15,AC15,AF15,AI15,AL15) -> 0 | AU15: =ROUND(AT15/12,2)&" %" -> 0 %
... A32: =DETAILS!A31 -> 1778 | B32: =DETAILS!B31 -> YUSRA SHARIQ | C32: =VLOOKUP($A32,'HY Compile'!$1:$1048576,3,0) -> 0 | D32: =VLOOKUP($A32,'HY Compile'!$1:$1048576,4,0) -> 0 | E32: =SUM(C32:D32) -> 0 | F32: =VLOOKUP($A32,'UT-2'!$1:$1048576,3,0) -> 0 | G32: =IFERROR(ROUND(VLOOKUP($A32,ANNUAL!$1:$1048576,3,0)*0.8,0),VLOOKUP($A32,ANNUAL!$1:$1048576,3,0)) -> 0 | H32: =SUM(F32:G32) -> 0 | I32: =VLOOKUP($A32,'HY Compile'!$1:$1048576,6,0) -> 0 | J32: =VLOOKUP($A32,'HY Compile'!$1:$1048576,7,0) -> 0 | K32: =SUM(I32:J32) -> 0 | L32: =VLOOKUP($A32,'UT-2'!$1:$1048576,4,0) -> 0 | M32: =IFERROR(ROUND(VLOOKUP($A32,ANNUAL!$1:$1048576,4,0)*0.8,0),VLOOKUP($A32,ANNUAL!$1:$1048576,4,0)) -> 0 | N32: =SUM(L32:M32) -> 0 | O32: =VLOOKUP($A32,'HY Compile'!$1:$1048576,9,0) -> 0 | P32: =VLOOKUP($A32,'HY Compile'!$1:$1048576,10,0) -> 0 | Q32: =SUM(O32:P32) -> 0 | R32: =VLOOKUP($A32,'UT-2'!$1:$1048576,5,0) -> 0 | S32: =IFERROR(ROUND(VLOOKUP($A32,ANNUAL!$1:$1048576,5,0)*0.8,0),VLOOKUP($A32,ANNUAL!$1:$1048576,5,0)) -> 0 | T32: =SUM(R32:S32) -> 0 | U32: =VLOOKUP($A32,'HY Compile'!$1:$1048576,12,0) -> 0 | V32: =VLOOKUP($A32,'HY Compile'!$1:$1048576,13,0) -> 0 | W32: =SUM(U32:V32) -> 0 | X32: =VLOOKUP($A32,'UT-2'!$1:$1048576,6,0) -> 0 | Y32: =IFERROR(ROUND(VLOOKUP($A32,ANNUAL!$1:$1048576,6,0)*0.8,0),VLOOKUP($A32,ANNUAL!$1:$1048576,6,0)) -> 0 | Z32: =SUM(X32:Y32) -> 0 | AA32: =VLOOKUP($A32,'HY Compile'!$1:$1048576,15,0) -> 0 | AB32: =VLOOKUP($A32,'HY Compile'!$1:$1048576,16,0) -> 0 | AC32: =SUM(AA32:AB32) -> 0 | AD32: =VLOOKUP($A32,'UT-2'!$1:$1048576,7,0) -> 0 | AE32: =IFERROR(ROUND(VLOOKUP($A32,ANNUAL!$1:$1048576,7,0)*0.8,0),VLOOKUP($A32,ANNUAL!$1:$1048576,7,0)) -> 0 | AF32: =SUM(AD32:AE32) -> 0 | AG32: =VLOOKUP($A32,'HY Compile'!$1:$1048576,18,0) -> 0 | AH32: =VLOOKUP($A32,'HY Compile'!$1:$1048576,19,0) -> 0 | AI32: =SUM(AG32:AH32) -> 0 | AJ32: =VLOOKUP($A32,'UT-2'!$1:$1048576,8,0) -> 0 | AK32: =IFERROR(ROUND(VLOOKUP($A32,ANNUAL!$1:$1048576,8,0)*0.8,0),VLOOKUP($A32,ANNUAL!$1:$1048576,8,0)) -> 0 | AL32: =SUM(AJ32:AK32) -> 0 | AM32: =VLOOKUP($A32,ANNUAL!$1:$1048576,9,0) -> 0 | AN32: =VLOOKUP($A32,ANNUAL!$1:$1048576,10,0) -> 0 | AO32: =VLOOKUP($A32,ANNUAL!$1:$1048576,11,0) -> 0 | AP32: =VLOOKUP($A32,ANNUAL!$1:$1048576,12,0) -> 0 | AQ32: =VLOOKUP($A32,ANNUAL!$1:$1048576,13,0) -> 0 | AR32: =VLOOKUP($A32,ANNUAL!$1:$1048576,14,0) -> 0 | AS32: =VLOOKUP($A32,ANNUAL!$1:$1048576,15,0) -> 0 | AT32: =SUM(E32,H32,K32,N32,Q32,T32,W32,Z32,AC32,AF32,AI32,AL32) -> 0 | AU32: =ROUND(AT32/12,2)&" %" -> 0 %
A33: =DETAILS!#REF! -> #REF! | B33: =DETAILS!#REF! -> #REF! | C33: =VLOOKUP($A33,'HY Compile'!$1:$1048576,3,0) -> #REF! | D33: =VLOOKUP($A33,'HY Compile'!$1:$1048576,4,0) -> #REF! | E33: =SUM(C33:D33) -> #REF! | F33: =VLOOKUP($A33,'UT-2'!$1:$1048576,3,0) -> #REF! | G33: =IFERROR(ROUND(VLOOKUP($A33,ANNUAL!$1:$1048576,3,0)*0.8,0),VLOOKUP($A33,ANNUAL!$1:$1048576,3,0)) -> #REF! | H33: =SUM(F33:G33) -> #REF! | I33: =VLOOKUP($A33,'HY Compile'!$1:$1048576,6,0) -> #REF! | J33: =VLOOKUP($A33,'HY Compile'!$1:$1048576,7,0) -> #REF! | K33: =SUM(I33:J33) -> #REF! | L33: =VLOOKUP($A33,'UT-2'!$1:$1048576,4,0) -> #REF! | M33: =IFERROR(ROUND(VLOOKUP($A33,ANNUAL!$1:$1048576,4,0)*0.8,0),VLOOKUP($A33,ANNUAL!$1:$1048576,4,0)) -> #REF! | N33: =SUM(L33:M33) -> #REF! | O33: =VLOOKUP($A33,'HY Compile'!$1:$1048576,9,0) -> #REF! | P33: =VLOOKUP($A33,'HY Compile'!$1:$1048576,10,0) -> #REF! | Q33: =SUM(O33:P33) -> #REF! | R33: =VLOOKUP($A33,'UT-2'!$1:$1048576,5,0) -> #REF! | S33: =IFERROR(ROUND(VLOOKUP($A33,ANNUAL!$1:$1048576,5,0)*0.8,0),VLOOKUP($A33,ANNUAL!$1:$1048576,5,0)) -> #REF! | T33: =SUM(R33:S33) -> #REF! | U33: =VLOOKUP($A33,'HY Compile'!$1:$1048576,12,0) -> #REF! | V33: =VLOOKUP($A33,'HY Compile'!$1:$1048576,13,0) -> #REF! | W33: =SUM(U33:V33) -> #REF! | X33: =VLOOKUP($A33,'UT-2'!$1:$1048576,6,0) -> #REF! | Y33: =IFERROR(ROUND(VLOOKUP($A33,ANNUAL!$1:$1048576,6,0)*0.8,0),VLOOKUP($A33,ANNUAL!$1:$1048576,6,0)) -> #REF! | Z33: =SUM(X33:Y33) -> #REF! | AA33: =VLOOKUP($A33,'HY Compile'!$1:$1048576,15,0) -> #REF! | AB33: =VLOOKUP($A33,'HY Compile'!$1:$1048576,16,0) -> #REF! | AC33: =SUM(AA33:AB33) -> #REF! | AD33: =VLOOKUP($A33,'UT-2'!$1:$1048576,7,0) -> #REF! | AE33: =IFERROR(ROUND(VLOOKUP($A33,ANNUAL!$1:$1048576,7,0)*0.8,0),VLOOKUP($A33,ANNUAL!$1:$1048576,7,0)) -> #REF! | AF33: =SUM(AD33:AE33) -> #REF! | AG33: =VLOOKUP($A33,'HY Compile'!$1:$1048576,18,0) -> #REF! | AH33: =VLOOKUP($A33,'HY Compile'!$1:$1048576,19,0) -> #REF! | AI33: =SUM(AG33:AH33) -> #REF! | AJ33: =VLOOKUP($A33,'UT-2'!$1:$1048576,8,0) -> #REF! | AK33: =IFERROR(ROUND(VLOOKUP($A33,ANNUAL!$1:$1048576,8,0)*0.8,0),VLOOKUP($A33,ANNUAL!$1:$1048576,8,0)) -> #REF! | AL33: =SUM(AJ33:AK33) -> #REF! | AM33: =VLOOKUP($A33,ANNUAL!$1:$1048576,9,0) -> #REF! | AN33: =VLOOKUP($A33,ANNUAL!$1:$1048576,10,0) -> #REF! | AO33: =VLOOKUP($A33,ANNUAL!$1:$1048576,11,0) -> #REF! | AP33: =VLOOKUP($A33,ANNUAL!$1:$1048576,12,0) -> #REF! | AQ33: =VLOOKUP($A33,ANNUAL!$1:$1048576,13,0) -> #REF! | AR33: =VLOOKUP($A33,ANNUAL!$1:$1048576,14,0) -> #REF! | AS33: =VLOOKUP($A33,ANNUAL!$1:$1048576,15,0) -> #REF! | AT33: =SUM(E33,H33,K33,N33,Q33,T33,W33,Z33,AC33,AF33,AI33,AL33) -> #REF! | AU33: =ROUND(AT33/12,2)&" %" -> #REF!
A34: =DETAILS!#REF! -> #REF! | B34: =DETAILS!#REF! -> #REF! | C34: =VLOOKUP($A34,'HY Compile'!$1:$1048576,3,0) -> #REF! | D34: =VLOOKUP($A34,'HY Compile'!$1:$1048576,4,0) -> #REF! | E34: =SUM(C34:D34) -> #REF! | F34: =VLOOKUP($A34,'UT-2'!$1:$1048576,3,0) -> #REF! | G34: =IFERROR(ROUND(VLOOKUP($A34,ANNUAL!$1:$1048576,3,0)*0.8,0),VLOOKUP($A34,ANNUAL!$1:$1048576,3,0)) -> #REF! | H34: =SUM(F34:G34) -> #REF! | I34: =VLOOKUP($A34,'HY Compile'!$1:$1048576,6,0) -> #REF! | J34: =VLOOKUP($A34,'HY Compile'!$1:$1048576,7,0) -> #REF! | K34: =SUM(I34:J34) -> #REF! | L34: =VLOOKUP($A34,'UT-2'!$1:$1048576,4,0) -> #REF! | M34: =IFERROR(ROUND(VLOOKUP($A34,ANNUAL!$1:$1048576,4,0)*0.8,0),VLOOKUP($A34,ANNUAL!$1:$1048576,4,0)) -> #REF! | N34: =SUM(L34:M34) -> #REF! | O34: =VLOOKUP($A34,'HY Compile'!$1:$1048576,9,0) -> #REF! | P34: =VLOOKUP($A34,'HY Compile'!$1:$1048576,10,0) -> #REF! | Q34: =SUM(O34:P34) -> #REF! | R34: =VLOOKUP($A34,'UT-2'!$1:$1048576,5,0) -> #REF! | S34: =IFERROR(ROUND(VLOOKUP($A34,ANNUAL!$1:$1048576,5,0)*0.8,0),VLOOKUP($A34,ANNUAL!$1:$1048576,5,0)) -> #REF! | T34: =SUM(R34:S34) -> #REF! | U34: =VLOOKUP($A34,'HY Compile'!$1:$1048576,12,0) -> #REF! | V34: =VLOOKUP($A34,'HY Compile'!$1:$1048576,13,0) -> #REF! | W34: =SUM(U34:V34) -> #REF! | X34: =VLOOKUP($A34,'UT-2'!$1:$1048576,6,0) -> #REF! | Y34: =IFERROR(ROUND(VLOOKUP($A34,ANNUAL!$1:$1048576,6,0)*0.8,0),VLOOKUP($A34,ANNUAL!$1:$1048576,6,0)) -> #REF! | Z34: =SUM(X34:Y34) -> #REF! | AA34: =VLOOKUP($A34,'HY Compile'!$1:$1048576,15,0) -> #REF! | AB34: =VLOOKUP($A34,'HY Compile'!$1:$1048576,16,0) -> #REF! | AC34: =SUM(AA34:AB34) -> #REF! | AD34: =VLOOKUP($A34,'UT-2'!$1:$1048576,7,0) -> #REF! | AE34: =IFERROR(ROUND(VLOOKUP($A34,ANNUAL!$1:$1048576,7,0)*0.8,0),VLOOKUP($A34,ANNUAL!$1:$1048576,7,0)) -> #REF! | AF34: =SUM(AD34:AE34) -> #REF! | AG34: =VLOOKUP($A34,'HY Compile'!$1:$1048576,18,0) -> #REF! | AH34: =VLOOKUP($A34,'HY Compile'!$1:$1048576,19,0) -> #REF! | AI34: =SUM(AG34:AH34) -> #REF! | AJ34: =VLOOKUP($A34,'UT-2'!$1:$1048576,8,0) -> #REF! | AK34: =IFERROR(ROUND(VLOOKUP($A34,ANNUAL!$1:$1048576,8,0)*0.8,0),VLOOKUP($A34,ANNUAL!$1:$1048576,8,0)) -> #REF! | AL34: =SUM(AJ34:AK34) -> #REF! | AM34: =VLOOKUP($A34,ANNUAL!$1:$1048576,9,0) -> #REF! | AN34: =VLOOKUP($A34,ANNUAL!$1:$1048576,10,0) -> #REF! | AO34: =VLOOKUP($A34,ANNUAL!$1:$1048576,11,0) -> #REF! | AP34: =VLOOKUP($A34,ANNUAL!$1:$1048576,12,0) -> #REF! | AQ34: =VLOOKUP($A34,ANNUAL!$1:$1048576,13,0) -> #REF! | AR34: =VLOOKUP($A34,ANNUAL!$1:$1048576,14,0) -> #REF! | AS34: =VLOOKUP($A34,ANNUAL!$1:$1048576,15,0) -> #REF! | AT34: =SUM(E34,H34,K34,N34,Q34,T34,W34,Z34,AC34,AF34,AI34,AL34) -> #REF! | AU34: =ROUND(AT34/12,2)&" %" -> #REF!
A35: =DETAILS!#REF! -> #REF! | B35: =DETAILS!#REF! -> #REF! | C35: =VLOOKUP($A35,'HY Compile'!$1:$1048576,3,0) -> #REF! | D35: =VLOOKUP($A35,'HY Compile'!$1:$1048576,4,0) -> #REF! | E35: =SUM(C35:D35) -> #REF! | F35: =VLOOKUP($A35,'UT-2'!$1:$1048576,3,0) -> #REF! | G35: =IFERROR(ROUND(VLOOKUP($A35,ANNUAL!$1:$1048576,3,0)*0.8,0),VLOOKUP($A35,ANNUAL!$1:$1048576,3,0)) -> #REF! | H35: =SUM(F35:G35) -> #REF! | I35: =VLOOKUP($A35,'HY Compile'!$1:$1048576,6,0) -> #REF! | J35: =VLOOKUP($A35,'HY Compile'!$1:$1048576,7,0) -> #REF! | K35: =SUM(I35:J35) -> #REF! | L35: =VLOOKUP($A35,'UT-2'!$1:$1048576,4,0) -> #REF! | M35: =IFERROR(ROUND(VLOOKUP($A35,ANNUAL!$1:$1048576,4,0)*0.8,0),VLOOKUP($A35,ANNUAL!$1:$1048576,4,0)) -> #REF! | N35: =SUM(L35:M35) -> #REF! | O35: =VLOOKUP($A35,'HY Compile'!$1:$1048576,9,0) -> #REF! | P35: =VLOOKUP($A35,'HY Compile'!$1:$1048576,10,0) -> #REF! | Q35: =SUM(O35:P35) -> #REF! | R35: =VLOOKUP($A35,'UT-2'!$1:$1048576,5,0) -> #REF! | S35: =IFERROR(ROUND(VLOOKUP($A35,ANNUAL!$1:$1048576,5,0)*0.8,0),VLOOKUP($A35,ANNUAL!$1:$1048576,5,0)) -> #REF! | T35: =SUM(R35:S35) -> #REF! | U35: =VLOOKUP($A35,'HY Compile'!$1:$1048576,12,0) -> #REF! | V35: =VLOOKUP($A35,'HY Compile'!$1:$1048576,13,0) -> #REF! | W35: =SUM(U35:V35) -> #REF! | X35: =VLOOKUP($A35,'UT-2'!$1:$1048576,6,0) -> #REF! | Y35: =IFERROR(ROUND(VLOOKUP($A35,ANNUAL!$1:$1048576,6,0)*0.8,0),VLOOKUP($A35,ANNUAL!$1:$1048576,6,0)) -> #REF! | Z35: =SUM(X35:Y35) -> #REF! | AA35: =VLOOKUP($A35,'HY Compile'!$1:$1048576,15,0) -> #REF! | AB35: =VLOOKUP($A35,'HY Compile'!$1:$1048576,16,0) -> #REF! | AC35: =SUM(AA35:AB35) -> #REF! | AD35: =VLOOKUP($A35,'UT-2'!$1:$1048576,7,0) -> #REF! | AE35: =IFERROR(ROUND(VLOOKUP($A35,ANNUAL!$1:$1048576,7,0)*0.8,0),VLOOKUP($A35,ANNUAL!$1:$1048576,7,0)) -> #REF! | AF35: =SUM(AD35:AE35) -> #REF! | AG35: =VLOOKUP($A35,'HY Compile'!$1:$1048576,18,0) -> #REF! | AH35: =VLOOKUP($A35,'HY Compile'!$1:$1048576,19,0) -> #REF! | AI35: =SUM(AG35:AH35) -> #REF! | AJ35: =VLOOKUP($A35,'UT-2'!$1:$1048576,8,0) -> #REF! | AK35: =IFERROR(ROUND(VLOOKUP($A35,ANNUAL!$1:$1048576,8,0)*0.8,0),VLOOKUP($A35,ANNUAL!$1:$1048576,8,0)) -> #REF! | AL35: =SUM(AJ35:AK35) -> #REF! | AM35: =VLOOKUP($A35,ANNUAL!$1:$1048576,9,0) -> #REF! | AN35: =VLOOKUP($A35,ANNUAL!$1:$1048576,10,0) -> #REF! | AO35: =VLOOKUP($A35,ANNUAL!$1:$1048576,11,0) -> #REF! | AP35: =VLOOKUP($A35,ANNUAL!$1:$1048576,12,0) -> #REF! | AQ35: =VLOOKUP($A35,ANNUAL!$1:$1048576,13,0) -> #REF! | AR35: =VLOOKUP($A35,ANNUAL!$1:$1048576,14,0) -> #REF! | AS35: =VLOOKUP($A35,ANNUAL!$1:$1048576,15,0) -> #REF! | AT35: =SUM(E35,H35,K35,N35,Q35,T35,W35,Z35,AC35,AF35,AI35,AL35) -> #REF! | AU35: =ROUND(AT35/12,2)&" %" -> #REF!
A36: =DETAILS!#REF! -> #REF! | B36: =DETAILS!#REF! -> #REF! | C36: =VLOOKUP($A36,'HY Compile'!$1:$1048576,3,0) -> #REF! | D36: =VLOOKUP($A36,'HY Compile'!$1:$1048576,4,0) -> #REF! | E36: =SUM(C36:D36) -> #REF! | F36: =VLOOKUP($A36,'UT-2'!$1:$1048576,3,0) -> #REF! | G36: =IFERROR(ROUND(VLOOKUP($A36,ANNUAL!$1:$1048576,3,0)*0.8,0),VLOOKUP($A36,ANNUAL!$1:$1048576,3,0)) -> #REF! | H36: =SUM(F36:G36) -> #REF! | I36: =VLOOKUP($A36,'HY Compile'!$1:$1048576,6,0) -> #REF! | J36: =VLOOKUP($A36,'HY Compile'!$1:$1048576,7,0) -> #REF! | K36: =SUM(I36:J36) -> #REF! | L36: =VLOOKUP($A36,'UT-2'!$1:$1048576,4,0) -> #REF! | M36: =IFERROR(ROUND(VLOOKUP($A36,ANNUAL!$1:$1048576,4,0)*0.8,0),VLOOKUP($A36,ANNUAL!$1:$1048576,4,0)) -> #REF! | N36: =SUM(L36:M36) -> #REF! | O36: =VLOOKUP($A36,'HY Compile'!$1:$1048576,9,0) -> #REF! | P36: =VLOOKUP($A36,'HY Compile'!$1:$1048576,10,0) -> #REF! | Q36: =SUM(O36:P36) -> #REF! | R36: =VLOOKUP($A36,'UT-2'!$1:$1048576,5,0) -> #REF! | S36: =IFERROR(ROUND(VLOOKUP($A36,ANNUAL!$1:$1048576,5,0)*0.8,0),VLOOKUP($A36,ANNUAL!$1:$1048576,5,0)) -> #REF! | T36: =SUM(R36:S36) -> #REF! | U36: =VLOOKUP($A36,'HY Compile'!$1:$1048576,12,0) -> #REF! | V36: =VLOOKUP($A36,'HY Compile'!$1:$1048576,13,0) -> #REF! | W36: =SUM(U36:V36) -> #REF! | X36: =VLOOKUP($A36,'UT-2'!$1:$1048576,6,0) -> #REF! | Y36: =IFERROR(ROUND(VLOOKUP($A36,ANNUAL!$1:$1048576,6,0)*0.8,0),VLOOKUP($A36,ANNUAL!$1:$1048576,6,0)) -> #REF! | Z36: =SUM(X36:Y36) -> #REF! | AA36: =VLOOKUP($A36,'HY Compile'!$1:$1048576,15,0) -> #REF! | AB36: =VLOOKUP($A36,'HY Compile'!$1:$1048576,16,0) -> #REF! | AC36: =SUM(AA36:AB36) -> #REF! | AD36: =VLOOKUP($A36,'UT-2'!$1:$1048576,7,0) -> #REF! | AE36: =IFERROR(ROUND(VLOOKUP($A36,ANNUAL!$1:$1048576,7,0)*0.8,0),VLOOKUP($A36,ANNUAL!$1:$1048576,7,0)) -> #REF! | AF36: =SUM(AD36:AE36) -> #REF! | AG36: =VLOOKUP($A36,'HY Compile'!$1:$1048576,18,0) -> #REF! | AH36: =VLOOKUP($A36,'HY Compile'!$1:$1048576,19,0) -> #REF! | AI36: =SUM(AG36:AH36) -> #REF! | AJ36: =VLOOKUP($A36,'UT-2'!$1:$1048576,8,0) -> #REF! | AK36: =IFERROR(ROUND(VLOOKUP($A36,ANNUAL!$1:$1048576,8,0)*0.8,0),VLOOKUP($A36,ANNUAL!$1:$1048576,8,0)) -> #REF! | AL36: =SUM(AJ36:AK36) -> #REF! | AM36: =VLOOKUP($A36,ANNUAL!$1:$1048576,9,0) -> #REF! | AN36: =VLOOKUP($A36,ANNUAL!$1:$1048576,10,0) -> #REF! | AO36: =VLOOKUP($A36,ANNUAL!$1:$1048576,11,0) -> #REF! | AP36: =VLOOKUP($A36,ANNUAL!$1:$1048576,12,0) -> #REF! | AQ36: =VLOOKUP($A36,ANNUAL!$1:$1048576,13,0) -> #REF! | AR36: =VLOOKUP($A36,ANNUAL!$1:$1048576,14,0) -> #REF! | AS36: =VLOOKUP($A36,ANNUAL!$1:$1048576,15,0) -> #REF! | AT36: =SUM(E36,H36,K36,N36,Q36,T36,W36,Z36,AC36,AF36,AI36,AL36) -> #REF! | AU36: =ROUND(AT36/12,2)&" %" -> #REF!
A37: =DETAILS!#REF! -> #REF! | B37: =DETAILS!#REF! -> #REF! | C37: =VLOOKUP($A37,'HY Compile'!$1:$1048576,3,0) -> #REF! | D37: =VLOOKUP($A37,'HY Compile'!$1:$1048576,4,0) -> #REF! | E37: =SUM(C37:D37) -> #REF! | F37: =VLOOKUP($A37,'UT-2'!$1:$1048576,3,0) -> #REF! | G37: =IFERROR(ROUND(VLOOKUP($A37,ANNUAL!$1:$1048576,3,0)*0.8,0),VLOOKUP($A37,ANNUAL!$1:$1048576,3,0)) -> #REF! | H37: =SUM(F37:G37) -> #REF! | I37: =VLOOKUP($A37,'HY Compile'!$1:$1048576,6,0) -> #REF! | J37: =VLOOKUP($A37,'HY Compile'!$1:$1048576,7,0) -> #REF! | K37: =SUM(I37:J37) -> #REF! | L37: =VLOOKUP($A37,'UT-2'!$1:$1048576,4,0) -> #REF! | M37: =IFERROR(ROUND(VLOOKUP($A37,ANNUAL!$1:$1048576,4,0)*0.8,0),VLOOKUP($A37,ANNUAL!$1:$1048576,4,0)) -> #REF! | N37: =SUM(L37:M37) -> #REF! | O37: =VLOOKUP($A37,'HY Compile'!$1:$1048576,9,0) -> #REF! | P37: =VLOOKUP($A37,'HY Compile'!$1:$1048576,10,0) -> #REF! | Q37: =SUM(O37:P37) -> #REF! | R37: =VLOOKUP($A37,'UT-2'!$1:$1048576,5,0) -> #REF! | S37: =IFERROR(ROUND(VLOOKUP($A37,ANNUAL!$1:$1048576,5,0)*0.8,0),VLOOKUP($A37,ANNUAL!$1:$1048576,5,0)) -> #REF! | T37: =SUM(R37:S37) -> #REF! | U37: =VLOOKUP($A37,'HY Compile'!$1:$1048576,12,0) -> #REF! | V37: =VLOOKUP($A37,'HY Compile'!$1:$1048576,13,0) -> #REF! | W37: =SUM(U37:V37) -> #REF! | X37: =VLOOKUP($A37,'UT-2'!$1:$1048576,6,0) -> #REF! | Y37: =IFERROR(ROUND(VLOOKUP($A37,ANNUAL!$1:$1048576,6,0)*0.8,0),VLOOKUP($A37,ANNUAL!$1:$1048576,6,0)) -> #REF! | Z37: =SUM(X37:Y37) -> #REF! | AA37: =VLOOKUP($A37,'HY Compile'!$1:$1048576,15,0) -> #REF! | AB37: =VLOOKUP($A37,'HY Compile'!$1:$1048576,16,0) -> #REF! | AC37: =SUM(AA37:AB37) -> #REF! | AD37: =VLOOKUP($A37,'UT-2'!$1:$1048576,7,0) -> #REF! | AE37: =IFERROR(ROUND(VLOOKUP($A37,ANNUAL!$1:$1048576,7,0)*0.8,0),VLOOKUP($A37,ANNUAL!$1:$1048576,7,0)) -> #REF! | AF37: =SUM(AD37:AE37) -> #REF! | AG37: =VLOOKUP($A37,'HY Compile'!$1:$1048576,18,0) -> #REF! | AH37: =VLOOKUP($A37,'HY Compile'!$1:$1048576,19,0) -> #REF! | AI37: =SUM(AG37:AH37) -> #REF! | AJ37: =VLOOKUP($A37,'UT-2'!$1:$1048576,8,0) -> #REF! | AK37: =IFERROR(ROUND(VLOOKUP($A37,ANNUAL!$1:$1048576,8,0)*0.8,0),VLOOKUP($A37,ANNUAL!$1:$1048576,8,0)) -> #REF! | AL37: =SUM(AJ37:AK37) -> #REF! | AM37: =VLOOKUP($A37,ANNUAL!$1:$1048576,9,0) -> #REF! | AN37: =VLOOKUP($A37,ANNUAL!$1:$1048576,10,0) -> #REF! | AO37: =VLOOKUP($A37,ANNUAL!$1:$1048576,11,0) -> #REF! | AP37: =VLOOKUP($A37,ANNUAL!$1:$1048576,12,0) -> #REF! | AQ37: =VLOOKUP($A37,ANNUAL!$1:$1048576,13,0) -> #REF! | AR37: =VLOOKUP($A37,ANNUAL!$1:$1048576,14,0) -> #REF! | AS37: =VLOOKUP($A37,ANNUAL!$1:$1048576,15,0) -> #REF! | AT37: =SUM(E37,H37,K37,N37,Q37,T37,W37,Z37,AC37,AF37,AI37,AL37) -> #REF! | AU37: =ROUND(AT37/12,2)&" %" -> #REF!
A38: =DETAILS!#REF! -> #REF! | B38: =DETAILS!#REF! -> #REF! | C38: =VLOOKUP($A38,'HY Compile'!$1:$1048576,3,0) -> #REF! | D38: =VLOOKUP($A38,'HY Compile'!$1:$1048576,4,0) -> #REF! | E38: =SUM(C38:D38) -> #REF! | F38: =VLOOKUP($A38,'UT-2'!$1:$1048576,3,0) -> #REF! | G38: =IFERROR(ROUND(VLOOKUP($A38,ANNUAL!$1:$1048576,3,0)*0.8,0),VLOOKUP($A38,ANNUAL!$1:$1048576,3,0)) -> #REF! | H38: =SUM(F38:G38) -> #REF! | I38: =VLOOKUP($A38,'HY Compile'!$1:$1048576,6,0) -> #REF! | J38: =VLOOKUP($A38,'HY Compile'!$1:$1048576,7,0) -> #REF! | K38: =SUM(I38:J38) -> #REF! | L38: =VLOOKUP($A38,'UT-2'!$1:$1048576,4,0) -> #REF! | M38: =IFERROR(ROUND(VLOOKUP($A38,ANNUAL!$1:$1048576,4,0)*0.8,0),VLOOKUP($A38,ANNUAL!$1:$1048576,4,0)) -> #REF! | N38: =SUM(L38:M38) -> #REF! | O38: =VLOOKUP($A38,'HY Compile'!$1:$1048576,9,0) -> #REF! | P38: =VLOOKUP($A38,'HY Compile'!$1:$1048576,10,0) -> #REF! | Q38: =SUM(O38:P38) -> #REF! | R38: =VLOOKUP($A38,'UT-2'!$1:$1048576,5,0) -> #REF! | S38: =IFERROR(ROUND(VLOOKUP($A38,ANNUAL!$1:$1048576,5,0)*0.8,0),VLOOKUP($A38,ANNUAL!$1:$1048576,5,0)) -> #REF! | T38: =SUM(R38:S38) -> #REF! | U38: =VLOOKUP($A38,'HY Compile'!$1:$1048576,12,0) -> #REF! | V38: =VLOOKUP($A38,'HY Compile'!$1:$1048576,13,0) -> #REF! | W38: =SUM(U38:V38) -> #REF! | X38: =VLOOKUP($A38,'UT-2'!$1:$1048576,6,0) -> #REF! | Y38: =IFERROR(ROUND(VLOOKUP($A38,ANNUAL!$1:$1048576,6,0)*0.8,0),VLOOKUP($A38,ANNUAL!$1:$1048576,6,0)) -> #REF! | Z38: =SUM(X38:Y38) -> #REF! | AA38: =VLOOKUP($A38,'HY Compile'!$1:$1048576,15,0) -> #REF! | AB38: =VLOOKUP($A38,'HY Compile'!$1:$1048576,16,0) -> #REF! | AC38: =SUM(AA38:AB38) -> #REF! | AD38: =VLOOKUP($A38,'UT-2'!$1:$1048576,7,0) -> #REF! | AE38: =IFERROR(ROUND(VLOOKUP($A38,ANNUAL!$1:$1048576,7,0)*0.8,0),VLOOKUP($A38,ANNUAL!$1:$1048576,7,0)) -> #REF! | AF38: =SUM(AD38:AE38) -> #REF! | AG38: =VLOOKUP($A38,'HY Compile'!$1:$1048576,18,0) -> #REF! | AH38: =VLOOKUP($A38,'HY Compile'!$1:$1048576,19,0) -> #REF! | AI38: =SUM(AG38:AH38) -> #REF! | AJ38: =VLOOKUP($A38,'UT-2'!$1:$1048576,8,0) -> #REF! | AK38: =IFERROR(ROUND(VLOOKUP($A38,ANNUAL!$1:$1048576,8,0)*0.8,0),VLOOKUP($A38,ANNUAL!$1:$1048576,8,0)) -> #REF! | AL38: =SUM(AJ38:AK38) -> #REF! | AM38: =VLOOKUP($A38,ANNUAL!$1:$1048576,9,0) -> #REF! | AN38: =VLOOKUP($A38,ANNUAL!$1:$1048576,10,0) -> #REF! | AO38: =VLOOKUP($A38,ANNUAL!$1:$1048576,11,0) -> #REF! | AP38: =VLOOKUP($A38,ANNUAL!$1:$1048576,12,0) -> #REF! | AQ38: =VLOOKUP($A38,ANNUAL!$1:$1048576,13,0) -> #REF! | AR38: =VLOOKUP($A38,ANNUAL!$1:$1048576,14,0) -> #REF! | AS38: =VLOOKUP($A38,ANNUAL!$1:$1048576,15,0) -> #REF! | AT38: =SUM(E38,H38,K38,N38,Q38,T38,W38,Z38,AC38,AF38,AI38,AL38) -> #REF! | AU38: =ROUND(AT38/12,2)&" %" -> #REF!
A39: =DETAILS!#REF! -> #REF! | B39: =DETAILS!#REF! -> #REF! | C39: =VLOOKUP($A39,'HY Compile'!$1:$1048576,3,0) -> #REF! | D39: =VLOOKUP($A39,'HY Compile'!$1:$1048576,4,0) -> #REF! | E39: =SUM(C39:D39) -> #REF! | F39: =VLOOKUP($A39,'UT-2'!$1:$1048576,3,0) -> #REF! | G39: =IFERROR(ROUND(VLOOKUP($A39,ANNUAL!$1:$1048576,3,0)*0.8,0),VLOOKUP($A39,ANNUAL!$1:$1048576,3,0)) -> #REF! | H39: =SUM(F39:G39) -> #REF! | I39: =VLOOKUP($A39,'HY Compile'!$1:$1048576,6,0) -> #REF! | J39: =VLOOKUP($A39,'HY Compile'!$1:$1048576,7,0) -> #REF! | K39: =SUM(I39:J39) -> #REF! | L39: =VLOOKUP($A39,'UT-2'!$1:$1048576,4,0) -> #REF! | M39: =IFERROR(ROUND(VLOOKUP($A39,ANNUAL!$1:$1048576,4,0)*0.8,0),VLOOKUP($A39,ANNUAL!$1:$1048576,4,0)) -> #REF! | N39: =SUM(L39:M39) -> #REF! | O39: =VLOOKUP($A39,'HY Compile'!$1:$1048576,9,0) -> #REF! | P39: =VLOOKUP($A39,'HY Compile'!$1:$1048576,10,0) -> #REF! | Q39: =SUM(O39:P39) -> #REF! | R39: =VLOOKUP($A39,'UT-2'!$1:$1048576,5,0) -> #REF! | S39: =IFERROR(ROUND(VLOOKUP($A39,ANNUAL!$1:$1048576,5,0)*0.8,0),VLOOKUP($A39,ANNUAL!$1:$1048576,5,0)) -> #REF! | T39: =SUM(R39:S39) -> #REF! | U39: =VLOOKUP($A39,'HY Compile'!$1:$1048576,12,0) -> #REF! | V39: =VLOOKUP($A39,'HY Compile'!$1:$1048576,13,0) -> #REF! | W39: =SUM(U39:V39) -> #REF! | X39: =VLOOKUP($A39,'UT-2'!$1:$1048576,6,0) -> #REF! | Y39: =IFERROR(ROUND(VLOOKUP($A39,ANNUAL!$1:$1048576,6,0)*0.8,0),VLOOKUP($A39,ANNUAL!$1:$1048576,6,0)) -> #REF! | Z39: =SUM(X39:Y39) -> #REF! | AA39: =VLOOKUP($A39,'HY Compile'!$1:$1048576,15,0) -> #REF! | AB39: =VLOOKUP($A39,'HY Compile'!$1:$1048576,16,0) -> #REF! | AC39: =SUM(AA39:AB39) -> #REF! | AD39: =VLOOKUP($A39,'UT-2'!$1:$1048576,7,0) -> #REF! | AE39: =IFERROR(ROUND(VLOOKUP($A39,ANNUAL!$1:$1048576,7,0)*0.8,0),VLOOKUP($A39,ANNUAL!$1:$1048576,7,0)) -> #REF! | AF39: =SUM(AD39:AE39) -> #REF! | AG39: =VLOOKUP($A39,'HY Compile'!$1:$1048576,18,0) -> #REF! | AH39: =VLOOKUP($A39,'HY Compile'!$1:$1048576,19,0) -> #REF! | AI39: =SUM(AG39:AH39) -> #REF! | AJ39: =VLOOKUP($A39,'UT-2'!$1:$1048576,8,0) -> #REF! | AK39: =IFERROR(ROUND(VLOOKUP($A39,ANNUAL!$1:$1048576,8,0)*0.8,0),VLOOKUP($A39,ANNUAL!$1:$1048576,8,0)) -> #REF! | AL39: =SUM(AJ39:AK39) -> #REF! | AM39: =VLOOKUP($A39,ANNUAL!$1:$1048576,9,0) -> #REF! | AN39: =VLOOKUP($A39,ANNUAL!$1:$1048576,10,0) -> #REF! | AO39: =VLOOKUP($A39,ANNUAL!$1:$1048576,11,0) -> #REF! | AP39: =VLOOKUP($A39,ANNUAL!$1:$1048576,12,0) -> #REF! | AQ39: =VLOOKUP($A39,ANNUAL!$1:$1048576,13,0) -> #REF! | AR39: =VLOOKUP($A39,ANNUAL!$1:$1048576,14,0) -> #REF! | AS39: =VLOOKUP($A39,ANNUAL!$1:$1048576,15,0) -> #REF! | AT39: =SUM(E39,H39,K39,N39,Q39,T39,W39,Z39,AC39,AF39,AI39,AL39) -> #REF! | AU39: =ROUND(AT39/12,2)&" %" -> #REF!
A40: =DETAILS!#REF! -> #REF! | B40: =DETAILS!#REF! -> #REF! | C40: =VLOOKUP($A40,'HY Compile'!$1:$1048576,3,0) -> #REF! | D40: =VLOOKUP($A40,'HY Compile'!$1:$1048576,4,0) -> #REF! | E40: =SUM(C40:D40) -> #REF! | F40: =VLOOKUP($A40,'UT-2'!$1:$1048576,3,0) -> #REF! | G40: =IFERROR(ROUND(VLOOKUP($A40,ANNUAL!$1:$1048576,3,0)*0.8,0),VLOOKUP($A40,ANNUAL!$1:$1048576,3,0)) -> #REF! | H40: =SUM(F40:G40) -> #REF! | I40: =VLOOKUP($A40,'HY Compile'!$1:$1048576,6,0) -> #REF! | J40: =VLOOKUP($A40,'HY Compile'!$1:$1048576,7,0) -> #REF! | K40: =SUM(I40:J40) -> #REF! | L40: =VLOOKUP($A40,'UT-2'!$1:$1048576,4,0) -> #REF! | M40: =IFERROR(ROUND(VLOOKUP($A40,ANNUAL!$1:$1048576,4,0)*0.8,0),VLOOKUP($A40,ANNUAL!$1:$1048576,4,0)) -> #REF! | N40: =SUM(L40:M40) -> #REF! | O40: =VLOOKUP($A40,'HY Compile'!$1:$1048576,9,0) -> #REF! | P40: =VLOOKUP($A40,'HY Compile'!$1:$1048576,10,0) -> #REF! | Q40: =SUM(O40:P40) -> #REF! | R40: =VLOOKUP($A40,'UT-2'!$1:$1048576,5,0) -> #REF! | S40: =IFERROR(ROUND(VLOOKUP($A40,ANNUAL!$1:$1048576,5,0)*0.8,0),VLOOKUP($A40,ANNUAL!$1:$1048576,5,0)) -> #REF! | T40: =SUM(R40:S40) -> #REF! | U40: =VLOOKUP($A40,'HY Compile'!$1:$1048576,12,0) -> #REF! | V40: =VLOOKUP($A40,'HY Compile'!$1:$1048576,13,0) -> #REF! | W40: =SUM(U40:V40) -> #REF! | X40: =VLOOKUP($A40,'UT-2'!$1:$1048576,6,0) -> #REF! | Y40: =IFERROR(ROUND(VLOOKUP($A40,ANNUAL!$1:$1048576,6,0)*0.8,0),VLOOKUP($A40,ANNUAL!$1:$1048576,6,0)) -> #REF! | Z40: =SUM(X40:Y40) -> #REF! | AA40: =VLOOKUP($A40,'HY Compile'!$1:$1048576,15,0) -> #REF! | AB40: =VLOOKUP($A40,'HY Compile'!$1:$1048576,16,0) -> #REF! | AC40: =SUM(AA40:AB40) -> #REF! | AD40: =VLOOKUP($A40,'UT-2'!$1:$1048576,7,0) -> #REF! | AE40: =IFERROR(ROUND(VLOOKUP($A40,ANNUAL!$1:$1048576,7,0)*0.8,0),VLOOKUP($A40,ANNUAL!$1:$1048576,7,0)) -> #REF! | AF40: =SUM(AD40:AE40) -> #REF! | AG40: =VLOOKUP($A40,'HY Compile'!$1:$1048576,18,0) -> #REF! | AH40: =VLOOKUP($A40,'HY Compile'!$1:$1048576,19,0) -> #REF! | AI40: =SUM(AG40:AH40) -> #REF! | AJ40: =VLOOKUP($A40,'UT-2'!$1:$1048576,8,0) -> #REF! | AK40: =IFERROR(ROUND(VLOOKUP($A40,ANNUAL!$1:$1048576,8,0)*0.8,0),VLOOKUP($A40,ANNUAL!$1:$1048576,8,0)) -> #REF! | AL40: =SUM(AJ40:AK40) -> #REF! | AM40: =VLOOKUP($A40,ANNUAL!$1:$1048576,9,0) -> #REF! | AN40: =VLOOKUP($A40,ANNUAL!$1:$1048576,10,0) -> #REF! | AO40: =VLOOKUP($A40,ANNUAL!$1:$1048576,11,0) -> #REF! | AP40: =VLOOKUP($A40,ANNUAL!$1:$1048576,12,0) -> #REF! | AQ40: =VLOOKUP($A40,ANNUAL!$1:$1048576,13,0) -> #REF! | AR40: =VLOOKUP($A40,ANNUAL!$1:$1048576,14,0) -> #REF! | AS40: =VLOOKUP($A40,ANNUAL!$1:$1048576,15,0) -> #REF! | AT40: =SUM(E40,H40,K40,N40,Q40,T40,W40,Z40,AC40,AF40,AI40,AL40) -> #REF! | AU40: =ROUND(AT40/12,2)&" %" -> #REF!
A41: =DETAILS!#REF! -> #REF! | B41: =DETAILS!#REF! -> #REF! | C41: =VLOOKUP($A41,'HY Compile'!$1:$1048576,3,0) -> #REF! | D41: =VLOOKUP($A41,'HY Compile'!$1:$1048576,4,0) -> #REF! | E41: =SUM(C41:D41) -> #REF! | F41: =VLOOKUP($A41,'UT-2'!$1:$1048576,3,0) -> #REF! | G41: =IFERROR(ROUND(VLOOKUP($A41,ANNUAL!$1:$1048576,3,0)*0.8,0),VLOOKUP($A41,ANNUAL!$1:$1048576,3,0)) -> #REF! | H41: =SUM(F41:G41) -> #REF! | I41: =VLOOKUP($A41,'HY Compile'!$1:$1048576,6,0) -> #REF! | J41: =VLOOKUP($A41,'HY Compile'!$1:$1048576,7,0) -> #REF! | K41: =SUM(I41:J41) -> #REF! | L41: =VLOOKUP($A41,'UT-2'!$1:$1048576,4,0) -> #REF! | M41: =IFERROR(ROUND(VLOOKUP($A41,ANNUAL!$1:$1048576,4,0)*0.8,0),VLOOKUP($A41,ANNUAL!$1:$1048576,4,0)) -> #REF! | N41: =SUM(L41:M41) -> #REF! | O41: =VLOOKUP($A41,'HY Compile'!$1:$1048576,9,0) -> #REF! | P41: =VLOOKUP($A41,'HY Compile'!$1:$1048576,10,0) -> #REF! | Q41: =SUM(O41:P41) -> #REF! | R41: =VLOOKUP($A41,'UT-2'!$1:$1048576,5,0) -> #REF! | S41: =IFERROR(ROUND(VLOOKUP($A41,ANNUAL!$1:$1048576,5,0)*0.8,0),VLOOKUP($A41,ANNUAL!$1:$1048576,5,0)) -> #REF! | T41: =SUM(R41:S41) -> #REF! | U41: =VLOOKUP($A41,'HY Compile'!$1:$1048576,12,0) -> #REF! | V41: =VLOOKUP($A41,'HY Compile'!$1:$1048576,13,0) -> #REF! | W41: =SUM(U41:V41) -> #REF! | X41: =VLOOKUP($A41,'UT-2'!$1:$1048576,6,0) -> #REF! | Y41: =IFERROR(ROUND(VLOOKUP($A41,ANNUAL!$1:$1048576,6,0)*0.8,0),VLOOKUP($A41,ANNUAL!$1:$1048576,6,0)) -> #REF! | Z41: =SUM(X41:Y41) -> #REF! | AA41: =VLOOKUP($A41,'HY Compile'!$1:$1048576,15,0) -> #REF! | AB41: =VLOOKUP($A41,'HY Compile'!$1:$1048576,16,0) -> #REF! | AC41: =SUM(AA41:AB41) -> #REF! | AD41: =VLOOKUP($A41,'UT-2'!$1:$1048576,7,0) -> #REF! | AE41: =IFERROR(ROUND(VLOOKUP($A41,ANNUAL!$1:$1048576,7,0)*0.8,0),VLOOKUP($A41,ANNUAL!$1:$1048576,7,0)) -> #REF! | AF41: =SUM(AD41:AE41) -> #REF! | AG41: =VLOOKUP($A41,'HY Compile'!$1:$1048576,18,0) -> #REF! | AH41: =VLOOKUP($A41,'HY Compile'!$1:$1048576,19,0) -> #REF! | AI41: =SUM(AG41:AH41) -> #REF! | AJ41: =VLOOKUP($A41,'UT-2'!$1:$1048576,8,0) -> #REF! | AK41: =IFERROR(ROUND(VLOOKUP($A41,ANNUAL!$1:$1048576,8,0)*0.8,0),VLOOKUP($A41,ANNUAL!$1:$1048576,8,0)) -> #REF! | AL41: =SUM(AJ41:AK41) -> #REF! | AM41: =VLOOKUP($A41,ANNUAL!$1:$1048576,9,0) -> #REF! | AN41: =VLOOKUP($A41,ANNUAL!$1:$1048576,10,0) -> #REF! | AO41: =VLOOKUP($A41,ANNUAL!$1:$1048576,11,0) -> #REF! | AP41: =VLOOKUP($A41,ANNUAL!$1:$1048576,12,0) -> #REF! | AQ41: =VLOOKUP($A41,ANNUAL!$1:$1048576,13,0) -> #REF! | AR41: =VLOOKUP($A41,ANNUAL!$1:$1048576,14,0) -> #REF! | AS41: =VLOOKUP($A41,ANNUAL!$1:$1048576,15,0) -> #REF! | AT41: =SUM(E41,H41,K41,N41,Q41,T41,W41,Z41,AC41,AF41,AI41,AL41) -> #REF! | AU41: =ROUND(AT41/12,2)&" %" -> #REF!
A42: =DETAILS!#REF! -> #REF! | B42: =DETAILS!#REF! -> #REF! | C42: =VLOOKUP($A42,'HY Compile'!$1:$1048576,3,0) -> #REF! | D42: =VLOOKUP($A42,'HY Compile'!$1:$1048576,4,0) -> #REF! | E42: =SUM(C42:D42) -> #REF! | F42: =VLOOKUP($A42,'UT-2'!$1:$1048576,3,0) -> #REF! | G42: =IFERROR(ROUND(VLOOKUP($A42,ANNUAL!$1:$1048576,3,0)*0.8,0),VLOOKUP($A42,ANNUAL!$1:$1048576,3,0)) -> #REF! | H42: =SUM(F42:G42) -> #REF! | I42: =VLOOKUP($A42,'HY Compile'!$1:$1048576,6,0) -> #REF! | J42: =VLOOKUP($A42,'HY Compile'!$1:$1048576,7,0) -> #REF! | K42: =SUM(I42:J42) -> #REF! | L42: =VLOOKUP($A42,'UT-2'!$1:$1048576,4,0) -> #REF! | M42: =IFERROR(ROUND(VLOOKUP($A42,ANNUAL!$1:$1048576,4,0)*0.8,0),VLOOKUP($A42,ANNUAL!$1:$1048576,4,0)) -> #REF! | N42: =SUM(L42:M42) -> #REF! | O42: =VLOOKUP($A42,'HY Compile'!$1:$1048576,9,0) -> #REF! | P42: =VLOOKUP($A42,'HY Compile'!$1:$1048576,10,0) -> #REF! | Q42: =SUM(O42:P42) -> #REF! | R42: =VLOOKUP($A42,'UT-2'!$1:$1048576,5,0) -> #REF! | S42: =IFERROR(ROUND(VLOOKUP($A42,ANNUAL!$1:$1048576,5,0)*0.8,0),VLOOKUP($A42,ANNUAL!$1:$1048576,5,0)) -> #REF! | T42: =SUM(R42:S42) -> #REF! | U42: =VLOOKUP($A42,'HY Compile'!$1:$1048576,12,0) -> #REF! | V42: =VLOOKUP($A42,'HY Compile'!$1:$1048576,13,0) -> #REF! | W42: =SUM(U42:V42) -> #REF! | X42: =VLOOKUP($A42,'UT-2'!$1:$1048576,6,0) -> #REF! | Y42: =IFERROR(ROUND(VLOOKUP($A42,ANNUAL!$1:$1048576,6,0)*0.8,0),VLOOKUP($A42,ANNUAL!$1:$1048576,6,0)) -> #REF! | Z42: =SUM(X42:Y42) -> #REF! | AA42: =VLOOKUP($A42,'HY Compile'!$1:$1048576,15,0) -> #REF! | AB42: =VLOOKUP($A42,'HY Compile'!$1:$1048576,16,0) -> #REF! | AC42: =SUM(AA42:AB42) -> #REF! | AD42: =VLOOKUP($A42,'UT-2'!$1:$1048576,7,0) -> #REF! | AE42: =IFERROR(ROUND(VLOOKUP($A42,ANNUAL!$1:$1048576,7,0)*0.8,0),VLOOKUP($A42,ANNUAL!$1:$1048576,7,0)) -> #REF! | AF42: =SUM(AD42:AE42) -> #REF! | AG42: =VLOOKUP($A42,'HY Compile'!$1:$1048576,18,0) -> #REF! | AH42: =VLOOKUP($A42,'HY Compile'!$1:$1048576,19,0) -> #REF! | AI42: =SUM(AG42:AH42) -> #REF! | AJ42: =VLOOKUP($A42,'UT-2'!$1:$1048576,8,0) -> #REF! | AK42: =IFERROR(ROUND(VLOOKUP($A42,ANNUAL!$1:$1048576,8,0)*0.8,0),VLOOKUP($A42,ANNUAL!$1:$1048576,8,0)) -> #REF! | AL42: =SUM(AJ42:AK42) -> #REF! | AM42: =VLOOKUP($A42,ANNUAL!$1:$1048576,9,0) -> #REF! | AN42: =VLOOKUP($A42,ANNUAL!$1:$1048576,10,0) -> #REF! | AO42: =VLOOKUP($A42,ANNUAL!$1:$1048576,11,0) -> #REF! | AP42: =VLOOKUP($A42,ANNUAL!$1:$1048576,12,0) -> #REF! | AQ42: =VLOOKUP($A42,ANNUAL!$1:$1048576,13,0) -> #REF! | AR42: =VLOOKUP($A42,ANNUAL!$1:$1048576,14,0) -> #REF! | AS42: =VLOOKUP($A42,ANNUAL!$1:$1048576,15,0) -> #REF! | AT42: =SUM(E42,H42,K42,N42,Q42,T42,W42,Z42,AC42,AF42,AI42,AL42) -> #REF! | AU42: =ROUND(AT42/12,2)&" %" -> #REF!

Sheet REORT CARD
B2: SAINIK PUBLIC SCHOOL
B3: (Affiliated to C.B.S.E. New Delhi- Reg. No. : 2131299)
B4: Building No. VB1893, Vikas Bhawan Ward,
B5: Nagar Palika Parishad, Nawabganj, Barabanki
B6: ANNUAL REPORT CARD
B7: SESSION 2025-26
B8: STUDENT PROFILE
B9: Student's Name | D9: =": "&VLOOKUP($I$9,DETAILS!$1:$1048576,2,0) -> #N/A | G9: Admission No. : | I9: 1
B10: Mother's Name | D10: =": "&VLOOKUP($I$9,DETAILS!$1:$1048576,3,0) -> #N/A | G10: Class & Sec. : | I10: =VLOOKUP($I$9,DETAILS!$1:$1048576,6,0) -> #N/A
B11: Father's Name | D11: =": "&VLOOKUP($I$9,DETAILS!$1:$1048576,4,0) -> #N/A | G11: Date of Birth : | I11: =VLOOKUP($I$9,DETAILS!$1:$1048576,5,0) -> #N/A
B13: PART-1 : ACADEMIC PERFORMANCE-SCHOLASTIC AREAS
B14: SUBJECT | D14: Unit Test-1 (20) | E14: Half Yearly (80) | F14: TOTAL (100) | G14: Unit Test-2 (20) | H14: Annual (80) | I14: TOTAL (100) | J14: GRAND TOTAL (200)
B15: ENGLISH | D15: =VLOOKUP($I$9,'COMPILE REPORT'!$1:$1048576,3,0) -> #N/A | E15: =VLOOKUP($I$9,'COMPILE REPORT'!$1:$1048576,4,0) -> #N/A | F15: =SUM(D15:E15) -> #N/A | G15: =VLOOKUP($I$9,'COMPILE REPORT'!$1:$1048576,6,0) -> #N/A | H15: =VLOOKUP($I$9,'COMPILE REPORT'!$1:$1048576,7,0) -> #N/A | I15: =SUM(G15:H15) -> #N/A | J15: =SUM(F15,I15) -> #N/A
B16: HINDI | D16: =VLOOKUP($I$9,'COMPILE REPORT'!$1:$1048576,9,0) -> #N/A | E16: =VLOOKUP($I$9,'COMPILE REPORT'!$1:$1048576,10,0) -> #N/A | F16: =SUM(D16:E16) -> #N/A | G16: =VLOOKUP($I$9,'COMPILE REPORT'!$1:$1048576,12,0) -> #N/A | H16: =VLOOKUP($I$9,'COMPILE REPORT'!$1:$1048576,13,0) -> #N/A | I16: =SUM(G16:H16) -> #N/A | J16: =SUM(F16,I16) -> #N/A
B17: MATHEMATICS | D17: =VLOOKUP($I$9,'COMPILE REPORT'!$1:$1048576,15,0) -> #N/A | E17: =VLOOKUP($I$9,'COMPILE REPORT'!$1:$1048576,16,0) -> #N/A | F17: =SUM(D17:E17) -> #N/A | G17: =VLOOKUP($I$9,'COMPILE REPORT'!$1:$1048576,18,0) -> #N/A | H17: =VLOOKUP($I$9,'COMPILE REPORT'!$1:$1048576,19,0) -> #N/A | I17: =SUM(G17:H17) -> #N/A | J17: =SUM(F17,I17) -> #N/A
B18: SCIENCE | D18: =VLOOKUP($I$9,'COMPILE REPORT'!$1:$1048576,21,0) -> #N/A | E18: =VLOOKUP($I$9,'COMPILE REPORT'!$1:$1048576,22,0) -> #N/A | F18: =SUM(D18:E18) -> #N/A | G18: =VLOOKUP($I$9,'COMPILE REPORT'!$1:$1048576,24,0) -> #N/A | H18: =VLOOKUP($I$9,'COMPILE REPORT'!$1:$1048576,25,0) -> #N/A | I18: =SUM(G18:H18) -> #N/A | J18: =SUM(F18,I18) -> #N/A
B19: SOCIAL SCIENCE | D19: =VLOOKUP($I$9,'COMPILE REPORT'!$1:$1048576,27,0) -> #N/A | E19: =VLOOKUP($I$9,'COMPILE REPORT'!$1:$1048576,28,0) -> #N/A | F19: =SUM(D19:E19) -> #N/A | G19: =VLOOKUP($I$9,'COMPILE REPORT'!$1:$1048576,30,0) -> #N/A | H19: =VLOOKUP($I$9,'COMPILE REPORT'!$1:$1048576,31,0) -> #N/A | I19: =SUM(G19:H19) -> #N/A | J19: =SUM(F19,I19) -> #N/A
B20: ARTIFICIAL INTELLIGENCE | D20: =VLOOKUP($I$9,'COMPILE REPORT'!$1:$1048576,33,0) -> #N/A | E20: =VLOOKUP($I$9,'COMPILE REPORT'!$1:$1048576,34,0) -> #N/A | F20: =SUM(D20:E20) -> #N/A | G20: =VLOOKUP($I$9,'COMPILE REPORT'!$1:$1048576,36,0) -> #N/A | H20: =VLOOKUP($I$9,'COMPILE REPORT'!$1:$1048576,37,0) -> #N/A | I20: =SUM(G20:H20) -> #N/A | J20: =SUM(F20,I20) -> #N/A
B22: Attendance | C22: =VLOOKUP($I$9,'COMPILE REPORT'!$1:$1048576,43,0) -> #N/A | D22: =VLOOKUP($I$9,'COMPILE REPORT'!$1:$1048576,44,0) -> #N/A | H22: Percentage | J22: =ROUND((SUM(J15:J20))/12,2)&" %" -> #N/A
H23: Grand Total | J23: =SUM(J15:J20) & "/1200" -> #N/A
B26: PART-2:CO-SCHOLASTIC AREAS | H26: GRADE
B27: Work Education | H27: =VLOOKUP($I$9,'COMPILE REPORT'!$1:$1048576,39,0) -> #N/A | I27: =VLOOKUP($I$9,'COMPILE REPORT'!$1:$1048576,37,0) -> #N/A | J27: =VLOOKUP($I$9,'COMPILE REPORT'!$1:$1048576,37,0) -> #N/A
B28: Art Education | H28: =VLOOKUP($I$9,'COMPILE REPORT'!$1:$1048576,40,0) -> #N/A | I28: =VLOOKUP($I$9,'COMPILE REPORT'!$1:$1048576,37,0) -> #N/A | J28: =VLOOKUP($I$9,'COMPILE REPORT'!$1:$1048576,37,0) -> #N/A
B29: Health & Physical Education | H29: =VLOOKUP($I$9,'COMPILE REPORT'!$1:$1048576,41,0) -> #N/A | I29: =VLOOKUP($I$9,'COMPILE REPORT'!$1:$1048576,37,0) -> #N/A | J29: =VLOOKUP($I$9,'COMPILE REPORT'!$1:$1048576,37,0) -> #N/A
B30: Discipline | H30: =VLOOKUP($I$9,'COMPILE REPORT'!$1:$1048576,42,0) -> #N/A | I30: =VLOOKUP($I$9,'COMPILE REPORT'!$1:$1048576,37,0) -> #N/A | J30: =VLOOKUP($I$9,'COMPILE REPORT'!$1:$1048576,37,0) -> #N/A
B32: Mark Range
B33: Grade
B36: ="Class Teacher's Remark: "&VLOOKUP($I$9,'COMPILE REPORT'!$1:$1048576,45,0) -> #N/A
H37: Promoted to Class : X
B38: Issue Date: 27.03.2026 | H38: School Reopen Date : 01.04.2026
B43: Class Teacher's Signature | H43: Principal's Signature
