Workbook

Sheet DETAILS
A1: STUDENT'S DETAIL
A2: SR NO | B2: NAME | C2: MOTHER'S NAME | D2: FATHER'S NAME | E2: DOB | F2: CLASS & SEC
A3: 1633 | B3: AADVIK SRIVASTAVA | C3: RAJANI SRIVASTAVA | D3: SANJEEV KUMAR SRIVASTAVA | E3: 14.08.2013 | F3: VII-A
A4: 1119 | B4: AARYASH SONI | C4: PINKI SONI | D4: NATHURAM VERMA | E4: 01.05.2013 | F4: VII-A
A5: 1407 | B5: AKSHAY DUBEY | C5: BEBI DUBEY | D5: SANTOSH KUMAR AWADHESH DUBEY | E5: 02.02.2015 | F5: VII-A
A6: 1077 | B6: ALISHA | C6: AISHA KHATOON | D6: SYED MUNNWWAR ALI | E6: 27.04.2012 | F6: VII-A
A7: 1210 | B7: ANJALI JHA | C7: SAROJ JHA | D7: SHAYMANAND JHA | E7: 19.11.2013 | F7: VII-A
A8: 1286 | B8: AROHI JAISWAL | C8: MEENA JAISWAL | D8: OMJI JAISWAL | E8: 31.12.2012 | F8: VII-A
A9: 1862 | B9: ASHUTOSH MISHRA | C9: SEEMA MISHRA | D9: AMIT KUMAR MISHRA | E9: 04.07.2014 | F9: VII-A
A10: 1684 | B10: AYUSH GUPTA | C10: POONAM GUPTA | D10: NARAYAN PRASAD GUPTA | E10: 21.06.2013 | F10: VII-A
A11: 1662 | B11: AYUSH KUMAR YOGI | C11: REKHA ANAND | D11: GIRJA SHANKAR | E11: 06.05.2013 | F11: VII-A
A12: 1602 | B12: AYUSHI MISHRA | C12: LAXMI MISHRA | D12: AMIT MISHRA | E12: 01.02.2014 | F12: VII-A
A13: 1842 | B13: DEEPANSH YADAV | C13: SARVESH KUMARI | D13: MUKESH KUMAR | E13: 09.08.2016 | F13: VII-A
A14: 1127 | B14: DIKSHA MISHRA | C14: BRIJESHWARI MISHRA | D14: SUDHAKAR MISHRA | E14: 23.02.2013 | F14: VII-A
... A43: 1773 | B43: YASHRAJ | C43: ANAMIKA DEVI | D43: SATENDRA KUSHWAHA | E43: 16.04.2013 | F43: VII-A

Sheet UT-I(Entry)
A1: UNIT TEST-I (2025-26) CLASS - VII
A2: SR. NO. | B2: NAME | C2: ENGLISH | D2: HINDI | E2: MATHS | F2: SCIENCE | G2: SOCIAL STUDIES | H2: SANSKRIT | I2: COMPUTER | J2: G.K. | K2: ART | L2: Attendance
L3: Present | M3: Working Day
A4: =DETAILS!A3 -> 1633 | B4: =DETAILS!B3 -> AADVIK SRIVASTAVA
A5: =DETAILS!A4 -> 1119 | B5: =DETAILS!B4 -> AARYASH SONI
A6: =DETAILS!A5 -> 1407 | B6: =DETAILS!B5 -> AKSHAY DUBEY
A7: =DETAILS!A6 -> 1077 | B7: =DETAILS!B6 -> ALISHA
A8: =DETAILS!A7 -> 1210 | B8: =DETAILS!B7 -> ANJALI JHA
A9: =DETAILS!A8 -> 1286 | B9: =DETAILS!B8 -> AROHI JAISWAL
A10: =DETAILS!A9 -> 1862 | B10: =DETAILS!B9 -> ASHUTOSH MISHRA
A11: =DETAILS!A10 -> 1684 | B11: =DETAILS!B10 -> AYUSH GUPTA
A12: =DETAILS!A11 -> 1662 | B12: =DETAILS!B11 -> AYUSH KUMAR YOGI
A13: =DETAILS!A12 -> 1602 | B13: =DETAILS!B12 -> AYUSHI MISHRA
A14: =DETAILS!A13 -> 1842 | B14: =DETAILS!B13 -> DEEPANSH YADAV
A15: =DETAILS!A14 -> 1127 | B15: =DETAILS!B14 -> DIKSHA MISHRA
... A44: =DETAILS!A43 -> 1773 | B44: =DETAILS!B43 -> YASHRAJ

Sheet UT-I 
A1: UNIT TEST-I (2025-26) CLASS - VII
A2: SR. NO. | B2: NAME | C2: ENGLISH | D2: HINDI | E2: MATHS | F2: SCIENCE | G2: SOCIAL STUDIES | H2: SANSKRIT | I2: COMPUTER | J2: G.K. | K2: ART | L2: TOTAL | M2: PERCENTAGE | N2: Attendance
N3: Present | O3: Working Day
A4: =DETAILS!A3 -> 1633 | B4: =DETAILS!B3 -> AADVIK SRIVASTAVA | C4: =IFERROR(ROUND((VLOOKUP(A4,'UT-I(Entry)'!$1:$1048576,3,0))/2,0),VLOOKUP(A4,'UT-I(Entry)'!$1:$1048576,3,0)) -> 0 | D4: =IFERROR(ROUND((VLOOKUP(A4,'UT-I(Entry)'!$1:$1048576,4,0))/2,0),VLOOKUP(A4,'UT-I(Entry)'!$1:$1048576,4,0)) -> 0 | E4: =IFERROR(ROUND((VLOOKUP(A4,'UT-I(Entry)'!$1:$1048576,5,0))/2,0),VLOOKUP(A4,'UT-I(Entry)'!$1:$1048576,5,0)) -> 0 | F4: =IFERROR(ROUND((VLOOKUP(A4,'UT-I(Entry)'!$1:$1048576,6,0))/2,0),VLOOKUP(A4,'UT-I(Entry)'!$1:$1048576,6,0)) -> 0 | G4: =IFERROR(ROUND((VLOOKUP($A4,'UT-I(Entry)'!$1:$1048576,7,0))/2,0),VLOOKUP($A4,'UT-I(Entry)'!$1:$1048576,7,0)) -> 0 | H4: =IFERROR(ROUND((VLOOKUP($A4,'UT-I(Entry)'!$1:$1048576,8,0))/2,0),VLOOKUP($A4,'UT-I(Entry)'!$1:$1048576,8,0)) -> 0 | I4: =IFERROR(ROUND((VLOOKUP(A4,'UT-I(Entry)'!$1:$1048576,9,0))/2,0),VLOOKUP(A4,'UT-I(Entry)'!$1:$1048576,9,0)) -> 0 | J4: =IFERROR(VLOOKUP(VLOOKUP(A4,'UT-I(Entry)'!$1:$1048576,10,0),'Grade(40)'!$1:$1048576,2,0),VLOOKUP(A4,'UT-I(Entry)'!$1:$1048576,10,0)) -> E | K4: =IFERROR(VLOOKUP(VLOOKUP(A4,'UT-I(Entry)'!$1:$1048576,11,0),'Grade(40)'!$1:$1048576,2,0),VLOOKUP(A4,'UT-I(Entry)'!$1:$1048576,11,0)) -> E | L4: =SUM(C4:I4) -> 0 | M4: =ROUND(L4/1.4,2)&" %" -> 0 % | N4: =VLOOKUP(A4,'UT-I(Entry)'!$1:$1048576,12,0) -> 0 | O4: =VLOOKUP(A4,'UT-I(Entry)'!$1:$1048576,13,0) -> 0
A5: =DETAILS!A4 -> 1119 | B5: =DETAILS!B4 -> AARYASH SONI | C5: =IFERROR(ROUND((VLOOKUP(A5,'UT-I(Entry)'!$1:$1048576,3,0))/2,0),VLOOKUP(A5,'UT-I(Entry)'!$1:$1048576,3,0)) -> 0 | D5: =IFERROR(ROUND((VLOOKUP(A5,'UT-I(Entry)'!$1:$1048576,4,0))/2,0),VLOOKUP(A5,'UT-I(Entry)'!$1:$1048576,4,0)) -> 0 | E5: =IFERROR(ROUND((VLOOKUP(A5,'UT-I(Entry)'!$1:$1048576,5,0))/2,0),VLOOKUP(A5,'UT-I(Entry)'!$1:$1048576,5,0)) -> 0 | F5: =IFERROR(ROUND((VLOOKUP(A5,'UT-I(Entry)'!$1:$1048576,6,0))/2,0),VLOOKUP(A5,'UT-I(Entry)'!$1:$1048576,6,0)) -> 0 | G5: =IFERROR(ROUND((VLOOKUP($A5,'UT-I(Entry)'!$1:$1048576,7,0))/2,0),VLOOKUP(A5,'UT-I(Entry)'!$1:$1048576,7,0)) -> 0 | H5: =IFERROR(ROUND((VLOOKUP($A5,'UT-I(Entry)'!$1:$1048576,8,0))/2,0),VLOOKUP($A5,'UT-I(Entry)'!$1:$1048576,8,0)) -> 0 | I5: =IFERROR(ROUND((VLOOKUP(A5,'UT-I(Entry)'!$1:$1048576,9,0))/2,0),VLOOKUP(A5,'UT-I(Entry)'!$1:$1048576,9,0)) -> 0 | J5: =IFERROR(VLOOKUP(VLOOKUP(A5,'UT-I(Entry)'!$1:$1048576,10,0),'Grade(40)'!$1:$1048576,2,0),VLOOKUP(A5,'UT-I(Entry)'!$1:$1048576,10,0)) -> E | K5: =IFERROR(VLOOKUP(VLOOKUP(A5,'UT-I(Entry)'!$1:$1048576,11,0),'Grade(40)'!$1:$1048576,2,0),VLOOKUP(A5,'UT-I(Entry)'!$1:$1048576,11,0)) -> E | L5: =SUM(C5:I5) -> 0 | M5: =ROUND(L5/1.4,2)&" %" -> 0 % | N5: =VLOOKUP(A5,'UT-I(Entry)'!$1:$1048576,12,0) -> 0 | O5: =VLOOKUP(A5,'UT-I(Entry)'!$1:$1048576,13,0) -> 0
A6: =DETAILS!A5 -> 1407 | B6: =DETAILS!B5 -> AKSHAY DUBEY | C6: =IFERROR(ROUND((VLOOKUP(A6,'UT-I(Entry)'!$1:$1048576,3,0))/2,0),VLOOKUP(A6,'UT-I(Entry)'!$1:$1048576,3,0)) -> 0 | D6: =IFERROR(ROUND((VLOOKUP(A6,'UT-I(Entry)'!$1:$1048576,4,0))/2,0),VLOOKUP(A6,'UT-I(Entry)'!$1:$1048576,4,0)) -> 0 | E6: =IFERROR(ROUND((VLOOKUP(A6,'UT-I(Entry)'!$1:$1048576,5,0))/2,0),VLOOKUP(A6,'UT-I(Entry)'!$1:$1048576,5,0)) -> 0 | F6: =IFERROR(ROUND((VLOOKUP(A6,'UT-I(Entry)'!$1:$1048576,6,0))/2,0),VLOOKUP(A6,'UT-I(Entry)'!$1:$1048576,6,0)) -> 0 | G6: =IFERROR(ROUND((VLOOKUP($A6,'UT-I(Entry)'!$1:$1048576,7,0))/2,0),VLOOKUP(A6,'UT-I(Entry)'!$1:$1048576,7,0)) -> 0 | H6: =IFERROR(ROUND((VLOOKUP($A6,'UT-I(Entry)'!$1:$1048576,8,0))/2,0),VLOOKUP($A6,'UT-I(Entry)'!$1:$1048576,8,0)) -> 0 | I6: =IFERROR(ROUND((VLOOKUP(A6,'UT-I(Entry)'!$1:$1048576,9,0))/2,0),VLOOKUP(A6,'UT-I(Entry)'!$1:$1048576,9,0)) -> 0 | J6: =IFERROR(VLOOKUP(VLOOKUP(A6,'UT-I(Entry)'!$1:$1048576,10,0),'Grade(40)'!$1:$1048576,2,0),VLOOKUP(A6,'UT-I(Entry)'!$1:$1048576,10,0)) -> E | K6: =IFERROR(VLOOKUP(VLOOKUP(A6,'UT-I(Entry)'!$1:$1048576,11,0),'Grade(40)'!$1:$1048576,2,0),VLOOKUP(A6,'UT-I(Entry)'!$1:$1048576,11,0)) -> E | L6: =SUM(C6:I6) -> 0 | M6: =ROUND(L6/1.4,2)&" %" -> 0 % | N6: =VLOOKUP(A6,'UT-I(Entry)'!$1:$1048576,12,0) -> 0 | O6: =VLOOKUP(A6,'UT-I(Entry)'!$1:$1048576,13,0) -> 0
A7: =DETAILS!A6 -> 1077 | B7: =DETAILS!B6 -> ALISHA | C7: =IFERROR(ROUND((VLOOKUP(A7,'UT-I(Entry)'!$1:$1048576,3,0))/2,0),VLOOKUP(A7,'UT-I(Entry)'!$1:$1048576,3,0)) -> 0 | D7: =IFERROR(ROUND((VLOOKUP(A7,'UT-I(Entry)'!$1:$1048576,4,0))/2,0),VLOOKUP(A7,'UT-I(Entry)'!$1:$1048576,4,0)) -> 0 | E7: =IFERROR(ROUND((VLOOKUP(A7,'UT-I(Entry)'!$1:$1048576,5,0))/2,0),VLOOKUP(A7,'UT-I(Entry)'!$1:$1048576,5,0)) -> 0 | F7: =IFERROR(ROUND((VLOOKUP(A7,'UT-I(Entry)'!$1:$1048576,6,0))/2,0),VLOOKUP(A7,'UT-I(Entry)'!$1:$1048576,6,0)) -> 0 | G7: =IFERROR(ROUND((VLOOKUP($A7,'UT-I(Entry)'!$1:$1048576,7,0))/2,0),VLOOKUP(A7,'UT-I(Entry)'!$1:$1048576,7,0)) -> 0 | H7: =IFERROR(ROUND((VLOOKUP($A7,'UT-I(Entry)'!$1:$1048576,8,0))/2,0),VLOOKUP($A7,'UT-I(Entry)'!$1:$1048576,8,0)) -> 0 | I7: =IFERROR(ROUND((VLOOKUP(A7,'UT-I(Entry)'!$1:$1048576,9,0))/2,0),VLOOKUP(A7,'UT-I(Entry)'!$1:$1048576,9,0)) -> 0 | J7: =IFERROR(VLOOKUP(VLOOKUP(A7,'UT-I(Entry)'!$1:$1048576,10,0),'Grade(40)'!$1:$1048576,2,0),VLOOKUP(A7,'UT-I(Entry)'!$1:$1048576,10,0)) -> E | K7: =IFERROR(VLOOKUP(VLOOKUP(A7,'UT-I(Entry)'!$1:$1048576,11,0),'Grade(40)'!$1:$1048576,2,0),VLOOKUP(A7,'UT-I(Entry)'!$1:$1048576,11,0)) -> E | L7: =SUM(C7:I7) -> 0 | M7: =ROUND(L7/1.4,2)&" %" -> 0 % | N7: =VLOOKUP(A7,'UT-I(Entry)'!$1:$1048576,12,0) -> 0 | O7: =VLOOKUP(A7,'UT-I(Entry)'!$1:$1048576,13,0) -> 0
A8: =DETAILS!A7 -> 1210 | B8: =DETAILS!B7 -> ANJALI JHA | C8: =IFERROR(ROUND((VLOOKUP(A8,'UT-I(Entry)'!$1:$1048576,3,0))/2,0),VLOOKUP(A8,'UT-I(Entry)'!$1:$1048576,3,0)) -> 0 | D8: =IFERROR(ROUND((VLOOKUP(A8,'UT-I(Entry)'!$1:$1048576,4,0))/2,0),VLOOKUP(A8,'UT-I(Entry)'!$1:$1048576,4,0)) -> 0 | E8: =IFERROR(ROUND((VLOOKUP(A8,'UT-I(Entry)'!$1:$1048576,5,0))/2,0),VLOOKUP(A8,'UT-I(Entry)'!$1:$1048576,5,0)) -> 0 | F8: =IFERROR(ROUND((VLOOKUP(A8,'UT-I(Entry)'!$1:$1048576,6,0))/2,0),VLOOKUP(A8,'UT-I(Entry)'!$1:$1048576,6,0)) -> 0 | G8: =IFERROR(ROUND((VLOOKUP($A8,'UT-I(Entry)'!$1:$1048576,7,0))/2,0),VLOOKUP(A8,'UT-I(Entry)'!$1:$1048576,7,0)) -> 0 | H8: =IFERROR(ROUND((VLOOKUP($A8,'UT-I(Entry)'!$1:$1048576,8,0))/2,0),VLOOKUP($A8,'UT-I(Entry)'!$1:$1048576,8,0)) -> 0 | I8: =IFERROR(ROUND((VLOOKUP(A8,'UT-I(Entry)'!$1:$1048576,9,0))/2,0),VLOOKUP(A8,'UT-I(Entry)'!$1:$1048576,9,0)) -> 0 | J8: =IFERROR(VLOOKUP(VLOOKUP(A8,'UT-I(Entry)'!$1:$1048576,10,0),'Grade(40)'!$1:$1048576,2,0),VLOOKUP(A8,'UT-I(Entry)'!$1:$1048576,10,0)) -> E | K8: =IFERROR(VLOOKUP(VLOOKUP(A8,'UT-I(Entry)'!$1:$1048576,11,0),'Grade(40)'!$1:$1048576,2,0),VLOOKUP(A8,'UT-I(Entry)'!$1:$1048576,11,0)) -> E | L8: =SUM(C8:I8) -> 0 | M8: =ROUND(L8/1.4,2)&" %" -> 0 % | N8: =VLOOKUP(A8,'UT-I(Entry)'!$1:$1048576,12,0) -> 0 | O8: =VLOOKUP(A8,'UT-I(Entry)'!$1:$1048576,13,0) -> 0
A9: =DETAILS!A8 -> 1286 | B9: =DETAILS!B8 -> AROHI JAISWAL | C9: =IFERROR(ROUND((VLOOKUP(A9,'UT-I(Entry)'!$1:$1048576,3,0))/2,0),VLOOKUP(A9,'UT-I(Entry)'!$1:$1048576,3,0)) -> 0 | D9: =IFERROR(ROUND((VLOOKUP(A9,'UT-I(Entry)'!$1:$1048576,4,0))/2,0),VLOOKUP(A9,'UT-I(Entry)'!$1:$1048576,4,0)) -> 0 | E9: =IFERROR(ROUND((VLOOKUP(A9,'UT-I(Entry)'!$1:$1048576,5,0))/2,0),VLOOKUP(A9,'UT-I(Entry)'!$1:$1048576,5,0)) -> 0 | F9: =IFERROR(ROUND((VLOOKUP(A9,'UT-I(Entry)'!$1:$1048576,6,0))/2,0),VLOOKUP(A9,'UT-I(Entry)'!$1:$1048576,6,0)) -> 0 | G9: =IFERROR(ROUND((VLOOKUP($A9,'UT-I(Entry)'!$1:$1048576,7,0))/2,0),VLOOKUP(A9,'UT-I(Entry)'!$1:$1048576,7,0)) -> 0 | H9: =IFERROR(ROUND((VLOOKUP($A9,'UT-I(Entry)'!$1:$1048576,8,0))/2,0),VLOOKUP($A9,'UT-I(Entry)'!$1:$1048576,8,0)) -> 0 | I9: =IFERROR(ROUND((VLOOKUP(A9,'UT-I(Entry)'!$1:$1048576,9,0))/2,0),VLOOKUP(A9,'UT-I(Entry)'!$1:$1048576,9,0)) -> 0 | J9: =IFERROR(VLOOKUP(VLOOKUP(A9,'UT-I(Entry)'!$1:$1048576,10,0),'Grade(40)'!$1:$1048576,2,0),VLOOKUP(A9,'UT-I(Entry)'!$1:$1048576,10,0)) -> E | K9: =IFERROR(VLOOKUP(VLOOKUP(A9,'UT-I(Entry)'!$1:$1048576,11,0),'Grade(40)'!$1:$1048576,2,0),VLOOKUP(A9,'UT-I(Entry)'!$1:$1048576,11,0)) -> E | L9: =SUM(C9:I9) -> 0 | M9: =ROUND(L9/1.4,2)&" %" -> 0 % | N9: =VLOOKUP(A9,'UT-I(Entry)'!$1:$1048576,12,0) -> 0 | O9: =VLOOKUP(A9,'UT-I(Entry)'!$1:$1048576,13,0) -> 0
A10: =DETAILS!A9 -> 1862 | B10: =DETAILS!B9 -> ASHUTOSH MISHRA | C10: =IFERROR(ROUND((VLOOKUP(A10,'UT-I(Entry)'!$1:$1048576,3,0))/2,0),VLOOKUP(A10,'UT-I(Entry)'!$1:$1048576,3,0)) -> 0 | D10: =IFERROR(ROUND((VLOOKUP(A10,'UT-I(Entry)'!$1:$1048576,4,0))/2,0),VLOOKUP(A10,'UT-I(Entry)'!$1:$1048576,4,0)) -> 0 | E10: =IFERROR(ROUND((VLOOKUP(A10,'UT-I(Entry)'!$1:$1048576,5,0))/2,0),VLOOKUP(A10,'UT-I(Entry)'!$1:$1048576,5,0)) -> 0 | F10: =IFERROR(ROUND((VLOOKUP(A10,'UT-I(Entry)'!$1:$1048576,6,0))/2,0),VLOOKUP(A10,'UT-I(Entry)'!$1:$1048576,6,0)) -> 0 | G10: =IFERROR(ROUND((VLOOKUP($A10,'UT-I(Entry)'!$1:$1048576,7,0))/2,0),VLOOKUP(A10,'UT-I(Entry)'!$1:$1048576,7,0)) -> 0 | H10: =IFERROR(ROUND((VLOOKUP($A10,'UT-I(Entry)'!$1:$1048576,8,0))/2,0),VLOOKUP($A10,'UT-I(Entry)'!$1:$1048576,8,0)) -> 0 | I10: =IFERROR(ROUND((VLOOKUP(A10,'UT-I(Entry)'!$1:$1048576,9,0))/2,0),VLOOKUP(A10,'UT-I(Entry)'!$1:$1048576,9,0)) -> 0 | J10: =IFERROR(VLOOKUP(VLOOKUP(A10,'UT-I(Entry)'!$1:$1048576,10,0),'Grade(40)'!$1:$1048576,2,0),VLOOKUP(A10,'UT-I(Entry)'!$1:$1048576,10,0)) -> E | K10: =IFERROR(VLOOKUP(VLOOKUP(A10,'UT-I(Entry)'!$1:$1048576,11,0),'Grade(40)'!$1:$1048576,2,0),VLOOKUP(A10,'UT-I(Entry)'!$1:$1048576,11,0)) -> E | L10: =SUM(C10:I10) -> 0 | M10: =ROUND(L10/1.4,2)&" %" -> 0 % | N10: =VLOOKUP(A10,'UT-I(Entry)'!$1:$1048576,12,0) -> 0 | O10: =VLOOKUP(A10,'UT-I(Entry)'!$1:$1048576,13,0) -> 0
A11: =DETAILS!A10 -> 1684 | B11: =DETAILS!B10 -> AYUSH GUPTA | C11: =IFERROR(ROUND((VLOOKUP(A11,'UT-I(Entry)'!$1:$1048576,3,0))/2,0),VLOOKUP(A11,'UT-I(Entry)'!$1:$1048576,3,0)) -> 0 | D11: =IFERROR(ROUND((VLOOKUP(A11,'UT-I(Entry)'!$1:$1048576,4,0))/2,0),VLOOKUP(A11,'UT-I(Entry)'!$1:$1048576,4,0)) -> 0 | E11: =IFERROR(ROUND((VLOOKUP(A11,'UT-I(Entry)'!$1:$1048576,5,0))/2,0),VLOOKUP(A11,'UT-I(Entry)'!$1:$1048576,5,0)) -> 0 | F11: =IFERROR(ROUND((VLOOKUP(A11,'UT-I(Entry)'!$1:$1048576,6,0))/2,0),VLOOKUP(A11,'UT-I(Entry)'!$1:$1048576,6,0)) -> 0 | G11: =IFERROR(ROUND((VLOOKUP($A11,'UT-I(Entry)'!$1:$1048576,7,0))/2,0),VLOOKUP(A11,'UT-I(Entry)'!$1:$1048576,7,0)) -> 0 | H11: =IFERROR(ROUND((VLOOKUP($A11,'UT-I(Entry)'!$1:$1048576,8,0))/2,0),VLOOKUP($A11,'UT-I(Entry)'!$1:$1048576,8,0)) -> 0 | I11: =IFERROR(ROUND((VLOOKUP(A11,'UT-I(Entry)'!$1:$1048576,9,0))/2,0),VLOOKUP(A11,'UT-I(Entry)'!$1:$1048576,9,0)) -> 0 | J11: =IFERROR(VLOOKUP(VLOOKUP(A11,'UT-I(Entry)'!$1:$1048576,10,0),'Grade(40)'!$1:$1048576,2,0),VLOOKUP(A11,'UT-I(Entry)'!$1:$1048576,10,0)) -> E | K11: =IFERROR(VLOOKUP(VLOOKUP(A11,'UT-I(Entry)'!$1:$1048576,11,0),'Grade(40)'!$1:$1048576,2,0),VLOOKUP(A11,'UT-I(Entry)'!$1:$1048576,11,0)) -> E | L11: =SUM(C11:I11) -> 0 | M11: =ROUND(L11/1.4,2)&" %" -> 0 % | N11: =VLOOKUP(A11,'UT-I(Entry)'!$1:$1048576,12,0) -> 0 | O11: =VLOOKUP(A11,'UT-I(Entry)'!$1:$1048576,13,0) -> 0
A12: =DETAILS!A11 -> 1662 | B12: =DETAILS!B11 -> AYUSH KUMAR YOGI | C12: =IFERROR(ROUND((VLOOKUP(A12,'UT-I(Entry)'!$1:$1048576,3,0))/2,0),VLOOKUP(A12,'UT-I(Entry)'!$1:$1048576,3,0)) -> 0 | D12: =IFERROR(ROUND((VLOOKUP(A12,'UT-I(Entry)'!$1:$1048576,4,0))/2,0),VLOOKUP(A12,'UT-I(Entry)'!$1:$1048576,4,0)) -> 0 | E12: =IFERROR(ROUND((VLOOKUP(A12,'UT-I(Entry)'!$1:$1048576,5,0))/2,0),VLOOKUP(A12,'UT-I(Entry)'!$1:$1048576,5,0)) -> 0 | F12: =IFERROR(ROUND((VLOOKUP(A12,'UT-I(Entry)'!$1:$1048576,6,0))/2,0),VLOOKUP(A12,'UT-I(Entry)'!$1:$1048576,6,0)) -> 0 | G12: =IFERROR(ROUND((VLOOKUP($A12,'UT-I(Entry)'!$1:$1048576,7,0))/2,0),VLOOKUP(A12,'UT-I(Entry)'!$1:$1048576,7,0)) -> 0 | H12: =IFERROR(ROUND((VLOOKUP($A12,'UT-I(Entry)'!$1:$1048576,8,0))/2,0),VLOOKUP($A12,'UT-I(Entry)'!$1:$1048576,8,0)) -> 0 | I12: =IFERROR(ROUND((VLOOKUP(A12,'UT-I(Entry)'!$1:$1048576,9,0))/2,0),VLOOKUP(A12,'UT-I(Entry)'!$1:$1048576,9,0)) -> 0 | J12: =IFERROR(VLOOKUP(VLOOKUP(A12,'UT-I(Entry)'!$1:$1048576,10,0),'Grade(40)'!$1:$1048576,2,0),VLOOKUP(A12,'UT-I(Entry)'!$1:$1048576,10,0)) -> E | K12: =IFERROR(VLOOKUP(VLOOKUP(A12,'UT-I(Entry)'!$1:$1048576,11,0),'Grade(40)'!$1:$1048576,2,0),VLOOKUP(A12,'UT-I(Entry)'!$1:$1048576,11,0)) -> E | L12: =SUM(C12:I12) -> 0 | M12: =ROUND(L12/1.4,2)&" %" -> 0 % | N12: =VLOOKUP(A12,'UT-I(Entry)'!$1:$1048576,12,0) -> 0 | O12: =VLOOKUP(A12,'UT-I(Entry)'!$1:$1048576,13,0) -> 0
A13: =DETAILS!A12 -> 1602 | B13: =DETAILS!B12 -> AYUSHI MISHRA | C13: =IFERROR(ROUND((VLOOKUP(A13,'UT-I(Entry)'!$1:$1048576,3,0))/2,0),VLOOKUP(A13,'UT-I(Entry)'!$1:$1048576,3,0)) -> 0 | D13: =IFERROR(ROUND((VLOOKUP(A13,'UT-I(Entry)'!$1:$1048576,4,0))/2,0),VLOOKUP(A13,'UT-I(Entry)'!$1:$1048576,4,0)) -> 0 | E13: =IFERROR(ROUND((VLOOKUP(A13,'UT-I(Entry)'!$1:$1048576,5,0))/2,0),VLOOKUP(A13,'UT-I(Entry)'!$1:$1048576,5,0)) -> 0 | F13: =IFERROR(ROUND((VLOOKUP(A13,'UT-I(Entry)'!$1:$1048576,6,0))/2,0),VLOOKUP(A13,'UT-I(Entry)'!$1:$1048576,6,0)) -> 0 | G13: =IFERROR(ROUND((VLOOKUP($A13,'UT-I(Entry)'!$1:$1048576,7,0))/2,0),VLOOKUP(A13,'UT-I(Entry)'!$1:$1048576,7,0)) -> 0 | H13: =IFERROR(ROUND((VLOOKUP($A13,'UT-I(Entry)'!$1:$1048576,8,0))/2,0),VLOOKUP($A13,'UT-I(Entry)'!$1:$1048576,8,0)) -> 0 | I13: =IFERROR(ROUND((VLOOKUP(A13,'UT-I(Entry)'!$1:$1048576,9,0))/2,0),VLOOKUP(A13,'UT-I(Entry)'!$1:$1048576,9,0)) -> 0 | J13: =IFERROR(VLOOKUP(VLOOKUP(A13,'UT-I(Entry)'!$1:$1048576,10,0),'Grade(40)'!$1:$1048576,2,0),VLOOKUP(A13,'UT-I(Entry)'!$1:$1048576,10,0)) -> E | K13: =IFERROR(VLOOKUP(VLOOKUP(A13,'UT-I(Entry)'!$1:$1048576,11,0),'Grade(40)'!$1:$1048576,2,0),VLOOKUP(A13,'UT-I(Entry)'!$1:$1048576,11,0)) -> E | L13: =SUM(C13:I13) -> 0 | M13: =ROUND(L13/1.4,2)&" %" -> 0 % | N13: =VLOOKUP(A13,'UT-I(Entry)'!$1:$1048576,12,0) -> 0 | O13: =VLOOKUP(A13,'UT-I(Entry)'!$1:$1048576,13,0) -> 0
A14: =DETAILS!A13 -> 1842 | B14: =DETAILS!B13 -> DEEPANSH YADAV | C14: =IFERROR(ROUND((VLOOKUP(A14,'UT-I(Entry)'!$1:$1048576,3,0))/2,0),VLOOKUP(A14,'UT-I(Entry)'!$1:$1048576,3,0)) -> 0 | D14: =IFERROR(ROUND((VLOOKUP(A14,'UT-I(Entry)'!$1:$1048576,4,0))/2,0),VLOOKUP(A14,'UT-I(Entry)'!$1:$1048576,4,0)) -> 0 | E14: =IFERROR(ROUND((VLOOKUP(A14,'UT-I(Entry)'!$1:$1048576,5,0))/2,0),VLOOKUP(A14,'UT-I(Entry)'!$1:$1048576,5,0)) -> 0 | F14: =IFERROR(ROUND((VLOOKUP(A14,'UT-I(Entry)'!$1:$1048576,6,0))/2,0),VLOOKUP(A14,'UT-I(Entry)'!$1:$1048576,6,0)) -> 0 | G14: =IFERROR(ROUND((VLOOKUP($A14,'UT-I(Entry)'!$1:$1048576,7,0))/2,0),VLOOKUP(A14,'UT-I(Entry)'!$1:$1048576,7,0)) -> 0 | H14: =IFERROR(ROUND((VLOOKUP($A14,'UT-I(Entry)'!$1:$1048576,8,0))/2,0),VLOOKUP($A14,'UT-I(Entry)'!$1:$1048576,8,0)) -> 0 | I14: =IFERROR(ROUND((VLOOKUP(A14,'UT-I(Entry)'!$1:$1048576,9,0))/2,0),VLOOKUP(A14,'UT-I(Entry)'!$1:$1048576,9,0)) -> 0 | J14: =IFERROR(VLOOKUP(VLOOKUP(A14,'UT-I(Entry)'!$1:$1048576,10,0),'Grade(40)'!$1:$1048576,2,0),VLOOKUP(A14,'UT-I(Entry)'!$1:$1048576,10,0)) -> E | K14: =IFERROR(VLOOKUP(VLOOKUP(A14,'UT-I(Entry)'!$1:$1048576,11,0),'Grade(40)'!$1:$1048576,2,0),VLOOKUP(A14,'UT-I(Entry)'!$1:$1048576,11,0)) -> E | L14: =SUM(C14:I14) -> 0 | M14: =ROUND(L14/1.4,2)&" %" -> 0 % | N14: =VLOOKUP(A14,'UT-I(Entry)'!$1:$1048576,12,0) -> 0 | O14: =VLOOKUP(A14,'UT-I(Entry)'!$1:$1048576,13,0) -> 0
A15: =DETAILS!A14 -> 1127 | B15: =DETAILS!B14 -> DIKSHA MISHRA | C15: =IFERROR(ROUND((VLOOKUP(A15,'UT-I(Entry)'!$1:$1048576,3,0))/2,0),VLOOKUP(A15,'UT-I(Entry)'!$1:$1048576,3,0)) -> 0 | D15: =IFERROR(ROUND((VLOOKUP(A15,'UT-I(Entry)'!$1:$1048576,4,0))/2,0),VLOOKUP(A15,'UT-I(Entry)'!$1:$1048576,4,0)) -> 0 | E15: =IFERROR(ROUND((VLOOKUP(A15,'UT-I(Entry)'!$1:$1048576,5,0))/2,0),VLOOKUP(A15,'UT-I(Entry)'!$1:$1048576,5,0)) -> 0 | F15: =IFERROR(ROUND((VLOOKUP(A15,'UT-I(Entry)'!$1:$1048576,6,0))/2,0),VLOOKUP(A15,'UT-I(Entry)'!$1:$1048576,6,0)) -> 0 | G15: =IFERROR(ROUND((VLOOKUP($A15,'UT-I(Entry)'!$1:$1048576,7,0))/2,0),VLOOKUP(A15,'UT-I(Entry)'!$1:$1048576,7,0)) -> 0 | H15: =IFERROR(ROUND((VLOOKUP($A15,'UT-I(Entry)'!$1:$1048576,8,0))/2,0),VLOOKUP($A15,'UT-I(Entry)'!$1:$1048576,8,0)) -> 0 | I15: =IFERROR(ROUND((VLOOKUP(A15,'UT-I(Entry)'!$1:$1048576,9,0))/2,0),VLOOKUP(A15,'UT-I(Entry)'!$1:$1048576,9,0)) -> 0 | J15: =IFERROR(VLOOKUP(VLOOKUP(A15,'UT-I(Entry)'!$1:$1048576,10,0),'Grade(40)'!$1:$1048576,2,0),VLOOKUP(A15,'UT-I(Entry)'!$1:$1048576,10,0)) -> E | K15: =IFERROR(VLOOKUP(VLOOKUP(A15,'UT-I(Entry)'!$1:$1048576,11,0),'Grade(40)'!$1:$1048576,2,0),VLOOKUP(A15,'UT-I(Entry)'!$1:$1048576,11,0)) -> E | L15: =SUM(C15:I15) -> 0 | M15: =ROUND(L15/1.4,2)&" %" -> 0 % | N15: =VLOOKUP(A15,'UT-I(Entry)'!$1:$1048576,12,0) -> 0 | O15: =VLOOKUP(A15,'UT-I(Entry)'!$1:$1048576,13,0) -> 0
A16: =DETAILS!A15 -> 1128 | B16: =DETAILS!B15 -> DIVYANSHI KANAUJIA | C16: =IFERROR(ROUND((VLOOKUP(A16,'UT-I(Entry)'!$1:$1048576,3,0))/2,0),VLOOKUP(A16,'UT-I(Entry)'!$1:$1048576,3,0)) -> 0 | D16: =IFERROR(ROUND((VLOOKUP(A16,'UT-I(Entry)'!$1:$1048576,4,0))/2,0),VLOOKUP(A16,'UT-I(Entry)'!$1:$1048576,4,0)) -> 0 | E16: =IFERROR(ROUND((VLOOKUP(A16,'UT-I(Entry)'!$1:$1048576,5,0))/2,0),VLOOKUP(A16,'UT-I(Entry)'!$1:$1048576,5,0)) -> 0 | F16: =IFERROR(ROUND((VLOOKUP(A16,'UT-I(Entry)'!$1:$1048576,6,0))/2,0),VLOOKUP(A16,'UT-I(Entry)'!$1:$1048576,6,0)) -> 0 | G16: =IFERROR(ROUND((VLOOKUP($A16,'UT-I(Entry)'!$1:$1048576,7,0))/2,0),VLOOKUP(A16,'UT-I(Entry)'!$1:$1048576,7,0)) -> 0 | H16: =IFERROR(ROUND((VLOOKUP($A16,'UT-I(Entry)'!$1:$1048576,8,0))/2,0),VLOOKUP($A16,'UT-I(Entry)'!$1:$1048576,8,0)) -> 0 | I16: =IFERROR(ROUND((VLOOKUP(A16,'UT-I(Entry)'!$1:$1048576,9,0))/2,0),VLOOKUP(A16,'UT-I(Entry)'!$1:$1048576,9,0)) -> 0 | J16: =IFERROR(VLOOKUP(VLOOKUP(A16,'UT-I(Entry)'!$1:$1048576,10,0),'Grade(40)'!$1:$1048576,2,0),VLOOKUP(A16,'UT-I(Entry)'!$1:$1048576,10,0)) -> E | K16: =IFERROR(VLOOKUP(VLOOKUP(A16,'UT-I(Entry)'!$1:$1048576,11,0),'Grade(40)'!$1:$1048576,2,0),VLOOKUP(A16,'UT-I(Entry)'!$1:$1048576,11,0)) -> E | L16: =SUM(C16:I16) -> 0 | M16: =ROUND(L16/1.4,2)&" %" -> 0 % | N16: =VLOOKUP(A16,'UT-I(Entry)'!$1:$1048576,12,0) -> 0 | O16: =VLOOKUP(A16,'UT-I(Entry)'!$1:$1048576,13,0) -> 0
... A44: =DETAILS!A43 -> 1773 | B44: =DETAILS!B43 -> YASHRAJ | C44: =IFERROR(ROUND((VLOOKUP(A44,'UT-I(Entry)'!$1:$1048576,3,0))/2,0),VLOOKUP(A44,'UT-I(Entry)'!$1:$1048576,3,0)) -> 0 | D44: =IFERROR(ROUND((VLOOKUP(A44,'UT-I(Entry)'!$1:$1048576,4,0))/2,0),VLOOKUP(A44,'UT-I(Entry)'!$1:$1048576,4,0)) -> 0 | E44: =IFERROR(ROUND((VLOOKUP(A44,'UT-I(Entry)'!$1:$1048576,5,0))/2,0),VLOOKUP(A44,'UT-I(Entry)'!$1:$1048576,5,0)) -> 0 | F44: =IFERROR(ROUND((VLOOKUP(A44,'UT-I(Entry)'!$1:$1048576,6,0))/2,0),VLOOKUP(A44,'UT-I(Entry)'!$1:$1048576,6,0)) -> 0 | G44: =IFERROR(ROUND((VLOOKUP($A44,'UT-I(Entry)'!$1:$1048576,7,0))/2,0),VLOOKUP(A44,'UT-I(Entry)'!$1:$1048576,7,0)) -> 0 | H44: =IFERROR(ROUND((VLOOKUP($A44,'UT-I(Entry)'!$1:$1048576,8,0))/2,0),VLOOKUP($A44,'UT-I(Entry)'!$1:$1048576,8,0)) -> 0 | I44: =IFERROR(ROUND((VLOOKUP(A44,'UT-I(Entry)'!$1:$1048576,9,0))/2,0),VLOOKUP(A44,'UT-I(Entry)'!$1:$1048576,9,0)) -> 0 | J44: =IFERROR(VLOOKUP(VLOOKUP(A44,'UT-I(Entry)'!$1:$1048576,10,0),'Grade(40)'!$1:$1048576,2,0),VLOOKUP(A44,'UT-I(Entry)'!$1:$1048576,10,0)) -> E | K44: =IFERROR(VLOOKUP(VLOOKUP(A44,'UT-I(Entry)'!$1:$1048576,11,0),'Grade(40)'!$1:$1048576,2,0),VLOOKUP(A44,'UT-I(Entry)'!$1:$1048576,11,0)) -> E | L44: =SUM(C44:I44) -> 0 | M44: =ROUND(L44/1.4,2)&" %" -> 0 % | N44: =VLOOKUP(A44,'UT-I(Entry)'!$1:$1048576,12,0) -> 0 | O44: =VLOOKUP(A44,'UT-I(Entry)'!$1:$1048576,13,0) -> 0

Sheet Grade(40)
A2: 40 | B2: A
A3: 39 | B3: A
A4: 38 | B4: A
A5: 37 | B5: A
A6: 36 | B6: A
A7: 35 | B7: A
A8: 34 | B8: A
A9: 33 | B9: A
A10: 32 | B10: B
A11: 31 | B11: B
A12: 30 | B12: B
A13: 29 | B13: B
... A42: 0 | B42: E

Sheet NOTEBOOK-1 (Entry)
A1: NOTEBOOK-1 (2025-26) CLASS -III
A2: SR. NO. | B2: NAME | C2: ENGLISH | D2: HINDI | E2: MATHS | F2: SCIENCE | G2: SOCIAL STUDIES | H2: SANSKRIT | I2: COMPUTER
A3: =DETAILS!A3 -> 1633 | B3: =DETAILS!B3 -> AADVIK SRIVASTAVA
A4: =DETAILS!A4 -> 1119 | B4: =DETAILS!B4 -> AARYASH SONI
A5: =DETAILS!A5 -> 1407 | B5: =DETAILS!B5 -> AKSHAY DUBEY
A6: =DETAILS!A6 -> 1077 | B6: =DETAILS!B6 -> ALISHA
A7: =DETAILS!A7 -> 1210 | B7: =DETAILS!B7 -> ANJALI JHA
A8: =DETAILS!A8 -> 1286 | B8: =DETAILS!B8 -> AROHI JAISWAL
A9: =DETAILS!A9 -> 1862 | B9: =DETAILS!B9 -> ASHUTOSH MISHRA
A10: =DETAILS!A10 -> 1684 | B10: =DETAILS!B10 -> AYUSH GUPTA
A11: =DETAILS!A11 -> 1662 | B11: =DETAILS!B11 -> AYUSH KUMAR YOGI
A12: =DETAILS!A12 -> 1602 | B12: =DETAILS!B12 -> AYUSHI MISHRA
A13: =DETAILS!A13 -> 1842 | B13: =DETAILS!B13 -> DEEPANSH YADAV
A14: =DETAILS!A14 -> 1127 | B14: =DETAILS!B14 -> DIKSHA MISHRA
... A27: =DETAILS!A27 -> 1482 | B27: =DETAILS!B27 -> PRAVLEEN KAUR
A28: =DETAILS!A28 -> 1230 | B28: =DETAILS!B28 -> PRITHVE RAJ | I28: =SUM(C28:F28) -> 0
A29: =DETAILS!A29 -> 1395 | B29: =DETAILS!B29 -> RASHI PANDEY | I29: =SUM(C29:F29) -> 0
A30: =DETAILS!A30 -> 1897 | B30: =DETAILS!B30 -> RIYA SATISH KARPE | I30: =SUM(C30:F30) -> 0
A31: =DETAILS!A31 -> 1295 | B31: =DETAILS!B31 -> RIYA SINGH | I31: =SUM(C31:F31) -> 0
A32: =DETAILS!A32 -> 1728 | B32: =DETAILS!B32 -> SAMAR SINGH | I32: =SUM(C32:F32) -> 0
A33: =DETAILS!A33 -> 1660 | B33: =DETAILS!B33 -> SAMARTH SRIVASTAVA | I33: =SUM(C33:F33) -> 0
A34: =DETAILS!A34 -> 1942 | B34: =DETAILS!B34 -> SHAGUN SHUKLA | I34: =SUM(C34:F34) -> 0
A35: =DETAILS!A35 -> 1666 | B35: =DETAILS!B35 -> SHAURYA RAWAT | I35: =SUM(C35:F35) -> 0
A36: =DETAILS!A36 -> 1823 | B36: =DETAILS!B36 -> SHIVIKA SRIVASTAVA | I36: =SUM(C36:F36) -> 0
A37: =DETAILS!A37 -> 1848 | B37: =DETAILS!B37 -> SHRUTI KUMARI | I37: =SUM(C37:F37) -> 0
A38: =DETAILS!A38 -> 1137 | B38: =DETAILS!B38 -> SONALI YADAV | I38: =SUM(C38:F38) -> 0
A39: =DETAILS!A39 -> 1795 | B39: =DETAILS!B39 -> TEJASVA TRIPATHI | I39: =SUM(C39:F39) -> 0
... A41: =DETAILS!A41 -> 1860 | B41: =DETAILS!B41 -> VIKAS VERMA | I41: =SUM(C41:F41) -> 0

Sheet ENRICH-1(Entry)
A1: SUBJECT ENRICHMENT -1 (2025-26) CLASS -III
A2: SR. NO. | B2: NAME | C2: ENGLISH | D2: HINDI | E2: MATHS | F2: SCIENCE | G2: SOCIAL STUDIES | H2: SANSKRIT | I2: COMPUTER
A3: =DETAILS!A3 -> 1633 | B3: =DETAILS!B3 -> AADVIK SRIVASTAVA
A4: =DETAILS!A4 -> 1119 | B4: =DETAILS!B4 -> AARYASH SONI
A5: =DETAILS!A5 -> 1407 | B5: =DETAILS!B5 -> AKSHAY DUBEY
A6: =DETAILS!A6 -> 1077 | B6: =DETAILS!B6 -> ALISHA
A7: =DETAILS!A7 -> 1210 | B7: =DETAILS!B7 -> ANJALI JHA
A8: =DETAILS!A8 -> 1286 | B8: =DETAILS!B8 -> AROHI JAISWAL
A9: =DETAILS!A9 -> 1862 | B9: =DETAILS!B9 -> ASHUTOSH MISHRA
A10: =DETAILS!A10 -> 1684 | B10: =DETAILS!B10 -> AYUSH GUPTA
A11: =DETAILS!A11 -> 1662 | B11: =DETAILS!B11 -> AYUSH KUMAR YOGI
A12: =DETAILS!A12 -> 1602 | B12: =DETAILS!B12 -> AYUSHI MISHRA
A13: =DETAILS!A13 -> 1842 | B13: =DETAILS!B13 -> DEEPANSH YADAV
A14: =DETAILS!A14 -> 1127 | B14: =DETAILS!B14 -> DIKSHA MISHRA
... A27: =DETAILS!A27 -> 1482 | B27: =DETAILS!B27 -> PRAVLEEN KAUR
A28: =DETAILS!A28 -> 1230 | B28: =DETAILS!B28 -> PRITHVE RAJ | I28: =SUM(C28:F28) -> 0
A29: =DETAILS!A29 -> 1395 | B29: =DETAILS!B29 -> RASHI PANDEY | I29: =SUM(C29:F29) -> 0
A30: =DETAILS!A30 -> 1897 | B30: =DETAILS!B30 -> RIYA SATISH KARPE | I30: =SUM(C30:F30) -> 0
A31: =DETAILS!A31 -> 1295 | B31: =DETAILS!B31 -> RIYA SINGH | I31: =SUM(C31:F31) -> 0
A32: =DETAILS!A32 -> 1728 | B32: =DETAILS!B32 -> SAMAR SINGH | I32: =SUM(C32:F32) -> 0
A33: =DETAILS!A33 -> 1660 | B33: =DETAILS!B33 -> SAMARTH SRIVASTAVA | I33: =SUM(C33:F33) -> 0
A34: =DETAILS!A34 -> 1942 | B34: =DETAILS!B34 -> SHAGUN SHUKLA | I34: =SUM(C34:F34) -> 0
A35: =DETAILS!A35 -> 1666 | B35: =DETAILS!B35 -> SHAURYA RAWAT | I35: =SUM(C35:F35) -> 0
A36: =DETAILS!A36 -> 1823 | B36: =DETAILS!B36 -> SHIVIKA SRIVASTAVA | I36: =SUM(C36:F36) -> 0
A37: =DETAILS!A37 -> 1848 | B37: =DETAILS!B37 -> SHRUTI KUMARI | I37: =SUM(C37:F37) -> 0
A38: =DETAILS!A38 -> 1137 | B38: =DETAILS!B38 -> SONALI YADAV | I38: =SUM(C38:F38) -> 0
A39: =DETAILS!A39 -> 1795 | B39: =DETAILS!B39 -> TEJASVA TRIPATHI | I39: =SUM(C39:F39) -> 0
... A41: =DETAILS!A41 -> 1860 | B41: =DETAILS!B41 -> VIKAS VERMA | I41: =SUM(C41:F41) -> 0

Sheet HALF YEARLY(Entry)
A1: HALF YEARLY EXAMINATION (2025-26) CLASS - III
A2: SR. NO. | B2: NAME | C2: ENGLISH | D2: HINDI | E2: MATHS | F2: SCIENCE | G2: SOCIAL STUDIES | H2: SANSKRIT | I2: COMPUTER | J2: WORK EDUCATION | K2: ART EDUCATION | L2: GENERAL KNOWLEDGE | M2: HEALTH & PHYSICAL EDUCATION | N2: DISCIPLINE | O2: Total Present | P2: Total Working | Q2: Class Teacher's Remark | R2: TOTAL | S2: Percentage
A3: =DETAILS!A3 -> 1633 | B3: =DETAILS!B3 -> AADVIK SRIVASTAVA | R3: =SUM(C3:I3) -> 0 | S3: =ROUND(R3/4.8,2)&" %" -> 0 %
A4: =DETAILS!A4 -> 1119 | B4: =DETAILS!B4 -> AARYASH SONI | R4: =SUM(C4:I4) -> 0 | S4: =ROUND(R4/4.8,2)&" %" -> 0 %
A5: =DETAILS!A5 -> 1407 | B5: =DETAILS!B5 -> AKSHAY DUBEY | R5: =SUM(C5:I5) -> 0 | S5: =ROUND(R5/4.8,2)&" %" -> 0 %
A6: =DETAILS!A6 -> 1077 | B6: =DETAILS!B6 -> ALISHA | R6: =SUM(C6:I6) -> 0 | S6: =ROUND(R6/4.8,2)&" %" -> 0 %
A7: =DETAILS!A7 -> 1210 | B7: =DETAILS!B7 -> ANJALI JHA | R7: =SUM(C7:I7) -> 0 | S7: =ROUND(R7/4.8,2)&" %" -> 0 %
A8: =DETAILS!A8 -> 1286 | B8: =DETAILS!B8 -> AROHI JAISWAL | R8: =SUM(C8:I8) -> 0 | S8: =ROUND(R8/4.8,2)&" %" -> 0 %
A9: =DETAILS!A9 -> 1862 | B9: =DETAILS!B9 -> ASHUTOSH MISHRA | R9: =SUM(C9:I9) -> 0 | S9: =ROUND(R9/4.8,2)&" %" -> 0 %
A10: =DETAILS!A10 -> 1684 | B10: =DETAILS!B10 -> AYUSH GUPTA | R10: =SUM(C10:I10) -> 0 | S10: =ROUND(R10/4.8,2)&" %" -> 0 %
A11: =DETAILS!A11 -> 1662 | B11: =DETAILS!B11 -> AYUSH KUMAR YOGI | R11: =SUM(C11:I11) -> 0 | S11: =ROUND(R11/4.8,2)&" %" -> 0 %
A12: =DETAILS!A12 -> 1602 | B12: =DETAILS!B12 -> AYUSHI MISHRA | R12: =SUM(C12:I12) -> 0 | S12: =ROUND(R12/4.8,2)&" %" -> 0 %
A13: =DETAILS!A13 -> 1842 | B13: =DETAILS!B13 -> DEEPANSH YADAV | R13: =SUM(C13:I13) -> 0 | S13: =ROUND(R13/4.8,2)&" %" -> 0 %
A14: =DETAILS!A14 -> 1127 | B14: =DETAILS!B14 -> DIKSHA MISHRA | R14: =SUM(C14:I14) -> 0 | S14: =ROUND(R14/4.8,2)&" %" -> 0 %
... A41: =DETAILS!A41 -> 1860 | B41: =DETAILS!B41 -> VIKAS VERMA | R41: =SUM(C41:I41) -> 0 | S41: =ROUND(R41/4.8,2)&" %" -> 0 %

Sheet HALF YEARLY
A1: HALF YEARLY EXAMINATION (2025-26) CLASS - III
A2: SR. NO. | B2: NAME | C2: ENGLISH | D2: HINDI | E2: MATHS | F2: SCIENCE | G2: SOCIAL STUDIES | H2: SANSKRIT | I2: COMPUTER | J2: WORK EDUCATION | K2: ART EDUCATION | L2: GENERAL KNOWLEDGE | M2: HEALTH & PHYSICAL EDUCATION | N2: DISCIPLINE | O2: Total Present | P2: Total Working | Q2: Class Teacher's Remark | R2: TOTAL | S2: Percentage
A3: =DETAILS!A3 -> 1633 | B3: =DETAILS!B3 -> AADVIK SRIVASTAVA | C3: =VLOOKUP($A3,'HALF YEARLY(Entry)'!$1:$1048576,3,0) -> 0 | D3: =VLOOKUP($A3,'HALF YEARLY(Entry)'!$1:$1048576,4,0) -> 0 | E3: =VLOOKUP($A3,'HALF YEARLY(Entry)'!$1:$1048576,5,0) -> 0 | F3: =VLOOKUP($A3,'HALF YEARLY(Entry)'!$1:$1048576,6,0) -> 0 | G3: =VLOOKUP($A3,'HALF YEARLY(Entry)'!$1:$1048576,7,0) -> 0 | H3: =VLOOKUP($A3,'HALF YEARLY(Entry)'!$1:$1048576,8,0) -> 0 | I3: =VLOOKUP($A3,'HALF YEARLY(Entry)'!$1:$1048576,9,0) -> 0 | J3: =VLOOKUP($A3,'HALF YEARLY(Entry)'!$1:$1048576,10,0) -> 0 | K3: =IFERROR(VLOOKUP(VLOOKUP($A3,'HALF YEARLY(Entry)'!$1:$1048576,11,0),'Grade 50'!$1:$1048576,2,0),VLOOKUP($A3,'HALF YEARLY(Entry)'!$1:$1048576,11,0)) -> E | L3: =IFERROR(VLOOKUP(VLOOKUP($A3,'HALF YEARLY(Entry)'!$1:$1048576,12,0),'Grade 50'!$1:$1048576,2,0),VLOOKUP($A3,'HALF YEARLY(Entry)'!$1:$1048576,12,0)) -> E | M3: =VLOOKUP($A3,'HALF YEARLY(Entry)'!$1:$1048576,13,0) -> 0 | N3: =VLOOKUP($A3,'HALF YEARLY(Entry)'!$1:$1048576,14,0) -> 0 | O3: =VLOOKUP($A3,'HALF YEARLY(Entry)'!$1:$1048576,15,0) -> 0 | P3: =VLOOKUP($A3,'HALF YEARLY(Entry)'!$1:$1048576,16,0) -> 0 | Q3: =VLOOKUP($A3,'HALF YEARLY(Entry)'!$1:$1048576,17,0) -> 0 | R3: =SUM(C3:I3) -> 0 | S3: =ROUND(R3/5.6,2)&" %" -> 0 %
A4: =DETAILS!A4 -> 1119 | B4: =DETAILS!B4 -> AARYASH SONI | C4: =VLOOKUP($A4,'HALF YEARLY(Entry)'!$1:$1048576,3,0) -> 0 | D4: =VLOOKUP($A4,'HALF YEARLY(Entry)'!$1:$1048576,4,0) -> 0 | E4: =VLOOKUP($A4,'HALF YEARLY(Entry)'!$1:$1048576,5,0) -> 0 | F4: =VLOOKUP($A4,'HALF YEARLY(Entry)'!$1:$1048576,6,0) -> 0 | G4: =VLOOKUP($A4,'HALF YEARLY(Entry)'!$1:$1048576,7,0) -> 0 | H4: =VLOOKUP($A4,'HALF YEARLY(Entry)'!$1:$1048576,8,0) -> 0 | I4: =VLOOKUP($A4,'HALF YEARLY(Entry)'!$1:$1048576,9,0) -> 0 | J4: =VLOOKUP($A4,'HALF YEARLY(Entry)'!$1:$1048576,10,0) -> 0 | K4: =IFERROR(VLOOKUP(VLOOKUP($A4,'HALF YEARLY(Entry)'!$1:$1048576,11,0),'Grade 50'!$1:$1048576,2,0),VLOOKUP($A4,'HALF YEARLY(Entry)'!$1:$1048576,11,0)) -> E | L4: =IFERROR(VLOOKUP(VLOOKUP($A4,'HALF YEARLY(Entry)'!$1:$1048576,12,0),'Grade 50'!$1:$1048576,2,0),VLOOKUP($A4,'HALF YEARLY(Entry)'!$1:$1048576,12,0)) -> E | M4: =VLOOKUP($A4,'HALF YEARLY(Entry)'!$1:$1048576,13,0) -> 0 | N4: =VLOOKUP($A4,'HALF YEARLY(Entry)'!$1:$1048576,14,0) -> 0 | O4: =VLOOKUP($A4,'HALF YEARLY(Entry)'!$1:$1048576,15,0) -> 0 | P4: =VLOOKUP($A4,'HALF YEARLY(Entry)'!$1:$1048576,16,0) -> 0 | Q4: =VLOOKUP($A4,'HALF YEARLY(Entry)'!$1:$1048576,17,0) -> 0 | R4: =SUM(C4:I4) -> 0 | S4: =ROUND(R4/5.6,2)&" %" -> 0 %
A5: =DETAILS!A5 -> 1407 | B5: =DETAILS!B5 -> AKSHAY DUBEY | C5: =VLOOKUP($A5,'HALF YEARLY(Entry)'!$1:$1048576,3,0) -> 0 | D5: =VLOOKUP($A5,'HALF YEARLY(Entry)'!$1:$1048576,4,0) -> 0 | E5: =VLOOKUP($A5,'HALF YEARLY(Entry)'!$1:$1048576,5,0) -> 0 | F5: =VLOOKUP($A5,'HALF YEARLY(Entry)'!$1:$1048576,6,0) -> 0 | G5: =VLOOKUP($A5,'HALF YEARLY(Entry)'!$1:$1048576,7,0) -> 0 | H5: =VLOOKUP($A5,'HALF YEARLY(Entry)'!$1:$1048576,8,0) -> 0 | I5: =VLOOKUP($A5,'HALF YEARLY(Entry)'!$1:$1048576,9,0) -> 0 | J5: =VLOOKUP($A5,'HALF YEARLY(Entry)'!$1:$1048576,10,0) -> 0 | K5: =IFERROR(VLOOKUP(VLOOKUP($A5,'HALF YEARLY(Entry)'!$1:$1048576,11,0),'Grade 50'!$1:$1048576,2,0),VLOOKUP($A5,'HALF YEARLY(Entry)'!$1:$1048576,11,0)) -> E | L5: =IFERROR(VLOOKUP(VLOOKUP($A5,'HALF YEARLY(Entry)'!$1:$1048576,12,0),'Grade 50'!$1:$1048576,2,0),VLOOKUP($A5,'HALF YEARLY(Entry)'!$1:$1048576,12,0)) -> E | M5: =VLOOKUP($A5,'HALF YEARLY(Entry)'!$1:$1048576,13,0) -> 0 | N5: =VLOOKUP($A5,'HALF YEARLY(Entry)'!$1:$1048576,14,0) -> 0 | O5: =VLOOKUP($A5,'HALF YEARLY(Entry)'!$1:$1048576,15,0) -> 0 | P5: =VLOOKUP($A5,'HALF YEARLY(Entry)'!$1:$1048576,16,0) -> 0 | Q5: =VLOOKUP($A5,'HALF YEARLY(Entry)'!$1:$1048576,17,0) -> 0 | R5: =SUM(C5:I5) -> 0 | S5: =ROUND(R5/5.6,2)&" %" -> 0 %
A6: =DETAILS!A6 -> 1077 | B6: =DETAILS!B6 -> ALISHA | C6: =VLOOKUP($A6,'HALF YEARLY(Entry)'!$1:$1048576,3,0) -> 0 | D6: =VLOOKUP($A6,'HALF YEARLY(Entry)'!$1:$1048576,4,0) -> 0 | E6: =VLOOKUP($A6,'HALF YEARLY(Entry)'!$1:$1048576,5,0) -> 0 | F6: =VLOOKUP($A6,'HALF YEARLY(Entry)'!$1:$1048576,6,0) -> 0 | G6: =VLOOKUP($A6,'HALF YEARLY(Entry)'!$1:$1048576,7,0) -> 0 | H6: =VLOOKUP($A6,'HALF YEARLY(Entry)'!$1:$1048576,8,0) -> 0 | I6: =VLOOKUP($A6,'HALF YEARLY(Entry)'!$1:$1048576,9,0) -> 0 | J6: =VLOOKUP($A6,'HALF YEARLY(Entry)'!$1:$1048576,10,0) -> 0 | K6: =IFERROR(VLOOKUP(VLOOKUP($A6,'HALF YEARLY(Entry)'!$1:$1048576,11,0),'Grade 50'!$1:$1048576,2,0),VLOOKUP($A6,'HALF YEARLY(Entry)'!$1:$1048576,11,0)) -> E | L6: =IFERROR(VLOOKUP(VLOOKUP($A6,'HALF YEARLY(Entry)'!$1:$1048576,12,0),'Grade 50'!$1:$1048576,2,0),VLOOKUP($A6,'HALF YEARLY(Entry)'!$1:$1048576,12,0)) -> E | M6: =VLOOKUP($A6,'HALF YEARLY(Entry)'!$1:$1048576,13,0) -> 0 | N6: =VLOOKUP($A6,'HALF YEARLY(Entry)'!$1:$1048576,14,0) -> 0 | O6: =VLOOKUP($A6,'HALF YEARLY(Entry)'!$1:$1048576,15,0) -> 0 | P6: =VLOOKUP($A6,'HALF YEARLY(Entry)'!$1:$1048576,16,0) -> 0 | Q6: =VLOOKUP($A6,'HALF YEARLY(Entry)'!$1:$1048576,17,0) -> 0 | R6: =SUM(C6:I6) -> 0 | S6: =ROUND(R6/5.6,2)&" %" -> 0 %
A7: =DETAILS!A7 -> 1210 | B7: =DETAILS!B7 -> ANJALI JHA | C7: =VLOOKUP($A7,'HALF YEARLY(Entry)'!$1:$1048576,3,0) -> 0 | D7: =VLOOKUP($A7,'HALF YEARLY(Entry)'!$1:$1048576,4,0) -> 0 | E7: =VLOOKUP($A7,'HALF YEARLY(Entry)'!$1:$1048576,5,0) -> 0 | F7: =VLOOKUP($A7,'HALF YEARLY(Entry)'!$1:$1048576,6,0) -> 0 | G7: =VLOOKUP($A7,'HALF YEARLY(Entry)'!$1:$1048576,7,0) -> 0 | H7: =VLOOKUP($A7,'HALF YEARLY(Entry)'!$1:$1048576,8,0) -> 0 | I7: =VLOOKUP($A7,'HALF YEARLY(Entry)'!$1:$1048576,9,0) -> 0 | J7: =VLOOKUP($A7,'HALF YEARLY(Entry)'!$1:$1048576,10,0) -> 0 | K7: =IFERROR(VLOOKUP(VLOOKUP($A7,'HALF YEARLY(Entry)'!$1:$1048576,11,0),'Grade 50'!$1:$1048576,2,0),VLOOKUP($A7,'HALF YEARLY(Entry)'!$1:$1048576,11,0)) -> E | L7: =IFERROR(VLOOKUP(VLOOKUP($A7,'HALF YEARLY(Entry)'!$1:$1048576,12,0),'Grade 50'!$1:$1048576,2,0),VLOOKUP($A7,'HALF YEARLY(Entry)'!$1:$1048576,12,0)) -> E | M7: =VLOOKUP($A7,'HALF YEARLY(Entry)'!$1:$1048576,13,0) -> 0 | N7: =VLOOKUP($A7,'HALF YEARLY(Entry)'!$1:$1048576,14,0) -> 0 | O7: =VLOOKUP($A7,'HALF YEARLY(Entry)'!$1:$1048576,15,0) -> 0 | P7: =VLOOKUP($A7,'HALF YEARLY(Entry)'!$1:$1048576,16,0) -> 0 | Q7: =VLOOKUP($A7,'HALF YEARLY(Entry)'!$1:$1048576,17,0) -> 0 | R7: =SUM(C7:I7) -> 0 | S7: =ROUND(R7/5.6,2)&" %" -> 0 %
A8: =DETAILS!A8 -> 1286 | B8: =DETAILS!B8 -> AROHI JAISWAL | C8: =VLOOKUP($A8,'HALF YEARLY(Entry)'!$1:$1048576,3,0) -> 0 | D8: =VLOOKUP($A8,'HALF YEARLY(Entry)'!$1:$1048576,4,0) -> 0 | E8: =VLOOKUP($A8,'HALF YEARLY(Entry)'!$1:$1048576,5,0) -> 0 | F8: =VLOOKUP($A8,'HALF YEARLY(Entry)'!$1:$1048576,6,0) -> 0 | G8: =VLOOKUP($A8,'HALF YEARLY(Entry)'!$1:$1048576,7,0) -> 0 | H8: =VLOOKUP($A8,'HALF YEARLY(Entry)'!$1:$1048576,8,0) -> 0 | I8: =VLOOKUP($A8,'HALF YEARLY(Entry)'!$1:$1048576,9,0) -> 0 | J8: =VLOOKUP($A8,'HALF YEARLY(Entry)'!$1:$1048576,10,0) -> 0 | K8: =IFERROR(VLOOKUP(VLOOKUP($A8,'HALF YEARLY(Entry)'!$1:$1048576,11,0),'Grade 50'!$1:$1048576,2,0),VLOOKUP($A8,'HALF YEARLY(Entry)'!$1:$1048576,11,0)) -> E | L8: =IFERROR(VLOOKUP(VLOOKUP($A8,'HALF YEARLY(Entry)'!$1:$1048576,12,0),'Grade 50'!$1:$1048576,2,0),VLOOKUP($A8,'HALF YEARLY(Entry)'!$1:$1048576,12,0)) -> E | M8: =VLOOKUP($A8,'HALF YEARLY(Entry)'!$1:$1048576,13,0) -> 0 | N8: =VLOOKUP($A8,'HALF YEARLY(Entry)'!$1:$1048576,14,0) -> 0 | O8: =VLOOKUP($A8,'HALF YEARLY(Entry)'!$1:$1048576,15,0) -> 0 | P8: =VLOOKUP($A8,'HALF YEARLY(Entry)'!$1:$1048576,16,0) -> 0 | Q8: =VLOOKUP($A8,'HALF YEARLY(Entry)'!$1:$1048576,17,0) -> 0 | R8: =SUM(C8:I8) -> 0 | S8: =ROUND(R8/5.6,2)&" %" -> 0 %
A9: =DETAILS!A9 -> 1862 | B9: =DETAILS!B9 -> ASHUTOSH MISHRA | C9: =VLOOKUP($A9,'HALF YEARLY(Entry)'!$1:$1048576,3,0) -> 0 | D9: =VLOOKUP($A9,'HALF YEARLY(Entry)'!$1:$1048576,4,0) -> 0 | E9: =VLOOKUP($A9,'HALF YEARLY(Entry)'!$1:$1048576,5,0) -> 0 | F9: =VLOOKUP($A9,'HALF YEARLY(Entry)'!$1:$1048576,6,0) -> 0 | G9: =VLOOKUP($A9,'HALF YEARLY(Entry)'!$1:$1048576,7,0) -> 0 | H9: =VLOOKUP($A9,'HALF YEARLY(Entry)'!$1:$1048576,8,0) -> 0 | I9: =VLOOKUP($A9,'HALF YEARLY(Entry)'!$1:$1048576,9,0) -> 0 | J9: =VLOOKUP($A9,'HALF YEARLY(Entry)'!$1:$1048576,10,0) -> 0 | K9: =IFERROR(VLOOKUP(VLOOKUP($A9,'HALF YEARLY(Entry)'!$1:$1048576,11,0),'Grade 50'!$1:$1048576,2,0),VLOOKUP($A9,'HALF YEARLY(Entry)'!$1:$1048576,11,0)) -> E | L9: =IFERROR(VLOOKUP(VLOOKUP($A9,'HALF YEARLY(Entry)'!$1:$1048576,12,0),'Grade 50'!$1:$1048576,2,0),VLOOKUP($A9,'HALF YEARLY(Entry)'!$1:$1048576,12,0)) -> E | M9: =VLOOKUP($A9,'HALF YEARLY(Entry)'!$1:$1048576,13,0) -> 0 | N9: =VLOOKUP($A9,'HALF YEARLY(Entry)'!$1:$1048576,14,0) -> 0 | O9: =VLOOKUP($A9,'HALF YEARLY(Entry)'!$1:$1048576,15,0) -> 0 | P9: =VLOOKUP($A9,'HALF YEARLY(Entry)'!$1:$1048576,16,0) -> 0 | Q9: =VLOOKUP($A9,'HALF YEARLY(Entry)'!$1:$1048576,17,0) -> 0 | R9: =SUM(C9:I9) -> 0 | S9: =ROUND(R9/5.6,2)&" %" -> 0 %
A10: =DETAILS!A10 -> 1684 | B10: =DETAILS!B10 -> AYUSH GUPTA | C10: =VLOOKUP($A10,'HALF YEARLY(Entry)'!$1:$1048576,3,0) -> 0 | D10: =VLOOKUP($A10,'HALF YEARLY(Entry)'!$1:$1048576,4,0) -> 0 | E10: =VLOOKUP($A10,'HALF YEARLY(Entry)'!$1:$1048576,5,0) -> 0 | F10: =VLOOKUP($A10,'HALF YEARLY(Entry)'!$1:$1048576,6,0) -> 0 | G10: =VLOOKUP($A10,'HALF YEARLY(Entry)'!$1:$1048576,7,0) -> 0 | H10: =VLOOKUP($A10,'HALF YEARLY(Entry)'!$1:$1048576,8,0) -> 0 | I10: =VLOOKUP($A10,'HALF YEARLY(Entry)'!$1:$1048576,9,0) -> 0 | J10: =VLOOKUP($A10,'HALF YEARLY(Entry)'!$1:$1048576,10,0) -> 0 | K10: =IFERROR(VLOOKUP(VLOOKUP($A10,'HALF YEARLY(Entry)'!$1:$1048576,11,0),'Grade 50'!$1:$1048576,2,0),VLOOKUP($A10,'HALF YEARLY(Entry)'!$1:$1048576,11,0)) -> E | L10: =IFERROR(VLOOKUP(VLOOKUP($A10,'HALF YEARLY(Entry)'!$1:$1048576,12,0),'Grade 50'!$1:$1048576,2,0),VLOOKUP($A10,'HALF YEARLY(Entry)'!$1:$1048576,12,0)) -> E | M10: =VLOOKUP($A10,'HALF YEARLY(Entry)'!$1:$1048576,13,0) -> 0 | N10: =VLOOKUP($A10,'HALF YEARLY(Entry)'!$1:$1048576,14,0) -> 0 | O10: =VLOOKUP($A10,'HALF YEARLY(Entry)'!$1:$1048576,15,0) -> 0 | P10: =VLOOKUP($A10,'HALF YEARLY(Entry)'!$1:$1048576,16,0) -> 0 | Q10: =VLOOKUP($A10,'HALF YEARLY(Entry)'!$1:$1048576,17,0) -> 0 | R10: =SUM(C10:I10) -> 0 | S10: =ROUND(R10/5.6,2)&" %" -> 0 %
A11: =DETAILS!A11 -> 1662 | B11: =DETAILS!B11 -> AYUSH KUMAR YOGI | C11: =VLOOKUP($A11,'HALF YEARLY(Entry)'!$1:$1048576,3,0) -> 0 | D11: =VLOOKUP($A11,'HALF YEARLY(Entry)'!$1:$1048576,4,0) -> 0 | E11: =VLOOKUP($A11,'HALF YEARLY(Entry)'!$1:$1048576,5,0) -> 0 | F11: =VLOOKUP($A11,'HALF YEARLY(Entry)'!$1:$1048576,6,0) -> 0 | G11: =VLOOKUP($A11,'HALF YEARLY(Entry)'!$1:$1048576,7,0) -> 0 | H11: =VLOOKUP($A11,'HALF YEARLY(Entry)'!$1:$1048576,8,0) -> 0 | I11: =VLOOKUP($A11,'HALF YEARLY(Entry)'!$1:$1048576,9,0) -> 0 | J11: =VLOOKUP($A11,'HALF YEARLY(Entry)'!$1:$1048576,10,0) -> 0 | K11: =IFERROR(VLOOKUP(VLOOKUP($A11,'HALF YEARLY(Entry)'!$1:$1048576,11,0),'Grade 50'!$1:$1048576,2,0),VLOOKUP($A11,'HALF YEARLY(Entry)'!$1:$1048576,11,0)) -> E | L11: =IFERROR(VLOOKUP(VLOOKUP($A11,'HALF YEARLY(Entry)'!$1:$1048576,12,0),'Grade 50'!$1:$1048576,2,0),VLOOKUP($A11,'HALF YEARLY(Entry)'!$1:$1048576,12,0)) -> E | M11: =VLOOKUP($A11,'HALF YEARLY(Entry)'!$1:$1048576,13,0) -> 0 | N11: =VLOOKUP($A11,'HALF YEARLY(Entry)'!$1:$1048576,14,0) -> 0 | O11: =VLOOKUP($A11,'HALF YEARLY(Entry)'!$1:$1048576,15,0) -> 0 | P11: =VLOOKUP($A11,'HALF YEARLY(Entry)'!$1:$1048576,16,0) -> 0 | Q11: =VLOOKUP($A11,'HALF YEARLY(Entry)'!$1:$1048576,17,0) -> 0 | R11: =SUM(C11:I11) -> 0 | S11: =ROUND(R11/5.6,2)&" %" -> 0 %
A12: =DETAILS!A12 -> 1602 | B12: =DETAILS!B12 -> AYUSHI MISHRA | C12: =VLOOKUP($A12,'HALF YEARLY(Entry)'!$1:$1048576,3,0) -> 0 | D12: =VLOOKUP($A12,'HALF YEARLY(Entry)'!$1:$1048576,4,0) -> 0 | E12: =VLOOKUP($A12,'HALF YEARLY(Entry)'!$1:$1048576,5,0) -> 0 | F12: =VLOOKUP($A12,'HALF YEARLY(Entry)'!$1:$1048576,6,0) -> 0 | G12: =VLOOKUP($A12,'HALF YEARLY(Entry)'!$1:$1048576,7,0) -> 0 | H12: =VLOOKUP($A12,'HALF YEARLY(Entry)'!$1:$1048576,8,0) -> 0 | I12: =VLOOKUP($A12,'HALF YEARLY(Entry)'!$1:$1048576,9,0) -> 0 | J12: =VLOOKUP($A12,'HALF YEARLY(Entry)'!$1:$1048576,10,0) -> 0 | K12: =IFERROR(VLOOKUP(VLOOKUP($A12,'HALF YEARLY(Entry)'!$1:$1048576,11,0),'Grade 50'!$1:$1048576,2,0),VLOOKUP($A12,'HALF YEARLY(Entry)'!$1:$1048576,11,0)) -> E | L12: =IFERROR(VLOOKUP(VLOOKUP($A12,'HALF YEARLY(Entry)'!$1:$1048576,12,0),'Grade 50'!$1:$1048576,2,0),VLOOKUP($A12,'HALF YEARLY(Entry)'!$1:$1048576,12,0)) -> E | M12: =VLOOKUP($A12,'HALF YEARLY(Entry)'!$1:$1048576,13,0) -> 0 | N12: =VLOOKUP($A12,'HALF YEARLY(Entry)'!$1:$1048576,14,0) -> 0 | O12: =VLOOKUP($A12,'HALF YEARLY(Entry)'!$1:$1048576,15,0) -> 0 | P12: =VLOOKUP($A12,'HALF YEARLY(Entry)'!$1:$1048576,16,0) -> 0 | Q12: =VLOOKUP($A12,'HALF YEARLY(Entry)'!$1:$1048576,17,0) -> 0 | R12: =SUM(C12:I12) -> 0 | S12: =ROUND(R12/5.6,2)&" %" -> 0 %
A13: =DETAILS!A13 -> 1842 | B13: =DETAILS!B13 -> DEEPANSH YADAV | C13: =VLOOKUP($A13,'HALF YEARLY(Entry)'!$1:$1048576,3,0) -> 0 | D13: =VLOOKUP($A13,'HALF YEARLY(Entry)'!$1:$1048576,4,0) -> 0 | E13: =VLOOKUP($A13,'HALF YEARLY(Entry)'!$1:$1048576,5,0) -> 0 | F13: =VLOOKUP($A13,'HALF YEARLY(Entry)'!$1:$1048576,6,0) -> 0 | G13: =VLOOKUP($A13,'HALF YEARLY(Entry)'!$1:$1048576,7,0) -> 0 | H13: =VLOOKUP($A13,'HALF YEARLY(Entry)'!$1:$1048576,8,0) -> 0 | I13: =VLOOKUP($A13,'HALF YEARLY(Entry)'!$1:$1048576,9,0) -> 0 | J13: =VLOOKUP($A13,'HALF YEARLY(Entry)'!$1:$1048576,10,0) -> 0 | K13: =IFERROR(VLOOKUP(VLOOKUP($A13,'HALF YEARLY(Entry)'!$1:$1048576,11,0),'Grade 50'!$1:$1048576,2,0),VLOOKUP($A13,'HALF YEARLY(Entry)'!$1:$1048576,11,0)) -> E | L13: =IFERROR(VLOOKUP(VLOOKUP($A13,'HALF YEARLY(Entry)'!$1:$1048576,12,0),'Grade 50'!$1:$1048576,2,0),VLOOKUP($A13,'HALF YEARLY(Entry)'!$1:$1048576,12,0)) -> E | M13: =VLOOKUP($A13,'HALF YEARLY(Entry)'!$1:$1048576,13,0) -> 0 | N13: =VLOOKUP($A13,'HALF YEARLY(Entry)'!$1:$1048576,14,0) -> 0 | O13: =VLOOKUP($A13,'HALF YEARLY(Entry)'!$1:$1048576,15,0) -> 0 | P13: =VLOOKUP($A13,'HALF YEARLY(Entry)'!$1:$1048576,16,0) -> 0 | Q13: =VLOOKUP($A13,'HALF YEARLY(Entry)'!$1:$1048576,17,0) -> 0 | R13: =SUM(C13:I13) -> 0 | S13: =ROUND(R13/5.6,2)&" %" -> 0 %
A14: =DETAILS!A14 -> 1127 | B14: =DETAILS!B14 -> DIKSHA MISHRA | C14: =VLOOKUP($A14,'HALF YEARLY(Entry)'!$1:$1048576,3,0) -> 0 | D14: =VLOOKUP($A14,'HALF YEARLY(Entry)'!$1:$1048576,4,0) -> 0 | E14: =VLOOKUP($A14,'HALF YEARLY(Entry)'!$1:$1048576,5,0) -> 0 | F14: =VLOOKUP($A14,'HALF YEARLY(Entry)'!$1:$1048576,6,0) -> 0 | G14: =VLOOKUP($A14,'HALF YEARLY(Entry)'!$1:$1048576,7,0) -> 0 | H14: =VLOOKUP($A14,'HALF YEARLY(Entry)'!$1:$1048576,8,0) -> 0 | I14: =VLOOKUP($A14,'HALF YEARLY(Entry)'!$1:$1048576,9,0) -> 0 | J14: =VLOOKUP($A14,'HALF YEARLY(Entry)'!$1:$1048576,10,0) -> 0 | K14: =IFERROR(VLOOKUP(VLOOKUP($A14,'HALF YEARLY(Entry)'!$1:$1048576,11,0),'Grade 50'!$1:$1048576,2,0),VLOOKUP($A14,'HALF YEARLY(Entry)'!$1:$1048576,11,0)) -> E | L14: =IFERROR(VLOOKUP(VLOOKUP($A14,'HALF YEARLY(Entry)'!$1:$1048576,12,0),'Grade 50'!$1:$1048576,2,0),VLOOKUP($A14,'HALF YEARLY(Entry)'!$1:$1048576,12,0)) -> E | M14: =VLOOKUP($A14,'HALF YEARLY(Entry)'!$1:$1048576,13,0) -> 0 | N14: =VLOOKUP($A14,'HALF YEARLY(Entry)'!$1:$1048576,14,0) -> 0 | O14: =VLOOKUP($A14,'HALF YEARLY(Entry)'!$1:$1048576,15,0) -> 0 | P14: =VLOOKUP($A14,'HALF YEARLY(Entry)'!$1:$1048576,16,0) -> 0 | Q14: =VLOOKUP($A14,'HALF YEARLY(Entry)'!$1:$1048576,17,0) -> 0 | R14: =SUM(C14:I14) -> 0 | S14: =ROUND(R14/5.6,2)&" %" -> 0 %
... A41: =DETAILS!A41 -> 1860 | B41: =DETAILS!B41 -> VIKAS VERMA | C41: =VLOOKUP($A41,'HALF YEARLY(Entry)'!$1:$1048576,3,0) -> 0 | D41: =VLOOKUP($A41,'HALF YEARLY(Entry)'!$1:$1048576,4,0) -> 0 | E41: =VLOOKUP($A41,'HALF YEARLY(Entry)'!$1:$1048576,5,0) -> 0 | F41: =VLOOKUP($A41,'HALF YEARLY(Entry)'!$1:$1048576,6,0) -> 0 | G41: =VLOOKUP($A41,'HALF YEARLY(Entry)'!$1:$1048576,7,0) -> 0 | H41: =VLOOKUP($A41,'HALF YEARLY(Entry)'!$1:$1048576,8,0) -> 0 | I41: =VLOOKUP($A41,'HALF YEARLY(Entry)'!$1:$1048576,9,0) -> 0 | J41: =VLOOKUP($A41,'HALF YEARLY(Entry)'!$1:$1048576,10,0) -> 0 | K41: =IFERROR(VLOOKUP(VLOOKUP($A41,'HALF YEARLY(Entry)'!$1:$1048576,11,0),'Grade 50'!$1:$1048576,2,0),VLOOKUP($A41,'HALF YEARLY(Entry)'!$1:$1048576,11,0)) -> E | L41: =IFERROR(VLOOKUP(VLOOKUP($A41,'HALF YEARLY(Entry)'!$1:$1048576,12,0),'Grade 50'!$1:$1048576,2,0),VLOOKUP($A41,'HALF YEARLY(Entry)'!$1:$1048576,12,0)) -> E | M41: =VLOOKUP($A41,'HALF YEARLY(Entry)'!$1:$1048576,13,0) -> 0 | N41: =VLOOKUP($A41,'HALF YEARLY(Entry)'!$1:$1048576,14,0) -> 0 | O41: =VLOOKUP($A41,'HALF YEARLY(Entry)'!$1:$1048576,15,0) -> 0 | P41: =VLOOKUP($A41,'HALF YEARLY(Entry)'!$1:$1048576,16,0) -> 0 | Q41: =VLOOKUP($A41,'HALF YEARLY(Entry)'!$1:$1048576,17,0) -> 0 | R41: =SUM(C41:I41) -> 0 | S41: =ROUND(R41/5.6,2)&" %" -> 0 %

Sheet Grade 50
A2: 50 | B2: A
A3: 49 | B3: A
A4: 48 | B4: A
A5: 47 | B5: A
A6: 46 | B6: A
A7: 45 | B7: A
A8: 44 | B8: A
A9: 43 | B9: A
A10: 42 | B10: A
A11: 41 | B11: A
A12: 40 | B12: B
A13: 39 | B13: B
... A52: 0 | B52: E

Sheet HY Compile
A1: Half Yearly Compile Report (2025-26) Class - III
A2: S.R. No. | B2: Student's Name | C2: ENGLISH | H2: HINDI | M2: MATHEMATICS | R2: SCIENCE | W2: SOCIAL STUDIES | AB2: SANSKRIT | AG2: COMPUTER | AL2: WORK EDUCATION | AM2: ART EDUCATION | AN2: GENERAL KNOWLEDGE | AO2: HEALTH & PHYSICAL EDUCATION | AP2: DISCIPLINE | AQ2: TOTAL PRESENT | AR2: TORAL WORKING DAY | AS2: CLASS TEACHER'S REAMRK
C3: UT-I | D3: NB-I | E3: SE-I | F3: HY | G3: Total | H3: UT-I | I3: NB-I | J3: SE-I | K3: HY | L3: Total | M3: UT-I | N3: NB-I | O3: SE-I | P3: HY | Q3: Total | R3: UT-I | S3: NB-I | T3: SE-I | U3: HY | V3: Total | W3: UT-I | X3: NB-I | Y3: SE-I | Z3: HY | AA3: Total | AB3: UT-I | AC3: NB-I | AD3: SE-I | AE3: HY | AF3: Total | AG3: UT-I | AH3: NB-I | AI3: SE-I | AJ3: HY | AK3: Total
A4: =DETAILS!A3 -> 1633 | B4: =DETAILS!B3 -> AADVIK SRIVASTAVA | C4: =IFERROR(ROUND(VLOOKUP($A4,'UT-I '!$1:$1048576,3,0)/2,0),VLOOKUP($A4,'UT-I '!$1:$1048576,3,0)) -> 0 | D4: =VLOOKUP($A4,'NOTEBOOK-1 (Entry)'!$1:$1048576,3,0) -> 0 | E4: =VLOOKUP($A4,'ENRICH-1(Entry)'!$1:$1048576,3,0) -> 0 | F4: =VLOOKUP(A4,'HALF YEARLY'!$1:$1048576,3,0) -> 0 | G4: =SUM(C4:F4) -> 0 | H4: =IFERROR(ROUND(VLOOKUP($A4,'UT-I '!$1:$1048576,4,0)/2,0),VLOOKUP($A4,'UT-I '!$1:$1048576,4,0)) -> 0 | I4: =VLOOKUP($A4,'NOTEBOOK-1 (Entry)'!$1:$1048576,4,0) -> 0 | J4: =VLOOKUP($A4,'ENRICH-1(Entry)'!$1:$1048576,4,0) -> 0 | K4: =VLOOKUP($A4,'HALF YEARLY'!$1:$1048576,4,0) -> 0 | L4: =SUM(H4:K4) -> 0 | M4: =IFERROR(ROUND(VLOOKUP($A4,'UT-I '!$1:$1048576,5,0)/2,0),VLOOKUP($A4,'UT-I '!$1:$1048576,5,0)) -> 0 | N4: =VLOOKUP($A4,'NOTEBOOK-1 (Entry)'!$1:$1048576,5,0) -> 0 | O4: =VLOOKUP($A4,'ENRICH-1(Entry)'!$1:$1048576,5,0) -> 0 | P4: =VLOOKUP($A4,'HALF YEARLY'!$1:$1048576,5,0) -> 0 | Q4: =SUM(M4:P4) -> 0 | R4: =IFERROR(ROUND(VLOOKUP($A4,'UT-I '!$1:$1048576,6,0)/2,0),VLOOKUP($A4,'UT-I '!$1:$1048576,6,0)) -> 0 | S4: =VLOOKUP($A4,'NOTEBOOK-1 (Entry)'!$1:$1048576,6,0) -> 0 | T4: =VLOOKUP($A4,'ENRICH-1(Entry)'!$1:$1048576,6,0) -> 0 | U4: =VLOOKUP($A4,'HALF YEARLY'!$1:$1048576,6,0) -> 0 | V4: =SUM(R4:U4) -> 0 | W4: =IFERROR(ROUND(VLOOKUP($A4,'UT-I '!$1:$1048576,7,0)/2,0),VLOOKUP($A4,'UT-I '!$1:$1048576,7,0)) -> 0 | X4: =VLOOKUP($A4,'NOTEBOOK-1 (Entry)'!$1:$1048576,7,0) -> 0 | Y4: =VLOOKUP($A4,'ENRICH-1(Entry)'!$1:$1048576,7,0) -> 0 | Z4: =VLOOKUP($A4,'HALF YEARLY'!$1:$1048576,7,0) -> 0 | AA4: =SUM(W4:Z4) -> 0 | AB4: =IFERROR(ROUND(VLOOKUP($A4,'UT-I '!$1:$1048576,8,0)/2,0),VLOOKUP($A4,'UT-I '!$1:$1048576,8,0)) -> 0 | AC4: =VLOOKUP($A4,'NOTEBOOK-1 (Entry)'!$1:$1048576,8,0) -> 0 | AD4: =VLOOKUP($A4,'ENRICH-1(Entry)'!$1:$1048576,8,0) -> 0 | AE4: =VLOOKUP($A4,'HALF YEARLY'!$1:$1048576,8,0) -> 0 | AF4: =SUM(AB4:AE4) -> 0 | AG4: =IFERROR(ROUND(VLOOKUP($A4,'UT-I '!$1:$1048576,9,0)/2,0),VLOOKUP($A4,'UT-I '!$1:$1048576,9,0)) -> 0 | AH4: =VLOOKUP($A4,'NOTEBOOK-1 (Entry)'!$1:$1048576,9,0) -> 0 | AI4: =VLOOKUP($A4,'ENRICH-1(Entry)'!$1:$1048576,9,0) -> 0 | AJ4: =VLOOKUP($A4,'HALF YEARLY'!$1:$1048576,9,0) -> 0 | AK4: =SUM(AG4:AJ4) -> 0 | AL4: =VLOOKUP($A4,'HALF YEARLY'!$1:$1048576,10,0) -> 0 | AM4: =VLOOKUP($A4,'HALF YEARLY'!$1:$1048576,11,0) -> E | AN4: =VLOOKUP($A4,'HALF YEARLY'!$1:$1048576,12,0) -> E | AO4: =VLOOKUP($A4,'HALF YEARLY'!$1:$1048576,13,0) -> 0 | AP4: =VLOOKUP($A4,'HALF YEARLY'!$1:$1048576,14,0) -> 0 | AQ4: =VLOOKUP($A4,'HALF YEARLY'!$1:$1048576,15,0) -> 0 | AR4: =VLOOKUP($A4,'HALF YEARLY'!$1:$1048576,16,0) -> 0 | AS4: =VLOOKUP($A4,'HALF YEARLY'!$1:$1048576,17,0) -> 0
A5: =DETAILS!A4 -> 1119 | B5: =DETAILS!B4 -> AARYASH SONI | C5: =IFERROR(ROUND(VLOOKUP($A5,'UT-I '!$1:$1048576,3,0)/2,0),VLOOKUP($A5,'UT-I '!$1:$1048576,3,0)) -> 0 | D5: =VLOOKUP($A5,'NOTEBOOK-1 (Entry)'!$1:$1048576,3,0) -> 0 | E5: =VLOOKUP($A5,'ENRICH-1(Entry)'!$1:$1048576,3,0) -> 0 | F5: =VLOOKUP(A5,'HALF YEARLY'!$1:$1048576,3,0) -> 0 | G5: =SUM(C5:F5) -> 0 | H5: =IFERROR(ROUND(VLOOKUP($A5,'UT-I '!$1:$1048576,4,0)/2,0),VLOOKUP($A5,'UT-I '!$1:$1048576,4,0)) -> 0 | I5: =VLOOKUP($A5,'NOTEBOOK-1 (Entry)'!$1:$1048576,4,0) -> 0 | J5: =VLOOKUP($A5,'ENRICH-1(Entry)'!$1:$1048576,4,0) -> 0 | K5: =VLOOKUP($A5,'HALF YEARLY'!$1:$1048576,4,0) -> 0 | L5: =SUM(H5:K5) -> 0 | M5: =IFERROR(ROUND(VLOOKUP($A5,'UT-I '!$1:$1048576,5,0)/2,0),VLOOKUP($A5,'UT-I '!$1:$1048576,5,0)) -> 0 | N5: =VLOOKUP($A5,'NOTEBOOK-1 (Entry)'!$1:$1048576,5,0) -> 0 | O5: =VLOOKUP($A5,'ENRICH-1(Entry)'!$1:$1048576,5,0) -> 0 | P5: =VLOOKUP($A5,'HALF YEARLY'!$1:$1048576,5,0) -> 0 | Q5: =SUM(M5:P5) -> 0 | R5: =IFERROR(ROUND(VLOOKUP($A5,'UT-I '!$1:$1048576,6,0)/2,0),VLOOKUP($A5,'UT-I '!$1:$1048576,6,0)) -> 0 | S5: =VLOOKUP($A5,'NOTEBOOK-1 (Entry)'!$1:$1048576,6,0) -> 0 | T5: =VLOOKUP($A5,'ENRICH-1(Entry)'!$1:$1048576,6,0) -> 0 | U5: =VLOOKUP($A5,'HALF YEARLY'!$1:$1048576,6,0) -> 0 | V5: =SUM(R5:U5) -> 0 | W5: =IFERROR(ROUND(VLOOKUP($A5,'UT-I '!$1:$1048576,7,0)/2,0),VLOOKUP($A5,'UT-I '!$1:$1048576,7,0)) -> 0 | X5: =VLOOKUP($A5,'NOTEBOOK-1 (Entry)'!$1:$1048576,7,0) -> 0 | Y5: =VLOOKUP($A5,'ENRICH-1(Entry)'!$1:$1048576,7,0) -> 0 | Z5: =VLOOKUP($A5,'HALF YEARLY'!$1:$1048576,7,0) -> 0 | AA5: =SUM(W5:Z5) -> 0 | AB5: =IFERROR(ROUND(VLOOKUP($A5,'UT-I '!$1:$1048576,8,0)/2,0),VLOOKUP($A5,'UT-I '!$1:$1048576,8,0)) -> 0 | AC5: =VLOOKUP($A5,'NOTEBOOK-1 (Entry)'!$1:$1048576,8,0) -> 0 | AD5: =VLOOKUP($A5,'ENRICH-1(Entry)'!$1:$1048576,8,0) -> 0 | AE5: =VLOOKUP($A5,'HALF YEARLY'!$1:$1048576,8,0) -> 0 | AF5: =SUM(AB5:AE5) -> 0 | AG5: =IFERROR(ROUND(VLOOKUP($A5,'UT-I '!$1:$1048576,9,0)/2,0),VLOOKUP($A5,'UT-I '!$1:$1048576,9,0)) -> 0 | AH5: =VLOOKUP($A5,'NOTEBOOK-1 (Entry)'!$1:$1048576,9,0) -> 0 | AI5: =VLOOKUP($A5,'ENRICH-1(Entry)'!$1:$1048576,9,0) -> 0 | AJ5: =VLOOKUP($A5,'HALF YEARLY'!$1:$1048576,9,0) -> 0 | AK5: =SUM(AG5:AJ5) -> 0 | AL5: =VLOOKUP($A5,'HALF YEARLY'!$1:$1048576,10,0) -> 0 | AM5: =VLOOKUP($A5,'HALF YEARLY'!$1:$1048576,11,0) -> E | AN5: =VLOOKUP($A5,'HALF YEARLY'!$1:$1048576,12,0) -> E | AO5: =VLOOKUP($A5,'HALF YEARLY'!$1:$1048576,13,0) -> 0 | AP5: =VLOOKUP($A5,'HALF YEARLY'!$1:$1048576,14,0) -> 0 | AQ5: =VLOOKUP($A5,'HALF YEARLY'!$1:$1048576,15,0) -> 0 | AR5: =VLOOKUP($A5,'HALF YEARLY'!$1:$1048576,16,0) -> 0 | AS5: =VLOOKUP($A5,'HALF YEARLY'!$1:$1048576,17,0) -> 0
A6: =DETAILS!A5 -> 1407 | B6: =DETAILS!B5 -> AKSHAY DUBEY | C6: =IFERROR(ROUND(VLOOKUP($A6,'UT-I '!$1:$1048576,3,0)/2,0),VLOOKUP($A6,'UT-I '!$1:$1048576,3,0)) -> 0 | D6: =VLOOKUP($A6,'NOTEBOOK-1 (Entry)'!$1:$1048576,3,0) -> 0 | E6: =VLOOKUP($A6,'ENRICH-1(Entry)'!$1:$1048576,3,0) -> 0 | F6: =VLOOKUP(A6,'HALF YEARLY'!$1:$1048576,3,0) -> 0 | G6: =SUM(C6:F6) -> 0 | H6: =IFERROR(ROUND(VLOOKUP($A6,'UT-I '!$1:$1048576,4,0)/2,0),VLOOKUP($A6,'UT-I '!$1:$1048576,4,0)) -> 0 | I6: =VLOOKUP($A6,'NOTEBOOK-1 (Entry)'!$1:$1048576,4,0) -> 0 | J6: =VLOOKUP($A6,'ENRICH-1(Entry)'!$1:$1048576,4,0) -> 0 | K6: =VLOOKUP($A6,'HALF YEARLY'!$1:$1048576,4,0) -> 0 | L6: =SUM(H6:K6) -> 0 | M6: =IFERROR(ROUND(VLOOKUP($A6,'UT-I '!$1:$1048576,5,0)/2,0),VLOOKUP($A6,'UT-I '!$1:$1048576,5,0)) -> 0 | N6: =VLOOKUP($A6,'NOTEBOOK-1 (Entry)'!$1:$1048576,5,0) -> 0 | O6: =VLOOKUP($A6,'ENRICH-1(Entry)'!$1:$1048576,5,0) -> 0 | P6: =VLOOKUP($A6,'HALF YEARLY'!$1:$1048576,5,0) -> 0 | Q6: =SUM(M6:P6) -> 0 | R6: =IFERROR(ROUND(VLOOKUP($A6,'UT-I '!$1:$1048576,6,0)/2,0),VLOOKUP($A6,'UT-I '!$1:$1048576,6,0)) -> 0 | S6: =VLOOKUP($A6,'NOTEBOOK-1 (Entry)'!$1:$1048576,6,0) -> 0 | T6: =VLOOKUP($A6,'ENRICH-1(Entry)'!$1:$1048576,6,0) -> 0 | U6: =VLOOKUP($A6,'HALF YEARLY'!$1:$1048576,6,0) -> 0 | V6: =SUM(R6:U6) -> 0 | W6: =IFERROR(ROUND(VLOOKUP($A6,'UT-I '!$1:$1048576,7,0)/2,0),VLOOKUP($A6,'UT-I '!$1:$1048576,7,0)) -> 0 | X6: =VLOOKUP($A6,'NOTEBOOK-1 (Entry)'!$1:$1048576,7,0) -> 0 | Y6: =VLOOKUP($A6,'ENRICH-1(Entry)'!$1:$1048576,7,0) -> 0 | Z6: =VLOOKUP($A6,'HALF YEARLY'!$1:$1048576,7,0) -> 0 | AA6: =SUM(W6:Z6) -> 0 | AB6: =IFERROR(ROUND(VLOOKUP($A6,'UT-I '!$1:$1048576,8,0)/2,0),VLOOKUP($A6,'UT-I '!$1:$1048576,8,0)) -> 0 | AC6: =VLOOKUP($A6,'NOTEBOOK-1 (Entry)'!$1:$1048576,8,0) -> 0 | AD6: =VLOOKUP($A6,'ENRICH-1(Entry)'!$1:$1048576,8,0) -> 0 | AE6: =VLOOKUP($A6,'HALF YEARLY'!$1:$1048576,8,0) -> 0 | AF6: =SUM(AB6:AE6) -> 0 | AG6: =IFERROR(ROUND(VLOOKUP($A6,'UT-I '!$1:$1048576,9,0)/2,0),VLOOKUP($A6,'UT-I '!$1:$1048576,9,0)) -> 0 | AH6: =VLOOKUP($A6,'NOTEBOOK-1 (Entry)'!$1:$1048576,9,0) -> 0 | AI6: =VLOOKUP($A6,'ENRICH-1(Entry)'!$1:$1048576,9,0) -> 0 | AJ6: =VLOOKUP($A6,'HALF YEARLY'!$1:$1048576,9,0) -> 0 | AK6: =SUM(AG6:AJ6) -> 0 | AL6: =VLOOKUP($A6,'HALF YEARLY'!$1:$1048576,10,0) -> 0 | AM6: =VLOOKUP($A6,'HALF YEARLY'!$1:$1048576,11,0) -> E | AN6: =VLOOKUP($A6,'HALF YEARLY'!$1:$1048576,12,0) -> E | AO6: =VLOOKUP($A6,'HALF YEARLY'!$1:$1048576,13,0) -> 0 | AP6: =VLOOKUP($A6,'HALF YEARLY'!$1:$1048576,14,0) -> 0 | AQ6: =VLOOKUP($A6,'HALF YEARLY'!$1:$1048576,15,0) -> 0 | AR6: =VLOOKUP($A6,'HALF YEARLY'!$1:$1048576,16,0) -> 0 | AS6: =VLOOKUP($A6,'HALF YEARLY'!$1:$1048576,17,0) -> 0
A7: =DETAILS!A6 -> 1077 | B7: =DETAILS!B6 -> ALISHA | C7: =IFERROR(ROUND(VLOOKUP($A7,'UT-I '!$1:$1048576,3,0)/2,0),VLOOKUP($A7,'UT-I '!$1:$1048576,3,0)) -> 0 | D7: =VLOOKUP($A7,'NOTEBOOK-1 (Entry)'!$1:$1048576,3,0) -> 0 | E7: =VLOOKUP($A7,'ENRICH-1(Entry)'!$1:$1048576,3,0) -> 0 | F7: =VLOOKUP(A7,'HALF YEARLY'!$1:$1048576,3,0) -> 0 | G7: =SUM(C7:F7) -> 0 | H7: =IFERROR(ROUND(VLOOKUP($A7,'UT-I '!$1:$1048576,4,0)/2,0),VLOOKUP($A7,'UT-I '!$1:$1048576,4,0)) -> 0 | I7: =VLOOKUP($A7,'NOTEBOOK-1 (Entry)'!$1:$1048576,4,0) -> 0 | J7: =VLOOKUP($A7,'ENRICH-1(Entry)'!$1:$1048576,4,0) -> 0 | K7: =VLOOKUP($A7,'HALF YEARLY'!$1:$1048576,4,0) -> 0 | L7: =SUM(H7:K7) -> 0 | M7: =IFERROR(ROUND(VLOOKUP($A7,'UT-I '!$1:$1048576,5,0)/2,0),VLOOKUP($A7,'UT-I '!$1:$1048576,5,0)) -> 0 | N7: =VLOOKUP($A7,'NOTEBOOK-1 (Entry)'!$1:$1048576,5,0) -> 0 | O7: =VLOOKUP($A7,'ENRICH-1(Entry)'!$1:$1048576,5,0) -> 0 | P7: =VLOOKUP($A7,'HALF YEARLY'!$1:$1048576,5,0) -> 0 | Q7: =SUM(M7:P7) -> 0 | R7: =IFERROR(ROUND(VLOOKUP($A7,'UT-I '!$1:$1048576,6,0)/2,0),VLOOKUP($A7,'UT-I '!$1:$1048576,6,0)) -> 0 | S7: =VLOOKUP($A7,'NOTEBOOK-1 (Entry)'!$1:$1048576,6,0) -> 0 | T7: =VLOOKUP($A7,'ENRICH-1(Entry)'!$1:$1048576,6,0) -> 0 | U7: =VLOOKUP($A7,'HALF YEARLY'!$1:$1048576,6,0) -> 0 | V7: =SUM(R7:U7) -> 0 | W7: =IFERROR(ROUND(VLOOKUP($A7,'UT-I '!$1:$1048576,7,0)/2,0),VLOOKUP($A7,'UT-I '!$1:$1048576,7,0)) -> 0 | X7: =VLOOKUP($A7,'NOTEBOOK-1 (Entry)'!$1:$1048576,7,0) -> 0 | Y7: =VLOOKUP($A7,'ENRICH-1(Entry)'!$1:$1048576,7,0) -> 0 | Z7: =VLOOKUP($A7,'HALF YEARLY'!$1:$1048576,7,0) -> 0 | AA7: =SUM(W7:Z7) -> 0 | AB7: =IFERROR(ROUND(VLOOKUP($A7,'UT-I '!$1:$1048576,8,0)/2,0),VLOOKUP($A7,'UT-I '!$1:$1048576,8,0)) -> 0 | AC7: =VLOOKUP($A7,'NOTEBOOK-1 (Entry)'!$1:$1048576,8,0) -> 0 | AD7: =VLOOKUP($A7,'ENRICH-1(Entry)'!$1:$1048576,8,0) -> 0 | AE7: =VLOOKUP($A7,'HALF YEARLY'!$1:$1048576,8,0) -> 0 | AF7: =SUM(AB7:AE7) -> 0 | AG7: =IFERROR(ROUND(VLOOKUP($A7,'UT-I '!$1:$1048576,9,0)/2,0),VLOOKUP($A7,'UT-I '!$1:$1048576,9,0)) -> 0 | AH7: =VLOOKUP($A7,'NOTEBOOK-1 (Entry)'!$1:$1048576,9,0) -> 0 | AI7: =VLOOKUP($A7,'ENRICH-1(Entry)'!$1:$1048576,9,0) -> 0 | AJ7: =VLOOKUP($A7,'HALF YEARLY'!$1:$1048576,9,0) -> 0 | AK7: =SUM(AG7:AJ7) -> 0 | AL7: =VLOOKUP($A7,'HALF YEARLY'!$1:$1048576,10,0) -> 0 | AM7: =VLOOKUP($A7,'HALF YEARLY'!$1:$1048576,11,0) -> E | AN7: =VLOOKUP($A7,'HALF YEARLY'!$1:$1048576,12,0) -> E | AO7: =VLOOKUP($A7,'HALF YEARLY'!$1:$1048576,13,0) -> 0 | AP7: =VLOOKUP($A7,'HALF YEARLY'!$1:$1048576,14,0) -> 0 | AQ7: =VLOOKUP($A7,'HALF YEARLY'!$1:$1048576,15,0) -> 0 | AR7: =VLOOKUP($A7,'HALF YEARLY'!$1:$1048576,16,0) -> 0 | AS7: =VLOOKUP($A7,'HALF YEARLY'!$1:$1048576,17,0) -> 0
A8: =DETAILS!A7 -> 1210 | B8: =DETAILS!B7 -> ANJALI JHA | C8: =IFERROR(ROUND(VLOOKUP($A8,'UT-I '!$1:$1048576,3,0)/2,0),VLOOKUP($A8,'UT-I '!$1:$1048576,3,0)) -> 0 | D8: =VLOOKUP($A8,'NOTEBOOK-1 (Entry)'!$1:$1048576,3,0) -> 0 | E8: =VLOOKUP($A8,'ENRICH-1(Entry)'!$1:$1048576,3,0) -> 0 | F8: =VLOOKUP(A8,'HALF YEARLY'!$1:$1048576,3,0) -> 0 | G8: =SUM(C8:F8) -> 0 | H8: =IFERROR(ROUND(VLOOKUP($A8,'UT-I '!$1:$1048576,4,0)/2,0),VLOOKUP($A8,'UT-I '!$1:$1048576,4,0)) -> 0 | I8: =VLOOKUP($A8,'NOTEBOOK-1 (Entry)'!$1:$1048576,4,0) -> 0 | J8: =VLOOKUP($A8,'ENRICH-1(Entry)'!$1:$1048576,4,0) -> 0 | K8: =VLOOKUP($A8,'HALF YEARLY'!$1:$1048576,4,0) -> 0 | L8: =SUM(H8:K8) -> 0 | M8: =IFERROR(ROUND(VLOOKUP($A8,'UT-I '!$1:$1048576,5,0)/2,0),VLOOKUP($A8,'UT-I '!$1:$1048576,5,0)) -> 0 | N8: =VLOOKUP($A8,'NOTEBOOK-1 (Entry)'!$1:$1048576,5,0) -> 0 | O8: =VLOOKUP($A8,'ENRICH-1(Entry)'!$1:$1048576,5,0) -> 0 | P8: =VLOOKUP($A8,'HALF YEARLY'!$1:$1048576,5,0) -> 0 | Q8: =SUM(M8:P8) -> 0 | R8: =IFERROR(ROUND(VLOOKUP($A8,'UT-I '!$1:$1048576,6,0)/2,0),VLOOKUP($A8,'UT-I '!$1:$1048576,6,0)) -> 0 | S8: =VLOOKUP($A8,'NOTEBOOK-1 (Entry)'!$1:$1048576,6,0) -> 0 | T8: =VLOOKUP($A8,'ENRICH-1(Entry)'!$1:$1048576,6,0) -> 0 | U8: =VLOOKUP($A8,'HALF YEARLY'!$1:$1048576,6,0) -> 0 | V8: =SUM(R8:U8) -> 0 | W8: =IFERROR(ROUND(VLOOKUP($A8,'UT-I '!$1:$1048576,7,0)/2,0),VLOOKUP($A8,'UT-I '!$1:$1048576,7,0)) -> 0 | X8: =VLOOKUP($A8,'NOTEBOOK-1 (Entry)'!$1:$1048576,7,0) -> 0 | Y8: =VLOOKUP($A8,'ENRICH-1(Entry)'!$1:$1048576,7,0) -> 0 | Z8: =VLOOKUP($A8,'HALF YEARLY'!$1:$1048576,7,0) -> 0 | AA8: =SUM(W8:Z8) -> 0 | AB8: =IFERROR(ROUND(VLOOKUP($A8,'UT-I '!$1:$1048576,8,0)/2,0),VLOOKUP($A8,'UT-I '!$1:$1048576,8,0)) -> 0 | AC8: =VLOOKUP($A8,'NOTEBOOK-1 (Entry)'!$1:$1048576,8,0) -> 0 | AD8: =VLOOKUP($A8,'ENRICH-1(Entry)'!$1:$1048576,8,0) -> 0 | AE8: =VLOOKUP($A8,'HALF YEARLY'!$1:$1048576,8,0) -> 0 | AF8: =SUM(AB8:AE8) -> 0 | AG8: =IFERROR(ROUND(VLOOKUP($A8,'UT-I '!$1:$1048576,9,0)/2,0),VLOOKUP($A8,'UT-I '!$1:$1048576,9,0)) -> 0 | AH8: =VLOOKUP($A8,'NOTEBOOK-1 (Entry)'!$1:$1048576,9,0) -> 0 | AI8: =VLOOKUP($A8,'ENRICH-1(Entry)'!$1:$1048576,9,0) -> 0 | AJ8: =VLOOKUP($A8,'HALF YEARLY'!$1:$1048576,9,0) -> 0 | AK8: =SUM(AG8:AJ8) -> 0 | AL8: =VLOOKUP($A8,'HALF YEARLY'!$1:$1048576,10,0) -> 0 | AM8: =VLOOKUP($A8,'HALF YEARLY'!$1:$1048576,11,0) -> E | AN8: =VLOOKUP($A8,'HALF YEARLY'!$1:$1048576,12,0) -> E | AO8: =VLOOKUP($A8,'HALF YEARLY'!$1:$1048576,13,0) -> 0 | AP8: =VLOOKUP($A8,'HALF YEARLY'!$1:$1048576,14,0) -> 0 | AQ8: =VLOOKUP($A8,'HALF YEARLY'!$1:$1048576,15,0) -> 0 | AR8: =VLOOKUP($A8,'HALF YEARLY'!$1:$1048576,16,0) -> 0 | AS8: =VLOOKUP($A8,'HALF YEARLY'!$1:$1048576,17,0) -> 0
A9: =DETAILS!A8 -> 1286 | B9: =DETAILS!B8 -> AROHI JAISWAL | C9: =IFERROR(ROUND(VLOOKUP($A9,'UT-I '!$1:$1048576,3,0)/2,0),VLOOKUP($A9,'UT-I '!$1:$1048576,3,0)) -> 0 | D9: =VLOOKUP($A9,'NOTEBOOK-1 (Entry)'!$1:$1048576,3,0) -> 0 | E9: =VLOOKUP($A9,'ENRICH-1(Entry)'!$1:$1048576,3,0) -> 0 | F9: =VLOOKUP(A9,'HALF YEARLY'!$1:$1048576,3,0) -> 0 | G9: =SUM(C9:F9) -> 0 | H9: =IFERROR(ROUND(VLOOKUP($A9,'UT-I '!$1:$1048576,4,0)/2,0),VLOOKUP($A9,'UT-I '!$1:$1048576,4,0)) -> 0 | I9: =VLOOKUP($A9,'NOTEBOOK-1 (Entry)'!$1:$1048576,4,0) -> 0 | J9: =VLOOKUP($A9,'ENRICH-1(Entry)'!$1:$1048576,4,0) -> 0 | K9: =VLOOKUP($A9,'HALF YEARLY'!$1:$1048576,4,0) -> 0 | L9: =SUM(H9:K9) -> 0 | M9: =IFERROR(ROUND(VLOOKUP($A9,'UT-I '!$1:$1048576,5,0)/2,0),VLOOKUP($A9,'UT-I '!$1:$1048576,5,0)) -> 0 | N9: =VLOOKUP($A9,'NOTEBOOK-1 (Entry)'!$1:$1048576,5,0) -> 0 | O9: =VLOOKUP($A9,'ENRICH-1(Entry)'!$1:$1048576,5,0) -> 0 | P9: =VLOOKUP($A9,'HALF YEARLY'!$1:$1048576,5,0) -> 0 | Q9: =SUM(M9:P9) -> 0 | R9: =IFERROR(ROUND(VLOOKUP($A9,'UT-I '!$1:$1048576,6,0)/2,0),VLOOKUP($A9,'UT-I '!$1:$1048576,6,0)) -> 0 | S9: =VLOOKUP($A9,'NOTEBOOK-1 (Entry)'!$1:$1048576,6,0) -> 0 | T9: =VLOOKUP($A9,'ENRICH-1(Entry)'!$1:$1048576,6,0) -> 0 | U9: =VLOOKUP($A9,'HALF YEARLY'!$1:$1048576,6,0) -> 0 | V9: =SUM(R9:U9) -> 0 | W9: =IFERROR(ROUND(VLOOKUP($A9,'UT-I '!$1:$1048576,7,0)/2,0),VLOOKUP($A9,'UT-I '!$1:$1048576,7,0)) -> 0 | X9: =VLOOKUP($A9,'NOTEBOOK-1 (Entry)'!$1:$1048576,7,0) -> 0 | Y9: =VLOOKUP($A9,'ENRICH-1(Entry)'!$1:$1048576,7,0) -> 0 | Z9: =VLOOKUP($A9,'HALF YEARLY'!$1:$1048576,7,0) -> 0 | AA9: =SUM(W9:Z9) -> 0 | AB9: =IFERROR(ROUND(VLOOKUP($A9,'UT-I '!$1:$1048576,8,0)/2,0),VLOOKUP($A9,'UT-I '!$1:$1048576,8,0)) -> 0 | AC9: =VLOOKUP($A9,'NOTEBOOK-1 (Entry)'!$1:$1048576,8,0) -> 0 | AD9: =VLOOKUP($A9,'ENRICH-1(Entry)'!$1:$1048576,8,0) -> 0 | AE9: =VLOOKUP($A9,'HALF YEARLY'!$1:$1048576,8,0) -> 0 | AF9: =SUM(AB9:AE9) -> 0 | AG9: =IFERROR(ROUND(VLOOKUP($A9,'UT-I '!$1:$1048576,9,0)/2,0),VLOOKUP($A9,'UT-I '!$1:$1048576,9,0)) -> 0 | AH9: =VLOOKUP($A9,'NOTEBOOK-1 (Entry)'!$1:$1048576,9,0) -> 0 | AI9: =VLOOKUP($A9,'ENRICH-1(Entry)'!$1:$1048576,9,0) -> 0 | AJ9: =VLOOKUP($A9,'HALF YEARLY'!$1:$1048576,9,0) -> 0 | AK9: =SUM(AG9:AJ9) -> 0 | AL9: =VLOOKUP($A9,'HALF YEARLY'!$1:$1048576,10,0) -> 0 | AM9: =VLOOKUP($A9,'HALF YEARLY'!$1:$1048576,11,0) -> E | AN9: =VLOOKUP($A9,'HALF YEARLY'!$1:$1048576,12,0) -> E | AO9: =VLOOKUP($A9,'HALF YEARLY'!$1:$1048576,13,0) -> 0 | AP9: =VLOOKUP($A9,'HALF YEARLY'!$1:$1048576,14,0) -> 0 | AQ9: =VLOOKUP($A9,'HALF YEARLY'!$1:$1048576,15,0) -> 0 | AR9: =VLOOKUP($A9,'HALF YEARLY'!$1:$1048576,16,0) -> 0 | AS9: =VLOOKUP($A9,'HALF YEARLY'!$1:$1048576,17,0) -> 0
A10: =DETAILS!A9 -> 1862 | B10: =DETAILS!B9 -> ASHUTOSH MISHRA | C10: =IFERROR(ROUND(VLOOKUP($A10,'UT-I '!$1:$1048576,3,0)/2,0),VLOOKUP($A10,'UT-I '!$1:$1048576,3,0)) -> 0 | D10: =VLOOKUP($A10,'NOTEBOOK-1 (Entry)'!$1:$1048576,3,0) -> 0 | E10: =VLOOKUP($A10,'ENRICH-1(Entry)'!$1:$1048576,3,0) -> 0 | F10: =VLOOKUP(A10,'HALF YEARLY'!$1:$1048576,3,0) -> 0 | G10: =SUM(C10:F10) -> 0 | H10: =IFERROR(ROUND(VLOOKUP($A10,'UT-I '!$1:$1048576,4,0)/2,0),VLOOKUP($A10,'UT-I '!$1:$1048576,4,0)) -> 0 | I10: =VLOOKUP($A10,'NOTEBOOK-1 (Entry)'!$1:$1048576,4,0) -> 0 | J10: =VLOOKUP($A10,'ENRICH-1(Entry)'!$1:$1048576,4,0) -> 0 | K10: =VLOOKUP($A10,'HALF YEARLY'!$1:$1048576,4,0) -> 0 | L10: =SUM(H10:K10) -> 0 | M10: =IFERROR(ROUND(VLOOKUP($A10,'UT-I '!$1:$1048576,5,0)/2,0),VLOOKUP($A10,'UT-I '!$1:$1048576,5,0)) -> 0 | N10: =VLOOKUP($A10,'NOTEBOOK-1 (Entry)'!$1:$1048576,5,0) -> 0 | O10: =VLOOKUP($A10,'ENRICH-1(Entry)'!$1:$1048576,5,0) -> 0 | P10: =VLOOKUP($A10,'HALF YEARLY'!$1:$1048576,5,0) -> 0 | Q10: =SUM(M10:P10) -> 0 | R10: =IFERROR(ROUND(VLOOKUP($A10,'UT-I '!$1:$1048576,6,0)/2,0),VLOOKUP($A10,'UT-I '!$1:$1048576,6,0)) -> 0 | S10: =VLOOKUP($A10,'NOTEBOOK-1 (Entry)'!$1:$1048576,6,0) -> 0 | T10: =VLOOKUP($A10,'ENRICH-1(Entry)'!$1:$1048576,6,0) -> 0 | U10: =VLOOKUP($A10,'HALF YEARLY'!$1:$1048576,6,0) -> 0 | V10: =SUM(R10:U10) -> 0 | W10: =IFERROR(ROUND(VLOOKUP($A10,'UT-I '!$1:$1048576,7,0)/2,0),VLOOKUP($A10,'UT-I '!$1:$1048576,7,0)) -> 0 | X10: =VLOOKUP($A10,'NOTEBOOK-1 (Entry)'!$1:$1048576,7,0) -> 0 | Y10: =VLOOKUP($A10,'ENRICH-1(Entry)'!$1:$1048576,7,0) -> 0 | Z10: =VLOOKUP($A10,'HALF YEARLY'!$1:$1048576,7,0) -> 0 | AA10: =SUM(W10:Z10) -> 0 | AB10: =IFERROR(ROUND(VLOOKUP($A10,'UT-I '!$1:$1048576,8,0)/2,0),VLOOKUP($A10,'UT-I '!$1:$1048576,8,0)) -> 0 | AC10: =VLOOKUP($A10,'NOTEBOOK-1 (Entry)'!$1:$1048576,8,0) -> 0 | AD10: =VLOOKUP($A10,'ENRICH-1(Entry)'!$1:$1048576,8,0) -> 0 | AE10: =VLOOKUP($A10,'HALF YEARLY'!$1:$1048576,8,0) -> 0 | AF10: =SUM(AB10:AE10) -> 0 | AG10: =IFERROR(ROUND(VLOOKUP($A10,'UT-I '!$1:$1048576,9,0)/2,0),VLOOKUP($A10,'UT-I '!$1:$1048576,9,0)) -> 0 | AH10: =VLOOKUP($A10,'NOTEBOOK-1 (Entry)'!$1:$1048576,9,0) -> 0 | AI10: =VLOOKUP($A10,'ENRICH-1(Entry)'!$1:$1048576,9,0) -> 0 | AJ10: =VLOOKUP($A10,'HALF YEARLY'!$1:$1048576,9,0) -> 0 | AK10: =SUM(AG10:AJ10) -> 0 | AL10: =VLOOKUP($A10,'HALF YEARLY'!$1:$1048576,10,0) -> 0 | AM10: =VLOOKUP($A10,'HALF YEARLY'!$1:$1048576,11,0) -> E | AN10: =VLOOKUP($A10,'HALF YEARLY'!$1:$1048576,12,0) -> E | AO10: =VLOOKUP($A10,'HALF YEARLY'!$1:$1048576,13,0) -> 0 | AP10: =VLOOKUP($A10,'HALF YEARLY'!$1:$1048576,14,0) -> 0 | AQ10: =VLOOKUP($A10,'HALF YEARLY'!$1:$1048576,15,0) -> 0 | AR10: =VLOOKUP($A10,'HALF YEARLY'!$1:$1048576,16,0) -> 0 | AS10: =VLOOKUP($A10,'HALF YEARLY'!$1:$1048576,17,0) -> 0
A11: =DETAILS!A10 -> 1684 | B11: =DETAILS!B10 -> AYUSH GUPTA | C11: =IFERROR(ROUND(VLOOKUP($A11,'UT-I '!$1:$1048576,3,0)/2,0),VLOOKUP($A11,'UT-I '!$1:$1048576,3,0)) -> 0 | D11: =VLOOKUP($A11,'NOTEBOOK-1 (Entry)'!$1:$1048576,3,0) -> 0 | E11: =VLOOKUP($A11,'ENRICH-1(Entry)'!$1:$1048576,3,0) -> 0 | F11: =VLOOKUP(A11,'HALF YEARLY'!$1:$1048576,3,0) -> 0 | G11: =SUM(C11:F11) -> 0 | H11: =IFERROR(ROUND(VLOOKUP($A11,'UT-I '!$1:$1048576,4,0)/2,0),VLOOKUP($A11,'UT-I '!$1:$1048576,4,0)) -> 0 | I11: =VLOOKUP($A11,'NOTEBOOK-1 (Entry)'!$1:$1048576,4,0) -> 0 | J11: =VLOOKUP($A11,'ENRICH-1(Entry)'!$1:$1048576,4,0) -> 0 | K11: =VLOOKUP($A11,'HALF YEARLY'!$1:$1048576,4,0) -> 0 | L11: =SUM(H11:K11) -> 0 | M11: =IFERROR(ROUND(VLOOKUP($A11,'UT-I '!$1:$1048576,5,0)/2,0),VLOOKUP($A11,'UT-I '!$1:$1048576,5,0)) -> 0 | N11: =VLOOKUP($A11,'NOTEBOOK-1 (Entry)'!$1:$1048576,5,0) -> 0 | O11: =VLOOKUP($A11,'ENRICH-1(Entry)'!$1:$1048576,5,0) -> 0 | P11: =VLOOKUP($A11,'HALF YEARLY'!$1:$1048576,5,0) -> 0 | Q11: =SUM(M11:P11) -> 0 | R11: =IFERROR(ROUND(VLOOKUP($A11,'UT-I '!$1:$1048576,6,0)/2,0),VLOOKUP($A11,'UT-I '!$1:$1048576,6,0)) -> 0 | S11: =VLOOKUP($A11,'NOTEBOOK-1 (Entry)'!$1:$1048576,6,0) -> 0 | T11: =VLOOKUP($A11,'ENRICH-1(Entry)'!$1:$1048576,6,0) -> 0 | U11: =VLOOKUP($A11,'HALF YEARLY'!$1:$1048576,6,0) -> 0 | V11: =SUM(R11:U11) -> 0 | W11: =IFERROR(ROUND(VLOOKUP($A11,'UT-I '!$1:$1048576,7,0)/2,0),VLOOKUP($A11,'UT-I '!$1:$1048576,7,0)) -> 0 | X11: =VLOOKUP($A11,'NOTEBOOK-1 (Entry)'!$1:$1048576,7,0) -> 0 | Y11: =VLOOKUP($A11,'ENRICH-1(Entry)'!$1:$1048576,7,0) -> 0 | Z11: =VLOOKUP($A11,'HALF YEARLY'!$1:$1048576,7,0) -> 0 | AA11: =SUM(W11:Z11) -> 0 | AB11: =IFERROR(ROUND(VLOOKUP($A11,'UT-I '!$1:$1048576,8,0)/2,0),VLOOKUP($A11,'UT-I '!$1:$1048576,8,0)) -> 0 | AC11: =VLOOKUP($A11,'NOTEBOOK-1 (Entry)'!$1:$1048576,8,0) -> 0 | AD11: =VLOOKUP($A11,'ENRICH-1(Entry)'!$1:$1048576,8,0) -> 0 | AE11: =VLOOKUP($A11,'HALF YEARLY'!$1:$1048576,8,0) -> 0 | AF11: =SUM(AB11:AE11) -> 0 | AG11: =IFERROR(ROUND(VLOOKUP($A11,'UT-I '!$1:$1048576,9,0)/2,0),VLOOKUP($A11,'UT-I '!$1:$1048576,9,0)) -> 0 | AH11: =VLOOKUP($A11,'NOTEBOOK-1 (Entry)'!$1:$1048576,9,0) -> 0 | AI11: =VLOOKUP($A11,'ENRICH-1(Entry)'!$1:$1048576,9,0) -> 0 | AJ11: =VLOOKUP($A11,'HALF YEARLY'!$1:$1048576,9,0) -> 0 | AK11: =SUM(AG11:AJ11) -> 0 | AL11: =VLOOKUP($A11,'HALF YEARLY'!$1:$1048576,10,0) -> 0 | AM11: =VLOOKUP($A11,'HALF YEARLY'!$1:$1048576,11,0) -> E | AN11: =VLOOKUP($A11,'HALF YEARLY'!$1:$1048576,12,0) -> E | AO11: =VLOOKUP($A11,'HALF YEARLY'!$1:$1048576,13,0) -> 0 | AP11: =VLOOKUP($A11,'HALF YEARLY'!$1:$1048576,14,0) -> 0 | AQ11: =VLOOKUP($A11,'HALF YEARLY'!$1:$1048576,15,0) -> 0 | AR11: =VLOOKUP($A11,'HALF YEARLY'!$1:$1048576,16,0) -> 0 | AS11: =VLOOKUP($A11,'HALF YEARLY'!$1:$1048576,17,0) -> 0
A12: =DETAILS!A11 -> 1662 | B12: =DETAILS!B11 -> AYUSH KUMAR YOGI | C12: =IFERROR(ROUND(VLOOKUP($A12,'UT-I '!$1:$1048576,3,0)/2,0),VLOOKUP($A12,'UT-I '!$1:$1048576,3,0)) -> 0 | D12: =VLOOKUP($A12,'NOTEBOOK-1 (Entry)'!$1:$1048576,3,0) -> 0 | E12: =VLOOKUP($A12,'ENRICH-1(Entry)'!$1:$1048576,3,0) -> 0 | F12: =VLOOKUP(A12,'HALF YEARLY'!$1:$1048576,3,0) -> 0 | G12: =SUM(C12:F12) -> 0 | H12: =IFERROR(ROUND(VLOOKUP($A12,'UT-I '!$1:$1048576,4,0)/2,0),VLOOKUP($A12,'UT-I '!$1:$1048576,4,0)) -> 0 | I12: =VLOOKUP($A12,'NOTEBOOK-1 (Entry)'!$1:$1048576,4,0) -> 0 | J12: =VLOOKUP($A12,'ENRICH-1(Entry)'!$1:$1048576,4,0) -> 0 | K12: =VLOOKUP($A12,'HALF YEARLY'!$1:$1048576,4,0) -> 0 | L12: =SUM(H12:K12) -> 0 | M12: =IFERROR(ROUND(VLOOKUP($A12,'UT-I '!$1:$1048576,5,0)/2,0),VLOOKUP($A12,'UT-I '!$1:$1048576,5,0)) -> 0 | N12: =VLOOKUP($A12,'NOTEBOOK-1 (Entry)'!$1:$1048576,5,0) -> 0 | O12: =VLOOKUP($A12,'ENRICH-1(Entry)'!$1:$1048576,5,0) -> 0 | P12: =VLOOKUP($A12,'HALF YEARLY'!$1:$1048576,5,0) -> 0 | Q12: =SUM(M12:P12) -> 0 | R12: =IFERROR(ROUND(VLOOKUP($A12,'UT-I '!$1:$1048576,6,0)/2,0),VLOOKUP($A12,'UT-I '!$1:$1048576,6,0)) -> 0 | S12: =VLOOKUP($A12,'NOTEBOOK-1 (Entry)'!$1:$1048576,6,0) -> 0 | T12: =VLOOKUP($A12,'ENRICH-1(Entry)'!$1:$1048576,6,0) -> 0 | U12: =VLOOKUP($A12,'HALF YEARLY'!$1:$1048576,6,0) -> 0 | V12: =SUM(R12:U12) -> 0 | W12: =IFERROR(ROUND(VLOOKUP($A12,'UT-I '!$1:$1048576,7,0)/2,0),VLOOKUP($A12,'UT-I '!$1:$1048576,7,0)) -> 0 | X12: =VLOOKUP($A12,'NOTEBOOK-1 (Entry)'!$1:$1048576,7,0) -> 0 | Y12: =VLOOKUP($A12,'ENRICH-1(Entry)'!$1:$1048576,7,0) -> 0 | Z12: =VLOOKUP($A12,'HALF YEARLY'!$1:$1048576,7,0) -> 0 | AA12: =SUM(W12:Z12) -> 0 | AB12: =IFERROR(ROUND(VLOOKUP($A12,'UT-I '!$1:$1048576,8,0)/2,0),VLOOKUP($A12,'UT-I '!$1:$1048576,8,0)) -> 0 | AC12: =VLOOKUP($A12,'NOTEBOOK-1 (Entry)'!$1:$1048576,8,0) -> 0 | AD12: =VLOOKUP($A12,'ENRICH-1(Entry)'!$1:$1048576,8,0) -> 0 | AE12: =VLOOKUP($A12,'HALF YEARLY'!$1:$1048576,8,0) -> 0 | AF12: =SUM(AB12:AE12) -> 0 | AG12: =IFERROR(ROUND(VLOOKUP($A12,'UT-I '!$1:$1048576,9,0)/2,0),VLOOKUP($A12,'UT-I '!$1:$1048576,9,0)) -> 0 | AH12: =VLOOKUP($A12,'NOTEBOOK-1 (Entry)'!$1:$1048576,9,0) -> 0 | AI12: =VLOOKUP($A12,'ENRICH-1(Entry)'!$1:$1048576,9,0) -> 0 | AJ12: =VLOOKUP($A12,'HALF YEARLY'!$1:$1048576,9,0) -> 0 | AK12: =SUM(AG12:AJ12) -> 0 | AL12: =VLOOKUP($A12,'HALF YEARLY'!$1:$1048576,10,0) -> 0 | AM12: =VLOOKUP($A12,'HALF YEARLY'!$1:$1048576,11,0) -> E | AN12: =VLOOKUP($A12,'HALF YEARLY'!$1:$1048576,12,0) -> E | AO12: =VLOOKUP($A12,'HALF YEARLY'!$1:$1048576,13,0) -> 0 | AP12: =VLOOKUP($A12,'HALF YEARLY'!$1:$1048576,14,0) -> 0 | AQ12: =VLOOKUP($A12,'HALF YEARLY'!$1:$1048576,15,0) -> 0 | AR12: =VLOOKUP($A12,'HALF YEARLY'!$1:$1048576,16,0) -> 0 | AS12: =VLOOKUP($A12,'HALF YEARLY'!$1:$1048576,17,0) -> 0
A13: =DETAILS!A12 -> 1602 | B13: =DETAILS!B12 -> AYUSHI MISHRA | C13: =IFERROR(ROUND(VLOOKUP($A13,'UT-I '!$1:$1048576,3,0)/2,0),VLOOKUP($A13,'UT-I '!$1:$1048576,3,0)) -> 0 | D13: =VLOOKUP($A13,'NOTEBOOK-1 (Entry)'!$1:$1048576,3,0) -> 0 | E13: =VLOOKUP($A13,'ENRICH-1(Entry)'!$1:$1048576,3,0) -> 0 | F13: =VLOOKUP(A13,'HALF YEARLY'!$1:$1048576,3,0) -> 0 | G13: =SUM(C13:F13) -> 0 | H13: =IFERROR(ROUND(VLOOKUP($A13,'UT-I '!$1:$1048576,4,0)/2,0),VLOOKUP($A13,'UT-I '!$1:$1048576,4,0)) -> 0 | I13: =VLOOKUP($A13,'NOTEBOOK-1 (Entry)'!$1:$1048576,4,0) -> 0 | J13: =VLOOKUP($A13,'ENRICH-1(Entry)'!$1:$1048576,4,0) -> 0 | K13: =VLOOKUP($A13,'HALF YEARLY'!$1:$1048576,4,0) -> 0 | L13: =SUM(H13:K13) -> 0 | M13: =IFERROR(ROUND(VLOOKUP($A13,'UT-I '!$1:$1048576,5,0)/2,0),VLOOKUP($A13,'UT-I '!$1:$1048576,5,0)) -> 0 | N13: =VLOOKUP($A13,'NOTEBOOK-1 (Entry)'!$1:$1048576,5,0) -> 0 | O13: =VLOOKUP($A13,'ENRICH-1(Entry)'!$1:$1048576,5,0) -> 0 | P13: =VLOOKUP($A13,'HALF YEARLY'!$1:$1048576,5,0) -> 0 | Q13: =SUM(M13:P13) -> 0 | R13: =IFERROR(ROUND(VLOOKUP($A13,'UT-I '!$1:$1048576,6,0)/2,0),VLOOKUP($A13,'UT-I '!$1:$1048576,6,0)) -> 0 | S13: =VLOOKUP($A13,'NOTEBOOK-1 (Entry)'!$1:$1048576,6,0) -> 0 | T13: =VLOOKUP($A13,'ENRICH-1(Entry)'!$1:$1048576,6,0) -> 0 | U13: =VLOOKUP($A13,'HALF YEARLY'!$1:$1048576,6,0) -> 0 | V13: =SUM(R13:U13) -> 0 | W13: =IFERROR(ROUND(VLOOKUP($A13,'UT-I '!$1:$1048576,7,0)/2,0),VLOOKUP($A13,'UT-I '!$1:$1048576,7,0)) -> 0 | X13: =VLOOKUP($A13,'NOTEBOOK-1 (Entry)'!$1:$1048576,7,0) -> 0 | Y13: =VLOOKUP($A13,'ENRICH-1(Entry)'!$1:$1048576,7,0) -> 0 | Z13: =VLOOKUP($A13,'HALF YEARLY'!$1:$1048576,7,0) -> 0 | AA13: =SUM(W13:Z13) -> 0 | AB13: =IFERROR(ROUND(VLOOKUP($A13,'UT-I '!$1:$1048576,8,0)/2,0),VLOOKUP($A13,'UT-I '!$1:$1048576,8,0)) -> 0 | AC13: =VLOOKUP($A13,'NOTEBOOK-1 (Entry)'!$1:$1048576,8,0) -> 0 | AD13: =VLOOKUP($A13,'ENRICH-1(Entry)'!$1:$1048576,8,0) -> 0 | AE13: =VLOOKUP($A13,'HALF YEARLY'!$1:$1048576,8,0) -> 0 | AF13: =SUM(AB13:AE13) -> 0 | AG13: =IFERROR(ROUND(VLOOKUP($A13,'UT-I '!$1:$1048576,9,0)/2,0),VLOOKUP($A13,'UT-I '!$1:$1048576,9,0)) -> 0 | AH13: =VLOOKUP($A13,'NOTEBOOK-1 (Entry)'!$1:$1048576,9,0) -> 0 | AI13: =VLOOKUP($A13,'ENRICH-1(Entry)'!$1:$1048576,9,0) -> 0 | AJ13: =VLOOKUP($A13,'HALF YEARLY'!$1:$1048576,9,0) -> 0 | AK13: =SUM(AG13:AJ13) -> 0 | AL13: =VLOOKUP($A13,'HALF YEARLY'!$1:$1048576,10,0) -> 0 | AM13: =VLOOKUP($A13,'HALF YEARLY'!$1:$1048576,11,0) -> E | AN13: =VLOOKUP($A13,'HALF YEARLY'!$1:$1048576,12,0) -> E | AO13: =VLOOKUP($A13,'HALF YEARLY'!$1:$1048576,13,0) -> 0 | AP13: =VLOOKUP($A13,'HALF YEARLY'!$1:$1048576,14,0) -> 0 | AQ13: =VLOOKUP($A13,'HALF YEARLY'!$1:$1048576,15,0) -> 0 | AR13: =VLOOKUP($A13,'HALF YEARLY'!$1:$1048576,16,0) -> 0 | AS13: =VLOOKUP($A13,'HALF YEARLY'!$1:$1048576,17,0) -> 0
A14: =DETAILS!A13 -> 1842 | B14: =DETAILS!B13 -> DEEPANSH YADAV | C14: =IFERROR(ROUND(VLOOKUP($A14,'UT-I '!$1:$1048576,3,0)/2,0),VLOOKUP($A14,'UT-I '!$1:$1048576,3,0)) -> 0 | D14: =VLOOKUP($A14,'NOTEBOOK-1 (Entry)'!$1:$1048576,3,0) -> 0 | E14: =VLOOKUP($A14,'ENRICH-1(Entry)'!$1:$1048576,3,0) -> 0 | F14: =VLOOKUP(A14,'HALF YEARLY'!$1:$1048576,3,0) -> 0 | G14: =SUM(C14:F14) -> 0 | H14: =IFERROR(ROUND(VLOOKUP($A14,'UT-I '!$1:$1048576,4,0)/2,0),VLOOKUP($A14,'UT-I '!$1:$1048576,4,0)) -> 0 | I14: =VLOOKUP($A14,'NOTEBOOK-1 (Entry)'!$1:$1048576,4,0) -> 0 | J14: =VLOOKUP($A14,'ENRICH-1(Entry)'!$1:$1048576,4,0) -> 0 | K14: =VLOOKUP($A14,'HALF YEARLY'!$1:$1048576,4,0) -> 0 | L14: =SUM(H14:K14) -> 0 | M14: =IFERROR(ROUND(VLOOKUP($A14,'UT-I '!$1:$1048576,5,0)/2,0),VLOOKUP($A14,'UT-I '!$1:$1048576,5,0)) -> 0 | N14: =VLOOKUP($A14,'NOTEBOOK-1 (Entry)'!$1:$1048576,5,0) -> 0 | O14: =VLOOKUP($A14,'ENRICH-1(Entry)'!$1:$1048576,5,0) -> 0 | P14: =VLOOKUP($A14,'HALF YEARLY'!$1:$1048576,5,0) -> 0 | Q14: =SUM(M14:P14) -> 0 | R14: =IFERROR(ROUND(VLOOKUP($A14,'UT-I '!$1:$1048576,6,0)/2,0),VLOOKUP($A14,'UT-I '!$1:$1048576,6,0)) -> 0 | S14: =VLOOKUP($A14,'NOTEBOOK-1 (Entry)'!$1:$1048576,6,0) -> 0 | T14: =VLOOKUP($A14,'ENRICH-1(Entry)'!$1:$1048576,6,0) -> 0 | U14: =VLOOKUP($A14,'HALF YEARLY'!$1:$1048576,6,0) -> 0 | V14: =SUM(R14:U14) -> 0 | W14: =IFERROR(ROUND(VLOOKUP($A14,'UT-I '!$1:$1048576,7,0)/2,0),VLOOKUP($A14,'UT-I '!$1:$1048576,7,0)) -> 0 | X14: =VLOOKUP($A14,'NOTEBOOK-1 (Entry)'!$1:$1048576,7,0) -> 0 | Y14: =VLOOKUP($A14,'ENRICH-1(Entry)'!$1:$1048576,7,0) -> 0 | Z14: =VLOOKUP($A14,'HALF YEARLY'!$1:$1048576,7,0) -> 0 | AA14: =SUM(W14:Z14) -> 0 | AB14: =IFERROR(ROUND(VLOOKUP($A14,'UT-I '!$1:$1048576,8,0)/2,0),VLOOKUP($A14,'UT-I '!$1:$1048576,8,0)) -> 0 | AC14: =VLOOKUP($A14,'NOTEBOOK-1 (Entry)'!$1:$1048576,8,0) -> 0 | AD14: =VLOOKUP($A14,'ENRICH-1(Entry)'!$1:$1048576,8,0) -> 0 | AE14: =VLOOKUP($A14,'HALF YEARLY'!$1:$1048576,8,0) -> 0 | AF14: =SUM(AB14:AE14) -> 0 | AG14: =IFERROR(ROUND(VLOOKUP($A14,'UT-I '!$1:$1048576,9,0)/2,0),VLOOKUP($A14,'UT-I '!$1:$1048576,9,0)) -> 0 | AH14: =VLOOKUP($A14,'NOTEBOOK-1 (Entry)'!$1:$1048576,9,0) -> 0 | AI14: =VLOOKUP($A14,'ENRICH-1(Entry)'!$1:$1048576,9,0) -> 0 | AJ14: =VLOOKUP($A14,'HALF YEARLY'!$1:$1048576,9,0) -> 0 | AK14: =SUM(AG14:AJ14) -> 0 | AL14: =VLOOKUP($A14,'HALF YEARLY'!$1:$1048576,10,0) -> 0 | AM14: =VLOOKUP($A14,'HALF YEARLY'!$1:$1048576,11,0) -> E | AN14: =VLOOKUP($A14,'HALF YEARLY'!$1:$1048576,12,0) -> E | AO14: =VLOOKUP($A14,'HALF YEARLY'!$1:$1048576,13,0) -> 0 | AP14: =VLOOKUP($A14,'HALF YEARLY'!$1:$1048576,14,0) -> 0 | AQ14: =VLOOKUP($A14,'HALF YEARLY'!$1:$1048576,15,0) -> 0 | AR14: =VLOOKUP($A14,'HALF YEARLY'!$1:$1048576,16,0) -> 0 | AS14: =VLOOKUP($A14,'HALF YEARLY'!$1:$1048576,17,0) -> 0
A15: =DETAILS!A14 -> 1127 | B15: =DETAILS!B14 -> DIKSHA MISHRA | C15: =IFERROR(ROUND(VLOOKUP($A15,'UT-I '!$1:$1048576,3,0)/2,0),VLOOKUP($A15,'UT-I '!$1:$1048576,3,0)) -> 0 | D15: =VLOOKUP($A15,'NOTEBOOK-1 (Entry)'!$1:$1048576,3,0) -> 0 | E15: =VLOOKUP($A15,'ENRICH-1(Entry)'!$1:$1048576,3,0) -> 0 | F15: =VLOOKUP(A15,'HALF YEARLY'!$1:$1048576,3,0) -> 0 | G15: =SUM(C15:F15) -> 0 | H15: =IFERROR(ROUND(VLOOKUP($A15,'UT-I '!$1:$1048576,4,0)/2,0),VLOOKUP($A15,'UT-I '!$1:$1048576,4,0)) -> 0 | I15: =VLOOKUP($A15,'NOTEBOOK-1 (Entry)'!$1:$1048576,4,0) -> 0 | J15: =VLOOKUP($A15,'ENRICH-1(Entry)'!$1:$1048576,4,0) -> 0 | K15: =VLOOKUP($A15,'HALF YEARLY'!$1:$1048576,4,0) -> 0 | L15: =SUM(H15:K15) -> 0 | M15: =IFERROR(ROUND(VLOOKUP($A15,'UT-I '!$1:$1048576,5,0)/2,0),VLOOKUP($A15,'UT-I '!$1:$1048576,5,0)) -> 0 | N15: =VLOOKUP($A15,'NOTEBOOK-1 (Entry)'!$1:$1048576,5,0) -> 0 | O15: =VLOOKUP($A15,'ENRICH-1(Entry)'!$1:$1048576,5,0) -> 0 | P15: =VLOOKUP($A15,'HALF YEARLY'!$1:$1048576,5,0) -> 0 | Q15: =SUM(M15:P15) -> 0 | R15: =IFERROR(ROUND(VLOOKUP($A15,'UT-I '!$1:$1048576,6,0)/2,0),VLOOKUP($A15,'UT-I '!$1:$1048576,6,0)) -> 0 | S15: =VLOOKUP($A15,'NOTEBOOK-1 (Entry)'!$1:$1048576,6,0) -> 0 | T15: =VLOOKUP($A15,'ENRICH-1(Entry)'!$1:$1048576,6,0) -> 0 | U15: =VLOOKUP($A15,'HALF YEARLY'!$1:$1048576,6,0) -> 0 | V15: =SUM(R15:U15) -> 0 | W15: =IFERROR(ROUND(VLOOKUP($A15,'UT-I '!$1:$1048576,7,0)/2,0),VLOOKUP($A15,'UT-I '!$1:$1048576,7,0)) -> 0 | X15: =VLOOKUP($A15,'NOTEBOOK-1 (Entry)'!$1:$1048576,7,0) -> 0 | Y15: =VLOOKUP($A15,'ENRICH-1(Entry)'!$1:$1048576,7,0) -> 0 | Z15: =VLOOKUP($A15,'HALF YEARLY'!$1:$1048576,7,0) -> 0 | AA15: =SUM(W15:Z15) -> 0 | AB15: =IFERROR(ROUND(VLOOKUP($A15,'UT-I '!$1:$1048576,8,0)/2,0),VLOOKUP($A15,'UT-I '!$1:$1048576,8,0)) -> 0 | AC15: =VLOOKUP($A15,'NOTEBOOK-1 (Entry)'!$1:$1048576,8,0) -> 0 | AD15: =VLOOKUP($A15,'ENRICH-1(Entry)'!$1:$1048576,8,0) -> 0 | AE15: =VLOOKUP($A15,'HALF YEARLY'!$1:$1048576,8,0) -> 0 | AF15: =SUM(AB15:AE15) -> 0 | AG15: =IFERROR(ROUND(VLOOKUP($A15,'UT-I '!$1:$1048576,9,0)/2,0),VLOOKUP($A15,'UT-I '!$1:$1048576,9,0)) -> 0 | AH15: =VLOOKUP($A15,'NOTEBOOK-1 (Entry)'!$1:$1048576,9,0) -> 0 | AI15: =VLOOKUP($A15,'ENRICH-1(Entry)'!$1:$1048576,9,0) -> 0 | AJ15: =VLOOKUP($A15,'HALF YEARLY'!$1:$1048576,9,0) -> 0 | AK15: =SUM(AG15:AJ15) -> 0 | AL15: =VLOOKUP($A15,'HALF YEARLY'!$1:$1048576,10,0) -> 0 | AM15: =VLOOKUP($A15,'HALF YEARLY'!$1:$1048576,11,0) -> E | AN15: =VLOOKUP($A15,'HALF YEARLY'!$1:$1048576,12,0) -> E | AO15: =VLOOKUP($A15,'HALF YEARLY'!$1:$1048576,13,0) -> 0 | AP15: =VLOOKUP($A15,'HALF YEARLY'!$1:$1048576,14,0) -> 0 | AQ15: =VLOOKUP($A15,'HALF YEARLY'!$1:$1048576,15,0) -> 0 | AR15: =VLOOKUP($A15,'HALF YEARLY'!$1:$1048576,16,0) -> 0 | AS15: =VLOOKUP($A15,'HALF YEARLY'!$1:$1048576,17,0) -> 0
... A41: =DETAILS!A40 -> 990 | B41: =DETAILS!B40 -> TRISHA YADAV | C41: =IFERROR(ROUND(VLOOKUP($A41,'UT-I '!$1:$1048576,3,0)/2,0),VLOOKUP($A41,'UT-I '!$1:$1048576,3,0)) -> 0 | D41: =VLOOKUP($A41,'NOTEBOOK-1 (Entry)'!$1:$1048576,3,0) -> 0 | E41: =VLOOKUP($A41,'ENRICH-1(Entry)'!$1:$1048576,3,0) -> 0 | F41: =VLOOKUP(A41,'HALF YEARLY'!$1:$1048576,3,0) -> 0 | G41: =SUM(C41:F41) -> 0 | H41: =IFERROR(ROUND(VLOOKUP($A41,'UT-I '!$1:$1048576,4,0)/2,0),VLOOKUP($A41,'UT-I '!$1:$1048576,4,0)) -> 0 | I41: =VLOOKUP($A41,'NOTEBOOK-1 (Entry)'!$1:$1048576,4,0) -> 0 | J41: =VLOOKUP($A41,'ENRICH-1(Entry)'!$1:$1048576,4,0) -> 0 | K41: =VLOOKUP($A41,'HALF YEARLY'!$1:$1048576,4,0) -> 0 | L41: =SUM(H41:K41) -> 0 | M41: =IFERROR(ROUND(VLOOKUP($A41,'UT-I '!$1:$1048576,5,0)/2,0),VLOOKUP($A41,'UT-I '!$1:$1048576,5,0)) -> 0 | N41: =VLOOKUP($A41,'NOTEBOOK-1 (Entry)'!$1:$1048576,5,0) -> 0 | O41: =VLOOKUP($A41,'ENRICH-1(Entry)'!$1:$1048576,5,0) -> 0 | P41: =VLOOKUP($A41,'HALF YEARLY'!$1:$1048576,5,0) -> 0 | Q41: =SUM(M41:P41) -> 0 | R41: =IFERROR(ROUND(VLOOKUP($A41,'UT-I '!$1:$1048576,6,0)/2,0),VLOOKUP($A41,'UT-I '!$1:$1048576,6,0)) -> 0 | S41: =VLOOKUP($A41,'NOTEBOOK-1 (Entry)'!$1:$1048576,6,0) -> 0 | T41: =VLOOKUP($A41,'ENRICH-1(Entry)'!$1:$1048576,6,0) -> 0 | U41: =VLOOKUP($A41,'HALF YEARLY'!$1:$1048576,6,0) -> 0 | V41: =SUM(R41:U41) -> 0 | W41: =IFERROR(ROUND(VLOOKUP($A41,'UT-I '!$1:$1048576,7,0)/2,0),VLOOKUP($A41,'UT-I '!$1:$1048576,7,0)) -> 0 | X41: =VLOOKUP($A41,'NOTEBOOK-1 (Entry)'!$1:$1048576,7,0) -> 0 | Y41: =VLOOKUP($A41,'ENRICH-1(Entry)'!$1:$1048576,7,0) -> 0 | Z41: =VLOOKUP($A41,'HALF YEARLY'!$1:$1048576,7,0) -> 0 | AA41: =SUM(W41:Z41) -> 0 | AB41: =IFERROR(ROUND(VLOOKUP($A41,'UT-I '!$1:$1048576,8,0)/2,0),VLOOKUP($A41,'UT-I '!$1:$1048576,8,0)) -> 0 | AC41: =VLOOKUP($A41,'NOTEBOOK-1 (Entry)'!$1:$1048576,8,0) -> 0 | AD41: =VLOOKUP($A41,'ENRICH-1(Entry)'!$1:$1048576,8,0) -> 0 | AE41: =VLOOKUP($A41,'HALF YEARLY'!$1:$1048576,8,0) -> 0 | AF41: =SUM(AB41:AE41) -> 0 | AG41: =IFERROR(ROUND(VLOOKUP($A41,'UT-I '!$1:$1048576,9,0)/2,0),VLOOKUP($A41,'UT-I '!$1:$1048576,9,0)) -> 0 | AH41: =VLOOKUP($A41,'NOTEBOOK-1 (Entry)'!$1:$1048576,9,0) -> 0 | AI41: =VLOOKUP($A41,'ENRICH-1(Entry)'!$1:$1048576,9,0) -> 0 | AJ41: =VLOOKUP($A41,'HALF YEARLY'!$1:$1048576,9,0) -> 0 | AK41: =SUM(AG41:AJ41) -> 0 | AL41: =VLOOKUP($A41,'HALF YEARLY'!$1:$1048576,10,0) -> 0 | AM41: =VLOOKUP($A41,'HALF YEARLY'!$1:$1048576,11,0) -> E | AN41: =VLOOKUP($A41,'HALF YEARLY'!$1:$1048576,12,0) -> E | AO41: =VLOOKUP($A41,'HALF YEARLY'!$1:$1048576,13,0) -> 0 | AP41: =VLOOKUP($A41,'HALF YEARLY'!$1:$1048576,14,0) -> 0 | AQ41: =VLOOKUP($A41,'HALF YEARLY'!$1:$1048576,15,0) -> 0 | AR41: =VLOOKUP($A41,'HALF YEARLY'!$1:$1048576,16,0) -> 0 | AS41: =VLOOKUP($A41,'HALF YEARLY'!$1:$1048576,17,0) -> 0

Sheet HY Report
B2: SAINIK PUBLIC SCHOOL
B3: (Affiliated to C.B.S.E. New Delhi- Reg. No. : 2131299)
B4: Building No. VB1893, Vikas Bhawan Ward,
B5: Nagar Palika Parishad, Nawabganj, Barabanki
B6: HALF YEARLY REPORT CARD
B7: SESSION 2025-26
B8: STUDENT PROFILE
B9: Student's Name | C9: =": "&VLOOKUP($K$9,DETAILS!$1:$1048576,2,0) -> #N/A | I9: Admission No. : | K9: 1
B10: Mother's Name | C10: =": "&VLOOKUP($K$9,DETAILS!$1:$1048576,3,0) -> #N/A | I10: Class & Sec. : | K10: =VLOOKUP($K$9,DETAILS!$1:$1048576,6,0) -> #N/A
B11: Father's Name | C11: =": "&VLOOKUP($K$9,DETAILS!$1:$1048576,4,0) -> #N/A | I11: Date of Birth : | K11: =VLOOKUP($K$9,DETAILS!$1:$1048576,5,0) -> #N/A
B13: PART-1 : ACADEMIC PERFORMANCE-SCHOLASTIC AREAS
B14: SUBJECT | C14: UNIT TEST - I (10) | E14: NOTEBOOK - I (5) | G14: SUBJECT ENRICHMENT - I (5) | I14: HALF YEARLY (80) | L14: TOTAL (100)
B15: ENGLISH | C15: =VLOOKUP($K$9,'HY Compile'!$1:$1048576,3,0) -> #N/A | E15: =VLOOKUP($K$9,'HY Compile'!$1:$1048576,4,0) -> #N/A | G15: =VLOOKUP($K$9,'HY Compile'!$1:$1048576,5,0) -> #N/A | I15: =VLOOKUP($K$9,'HY Compile'!$1:$1048576,6,0) -> #N/A | L15: =SUM(C15:K15) -> #N/A
B16: HINDI | C16: =VLOOKUP($K$9,'HY Compile'!$1:$1048576,8,0) -> #N/A | E16: =VLOOKUP($K$9,'HY Compile'!$1:$1048576,9,0) -> #N/A | G16: =VLOOKUP($K$9,'HY Compile'!$1:$1048576,10,0) -> #N/A | I16: =VLOOKUP($K$9,'HY Compile'!$1:$1048576,11,0) -> #N/A | L16: =SUM(C16:K16) -> #N/A
B17: MATHEMATICS | C17: =VLOOKUP($K$9,'HY Compile'!$1:$1048576,13,0) -> #N/A | E17: =VLOOKUP($K$9,'HY Compile'!$1:$1048576,14,0) -> #N/A | G17: =VLOOKUP($K$9,'HY Compile'!$1:$1048576,15,0) -> #N/A | I17: =VLOOKUP($K$9,'HY Compile'!$1:$1048576,16,0) -> #N/A | L17: =SUM(C17:K17) -> #N/A
B18: SCIENCE | C18: =VLOOKUP($K$9,'HY Compile'!$1:$1048576,18,0) -> #N/A | E18: =VLOOKUP($K$9,'HY Compile'!$1:$1048576,19,0) -> #N/A | G18: =VLOOKUP($K$9,'HY Compile'!$1:$1048576,20,0) -> #N/A | I18: =VLOOKUP($K$9,'HY Compile'!$1:$1048576,21,0) -> #N/A | L18: =SUM(C18:K18) -> #N/A
B19: SOCIAL STUDIES | C19: =VLOOKUP($K$9,'HY Compile'!$1:$1048576,23,0) -> #N/A | E19: =VLOOKUP($K$9,'HY Compile'!$1:$1048576,24,0) -> #N/A | G19: =VLOOKUP($K$9,'HY Compile'!$1:$1048576,25,0) -> #N/A | I19: =VLOOKUP($K$9,'HY Compile'!$1:$1048576,26,0) -> #N/A | L19: =SUM(C19:K19) -> #N/A
B20: SANSKRIT | C20: =VLOOKUP($K$9,'HY Compile'!$1:$1048576,28,0) -> #N/A | E20: =VLOOKUP($K$9,'HY Compile'!$1:$1048576,29,0) -> #N/A | G20: =VLOOKUP($K$9,'HY Compile'!$1:$1048576,30,0) -> #N/A | I20: =VLOOKUP($K$9,'HY Compile'!$1:$1048576,31,0) -> #N/A | L20: =SUM(C20:K20) -> #N/A
B21: COMPUTER | C21: =VLOOKUP($K$9,'HY Compile'!$1:$1048576,33,0) -> #N/A | E21: =VLOOKUP($K$9,'HY Compile'!$1:$1048576,34,0) -> #N/A | G21: =VLOOKUP($K$9,'HY Compile'!$1:$1048576,35,0) -> #N/A | I21: =VLOOKUP($K$9,'HY Compile'!$1:$1048576,36,0) -> #N/A | L21: =SUM(C21:K21) -> #N/A
B23: Attendance | C23: =VLOOKUP($K$9,'HY Compile'!$1:$1048576,43,0) -> #N/A | D23: =VLOOKUP($K$9,'HY Compile'!$1:$1048576,44,0) -> #N/A | J23: Percentage : | L23: =ROUND(SUM(L15:M21)/7,2)&" %" -> #N/A
C24: =VLOOKUP($K$9,'HY Compile'!$1:$1048576,38,0) -> #N/A | D24: =VLOOKUP($K$9,'HY Compile'!$1:$1048576,38,0) -> #N/A | J24: Grand Total : | L24: =SUM(L15:M21)& "/700" -> #N/A
B27: PART-2:CO-SCHOLASTIC AREAS | K27: GRADE
B28: Work Education | K28: =VLOOKUP($K$9,'HY Compile'!$1:$1048576,38,0) -> #N/A
B29: Art Education | K29: =VLOOKUP($K$9,'HY Compile'!$1:$1048576,39,0) -> #N/A
B30: General Knowledge | K30: =VLOOKUP($K$9,'HY Compile'!$1:$1048576,40,0) -> #N/A
B31: Health & Physical Education | K31: =VLOOKUP($K$9,'HY Compile'!$1:$1048576,41,0) -> #N/A
B32: Discipline | K32: =VLOOKUP($K$9,'HY Compile'!$1:$1048576,42,0) -> #N/A
B34: Mark Range | D34: 100-81 | F34: 80-61 | H34: 60-41 | J34: 40-33 | L34: 32-0
B35: Grade | D35: A | F35: B | H35: C | J35: D | L35: E
B38: ="Class Teacher's Remark: "&VLOOKUP($K$9,'HY Compile'!$1:$1048576,45,0) -> #N/A
B40: Issue Date: 10.10.2025
B43: Class Teacher's Signature | J43: Principal's Signature

Sheet UT-2(Entry)
A1: UNIT TEST-II (2025-26) CLASS - III
A2: SR. NO. | B2: NAME | C2: ENGLISH | D2: HINDI | E2: MATHS | F2: SCIENCE | G2: SOCIAL STUDIES | H2: SANSKRIT | I2: COMPUTER | J2: G.K. | K2: ART | L2: Attendance
L3: Present | M3: Working Day
A4: =DETAILS!A3 -> 1633 | B4: =DETAILS!B3 -> AADVIK SRIVASTAVA
A5: =DETAILS!A4 -> 1119 | B5: =DETAILS!B4 -> AARYASH SONI
A6: =DETAILS!A5 -> 1407 | B6: =DETAILS!B5 -> AKSHAY DUBEY
A7: =DETAILS!A6 -> 1077 | B7: =DETAILS!B6 -> ALISHA
A8: =DETAILS!A7 -> 1210 | B8: =DETAILS!B7 -> ANJALI JHA
A9: =DETAILS!A8 -> 1286 | B9: =DETAILS!B8 -> AROHI JAISWAL
A10: =DETAILS!A9 -> 1862 | B10: =DETAILS!B9 -> ASHUTOSH MISHRA
A11: =DETAILS!A10 -> 1684 | B11: =DETAILS!B10 -> AYUSH GUPTA
A12: =DETAILS!A11 -> 1662 | B12: =DETAILS!B11 -> AYUSH KUMAR YOGI
A13: =DETAILS!A12 -> 1602 | B13: =DETAILS!B12 -> AYUSHI MISHRA
A14: =DETAILS!A13 -> 1842 | B14: =DETAILS!B13 -> DEEPANSH YADAV
A15: =DETAILS!A14 -> 1127 | B15: =DETAILS!B14 -> DIKSHA MISHRA
... A42: =DETAILS!A41 -> 1860 | B42: =DETAILS!B41 -> VIKAS VERMA

Sheet UT-2
A1: UNIT TEST-II (2025-26) CLASS - III
A2: SR. NO. | B2: NAME | C2: ENGLISH | D2: HINDI | E2: MATHS | F2: SCIENCE | G2: SOCIAL STUDIES | H2: SANSKRIT | I2: COMPUTER | J2: G.K. | K2: ART | L2: TOTAL | M2: PERCENTAGE | N2: Attendance
N3: Present | O3: Working Day
A4: =DETAILS!A3 -> 1633 | B4: =DETAILS!B3 -> AADVIK SRIVASTAVA | C4: =IFERROR(ROUND((VLOOKUP(A4,'UT-2(Entry)'!$1:$1048576,3,0))/2,0),VLOOKUP(A4,'UT-2(Entry)'!$1:$1048576,3,0)) -> 0 | D4: =IFERROR(ROUND((VLOOKUP(A4,'UT-2(Entry)'!$1:$1048576,4,0))/2,0),VLOOKUP(A4,'UT-2(Entry)'!$1:$1048576,4,0)) -> 0 | E4: =IFERROR(ROUND((VLOOKUP(A4,'UT-2(Entry)'!$1:$1048576,5,0))/2,0),VLOOKUP(A4,'UT-2(Entry)'!$1:$1048576,5,0)) -> 0 | F4: =IFERROR(ROUND((VLOOKUP($A4,'UT-2(Entry)'!$1:$1048576,6,0))/2,0),VLOOKUP($A4,'UT-2(Entry)'!$1:$1048576,6,0)) -> 0 | G4: =IFERROR(ROUND((VLOOKUP($A4,'UT-2(Entry)'!$1:$1048576,7,0))/2,0),VLOOKUP($A4,'UT-2(Entry)'!$1:$1048576,7,0)) -> 0 | H4: =IFERROR(ROUND((VLOOKUP($A4,'UT-2(Entry)'!$1:$1048576,8,0))/2,0),VLOOKUP($A4,'UT-2(Entry)'!$1:$1048576,8,0)) -> 0 | I4: =IFERROR(ROUND((VLOOKUP(A4,'UT-2(Entry)'!$1:$1048576,9,0))/2,0),VLOOKUP(A4,'UT-2(Entry)'!$1:$1048576,9,0)) -> 0 | J4: =IFERROR(VLOOKUP(VLOOKUP(A4,'UT-2(Entry)'!$1:$1048576,10,0),'Grade(40)'!$1:$1048576,2,0),VLOOKUP(A4,'UT-2(Entry)'!$1:$1048576,10,0)) -> E | K4: =IFERROR(VLOOKUP(VLOOKUP(A4,'UT-2(Entry)'!$1:$1048576,11,0),'Grade(40)'!$1:$1048576,2,0),VLOOKUP(A4,'UT-2(Entry)'!$1:$1048576,11,0)) -> E | L4: =SUM(C4:I4) -> 0 | M4: =ROUND(L4/1.4,2)&" %" -> 0 % | N4: =VLOOKUP(A4,'UT-2(Entry)'!$1:$1048576,12,0) -> 0 | O4: =VLOOKUP(A4,'UT-2(Entry)'!$1:$1048576,13,0) -> 0
A5: =DETAILS!A4 -> 1119 | B5: =DETAILS!B4 -> AARYASH SONI | C5: =IFERROR(ROUND((VLOOKUP(A5,'UT-2(Entry)'!$1:$1048576,3,0))/2,0),VLOOKUP(A5,'UT-2(Entry)'!$1:$1048576,3,0)) -> 0 | D5: =IFERROR(ROUND((VLOOKUP(A5,'UT-2(Entry)'!$1:$1048576,4,0))/2,0),VLOOKUP(A5,'UT-2(Entry)'!$1:$1048576,4,0)) -> 0 | E5: =IFERROR(ROUND((VLOOKUP(A5,'UT-2(Entry)'!$1:$1048576,5,0))/2,0),VLOOKUP(A5,'UT-2(Entry)'!$1:$1048576,5,0)) -> 0 | F5: =IFERROR(ROUND((VLOOKUP(A5,'UT-2(Entry)'!$1:$1048576,6,0))/2,0),VLOOKUP(A5,'UT-2(Entry)'!$1:$1048576,6,0)) -> 0 | G5: =IFERROR(ROUND((VLOOKUP($A5,'UT-2(Entry)'!$1:$1048576,7,0))/2,0),VLOOKUP($A5,'UT-2(Entry)'!$1:$1048576,7,0)) -> 0 | H5: =IFERROR(ROUND((VLOOKUP($A5,'UT-2(Entry)'!$1:$1048576,8,0))/2,0),VLOOKUP($A5,'UT-2(Entry)'!$1:$1048576,8,0)) -> 0 | I5: =IFERROR(ROUND((VLOOKUP(A5,'UT-2(Entry)'!$1:$1048576,9,0))/2,0),VLOOKUP(A5,'UT-2(Entry)'!$1:$1048576,9,0)) -> 0 | J5: =IFERROR(VLOOKUP(VLOOKUP(A5,'UT-2(Entry)'!$1:$1048576,10,0),'Grade(40)'!$1:$1048576,2,0),VLOOKUP(A5,'UT-2(Entry)'!$1:$1048576,10,0)) -> E | K5: =IFERROR(VLOOKUP(VLOOKUP(A5,'UT-2(Entry)'!$1:$1048576,11,0),'Grade(40)'!$1:$1048576,2,0),VLOOKUP(A5,'UT-2(Entry)'!$1:$1048576,11,0)) -> E | L5: =SUM(C5:I5) -> 0 | M5: =ROUND(L5/1.4,2)&" %" -> 0 % | N5: =VLOOKUP(A5,'UT-2(Entry)'!$1:$1048576,12,0) -> 0 | O5: =VLOOKUP(A5,'UT-2(Entry)'!$1:$1048576,13,0) -> 0
A6: =DETAILS!A5 -> 1407 | B6: =DETAILS!B5 -> AKSHAY DUBEY | C6: =IFERROR(ROUND((VLOOKUP(A6,'UT-2(Entry)'!$1:$1048576,3,0))/2,0),VLOOKUP(A6,'UT-2(Entry)'!$1:$1048576,3,0)) -> 0 | D6: =IFERROR(ROUND((VLOOKUP(A6,'UT-2(Entry)'!$1:$1048576,4,0))/2,0),VLOOKUP(A6,'UT-2(Entry)'!$1:$1048576,4,0)) -> 0 | E6: =IFERROR(ROUND((VLOOKUP(A6,'UT-2(Entry)'!$1:$1048576,5,0))/2,0),VLOOKUP(A6,'UT-2(Entry)'!$1:$1048576,5,0)) -> 0 | F6: =IFERROR(ROUND((VLOOKUP(A6,'UT-2(Entry)'!$1:$1048576,6,0))/2,0),VLOOKUP(A6,'UT-2(Entry)'!$1:$1048576,6,0)) -> 0 | G6: =IFERROR(ROUND((VLOOKUP($A6,'UT-2(Entry)'!$1:$1048576,7,0))/2,0),VLOOKUP($A6,'UT-2(Entry)'!$1:$1048576,7,0)) -> 0 | H6: =IFERROR(ROUND((VLOOKUP($A6,'UT-2(Entry)'!$1:$1048576,8,0))/2,0),VLOOKUP($A6,'UT-2(Entry)'!$1:$1048576,8,0)) -> 0 | I6: =IFERROR(ROUND((VLOOKUP(A6,'UT-2(Entry)'!$1:$1048576,9,0))/2,0),VLOOKUP(A6,'UT-2(Entry)'!$1:$1048576,9,0)) -> 0 | J6: =IFERROR(VLOOKUP(VLOOKUP(A6,'UT-2(Entry)'!$1:$1048576,10,0),'Grade(40)'!$1:$1048576,2,0),VLOOKUP(A6,'UT-2(Entry)'!$1:$1048576,10,0)) -> E | K6: =IFERROR(VLOOKUP(VLOOKUP(A6,'UT-2(Entry)'!$1:$1048576,11,0),'Grade(40)'!$1:$1048576,2,0),VLOOKUP(A6,'UT-2(Entry)'!$1:$1048576,11,0)) -> E | L6: =SUM(C6:I6) -> 0 | M6: =ROUND(L6/1.4,2)&" %" -> 0 % | N6: =VLOOKUP(A6,'UT-2(Entry)'!$1:$1048576,12,0) -> 0 | O6: =VLOOKUP(A6,'UT-2(Entry)'!$1:$1048576,13,0) -> 0
A7: =DETAILS!A6 -> 1077 | B7: =DETAILS!B6 -> ALISHA | C7: =IFERROR(ROUND((VLOOKUP(A7,'UT-2(Entry)'!$1:$1048576,3,0))/2,0),VLOOKUP(A7,'UT-2(Entry)'!$1:$1048576,3,0)) -> 0 | D7: =IFERROR(ROUND((VLOOKUP(A7,'UT-2(Entry)'!$1:$1048576,4,0))/2,0),VLOOKUP(A7,'UT-2(Entry)'!$1:$1048576,4,0)) -> 0 | E7: =IFERROR(ROUND((VLOOKUP(A7,'UT-2(Entry)'!$1:$1048576,5,0))/2,0),VLOOKUP(A7,'UT-2(Entry)'!$1:$1048576,5,0)) -> 0 | F7: =IFERROR(ROUND((VLOOKUP(A7,'UT-2(Entry)'!$1:$1048576,6,0))/2,0),VLOOKUP(A7,'UT-2(Entry)'!$1:$1048576,6,0)) -> 0 | G7: =IFERROR(ROUND((VLOOKUP($A7,'UT-2(Entry)'!$1:$1048576,7,0))/2,0),VLOOKUP($A7,'UT-2(Entry)'!$1:$1048576,7,0)) -> 0 | H7: =IFERROR(ROUND((VLOOKUP($A7,'UT-2(Entry)'!$1:$1048576,8,0))/2,0),VLOOKUP($A7,'UT-2(Entry)'!$1:$1048576,8,0)) -> 0 | I7: =IFERROR(ROUND((VLOOKUP(A7,'UT-2(Entry)'!$1:$1048576,9,0))/2,0),VLOOKUP(A7,'UT-2(Entry)'!$1:$1048576,9,0)) -> 0 | J7: =IFERROR(VLOOKUP(VLOOKUP(A7,'UT-2(Entry)'!$1:$1048576,10,0),'Grade(40)'!$1:$1048576,2,0),VLOOKUP(A7,'UT-2(Entry)'!$1:$1048576,10,0)) -> E | K7: =IFERROR(VLOOKUP(VLOOKUP(A7,'UT-2(Entry)'!$1:$1048576,11,0),'Grade(40)'!$1:$1048576,2,0),VLOOKUP(A7,'UT-2(Entry)'!$1:$1048576,11,0)) -> E | L7: =SUM(C7:I7) -> 0 | M7: =ROUND(L7/1.4,2)&" %" -> 0 % | N7: =VLOOKUP(A7,'UT-2(Entry)'!$1:$1048576,12,0) -> 0 | O7: =VLOOKUP(A7,'UT-2(Entry)'!$1:$1048576,13,0) -> 0
A8: =DETAILS!A7 -> 1210 | B8: =DETAILS!B7 -> ANJALI JHA | C8: =IFERROR(ROUND((VLOOKUP(A8,'UT-2(Entry)'!$1:$1048576,3,0))/2,0),VLOOKUP(A8,'UT-2(Entry)'!$1:$1048576,3,0)) -> 0 | D8: =IFERROR(ROUND((VLOOKUP(A8,'UT-2(Entry)'!$1:$1048576,4,0))/2,0),VLOOKUP(A8,'UT-2(Entry)'!$1:$1048576,4,0)) -> 0 | E8: =IFERROR(ROUND((VLOOKUP(A8,'UT-2(Entry)'!$1:$1048576,5,0))/2,0),VLOOKUP(A8,'UT-2(Entry)'!$1:$1048576,5,0)) -> 0 | F8: =IFERROR(ROUND((VLOOKUP(A8,'UT-2(Entry)'!$1:$1048576,6,0))/2,0),VLOOKUP(A8,'UT-2(Entry)'!$1:$1048576,6,0)) -> 0 | G8: =IFERROR(ROUND((VLOOKUP($A8,'UT-2(Entry)'!$1:$1048576,7,0))/2,0),VLOOKUP($A8,'UT-2(Entry)'!$1:$1048576,7,0)) -> 0 | H8: =IFERROR(ROUND((VLOOKUP($A8,'UT-2(Entry)'!$1:$1048576,8,0))/2,0),VLOOKUP($A8,'UT-2(Entry)'!$1:$1048576,8,0)) -> 0 | I8: =IFERROR(ROUND((VLOOKUP(A8,'UT-2(Entry)'!$1:$1048576,9,0))/2,0),VLOOKUP(A8,'UT-2(Entry)'!$1:$1048576,9,0)) -> 0 | J8: =IFERROR(VLOOKUP(VLOOKUP(A8,'UT-2(Entry)'!$1:$1048576,10,0),'Grade(40)'!$1:$1048576,2,0),VLOOKUP(A8,'UT-2(Entry)'!$1:$1048576,10,0)) -> E | K8: =IFERROR(VLOOKUP(VLOOKUP(A8,'UT-2(Entry)'!$1:$1048576,11,0),'Grade(40)'!$1:$1048576,2,0),VLOOKUP(A8,'UT-2(Entry)'!$1:$1048576,11,0)) -> E | L8: =SUM(C8:I8) -> 0 | M8: =ROUND(L8/1.4,2)&" %" -> 0 % | N8: =VLOOKUP(A8,'UT-2(Entry)'!$1:$1048576,12,0) -> 0 | O8: =VLOOKUP(A8,'UT-2(Entry)'!$1:$1048576,13,0) -> 0
A9: =DETAILS!A8 -> 1286 | B9: =DETAILS!B8 -> AROHI JAISWAL | C9: =IFERROR(ROUND((VLOOKUP(A9,'UT-2(Entry)'!$1:$1048576,3,0))/2,0),VLOOKUP(A9,'UT-2(Entry)'!$1:$1048576,3,0)) -> 0 | D9: =IFERROR(ROUND((VLOOKUP(A9,'UT-2(Entry)'!$1:$1048576,4,0))/2,0),VLOOKUP(A9,'UT-2(Entry)'!$1:$1048576,4,0)) -> 0 | E9: =IFERROR(ROUND((VLOOKUP(A9,'UT-2(Entry)'!$1:$1048576,5,0))/2,0),VLOOKUP(A9,'UT-2(Entry)'!$1:$1048576,5,0)) -> 0 | F9: =IFERROR(ROUND((VLOOKUP(A9,'UT-2(Entry)'!$1:$1048576,6,0))/2,0),VLOOKUP(A9,'UT-2(Entry)'!$1:$1048576,6,0)) -> 0 | G9: =IFERROR(ROUND((VLOOKUP($A9,'UT-2(Entry)'!$1:$1048576,7,0))/2,0),VLOOKUP($A9,'UT-2(Entry)'!$1:$1048576,7,0)) -> 0 | H9: =IFERROR(ROUND((VLOOKUP($A9,'UT-2(Entry)'!$1:$1048576,8,0))/2,0),VLOOKUP($A9,'UT-2(Entry)'!$1:$1048576,8,0)) -> 0 | I9: =IFERROR(ROUND((VLOOKUP(A9,'UT-2(Entry)'!$1:$1048576,9,0))/2,0),VLOOKUP(A9,'UT-2(Entry)'!$1:$1048576,9,0)) -> 0 | J9: =IFERROR(VLOOKUP(VLOOKUP(A9,'UT-2(Entry)'!$1:$1048576,10,0),'Grade(40)'!$1:$1048576,2,0),VLOOKUP(A9,'UT-2(Entry)'!$1:$1048576,10,0)) -> E | K9: =IFERROR(VLOOKUP(VLOOKUP(A9,'UT-2(Entry)'!$1:$1048576,11,0),'Grade(40)'!$1:$1048576,2,0),VLOOKUP(A9,'UT-2(Entry)'!$1:$1048576,11,0)) -> E | L9: =SUM(C9:I9) -> 0 | M9: =ROUND(L9/1.4,2)&" %" -> 0 % | N9: =VLOOKUP(A9,'UT-2(Entry)'!$1:$1048576,12,0) -> 0 | O9: =VLOOKUP(A9,'UT-2(Entry)'!$1:$1048576,13,0) -> 0
A10: =DETAILS!A9 -> 1862 | B10: =DETAILS!B9 -> ASHUTOSH MISHRA | C10: =IFERROR(ROUND((VLOOKUP(A10,'UT-2(Entry)'!$1:$1048576,3,0))/2,0),VLOOKUP(A10,'UT-2(Entry)'!$1:$1048576,3,0)) -> 0 | D10: =IFERROR(ROUND((VLOOKUP(A10,'UT-2(Entry)'!$1:$1048576,4,0))/2,0),VLOOKUP(A10,'UT-2(Entry)'!$1:$1048576,4,0)) -> 0 | E10: =IFERROR(ROUND((VLOOKUP(A10,'UT-2(Entry)'!$1:$1048576,5,0))/2,0),VLOOKUP(A10,'UT-2(Entry)'!$1:$1048576,5,0)) -> 0 | F10: =IFERROR(ROUND((VLOOKUP(A10,'UT-2(Entry)'!$1:$1048576,6,0))/2,0),VLOOKUP(A10,'UT-2(Entry)'!$1:$1048576,6,0)) -> 0 | G10: =IFERROR(ROUND((VLOOKUP($A10,'UT-2(Entry)'!$1:$1048576,7,0))/2,0),VLOOKUP($A10,'UT-2(Entry)'!$1:$1048576,7,0)) -> 0 | H10: =IFERROR(ROUND((VLOOKUP($A10,'UT-2(Entry)'!$1:$1048576,8,0))/2,0),VLOOKUP($A10,'UT-2(Entry)'!$1:$1048576,8,0)) -> 0 | I10: =IFERROR(ROUND((VLOOKUP(A10,'UT-2(Entry)'!$1:$1048576,9,0))/2,0),VLOOKUP(A10,'UT-2(Entry)'!$1:$1048576,9,0)) -> 0 | J10: =IFERROR(VLOOKUP(VLOOKUP(A10,'UT-2(Entry)'!$1:$1048576,10,0),'Grade(40)'!$1:$1048576,2,0),VLOOKUP(A10,'UT-2(Entry)'!$1:$1048576,10,0)) -> E | K10: =IFERROR(VLOOKUP(VLOOKUP(A10,'UT-2(Entry)'!$1:$1048576,11,0),'Grade(40)'!$1:$1048576,2,0),VLOOKUP(A10,'UT-2(Entry)'!$1:$1048576,11,0)) -> E | L10: =SUM(C10:I10) -> 0 | M10: =ROUND(L10/1.4,2)&" %" -> 0 % | N10: =VLOOKUP(A10,'UT-2(Entry)'!$1:$1048576,12,0) -> 0 | O10: =VLOOKUP(A10,'UT-2(Entry)'!$1:$1048576,13,0) -> 0
A11: =DETAILS!A10 -> 1684 | B11: =DETAILS!B10 -> AYUSH GUPTA | C11: =IFERROR(ROUND((VLOOKUP(A11,'UT-2(Entry)'!$1:$1048576,3,0))/2,0),VLOOKUP(A11,'UT-2(Entry)'!$1:$1048576,3,0)) -> 0 | D11: =IFERROR(ROUND((VLOOKUP(A11,'UT-2(Entry)'!$1:$1048576,4,0))/2,0),VLOOKUP(A11,'UT-2(Entry)'!$1:$1048576,4,0)) -> 0 | E11: =IFERROR(ROUND((VLOOKUP(A11,'UT-2(Entry)'!$1:$1048576,5,0))/2,0),VLOOKUP(A11,'UT-2(Entry)'!$1:$1048576,5,0)) -> 0 | F11: =IFERROR(ROUND((VLOOKUP(A11,'UT-2(Entry)'!$1:$1048576,6,0))/2,0),VLOOKUP(A11,'UT-2(Entry)'!$1:$1048576,6,0)) -> 0 | G11: =IFERROR(ROUND((VLOOKUP($A11,'UT-2(Entry)'!$1:$1048576,7,0))/2,0),VLOOKUP($A11,'UT-2(Entry)'!$1:$1048576,7,0)) -> 0 | H11: =IFERROR(ROUND((VLOOKUP($A11,'UT-2(Entry)'!$1:$1048576,8,0))/2,0),VLOOKUP($A11,'UT-2(Entry)'!$1:$1048576,8,0)) -> 0 | I11: =IFERROR(ROUND((VLOOKUP(A11,'UT-2(Entry)'!$1:$1048576,9,0))/2,0),VLOOKUP(A11,'UT-2(Entry)'!$1:$1048576,9,0)) -> 0 | J11: =IFERROR(VLOOKUP(VLOOKUP(A11,'UT-2(Entry)'!$1:$1048576,10,0),'Grade(40)'!$1:$1048576,2,0),VLOOKUP(A11,'UT-2(Entry)'!$1:$1048576,10,0)) -> E | K11: =IFERROR(VLOOKUP(VLOOKUP(A11,'UT-2(Entry)'!$1:$1048576,11,0),'Grade(40)'!$1:$1048576,2,0),VLOOKUP(A11,'UT-2(Entry)'!$1:$1048576,11,0)) -> E | L11: =SUM(C11:I11) -> 0 | M11: =ROUND(L11/1.4,2)&" %" -> 0 % | N11: =VLOOKUP(A11,'UT-2(Entry)'!$1:$1048576,12,0) -> 0 | O11: =VLOOKUP(A11,'UT-2(Entry)'!$1:$1048576,13,0) -> 0
A12: =DETAILS!A11 -> 1662 | B12: =DETAILS!B11 -> AYUSH KUMAR YOGI | C12: =IFERROR(ROUND((VLOOKUP(A12,'UT-2(Entry)'!$1:$1048576,3,0))/2,0),VLOOKUP(A12,'UT-2(Entry)'!$1:$1048576,3,0)) -> 0 | D12: =IFERROR(ROUND((VLOOKUP(A12,'UT-2(Entry)'!$1:$1048576,4,0))/2,0),VLOOKUP(A12,'UT-2(Entry)'!$1:$1048576,4,0)) -> 0 | E12: =IFERROR(ROUND((VLOOKUP(A12,'UT-2(Entry)'!$1:$1048576,5,0))/2,0),VLOOKUP(A12,'UT-2(Entry)'!$1:$1048576,5,0)) -> 0 | F12: =IFERROR(ROUND((VLOOKUP(A12,'UT-2(Entry)'!$1:$1048576,6,0))/2,0),VLOOKUP(A12,'UT-2(Entry)'!$1:$1048576,6,0)) -> 0 | G12: =IFERROR(ROUND((VLOOKUP($A12,'UT-2(Entry)'!$1:$1048576,7,0))/2,0),VLOOKUP($A12,'UT-2(Entry)'!$1:$1048576,7,0)) -> 0 | H12: =IFERROR(ROUND((VLOOKUP($A12,'UT-2(Entry)'!$1:$1048576,8,0))/2,0),VLOOKUP($A12,'UT-2(Entry)'!$1:$1048576,8,0)) -> 0 | I12: =IFERROR(ROUND((VLOOKUP(A12,'UT-2(Entry)'!$1:$1048576,9,0))/2,0),VLOOKUP(A12,'UT-2(Entry)'!$1:$1048576,9,0)) -> 0 | J12: =IFERROR(VLOOKUP(VLOOKUP(A12,'UT-2(Entry)'!$1:$1048576,10,0),'Grade(40)'!$1:$1048576,2,0),VLOOKUP(A12,'UT-2(Entry)'!$1:$1048576,10,0)) -> E | K12: =IFERROR(VLOOKUP(VLOOKUP(A12,'UT-2(Entry)'!$1:$1048576,11,0),'Grade(40)'!$1:$1048576,2,0),VLOOKUP(A12,'UT-2(Entry)'!$1:$1048576,11,0)) -> E | L12: =SUM(C12:I12) -> 0 | M12: =ROUND(L12/1.4,2)&" %" -> 0 % | N12: =VLOOKUP(A12,'UT-2(Entry)'!$1:$1048576,12,0) -> 0 | O12: =VLOOKUP(A12,'UT-2(Entry)'!$1:$1048576,13,0) -> 0
A13: =DETAILS!A12 -> 1602 | B13: =DETAILS!B12 -> AYUSHI MISHRA | C13: =IFERROR(ROUND((VLOOKUP(A13,'UT-2(Entry)'!$1:$1048576,3,0))/2,0),VLOOKUP(A13,'UT-2(Entry)'!$1:$1048576,3,0)) -> 0 | D13: =IFERROR(ROUND((VLOOKUP(A13,'UT-2(Entry)'!$1:$1048576,4,0))/2,0),VLOOKUP(A13,'UT-2(Entry)'!$1:$1048576,4,0)) -> 0 | E13: =IFERROR(ROUND((VLOOKUP(A13,'UT-2(Entry)'!$1:$1048576,5,0))/2,0),VLOOKUP(A13,'UT-2(Entry)'!$1:$1048576,5,0)) -> 0 | F13: =IFERROR(ROUND((VLOOKUP(A13,'UT-2(Entry)'!$1:$1048576,6,0))/2,0),VLOOKUP(A13,'UT-2(Entry)'!$1:$1048576,6,0)) -> 0 | G13: =IFERROR(ROUND((VLOOKUP($A13,'UT-2(Entry)'!$1:$1048576,7,0))/2,0),VLOOKUP($A13,'UT-2(Entry)'!$1:$1048576,7,0)) -> 0 | H13: =IFERROR(ROUND((VLOOKUP($A13,'UT-2(Entry)'!$1:$1048576,8,0))/2,0),VLOOKUP($A13,'UT-2(Entry)'!$1:$1048576,8,0)) -> 0 | I13: =IFERROR(ROUND((VLOOKUP(A13,'UT-2(Entry)'!$1:$1048576,9,0))/2,0),VLOOKUP(A13,'UT-2(Entry)'!$1:$1048576,9,0)) -> 0 | J13: =IFERROR(VLOOKUP(VLOOKUP(A13,'UT-2(Entry)'!$1:$1048576,10,0),'Grade(40)'!$1:$1048576,2,0),VLOOKUP(A13,'UT-2(Entry)'!$1:$1048576,10,0)) -> E | K13: =IFERROR(VLOOKUP(VLOOKUP(A13,'UT-2(Entry)'!$1:$1048576,11,0),'Grade(40)'!$1:$1048576,2,0),VLOOKUP(A13,'UT-2(Entry)'!$1:$1048576,11,0)) -> E | L13: =SUM(C13:I13) -> 0 | M13: =ROUND(L13/1.4,2)&" %" -> 0 % | N13: =VLOOKUP(A13,'UT-2(Entry)'!$1:$1048576,12,0) -> 0 | O13: =VLOOKUP(A13,'UT-2(Entry)'!$1:$1048576,13,0) -> 0
A14: =DETAILS!A13 -> 1842 | B14: =DETAILS!B13 -> DEEPANSH YADAV | C14: =IFERROR(ROUND((VLOOKUP(A14,'UT-2(Entry)'!$1:$1048576,3,0))/2,0),VLOOKUP(A14,'UT-2(Entry)'!$1:$1048576,3,0)) -> 0 | D14: =IFERROR(ROUND((VLOOKUP(A14,'UT-2(Entry)'!$1:$1048576,4,0))/2,0),VLOOKUP(A14,'UT-2(Entry)'!$1:$1048576,4,0)) -> 0 | E14: =IFERROR(ROUND((VLOOKUP(A14,'UT-2(Entry)'!$1:$1048576,5,0))/2,0),VLOOKUP(A14,'UT-2(Entry)'!$1:$1048576,5,0)) -> 0 | F14: =IFERROR(ROUND((VLOOKUP(A14,'UT-2(Entry)'!$1:$1048576,6,0))/2,0),VLOOKUP(A14,'UT-2(Entry)'!$1:$1048576,6,0)) -> 0 | G14: =IFERROR(ROUND((VLOOKUP($A14,'UT-2(Entry)'!$1:$1048576,7,0))/2,0),VLOOKUP($A14,'UT-2(Entry)'!$1:$1048576,7,0)) -> 0 | H14: =IFERROR(ROUND((VLOOKUP($A14,'UT-2(Entry)'!$1:$1048576,8,0))/2,0),VLOOKUP($A14,'UT-2(Entry)'!$1:$1048576,8,0)) -> 0 | I14: =IFERROR(ROUND((VLOOKUP(A14,'UT-2(Entry)'!$1:$1048576,9,0))/2,0),VLOOKUP(A14,'UT-2(Entry)'!$1:$1048576,9,0)) -> 0 | J14: =IFERROR(VLOOKUP(VLOOKUP(A14,'UT-2(Entry)'!$1:$1048576,10,0),'Grade(40)'!$1:$1048576,2,0),VLOOKUP(A14,'UT-2(Entry)'!$1:$1048576,10,0)) -> E | K14: =IFERROR(VLOOKUP(VLOOKUP(A14,'UT-2(Entry)'!$1:$1048576,11,0),'Grade(40)'!$1:$1048576,2,0),VLOOKUP(A14,'UT-2(Entry)'!$1:$1048576,11,0)) -> E | L14: =SUM(C14:I14) -> 0 | M14: =ROUND(L14/1.4,2)&" %" -> 0 % | N14: =VLOOKUP(A14,'UT-2(Entry)'!$1:$1048576,12,0) -> 0 | O14: =VLOOKUP(A14,'UT-2(Entry)'!$1:$1048576,13,0) -> 0
A15: =DETAILS!A14 -> 1127 | B15: =DETAILS!B14 -> DIKSHA MISHRA | C15: =IFERROR(ROUND((VLOOKUP(A15,'UT-2(Entry)'!$1:$1048576,3,0))/2,0),VLOOKUP(A15,'UT-2(Entry)'!$1:$1048576,3,0)) -> 0 | D15: =IFERROR(ROUND((VLOOKUP(A15,'UT-2(Entry)'!$1:$1048576,4,0))/2,0),VLOOKUP(A15,'UT-2(Entry)'!$1:$1048576,4,0)) -> 0 | E15: =IFERROR(ROUND((VLOOKUP(A15,'UT-2(Entry)'!$1:$1048576,5,0))/2,0),VLOOKUP(A15,'UT-2(Entry)'!$1:$1048576,5,0)) -> 0 | F15: =IFERROR(ROUND((VLOOKUP(A15,'UT-2(Entry)'!$1:$1048576,6,0))/2,0),VLOOKUP(A15,'UT-2(Entry)'!$1:$1048576,6,0)) -> 0 | G15: =IFERROR(ROUND((VLOOKUP($A15,'UT-2(Entry)'!$1:$1048576,7,0))/2,0),VLOOKUP($A15,'UT-2(Entry)'!$1:$1048576,7,0)) -> 0 | H15: =IFERROR(ROUND((VLOOKUP($A15,'UT-2(Entry)'!$1:$1048576,8,0))/2,0),VLOOKUP($A15,'UT-2(Entry)'!$1:$1048576,8,0)) -> 0 | I15: =IFERROR(ROUND((VLOOKUP(A15,'UT-2(Entry)'!$1:$1048576,9,0))/2,0),VLOOKUP(A15,'UT-2(Entry)'!$1:$1048576,9,0)) -> 0 | J15: =IFERROR(VLOOKUP(VLOOKUP(A15,'UT-2(Entry)'!$1:$1048576,10,0),'Grade(40)'!$1:$1048576,2,0),VLOOKUP(A15,'UT-2(Entry)'!$1:$1048576,10,0)) -> E | K15: =IFERROR(VLOOKUP(VLOOKUP(A15,'UT-2(Entry)'!$1:$1048576,11,0),'Grade(40)'!$1:$1048576,2,0),VLOOKUP(A15,'UT-2(Entry)'!$1:$1048576,11,0)) -> E | L15: =SUM(C15:I15) -> 0 | M15: =ROUND(L15/1.4,2)&" %" -> 0 % | N15: =VLOOKUP(A15,'UT-2(Entry)'!$1:$1048576,12,0) -> 0 | O15: =VLOOKUP(A15,'UT-2(Entry)'!$1:$1048576,13,0) -> 0
A16: =DETAILS!A15 -> 1128 | B16: =DETAILS!B15 -> DIVYANSHI KANAUJIA | C16: =IFERROR(ROUND((VLOOKUP(A16,'UT-2(Entry)'!$1:$1048576,3,0))/2,0),VLOOKUP(A16,'UT-2(Entry)'!$1:$1048576,3,0)) -> 0 | D16: =IFERROR(ROUND((VLOOKUP(A16,'UT-2(Entry)'!$1:$1048576,4,0))/2,0),VLOOKUP(A16,'UT-2(Entry)'!$1:$1048576,4,0)) -> 0 | E16: =IFERROR(ROUND((VLOOKUP(A16,'UT-2(Entry)'!$1:$1048576,5,0))/2,0),VLOOKUP(A16,'UT-2(Entry)'!$1:$1048576,5,0)) -> 0 | F16: =IFERROR(ROUND((VLOOKUP(A16,'UT-2(Entry)'!$1:$1048576,6,0))/2,0),VLOOKUP(A16,'UT-2(Entry)'!$1:$1048576,6,0)) -> 0 | G16: =IFERROR(ROUND((VLOOKUP($A16,'UT-2(Entry)'!$1:$1048576,7,0))/2,0),VLOOKUP($A16,'UT-2(Entry)'!$1:$1048576,7,0)) -> 0 | H16: =IFERROR(ROUND((VLOOKUP($A16,'UT-2(Entry)'!$1:$1048576,8,0))/2,0),VLOOKUP($A16,'UT-2(Entry)'!$1:$1048576,8,0)) -> 0 | I16: =IFERROR(ROUND((VLOOKUP(A16,'UT-2(Entry)'!$1:$1048576,9,0))/2,0),VLOOKUP(A16,'UT-2(Entry)'!$1:$1048576,9,0)) -> 0 | J16: =IFERROR(VLOOKUP(VLOOKUP(A16,'UT-2(Entry)'!$1:$1048576,10,0),'Grade(40)'!$1:$1048576,2,0),VLOOKUP(A16,'UT-2(Entry)'!$1:$1048576,10,0)) -> E | K16: =IFERROR(VLOOKUP(VLOOKUP(A16,'UT-2(Entry)'!$1:$1048576,11,0),'Grade(40)'!$1:$1048576,2,0),VLOOKUP(A16,'UT-2(Entry)'!$1:$1048576,11,0)) -> E | L16: =SUM(C16:I16) -> 0 | M16: =ROUND(L16/1.4,2)&" %" -> 0 % | N16: =VLOOKUP(A16,'UT-2(Entry)'!$1:$1048576,12,0) -> 0 | O16: =VLOOKUP(A16,'UT-2(Entry)'!$1:$1048576,13,0) -> 0
... A42: =DETAILS!A41 -> 1860 | B42: =DETAILS!B41 -> VIKAS VERMA | C42: =IFERROR(ROUND((VLOOKUP(A42,'UT-2(Entry)'!$1:$1048576,3,0))/2,0),VLOOKUP(A42,'UT-2(Entry)'!$1:$1048576,3,0)) -> 0 | D42: =IFERROR(ROUND((VLOOKUP(A42,'UT-2(Entry)'!$1:$1048576,4,0))/2,0),VLOOKUP(A42,'UT-2(Entry)'!$1:$1048576,4,0)) -> 0 | E42: =IFERROR(ROUND((VLOOKUP(A42,'UT-2(Entry)'!$1:$1048576,5,0))/2,0),VLOOKUP(A42,'UT-2(Entry)'!$1:$1048576,5,0)) -> 0 | F42: =IFERROR(ROUND((VLOOKUP(A42,'UT-2(Entry)'!$1:$1048576,6,0))/2,0),VLOOKUP(A42,'UT-2(Entry)'!$1:$1048576,6,0)) -> 0 | G42: =IFERROR(ROUND((VLOOKUP($A42,'UT-2(Entry)'!$1:$1048576,7,0))/2,0),VLOOKUP($A42,'UT-2(Entry)'!$1:$1048576,7,0)) -> 0 | H42: =IFERROR(ROUND((VLOOKUP($A42,'UT-2(Entry)'!$1:$1048576,8,0))/2,0),VLOOKUP($A42,'UT-2(Entry)'!$1:$1048576,8,0)) -> 0 | I42: =IFERROR(ROUND((VLOOKUP(A42,'UT-2(Entry)'!$1:$1048576,9,0))/2,0),VLOOKUP(A42,'UT-2(Entry)'!$1:$1048576,9,0)) -> 0 | J42: =IFERROR(VLOOKUP(VLOOKUP(A42,'UT-2(Entry)'!$1:$1048576,10,0),'Grade(40)'!$1:$1048576,2,0),VLOOKUP(A42,'UT-2(Entry)'!$1:$1048576,10,0)) -> E | K42: =IFERROR(VLOOKUP(VLOOKUP(A42,'UT-2(Entry)'!$1:$1048576,11,0),'Grade(40)'!$1:$1048576,2,0),VLOOKUP(A42,'UT-2(Entry)'!$1:$1048576,11,0)) -> E | L42: =SUM(C42:I42) -> 0 | M42: =ROUND(L42/1.4,2)&" %" -> 0 % | N42: =VLOOKUP(A42,'UT-2(Entry)'!$1:$1048576,12,0) -> 0 | O42: =VLOOKUP(A42,'UT-2(Entry)'!$1:$1048576,13,0) -> 0

Sheet NOTEBOOK-2(Entry)
A1: NOTEBOOK -2 (2025-26) CLASS -III
A2: SR. NO. | B2: NAME | C2: ENGLISH | D2: HINDI | E2: MATHS | F2: SCIENCE | G2: SOCIAL STUDIES | H2: SANSKRIT | I2: COMPUTER
A3: =DETAILS!A3 -> 1633 | B3: =DETAILS!B3 -> AADVIK SRIVASTAVA
A4: =DETAILS!A4 -> 1119 | B4: =DETAILS!B4 -> AARYASH SONI
A5: =DETAILS!A5 -> 1407 | B5: =DETAILS!B5 -> AKSHAY DUBEY
A6: =DETAILS!A6 -> 1077 | B6: =DETAILS!B6 -> ALISHA
A7: =DETAILS!A7 -> 1210 | B7: =DETAILS!B7 -> ANJALI JHA
A8: =DETAILS!A8 -> 1286 | B8: =DETAILS!B8 -> AROHI JAISWAL
A9: =DETAILS!A9 -> 1862 | B9: =DETAILS!B9 -> ASHUTOSH MISHRA
A10: =DETAILS!A10 -> 1684 | B10: =DETAILS!B10 -> AYUSH GUPTA
A11: =DETAILS!A11 -> 1662 | B11: =DETAILS!B11 -> AYUSH KUMAR YOGI
A12: =DETAILS!A12 -> 1602 | B12: =DETAILS!B12 -> AYUSHI MISHRA
A13: =DETAILS!A13 -> 1842 | B13: =DETAILS!B13 -> DEEPANSH YADAV
A14: =DETAILS!A14 -> 1127 | B14: =DETAILS!B14 -> DIKSHA MISHRA
... A41: =DETAILS!A41 -> 1860 | B41: =DETAILS!B41 -> VIKAS VERMA

Sheet ENRICH-2(Entry)
A1: SUBJECT ENRICHMENT-2 (2025-26) CLASS -III
A2: SR. NO. | B2: NAME | C2: ENGLISH | D2: HINDI | E2: MATHS | F2: SCIENCE | G2: SOCIAL STUDIES | H2: SANSKRIT | I2: COMPUTER
A3: =DETAILS!A3 -> 1633 | B3: =DETAILS!B3 -> AADVIK SRIVASTAVA
A4: =DETAILS!A4 -> 1119 | B4: =DETAILS!B4 -> AARYASH SONI
A5: =DETAILS!A5 -> 1407 | B5: =DETAILS!B5 -> AKSHAY DUBEY
A6: =DETAILS!A6 -> 1077 | B6: =DETAILS!B6 -> ALISHA
A7: =DETAILS!A7 -> 1210 | B7: =DETAILS!B7 -> ANJALI JHA
A8: =DETAILS!A8 -> 1286 | B8: =DETAILS!B8 -> AROHI JAISWAL
A9: =DETAILS!A9 -> 1862 | B9: =DETAILS!B9 -> ASHUTOSH MISHRA
A10: =DETAILS!A10 -> 1684 | B10: =DETAILS!B10 -> AYUSH GUPTA
A11: =DETAILS!A11 -> 1662 | B11: =DETAILS!B11 -> AYUSH KUMAR YOGI
A12: =DETAILS!A12 -> 1602 | B12: =DETAILS!B12 -> AYUSHI MISHRA
A13: =DETAILS!A13 -> 1842 | B13: =DETAILS!B13 -> DEEPANSH YADAV
A14: =DETAILS!A14 -> 1127 | B14: =DETAILS!B14 -> DIKSHA MISHRA
... A41: =DETAILS!A41 -> 1860 | B41: =DETAILS!B41 -> VIKAS VERMA

Sheet Annual(Entry)
A1: ANNUAL EXAMINATION (2025-26) CLASS - III
A2: SR. NO. | B2: NAME | C2: ENGLISH | D2: HINDI | E2: MATHS | F2: SCIENCE | G2: SOCIAL STUDIES | H2: SANSKRIT | I2: COMPUTER | J2: WORK EDUCATION | K2: ART EDUCATION | L2: GENERAL KNOWLEDGE | M2: HEALTH & PHYSICAL EDUCATION | N2: DISCIPLINE | O2: Total Present | P2: Total Working | Q2: Class Teacher's Remark | R2: TOTAL | S2: Percentage
A3: =DETAILS!A3 -> 1633 | B3: =DETAILS!B3 -> AADVIK SRIVASTAVA | R3: =SUM(C3:I3) -> 0 | S3: =ROUND(R3/4.8,2)&" %" -> 0 %
A4: =DETAILS!A4 -> 1119 | B4: =DETAILS!B4 -> AARYASH SONI | R4: =SUM(C4:I4) -> 0 | S4: =ROUND(R4/4.8,2)&" %" -> 0 %
A5: =DETAILS!A5 -> 1407 | B5: =DETAILS!B5 -> AKSHAY DUBEY | R5: =SUM(C5:I5) -> 0 | S5: =ROUND(R5/4.8,2)&" %" -> 0 %
A6: =DETAILS!A6 -> 1077 | B6: =DETAILS!B6 -> ALISHA | R6: =SUM(C6:I6) -> 0 | S6: =ROUND(R6/4.8,2)&" %" -> 0 %
A7: =DETAILS!A7 -> 1210 | B7: =DETAILS!B7 -> ANJALI JHA | R7: =SUM(C7:I7) -> 0 | S7: =ROUND(R7/4.8,2)&" %" -> 0 %
A8: =DETAILS!A8 -> 1286 | B8: =DETAILS!B8 -> AROHI JAISWAL | R8: =SUM(C8:I8) -> 0 | S8: =ROUND(R8/4.8,2)&" %" -> 0 %
A9: =DETAILS!A9 -> 1862 | B9: =DETAILS!B9 -> ASHUTOSH MISHRA | R9: =SUM(C9:I9) -> 0 | S9: =ROUND(R9/4.8,2)&" %" -> 0 %
A10: =DETAILS!A10 -> 1684 | B10: =DETAILS!B10 -> AYUSH GUPTA | R10: =SUM(C10:I10) -> 0 | S10: =ROUND(R10/4.8,2)&" %" -> 0 %
A11: =DETAILS!A11 -> 1662 | B11: =DETAILS!B11 -> AYUSH KUMAR YOGI | R11: =SUM(C11:I11) -> 0 | S11: =ROUND(R11/4.8,2)&" %" -> 0 %
A12: =DETAILS!A12 -> 1602 | B12: =DETAILS!B12 -> AYUSHI MISHRA | R12: =SUM(C12:I12) -> 0 | S12: =ROUND(R12/4.8,2)&" %" -> 0 %
A13: =DETAILS!A13 -> 1842 | B13: =DETAILS!B13 -> DEEPANSH YADAV | R13: =SUM(C13:I13) -> 0 | S13: =ROUND(R13/4.8,2)&" %" -> 0 %
A14: =DETAILS!A14 -> 1127 | B14: =DETAILS!B14 -> DIKSHA MISHRA | R14: =SUM(C14:I14) -> 0 | S14: =ROUND(R14/4.8,2)&" %" -> 0 %
... A41: =DETAILS!A41 -> 1860 | B41: =DETAILS!B41 -> VIKAS VERMA | R41: =SUM(C41:I41) -> 0 | S41: =ROUND(R41/4.8,2)&" %" -> 0 %

Sheet ANNUAL
A1: ANNUAL EXAMINATION (2025-26) CLASS - III
A2: SR. NO. | B2: NAME | C2: ENGLISH | D2: HINDI | E2: MATHS | F2: SCIENCE | G2: SOCIAL STUDIES | H2: SANSKRIT | I2: COMPUTER | J2: WORK EDUCATION | K2: ART EDUCATION | L2: GENERAL KNOWLEDGE | M2: HEALTH & PHYSICAL EDUCATION | N2: DISCIPLINE | O2: Total Present | P2: Total Working | Q2: Class Teacher's Remark | R2: TOTAL | S2: Percentage
A3: =DETAILS!A3 -> 1633 | B3: =DETAILS!B3 -> AADVIK SRIVASTAVA | C3: =VLOOKUP($A3,'Annual(Entry)'!$1:$1048576,3,0) -> 0 | D3: =VLOOKUP($A3,'Annual(Entry)'!$1:$1048576,4,0) -> 0 | E3: =VLOOKUP($A3,'Annual(Entry)'!$1:$1048576,5,0) -> 0 | F3: =VLOOKUP($A3,'Annual(Entry)'!$1:$1048576,6,0) -> 0 | G3: =VLOOKUP($A3,'Annual(Entry)'!$1:$1048576,7,0) -> 0 | H3: =VLOOKUP($A3,'Annual(Entry)'!$1:$1048576,8,0) -> 0 | I3: =VLOOKUP($A3,'Annual(Entry)'!$1:$1048576,9,0) -> 0 | J3: =VLOOKUP($A3,'Annual(Entry)'!$1:$1048576,10,0) -> 0 | K3: =IFERROR(VLOOKUP(VLOOKUP(A3,'Annual(Entry)'!$1:$1048576,11,0),'Grade 50'!$1:$1048576,2,0),VLOOKUP(A3,'Annual(Entry)'!$1:$1048576,11,0)) -> E | L3: =IFERROR(VLOOKUP(VLOOKUP(A3,'Annual(Entry)'!$1:$1048576,12,0),'Grade 50'!$1:$1048576,2,0),VLOOKUP(A3,'Annual(Entry)'!$1:$1048576,12,0)) -> E | M3: =VLOOKUP($A3,'Annual(Entry)'!$1:$1048576,13,0) -> 0 | N3: =VLOOKUP($A3,'Annual(Entry)'!$1:$1048576,14,0) -> 0 | O3: =VLOOKUP($A3,'Annual(Entry)'!$1:$1048576,15,0) -> 0 | P3: =VLOOKUP($A3,'Annual(Entry)'!$1:$1048576,16,0) -> 0 | Q3: =VLOOKUP($A3,'Annual(Entry)'!$1:$1048576,17,0) -> 0 | R3: =SUM(C3:I3) -> 0 | S3: =ROUND(R3/5.6,2)&" %" -> 0 %
A4: =DETAILS!A4 -> 1119 | B4: =DETAILS!B4 -> AARYASH SONI | C4: =VLOOKUP($A4,'Annual(Entry)'!$1:$1048576,3,0) -> 0 | D4: =VLOOKUP($A4,'Annual(Entry)'!$1:$1048576,4,0) -> 0 | E4: =VLOOKUP($A4,'Annual(Entry)'!$1:$1048576,5,0) -> 0 | F4: =VLOOKUP($A4,'Annual(Entry)'!$1:$1048576,6,0) -> 0 | G4: =VLOOKUP($A4,'Annual(Entry)'!$1:$1048576,7,0) -> 0 | H4: =VLOOKUP($A4,'Annual(Entry)'!$1:$1048576,8,0) -> 0 | I4: =VLOOKUP($A4,'Annual(Entry)'!$1:$1048576,9,0) -> 0 | J4: =VLOOKUP($A4,'Annual(Entry)'!$1:$1048576,10,0) -> 0 | K4: =IFERROR(VLOOKUP(VLOOKUP(A4,'Annual(Entry)'!$1:$1048576,11,0),'Grade 50'!$1:$1048576,2,0),VLOOKUP(A4,'Annual(Entry)'!$1:$1048576,11,0)) -> E | L4: =IFERROR(VLOOKUP(VLOOKUP(A4,'Annual(Entry)'!$1:$1048576,12,0),'Grade 50'!$1:$1048576,2,0),VLOOKUP(A4,'Annual(Entry)'!$1:$1048576,12,0)) -> E | M4: =VLOOKUP($A4,'Annual(Entry)'!$1:$1048576,13,0) -> 0 | N4: =VLOOKUP($A4,'Annual(Entry)'!$1:$1048576,14,0) -> 0 | O4: =VLOOKUP($A4,'Annual(Entry)'!$1:$1048576,15,0) -> 0 | P4: =VLOOKUP($A4,'Annual(Entry)'!$1:$1048576,16,0) -> 0 | Q4: =VLOOKUP($A4,'Annual(Entry)'!$1:$1048576,17,0) -> 0 | R4: =SUM(C4:I4) -> 0 | S4: =ROUND(R4/5.6,2)&" %" -> 0 %
A5: =DETAILS!A5 -> 1407 | B5: =DETAILS!B5 -> AKSHAY DUBEY | C5: =VLOOKUP($A5,'Annual(Entry)'!$1:$1048576,3,0) -> 0 | D5: =VLOOKUP($A5,'Annual(Entry)'!$1:$1048576,4,0) -> 0 | E5: =VLOOKUP($A5,'Annual(Entry)'!$1:$1048576,5,0) -> 0 | F5: =VLOOKUP($A5,'Annual(Entry)'!$1:$1048576,6,0) -> 0 | G5: =VLOOKUP($A5,'Annual(Entry)'!$1:$1048576,7,0) -> 0 | H5: =VLOOKUP($A5,'Annual(Entry)'!$1:$1048576,8,0) -> 0 | I5: =VLOOKUP($A5,'Annual(Entry)'!$1:$1048576,9,0) -> 0 | J5: =VLOOKUP($A5,'Annual(Entry)'!$1:$1048576,10,0) -> 0 | K5: =IFERROR(VLOOKUP(VLOOKUP(A5,'Annual(Entry)'!$1:$1048576,11,0),'Grade 50'!$1:$1048576,2,0),VLOOKUP(A5,'Annual(Entry)'!$1:$1048576,11,0)) -> E | L5: =IFERROR(VLOOKUP(VLOOKUP(A5,'Annual(Entry)'!$1:$1048576,12,0),'Grade 50'!$1:$1048576,2,0),VLOOKUP(A5,'Annual(Entry)'!$1:$1048576,12,0)) -> E | M5: =VLOOKUP($A5,'Annual(Entry)'!$1:$1048576,13,0) -> 0 | N5: =VLOOKUP($A5,'Annual(Entry)'!$1:$1048576,14,0) -> 0 | O5: =VLOOKUP($A5,'Annual(Entry)'!$1:$1048576,15,0) -> 0 | P5: =VLOOKUP($A5,'Annual(Entry)'!$1:$1048576,16,0) -> 0 | Q5: =VLOOKUP($A5,'Annual(Entry)'!$1:$1048576,17,0) -> 0 | R5: =SUM(C5:I5) -> 0 | S5: =ROUND(R5/5.6,2)&" %" -> 0 %
A6: =DETAILS!A6 -> 1077 | B6: =DETAILS!B6 -> ALISHA | C6: =VLOOKUP($A6,'Annual(Entry)'!$1:$1048576,3,0) -> 0 | D6: =VLOOKUP($A6,'Annual(Entry)'!$1:$1048576,4,0) -> 0 | E6: =VLOOKUP($A6,'Annual(Entry)'!$1:$1048576,5,0) -> 0 | F6: =VLOOKUP($A6,'Annual(Entry)'!$1:$1048576,6,0) -> 0 | G6: =VLOOKUP($A6,'Annual(Entry)'!$1:$1048576,7,0) -> 0 | H6: =VLOOKUP($A6,'Annual(Entry)'!$1:$1048576,8,0) -> 0 | I6: =VLOOKUP($A6,'Annual(Entry)'!$1:$1048576,9,0) -> 0 | J6: =VLOOKUP($A6,'Annual(Entry)'!$1:$1048576,10,0) -> 0 | K6: =IFERROR(VLOOKUP(VLOOKUP(A6,'Annual(Entry)'!$1:$1048576,11,0),'Grade 50'!$1:$1048576,2,0),VLOOKUP(A6,'Annual(Entry)'!$1:$1048576,11,0)) -> E | L6: =IFERROR(VLOOKUP(VLOOKUP(A6,'Annual(Entry)'!$1:$1048576,12,0),'Grade 50'!$1:$1048576,2,0),VLOOKUP(A6,'Annual(Entry)'!$1:$1048576,12,0)) -> E | M6: =VLOOKUP($A6,'Annual(Entry)'!$1:$1048576,13,0) -> 0 | N6: =VLOOKUP($A6,'Annual(Entry)'!$1:$1048576,14,0) -> 0 | O6: =VLOOKUP($A6,'Annual(Entry)'!$1:$1048576,15,0) -> 0 | P6: =VLOOKUP($A6,'Annual(Entry)'!$1:$1048576,16,0) -> 0 | Q6: =VLOOKUP($A6,'Annual(Entry)'!$1:$1048576,17,0) -> 0 | R6: =SUM(C6:I6) -> 0 | S6: =ROUND(R6/5.6,2)&" %" -> 0 %
A7: =DETAILS!A7 -> 1210 | B7: =DETAILS!B7 -> ANJALI JHA | C7: =VLOOKUP($A7,'Annual(Entry)'!$1:$1048576,3,0) -> 0 | D7: =VLOOKUP($A7,'Annual(Entry)'!$1:$1048576,4,0) -> 0 | E7: =VLOOKUP($A7,'Annual(Entry)'!$1:$1048576,5,0) -> 0 | F7: =VLOOKUP($A7,'Annual(Entry)'!$1:$1048576,6,0) -> 0 | G7: =VLOOKUP($A7,'Annual(Entry)'!$1:$1048576,7,0) -> 0 | H7: =VLOOKUP($A7,'Annual(Entry)'!$1:$1048576,8,0) -> 0 | I7: =VLOOKUP($A7,'Annual(Entry)'!$1:$1048576,9,0) -> 0 | J7: =VLOOKUP($A7,'Annual(Entry)'!$1:$1048576,10,0) -> 0 | K7: =IFERROR(VLOOKUP(VLOOKUP(A7,'Annual(Entry)'!$1:$1048576,11,0),'Grade 50'!$1:$1048576,2,0),VLOOKUP(A7,'Annual(Entry)'!$1:$1048576,11,0)) -> E | L7: =IFERROR(VLOOKUP(VLOOKUP(A7,'Annual(Entry)'!$1:$1048576,12,0),'Grade 50'!$1:$1048576,2,0),VLOOKUP(A7,'Annual(Entry)'!$1:$1048576,12,0)) -> E | M7: =VLOOKUP($A7,'Annual(Entry)'!$1:$1048576,13,0) -> 0 | N7: =VLOOKUP($A7,'Annual(Entry)'!$1:$1048576,14,0) -> 0 | O7: =VLOOKUP($A7,'Annual(Entry)'!$1:$1048576,15,0) -> 0 | P7: =VLOOKUP($A7,'Annual(Entry)'!$1:$1048576,16,0) -> 0 | Q7: =VLOOKUP($A7,'Annual(Entry)'!$1:$1048576,17,0) -> 0 | R7: =SUM(C7:I7) -> 0 | S7: =ROUND(R7/5.6,2)&" %" -> 0 %
A8: =DETAILS!A8 -> 1286 | B8: =DETAILS!B8 -> AROHI JAISWAL | C8: =VLOOKUP($A8,'Annual(Entry)'!$1:$1048576,3,0) -> 0 | D8: =VLOOKUP($A8,'Annual(Entry)'!$1:$1048576,4,0) -> 0 | E8: =VLOOKUP($A8,'Annual(Entry)'!$1:$1048576,5,0) -> 0 | F8: =VLOOKUP($A8,'Annual(Entry)'!$1:$1048576,6,0) -> 0 | G8: =VLOOKUP($A8,'Annual(Entry)'!$1:$1048576,7,0) -> 0 | H8: =VLOOKUP($A8,'Annual(Entry)'!$1:$1048576,8,0) -> 0 | I8: =VLOOKUP($A8,'Annual(Entry)'!$1:$1048576,9,0) -> 0 | J8: =VLOOKUP($A8,'Annual(Entry)'!$1:$1048576,10,0) -> 0 | K8: =IFERROR(VLOOKUP(VLOOKUP(A8,'Annual(Entry)'!$1:$1048576,11,0),'Grade 50'!$1:$1048576,2,0),VLOOKUP(A8,'Annual(Entry)'!$1:$1048576,11,0)) -> E | L8: =IFERROR(VLOOKUP(VLOOKUP(A8,'Annual(Entry)'!$1:$1048576,12,0),'Grade 50'!$1:$1048576,2,0),VLOOKUP(A8,'Annual(Entry)'!$1:$1048576,12,0)) -> E | M8: =VLOOKUP($A8,'Annual(Entry)'!$1:$1048576,13,0) -> 0 | N8: =VLOOKUP($A8,'Annual(Entry)'!$1:$1048576,14,0) -> 0 | O8: =VLOOKUP($A8,'Annual(Entry)'!$1:$1048576,15,0) -> 0 | P8: =VLOOKUP($A8,'Annual(Entry)'!$1:$1048576,16,0) -> 0 | Q8: =VLOOKUP($A8,'Annual(Entry)'!$1:$1048576,17,0) -> 0 | R8: =SUM(C8:I8) -> 0 | S8: =ROUND(R8/5.6,2)&" %" -> 0 %
A9: =DETAILS!A9 -> 1862 | B9: =DETAILS!B9 -> ASHUTOSH MISHRA | C9: =VLOOKUP($A9,'Annual(Entry)'!$1:$1048576,3,0) -> 0 | D9: =VLOOKUP($A9,'Annual(Entry)'!$1:$1048576,4,0) -> 0 | E9: =VLOOKUP($A9,'Annual(Entry)'!$1:$1048576,5,0) -> 0 | F9: =VLOOKUP($A9,'Annual(Entry)'!$1:$1048576,6,0) -> 0 | G9: =VLOOKUP($A9,'Annual(Entry)'!$1:$1048576,7,0) -> 0 | H9: =VLOOKUP($A9,'Annual(Entry)'!$1:$1048576,8,0) -> 0 | I9: =VLOOKUP($A9,'Annual(Entry)'!$1:$1048576,9,0) -> 0 | J9: =VLOOKUP($A9,'Annual(Entry)'!$1:$1048576,10,0) -> 0 | K9: =IFERROR(VLOOKUP(VLOOKUP(A9,'Annual(Entry)'!$1:$1048576,11,0),'Grade 50'!$1:$1048576,2,0),VLOOKUP(A9,'Annual(Entry)'!$1:$1048576,11,0)) -> E | L9: =IFERROR(VLOOKUP(VLOOKUP(A9,'Annual(Entry)'!$1:$1048576,12,0),'Grade 50'!$1:$1048576,2,0),VLOOKUP(A9,'Annual(Entry)'!$1:$1048576,12,0)) -> E | M9: =VLOOKUP($A9,'Annual(Entry)'!$1:$1048576,13,0) -> 0 | N9: =VLOOKUP($A9,'Annual(Entry)'!$1:$1048576,14,0) -> 0 | O9: =VLOOKUP($A9,'Annual(Entry)'!$1:$1048576,15,0) -> 0 | P9: =VLOOKUP($A9,'Annual(Entry)'!$1:$1048576,16,0) -> 0 | Q9: =VLOOKUP($A9,'Annual(Entry)'!$1:$1048576,17,0) -> 0 | R9: =SUM(C9:I9) -> 0 | S9: =ROUND(R9/5.6,2)&" %" -> 0 %
A10: =DETAILS!A10 -> 1684 | B10: =DETAILS!B10 -> AYUSH GUPTA | C10: =VLOOKUP($A10,'Annual(Entry)'!$1:$1048576,3,0) -> 0 | D10: =VLOOKUP($A10,'Annual(Entry)'!$1:$1048576,4,0) -> 0 | E10: =VLOOKUP($A10,'Annual(Entry)'!$1:$1048576,5,0) -> 0 | F10: =VLOOKUP($A10,'Annual(Entry)'!$1:$1048576,6,0) -> 0 | G10: =VLOOKUP($A10,'Annual(Entry)'!$1:$1048576,7,0) -> 0 | H10: =VLOOKUP($A10,'Annual(Entry)'!$1:$1048576,8,0) -> 0 | I10: =VLOOKUP($A10,'Annual(Entry)'!$1:$1048576,9,0) -> 0 | J10: =VLOOKUP($A10,'Annual(Entry)'!$1:$1048576,10,0) -> 0 | K10: =IFERROR(VLOOKUP(VLOOKUP(A10,'Annual(Entry)'!$1:$1048576,11,0),'Grade 50'!$1:$1048576,2,0),VLOOKUP(A10,'Annual(Entry)'!$1:$1048576,11,0)) -> E | L10: =IFERROR(VLOOKUP(VLOOKUP(A10,'Annual(Entry)'!$1:$1048576,12,0),'Grade 50'!$1:$1048576,2,0),VLOOKUP(A10,'Annual(Entry)'!$1:$1048576,12,0)) -> E | M10: =VLOOKUP($A10,'Annual(Entry)'!$1:$1048576,13,0) -> 0 | N10: =VLOOKUP($A10,'Annual(Entry)'!$1:$1048576,14,0) -> 0 | O10: =VLOOKUP($A10,'Annual(Entry)'!$1:$1048576,15,0) -> 0 | P10: =VLOOKUP($A10,'Annual(Entry)'!$1:$1048576,16,0) -> 0 | Q10: =VLOOKUP($A10,'Annual(Entry)'!$1:$1048576,17,0) -> 0 | R10: =SUM(C10:I10) -> 0 | S10: =ROUND(R10/5.6,2)&" %" -> 0 %
A11: =DETAILS!A11 -> 1662 | B11: =DETAILS!B11 -> AYUSH KUMAR YOGI | C11: =VLOOKUP($A11,'Annual(Entry)'!$1:$1048576,3,0) -> 0 | D11: =VLOOKUP($A11,'Annual(Entry)'!$1:$1048576,4,0) -> 0 | E11: =VLOOKUP($A11,'Annual(Entry)'!$1:$1048576,5,0) -> 0 | F11: =VLOOKUP($A11,'Annual(Entry)'!$1:$1048576,6,0) -> 0 | G11: =VLOOKUP($A11,'Annual(Entry)'!$1:$1048576,7,0) -> 0 | H11: =VLOOKUP($A11,'Annual(Entry)'!$1:$1048576,8,0) -> 0 | I11: =VLOOKUP($A11,'Annual(Entry)'!$1:$1048576,9,0) -> 0 | J11: =VLOOKUP($A11,'Annual(Entry)'!$1:$1048576,10,0) -> 0 | K11: =IFERROR(VLOOKUP(VLOOKUP(A11,'Annual(Entry)'!$1:$1048576,11,0),'Grade 50'!$1:$1048576,2,0),VLOOKUP(A11,'Annual(Entry)'!$1:$1048576,11,0)) -> E | L11: =IFERROR(VLOOKUP(VLOOKUP(A11,'Annual(Entry)'!$1:$1048576,12,0),'Grade 50'!$1:$1048576,2,0),VLOOKUP(A11,'Annual(Entry)'!$1:$1048576,12,0)) -> E | M11: =VLOOKUP($A11,'Annual(Entry)'!$1:$1048576,13,0) -> 0 | N11: =VLOOKUP($A11,'Annual(Entry)'!$1:$1048576,14,0) -> 0 | O11: =VLOOKUP($A11,'Annual(Entry)'!$1:$1048576,15,0) -> 0 | P11: =VLOOKUP($A11,'Annual(Entry)'!$1:$1048576,16,0) -> 0 | Q11: =VLOOKUP($A11,'Annual(Entry)'!$1:$1048576,17,0) -> 0 | R11: =SUM(C11:I11) -> 0 | S11: =ROUND(R11/5.6,2)&" %" -> 0 %
A12: =DETAILS!A12 -> 1602 | B12: =DETAILS!B12 -> AYUSHI MISHRA | C12: =VLOOKUP($A12,'Annual(Entry)'!$1:$1048576,3,0) -> 0 | D12: =VLOOKUP($A12,'Annual(Entry)'!$1:$1048576,4,0) -> 0 | E12: =VLOOKUP($A12,'Annual(Entry)'!$1:$1048576,5,0) -> 0 | F12: =VLOOKUP($A12,'Annual(Entry)'!$1:$1048576,6,0) -> 0 | G12: =VLOOKUP($A12,'Annual(Entry)'!$1:$1048576,7,0) -> 0 | H12: =VLOOKUP($A12,'Annual(Entry)'!$1:$1048576,8,0) -> 0 | I12: =VLOOKUP($A12,'Annual(Entry)'!$1:$1048576,9,0) -> 0 | J12: =VLOOKUP($A12,'Annual(Entry)'!$1:$1048576,10,0) -> 0 | K12: =IFERROR(VLOOKUP(VLOOKUP(A12,'Annual(Entry)'!$1:$1048576,11,0),'Grade 50'!$1:$1048576,2,0),VLOOKUP(A12,'Annual(Entry)'!$1:$1048576,11,0)) -> E | L12: =IFERROR(VLOOKUP(VLOOKUP(A12,'Annual(Entry)'!$1:$1048576,12,0),'Grade 50'!$1:$1048576,2,0),VLOOKUP(A12,'Annual(Entry)'!$1:$1048576,12,0)) -> E | M12: =VLOOKUP($A12,'Annual(Entry)'!$1:$1048576,13,0) -> 0 | N12: =VLOOKUP($A12,'Annual(Entry)'!$1:$1048576,14,0) -> 0 | O12: =VLOOKUP($A12,'Annual(Entry)'!$1:$1048576,15,0) -> 0 | P12: =VLOOKUP($A12,'Annual(Entry)'!$1:$1048576,16,0) -> 0 | Q12: =VLOOKUP($A12,'Annual(Entry)'!$1:$1048576,17,0) -> 0 | R12: =SUM(C12:I12) -> 0 | S12: =ROUND(R12/5.6,2)&" %" -> 0 %
A13: =DETAILS!A13 -> 1842 | B13: =DETAILS!B13 -> DEEPANSH YADAV | C13: =VLOOKUP($A13,'Annual(Entry)'!$1:$1048576,3,0) -> 0 | D13: =VLOOKUP($A13,'Annual(Entry)'!$1:$1048576,4,0) -> 0 | E13: =VLOOKUP($A13,'Annual(Entry)'!$1:$1048576,5,0) -> 0 | F13: =VLOOKUP($A13,'Annual(Entry)'!$1:$1048576,6,0) -> 0 | G13: =VLOOKUP($A13,'Annual(Entry)'!$1:$1048576,7,0) -> 0 | H13: =VLOOKUP($A13,'Annual(Entry)'!$1:$1048576,8,0) -> 0 | I13: =VLOOKUP($A13,'Annual(Entry)'!$1:$1048576,9,0) -> 0 | J13: =VLOOKUP($A13,'Annual(Entry)'!$1:$1048576,10,0) -> 0 | K13: =IFERROR(VLOOKUP(VLOOKUP(A13,'Annual(Entry)'!$1:$1048576,11,0),'Grade 50'!$1:$1048576,2,0),VLOOKUP(A13,'Annual(Entry)'!$1:$1048576,11,0)) -> E | L13: =IFERROR(VLOOKUP(VLOOKUP(A13,'Annual(Entry)'!$1:$1048576,12,0),'Grade 50'!$1:$1048576,2,0),VLOOKUP(A13,'Annual(Entry)'!$1:$1048576,12,0)) -> E | M13: =VLOOKUP($A13,'Annual(Entry)'!$1:$1048576,13,0) -> 0 | N13: =VLOOKUP($A13,'Annual(Entry)'!$1:$1048576,14,0) -> 0 | O13: =VLOOKUP($A13,'Annual(Entry)'!$1:$1048576,15,0) -> 0 | P13: =VLOOKUP($A13,'Annual(Entry)'!$1:$1048576,16,0) -> 0 | Q13: =VLOOKUP($A13,'Annual(Entry)'!$1:$1048576,17,0) -> 0 | R13: =SUM(C13:I13) -> 0 | S13: =ROUND(R13/5.6,2)&" %" -> 0 %
A14: =DETAILS!A14 -> 1127 | B14: =DETAILS!B14 -> DIKSHA MISHRA | C14: =VLOOKUP($A14,'Annual(Entry)'!$1:$1048576,3,0) -> 0 | D14: =VLOOKUP($A14,'Annual(Entry)'!$1:$1048576,4,0) -> 0 | E14: =VLOOKUP($A14,'Annual(Entry)'!$1:$1048576,5,0) -> 0 | F14: =VLOOKUP($A14,'Annual(Entry)'!$1:$1048576,6,0) -> 0 | G14: =VLOOKUP($A14,'Annual(Entry)'!$1:$1048576,7,0) -> 0 | H14: =VLOOKUP($A14,'Annual(Entry)'!$1:$1048576,8,0) -> 0 | I14: =VLOOKUP($A14,'Annual(Entry)'!$1:$1048576,9,0) -> 0 | J14: =VLOOKUP($A14,'Annual(Entry)'!$1:$1048576,10,0) -> 0 | K14: =IFERROR(VLOOKUP(VLOOKUP(A14,'Annual(Entry)'!$1:$1048576,11,0),'Grade 50'!$1:$1048576,2,0),VLOOKUP(A14,'Annual(Entry)'!$1:$1048576,11,0)) -> E | L14: =IFERROR(VLOOKUP(VLOOKUP(A14,'Annual(Entry)'!$1:$1048576,12,0),'Grade 50'!$1:$1048576,2,0),VLOOKUP(A14,'Annual(Entry)'!$1:$1048576,12,0)) -> E | M14: =VLOOKUP($A14,'Annual(Entry)'!$1:$1048576,13,0) -> 0 | N14: =VLOOKUP($A14,'Annual(Entry)'!$1:$1048576,14,0) -> 0 | O14: =VLOOKUP($A14,'Annual(Entry)'!$1:$1048576,15,0) -> 0 | P14: =VLOOKUP($A14,'Annual(Entry)'!$1:$1048576,16,0) -> 0 | Q14: =VLOOKUP($A14,'Annual(Entry)'!$1:$1048576,17,0) -> 0 | R14: =SUM(C14:I14) -> 0 | S14: =ROUND(R14/5.6,2)&" %" -> 0 %
... A41: =DETAILS!A41 -> 1860 | B41: =DETAILS!B41 -> VIKAS VERMA | C41: =VLOOKUP($A41,'Annual(Entry)'!$1:$1048576,3,0) -> 0 | D41: =VLOOKUP($A41,'Annual(Entry)'!$1:$1048576,4,0) -> 0 | E41: =VLOOKUP($A41,'Annual(Entry)'!$1:$1048576,5,0) -> 0 | F41: =VLOOKUP($A41,'Annual(Entry)'!$1:$1048576,6,0) -> 0 | G41: =VLOOKUP($A41,'Annual(Entry)'!$1:$1048576,7,0) -> 0 | H41: =VLOOKUP($A41,'Annual(Entry)'!$1:$1048576,8,0) -> 0 | I41: =VLOOKUP($A41,'Annual(Entry)'!$1:$1048576,9,0) -> 0 | J41: =VLOOKUP($A41,'Annual(Entry)'!$1:$1048576,10,0) -> 0 | K41: =IFERROR(VLOOKUP(VLOOKUP(A41,'Annual(Entry)'!$1:$1048576,11,0),'Grade 50'!$1:$1048576,2,0),VLOOKUP(A41,'Annual(Entry)'!$1:$1048576,11,0)) -> E | L41: =IFERROR(VLOOKUP(VLOOKUP(A41,'Annual(Entry)'!$1:$1048576,12,0),'Grade 50'!$1:$1048576,2,0),VLOOKUP(A41,'Annual(Entry)'!$1:$1048576,12,0)) -> E | M41: =VLOOKUP($A41,'Annual(Entry)'!$1:$1048576,13,0) -> 0 | N41: =VLOOKUP($A41,'Annual(Entry)'!$1:$1048576,14,0) -> 0 | O41: =VLOOKUP($A41,'Annual(Entry)'!$1:$1048576,15,0) -> 0 | P41: =VLOOKUP($A41,'Annual(Entry)'!$1:$1048576,16,0) -> 0 | Q41: =VLOOKUP($A41,'Annual(Entry)'!$1:$1048576,17,0) -> 0 | R41: =SUM(C41:I41) -> 0 | S41: =ROUND(R41/5.6,2)&" %" -> 0 %

Sheet COMPILE REPORT
A1: COMIPILE REPORT (2025-26) CLASS - III
A2: SR NO | B2: NAME | C2: ENGLISH | M2: HINDI | W2: MATHEMATICS | AG2: SCIENCE | AQ2: SOCIAL STUDIES | BA2: SANSKRIT | BK2: COMPUTER | BU2: WORK EDUCATION | BV2: ART EDUCATION | BW2: GENERAL KNOWLEDGE | BX2: HEALTH & PHYSICAL EDUCATION | BY2: DISCIPLINE | BZ2: TOTAL PRESENT | CA2: TORAL WORKING DAY | CB2: CLASS TEACHER'S REAMRK | CC2: Total | CD2: Percentage
C3: UT-I | D3: NB-1 | E3: SE-1 | F3: HY | G3: Total | H3: UT-II | I3: NB-2 | J3: SE-2 | K3: AE | L3: Total | M3: UT-I | N3: NB-1 | O3: SE-1 | P3: HY | Q3: Total | R3: UT-II | S3: NB-2 | T3: SE-2 | U3: AE | V3: Total | W3: UT-I | X3: NB-1 | Y3: SE-1 | Z3: HY | AA3: Total | AB3: UT-II | AC3: NB-2 | AD3: SE-2 | AE3: AE | AF3: Total | AG3: UT-I | AH3: NB-1 | AI3: SE-1 | AJ3: HY | AK3: Total | AL3: UT-II | AM3: NB-2 | AN3: SE-2 | AO3: AE | AP3: Total | AQ3: UT-I | AR3: NB-1 | AS3: SE-1 | AT3: HY | AU3: Total | AV3: UT-II | AW3: NB-2 | AX3: SE-2 | AY3: AE | AZ3: Total | BA3: UT-I | BB3: NB-1 | BC3: SE-1 | BD3: HY | BE3: Total | BF3: UT-II | BG3: NB-2 | BH3: SE-2 | BI3: AE | BJ3: Total | BK3: UT-I | BL3: NB-1 | BM3: SE-1 | BN3: HY | BO3: Total | BP3: UT-II | BQ3: NB-2 | BR3: SE-2 | BS3: AE | BT3: Total
A4: =DETAILS!A3 -> 1633 | B4: =DETAILS!B3 -> AADVIK SRIVASTAVA | C4: =VLOOKUP($A4,'HY Compile'!$1:$1048576,3,0) -> 0 | D4: =VLOOKUP($A4,'HY Compile'!$1:$1048576,4,0) -> 0 | E4: =VLOOKUP($A4,'HY Compile'!$1:$1048576,5,0) -> 0 | F4: =VLOOKUP($A4,'HY Compile'!$1:$1048576,6,0) -> 0 | G4: =SUM(C4:F4) -> 0 | H4: =IFERROR(ROUND((VLOOKUP($A4,'UT-2'!$1:$1048576,3,0))/2,0),VLOOKUP($A4,'UT-2'!$1:$1048576,3,0)) -> 0 | I4: =VLOOKUP($A4,'NOTEBOOK-2(Entry)'!$1:$1048576,3,0) -> 0 | J4: =VLOOKUP($A4,'ENRICH-2(Entry)'!$1:$1048576,3,0) -> 0 | K4: =VLOOKUP($A4,ANNUAL!$1:$1048576,3,0) -> 0 | L4: =SUM(H4:K4) -> 0 | M4: =VLOOKUP($A4,'HY Compile'!$1:$1048576,8,0) -> 0 | N4: =VLOOKUP($A4,'HY Compile'!$1:$1048576,9,0) -> 0 | O4: =VLOOKUP($A4,'HY Compile'!$1:$1048576,10,0) -> 0 | P4: =VLOOKUP($A4,'HY Compile'!$1:$1048576,11,0) -> 0 | Q4: =SUM(M4:P4) -> 0 | R4: =IFERROR(ROUND((VLOOKUP($A4,'UT-2'!$1:$1048576,4,0))/2,0),VLOOKUP($A4,'UT-2'!$1:$1048576,4,0)) -> 0 | S4: =VLOOKUP($A4,'NOTEBOOK-2(Entry)'!$1:$1048576,4,0) -> 0 | T4: =VLOOKUP($A4,'ENRICH-2(Entry)'!$1:$1048576,4,0) -> 0 | U4: =VLOOKUP($A4,ANNUAL!$1:$1048576,4,0) -> 0 | V4: =SUM(R4:U4) -> 0 | W4: =VLOOKUP($A4,'HY Compile'!$1:$1048576,13,0) -> 0 | X4: =VLOOKUP($A4,'HY Compile'!$1:$1048576,14,0) -> 0 | Y4: =VLOOKUP($A4,'HY Compile'!$1:$1048576,15,0) -> 0 | Z4: =VLOOKUP($A4,'HY Compile'!$1:$1048576,16,0) -> 0 | AA4: =SUM(W4:Z4) -> 0 | AB4: =IFERROR(ROUND((VLOOKUP($A4,'UT-2'!$1:$1048576,5,0))/2,0),VLOOKUP($A4,'UT-2'!$1:$1048576,5,0)) -> 0 | AC4: =VLOOKUP($A4,'NOTEBOOK-2(Entry)'!$1:$1048576,5,0) -> 0 | AD4: =VLOOKUP($A4,'ENRICH-2(Entry)'!$1:$1048576,5,0) -> 0 | AE4: =VLOOKUP($A4,ANNUAL!$1:$1048576,5,0) -> 0 | AF4: =SUM(AB4:AE4) -> 0 | AG4: =VLOOKUP($A4,'HY Compile'!$1:$1048576,18,0) -> 0 | AH4: =VLOOKUP($A4,'HY Compile'!$1:$1048576,19,0) -> 0 | AI4: =VLOOKUP($A4,'HY Compile'!$1:$1048576,20,0) -> 0 | AJ4: =VLOOKUP($A4,'HY Compile'!$1:$1048576,21,0) -> 0 | AK4: =SUM(AG4:AJ4) -> 0 | AL4: =IFERROR(ROUND((VLOOKUP($A4,'UT-2'!$1:$1048576,6,0))/2,0),VLOOKUP($A4,'UT-2'!$1:$1048576,6,0)) -> 0 | AM4: =VLOOKUP($A4,'NOTEBOOK-2(Entry)'!$1:$1048576,6,0) -> 0 | AN4: =VLOOKUP($A4,'ENRICH-2(Entry)'!$1:$1048576,6,0) -> 0 | AO4: =VLOOKUP($A4,ANNUAL!$1:$1048576,6,0) -> 0 | AP4: =SUM(AL4:AO4) -> 0 | AQ4: =VLOOKUP($A4,'HY Compile'!$1:$1048576,23,0) -> 0 | AR4: =VLOOKUP($A4,'HY Compile'!$1:$1048576,24,0) -> 0 | AS4: =VLOOKUP($A4,'HY Compile'!$1:$1048576,25,0) -> 0 | AT4: =VLOOKUP($A4,'HY Compile'!$1:$1048576,26,0) -> 0 | AU4: =SUM(AQ4:AT4) -> 0 | AV4: =IFERROR(ROUND((VLOOKUP($A4,'UT-2'!$1:$1048576,7,0))/2,0),VLOOKUP($A4,'UT-2'!$1:$1048576,7,0)) -> 0 | AW4: =VLOOKUP($A4,'NOTEBOOK-2(Entry)'!$1:$1048576,7,0) -> 0 | AX4: =VLOOKUP($A4,'ENRICH-2(Entry)'!$1:$1048576,7,0) -> 0 | AY4: =VLOOKUP($A4,ANNUAL!$1:$1048576,7,0) -> 0 | AZ4: =SUM(AV4:AY4) -> 0 | BA4: =VLOOKUP($A4,'HY Compile'!$1:$1048576,28,0) -> 0 | BB4: =VLOOKUP($A4,'HY Compile'!$1:$1048576,29,0) -> 0 | BC4: =VLOOKUP($A4,'HY Compile'!$1:$1048576,30,0) -> 0 | BD4: =VLOOKUP($A4,'HY Compile'!$1:$1048576,31,0) -> 0 | BE4: =SUM(BA4:BD4) -> 0 | BF4: =IFERROR(ROUND((VLOOKUP($A4,'UT-2'!$1:$1048576,8,0))/2,0),VLOOKUP($A4,'UT-2'!$1:$1048576,8,0)) -> 0 | BG4: =VLOOKUP($A4,'NOTEBOOK-2(Entry)'!$1:$1048576,8,0) -> 0 | BH4: =VLOOKUP($A4,'ENRICH-2(Entry)'!$1:$1048576,8,0) -> 0 | BI4: =VLOOKUP($A4,ANNUAL!$1:$1048576,8,0) -> 0 | BJ4: =SUM(BF4:BI4) -> 0 | BK4: =VLOOKUP($A4,'HY Compile'!$1:$1048576,33,0) -> 0 | BL4: =VLOOKUP($A4,'HY Compile'!$1:$1048576,34,0) -> 0 | BM4: =VLOOKUP($A4,'HY Compile'!$1:$1048576,35,0) -> 0 | BN4: =VLOOKUP($A4,'HY Compile'!$1:$1048576,36,0) -> 0 | BO4: =SUM(BK4:BN4) -> 0 | BP4: =IFERROR(ROUND((VLOOKUP($A4,'UT-2'!$1:$1048576,9,0))/2,0),VLOOKUP($A4,'UT-2'!$1:$1048576,9,0)) -> 0 | BQ4: =VLOOKUP($A4,'NOTEBOOK-2(Entry)'!$1:$1048576,9,0) -> 0 | BR4: =VLOOKUP($A4,'ENRICH-2(Entry)'!$1:$1048576,9,0) -> 0 | BS4: =VLOOKUP($A4,ANNUAL!$1:$1048576,9,0) -> 0 | BT4: =SUM(BP4:BS4) -> 0 | BU4: =VLOOKUP($A4,ANNUAL!$1:$1048576,10,0) -> 0 | BV4: =VLOOKUP($A4,ANNUAL!$1:$1048576,11,0) -> E | BW4: =VLOOKUP($A4,ANNUAL!$1:$1048576,12,0) -> E | BX4: =VLOOKUP($A4,ANNUAL!$1:$1048576,13,0) -> 0 | BY4: =VLOOKUP($A4,ANNUAL!$1:$1048576,14,0) -> 0 | BZ4: =VLOOKUP($A4,ANNUAL!$1:$1048576,15,0) -> 0 | CA4: =VLOOKUP($A4,ANNUAL!$1:$1048576,16,0) -> 0 | CB4: =VLOOKUP($A4,ANNUAL!$1:$1048576,17,0) -> 0 | CC4: =SUM(G4,L4,Q4,V4,AA4,AF4,AK4,AP4,AU4,AZ4,BE4,BJ4,BO4,BT4) -> 0 | CD4: =ROUND(CC4/14,2)&" %" -> 0 %
A5: =DETAILS!A4 -> 1119 | B5: =DETAILS!B4 -> AARYASH SONI | C5: =VLOOKUP($A5,'HY Compile'!$1:$1048576,3,0) -> 0 | D5: =VLOOKUP($A5,'HY Compile'!$1:$1048576,4,0) -> 0 | E5: =VLOOKUP($A5,'HY Compile'!$1:$1048576,5,0) -> 0 | F5: =VLOOKUP($A5,'HY Compile'!$1:$1048576,6,0) -> 0 | G5: =SUM(C5:F5) -> 0 | H5: =IFERROR(ROUND((VLOOKUP($A5,'UT-2'!$1:$1048576,3,0))/2,0),VLOOKUP($A5,'UT-2'!$1:$1048576,3,0)) -> 0 | I5: =VLOOKUP($A5,'NOTEBOOK-2(Entry)'!$1:$1048576,3,0) -> 0 | J5: =VLOOKUP($A5,'ENRICH-2(Entry)'!$1:$1048576,3,0) -> 0 | K5: =VLOOKUP($A5,ANNUAL!$1:$1048576,3,0) -> 0 | L5: =SUM(H5:K5) -> 0 | M5: =VLOOKUP($A5,'HY Compile'!$1:$1048576,8,0) -> 0 | N5: =VLOOKUP($A5,'HY Compile'!$1:$1048576,9,0) -> 0 | O5: =VLOOKUP($A5,'HY Compile'!$1:$1048576,10,0) -> 0 | P5: =VLOOKUP($A5,'HY Compile'!$1:$1048576,11,0) -> 0 | Q5: =SUM(M5:P5) -> 0 | R5: =IFERROR(ROUND((VLOOKUP($A5,'UT-2'!$1:$1048576,4,0))/2,0),VLOOKUP($A5,'UT-2'!$1:$1048576,4,0)) -> 0 | S5: =VLOOKUP($A5,'NOTEBOOK-2(Entry)'!$1:$1048576,4,0) -> 0 | T5: =VLOOKUP($A5,'ENRICH-2(Entry)'!$1:$1048576,4,0) -> 0 | U5: =VLOOKUP($A5,ANNUAL!$1:$1048576,4,0) -> 0 | V5: =SUM(R5:U5) -> 0 | W5: =VLOOKUP($A5,'HY Compile'!$1:$1048576,13,0) -> 0 | X5: =VLOOKUP($A5,'HY Compile'!$1:$1048576,14,0) -> 0 | Y5: =VLOOKUP($A5,'HY Compile'!$1:$1048576,15,0) -> 0 | Z5: =VLOOKUP($A5,'HY Compile'!$1:$1048576,16,0) -> 0 | AA5: =SUM(W5:Z5) -> 0 | AB5: =IFERROR(ROUND((VLOOKUP($A5,'UT-2'!$1:$1048576,5,0))/2,0),VLOOKUP($A5,'UT-2'!$1:$1048576,5,0)) -> 0 | AC5: =VLOOKUP($A5,'NOTEBOOK-2(Entry)'!$1:$1048576,5,0) -> 0 | AD5: =VLOOKUP($A5,'ENRICH-2(Entry)'!$1:$1048576,5,0) -> 0 | AE5: =VLOOKUP($A5,ANNUAL!$1:$1048576,5,0) -> 0 | AF5: =SUM(AB5:AE5) -> 0 | AG5: =VLOOKUP($A5,'HY Compile'!$1:$1048576,18,0) -> 0 | AH5: =VLOOKUP($A5,'HY Compile'!$1:$1048576,19,0) -> 0 | AI5: =VLOOKUP($A5,'HY Compile'!$1:$1048576,20,0) -> 0 | AJ5: =VLOOKUP($A5,'HY Compile'!$1:$1048576,21,0) -> 0 | AK5: =SUM(AG5:AJ5) -> 0 | AL5: =IFERROR(ROUND((VLOOKUP($A5,'UT-2'!$1:$1048576,6,0))/2,0),VLOOKUP($A5,'UT-2'!$1:$1048576,6,0)) -> 0 | AM5: =VLOOKUP($A5,'NOTEBOOK-2(Entry)'!$1:$1048576,6,0) -> 0 | AN5: =VLOOKUP($A5,'ENRICH-2(Entry)'!$1:$1048576,6,0) -> 0 | AO5: =VLOOKUP($A5,ANNUAL!$1:$1048576,6,0) -> 0 | AP5: =SUM(AL5:AO5) -> 0 | AQ5: =VLOOKUP($A5,'HY Compile'!$1:$1048576,23,0) -> 0 | AR5: =VLOOKUP($A5,'HY Compile'!$1:$1048576,24,0) -> 0 | AS5: =VLOOKUP($A5,'HY Compile'!$1:$1048576,25,0) -> 0 | AT5: =VLOOKUP($A5,'HY Compile'!$1:$1048576,26,0) -> 0 | AU5: =SUM(AQ5:AT5) -> 0 | AV5: =IFERROR(ROUND((VLOOKUP($A5,'UT-2'!$1:$1048576,7,0))/2,0),VLOOKUP($A5,'UT-2'!$1:$1048576,7,0)) -> 0 | AW5: =VLOOKUP($A5,'NOTEBOOK-2(Entry)'!$1:$1048576,7,0) -> 0 | AX5: =VLOOKUP($A5,'ENRICH-2(Entry)'!$1:$1048576,7,0) -> 0 | AY5: =VLOOKUP($A5,ANNUAL!$1:$1048576,7,0) -> 0 | AZ5: =SUM(AV5:AY5) -> 0 | BA5: =VLOOKUP($A5,'HY Compile'!$1:$1048576,28,0) -> 0 | BB5: =VLOOKUP($A5,'HY Compile'!$1:$1048576,29,0) -> 0 | BC5: =VLOOKUP($A5,'HY Compile'!$1:$1048576,30,0) -> 0 | BD5: =VLOOKUP($A5,'HY Compile'!$1:$1048576,31,0) -> 0 | BE5: =SUM(BA5:BD5) -> 0 | BF5: =IFERROR(ROUND((VLOOKUP($A5,'UT-2'!$1:$1048576,8,0))/2,0),VLOOKUP($A5,'UT-2'!$1:$1048576,8,0)) -> 0 | BG5: =VLOOKUP($A5,'NOTEBOOK-2(Entry)'!$1:$1048576,8,0) -> 0 | BH5: =VLOOKUP($A5,'ENRICH-2(Entry)'!$1:$1048576,8,0) -> 0 | BI5: =VLOOKUP($A5,ANNUAL!$1:$1048576,8,0) -> 0 | BJ5: =SUM(BF5:BI5) -> 0 | BK5: =VLOOKUP($A5,'HY Compile'!$1:$1048576,33,0) -> 0 | BL5: =VLOOKUP($A5,'HY Compile'!$1:$1048576,34,0) -> 0 | BM5: =VLOOKUP($A5,'HY Compile'!$1:$1048576,35,0) -> 0 | BN5: =VLOOKUP($A5,'HY Compile'!$1:$1048576,36,0) -> 0 | BO5: =SUM(BK5:BN5) -> 0 | BP5: =IFERROR(ROUND((VLOOKUP($A5,'UT-2'!$1:$1048576,9,0))/2,0),VLOOKUP($A5,'UT-2'!$1:$1048576,9,0)) -> 0 | BQ5: =VLOOKUP($A5,'NOTEBOOK-2(Entry)'!$1:$1048576,9,0) -> 0 | BR5: =VLOOKUP($A5,'ENRICH-2(Entry)'!$1:$1048576,9,0) -> 0 | BS5: =VLOOKUP($A5,ANNUAL!$1:$1048576,9,0) -> 0 | BT5: =SUM(BP5:BS5) -> 0 | BU5: =VLOOKUP($A5,ANNUAL!$1:$1048576,10,0) -> 0 | BV5: =VLOOKUP($A5,ANNUAL!$1:$1048576,11,0) -> E | BW5: =VLOOKUP($A5,ANNUAL!$1:$1048576,12,0) -> E | BX5: =VLOOKUP($A5,ANNUAL!$1:$1048576,13,0) -> 0 | BY5: =VLOOKUP($A5,ANNUAL!$1:$1048576,14,0) -> 0 | BZ5: =VLOOKUP($A5,ANNUAL!$1:$1048576,15,0) -> 0 | CA5: =VLOOKUP($A5,ANNUAL!$1:$1048576,16,0) -> 0 | CB5: =VLOOKUP($A5,ANNUAL!$1:$1048576,17,0) -> 0 | CC5: =SUM(G5,L5,Q5,V5,AA5,AF5,AK5,AP5,BO5,BT5) -> 0 | CD5: =ROUND(CC5/14,2)&" %" -> 0 %
A6: =DETAILS!A5 -> 1407 | B6: =DETAILS!B5 -> AKSHAY DUBEY | C6: =VLOOKUP($A6,'HY Compile'!$1:$1048576,3,0) -> 0 | D6: =VLOOKUP($A6,'HY Compile'!$1:$1048576,4,0) -> 0 | E6: =VLOOKUP($A6,'HY Compile'!$1:$1048576,5,0) -> 0 | F6: =VLOOKUP($A6,'HY Compile'!$1:$1048576,6,0) -> 0 | G6: =SUM(C6:F6) -> 0 | H6: =IFERROR(ROUND((VLOOKUP($A6,'UT-2'!$1:$1048576,3,0))/2,0),VLOOKUP($A6,'UT-2'!$1:$1048576,3,0)) -> 0 | I6: =VLOOKUP($A6,'NOTEBOOK-2(Entry)'!$1:$1048576,3,0) -> 0 | J6: =VLOOKUP($A6,'ENRICH-2(Entry)'!$1:$1048576,3,0) -> 0 | K6: =VLOOKUP($A6,ANNUAL!$1:$1048576,3,0) -> 0 | L6: =SUM(H6:K6) -> 0 | M6: =VLOOKUP($A6,'HY Compile'!$1:$1048576,8,0) -> 0 | N6: =VLOOKUP($A6,'HY Compile'!$1:$1048576,9,0) -> 0 | O6: =VLOOKUP($A6,'HY Compile'!$1:$1048576,10,0) -> 0 | P6: =VLOOKUP($A6,'HY Compile'!$1:$1048576,11,0) -> 0 | Q6: =SUM(M6:P6) -> 0 | R6: =IFERROR(ROUND((VLOOKUP($A6,'UT-2'!$1:$1048576,4,0))/2,0),VLOOKUP($A6,'UT-2'!$1:$1048576,4,0)) -> 0 | S6: =VLOOKUP($A6,'NOTEBOOK-2(Entry)'!$1:$1048576,4,0) -> 0 | T6: =VLOOKUP($A6,'ENRICH-2(Entry)'!$1:$1048576,4,0) -> 0 | U6: =VLOOKUP($A6,ANNUAL!$1:$1048576,4,0) -> 0 | V6: =SUM(R6:U6) -> 0 | W6: =VLOOKUP($A6,'HY Compile'!$1:$1048576,13,0) -> 0 | X6: =VLOOKUP($A6,'HY Compile'!$1:$1048576,14,0) -> 0 | Y6: =VLOOKUP($A6,'HY Compile'!$1:$1048576,15,0) -> 0 | Z6: =VLOOKUP($A6,'HY Compile'!$1:$1048576,16,0) -> 0 | AA6: =SUM(W6:Z6) -> 0 | AB6: =IFERROR(ROUND((VLOOKUP($A6,'UT-2'!$1:$1048576,5,0))/2,0),VLOOKUP($A6,'UT-2'!$1:$1048576,5,0)) -> 0 | AC6: =VLOOKUP($A6,'NOTEBOOK-2(Entry)'!$1:$1048576,5,0) -> 0 | AD6: =VLOOKUP($A6,'ENRICH-2(Entry)'!$1:$1048576,5,0) -> 0 | AE6: =VLOOKUP($A6,ANNUAL!$1:$1048576,5,0) -> 0 | AF6: =SUM(AB6:AE6) -> 0 | AG6: =VLOOKUP($A6,'HY Compile'!$1:$1048576,18,0) -> 0 | AH6: =VLOOKUP($A6,'HY Compile'!$1:$1048576,19,0) -> 0 | AI6: =VLOOKUP($A6,'HY Compile'!$1:$1048576,20,0) -> 0 | AJ6: =VLOOKUP($A6,'HY Compile'!$1:$1048576,21,0) -> 0 | AK6: =SUM(AG6:AJ6) -> 0 | AL6: =IFERROR(ROUND((VLOOKUP($A6,'UT-2'!$1:$1048576,6,0))/2,0),VLOOKUP($A6,'UT-2'!$1:$1048576,6,0)) -> 0 | AM6: =VLOOKUP($A6,'NOTEBOOK-2(Entry)'!$1:$1048576,6,0) -> 0 | AN6: =VLOOKUP($A6,'ENRICH-2(Entry)'!$1:$1048576,6,0) -> 0 | AO6: =VLOOKUP($A6,ANNUAL!$1:$1048576,6,0) -> 0 | AP6: =SUM(AL6:AO6) -> 0 | AQ6: =VLOOKUP($A6,'HY Compile'!$1:$1048576,23,0) -> 0 | AR6: =VLOOKUP($A6,'HY Compile'!$1:$1048576,24,0) -> 0 | AS6: =VLOOKUP($A6,'HY Compile'!$1:$1048576,25,0) -> 0 | AT6: =VLOOKUP($A6,'HY Compile'!$1:$1048576,26,0) -> 0 | AU6: =SUM(AQ6:AT6) -> 0 | AV6: =IFERROR(ROUND((VLOOKUP($A6,'UT-2'!$1:$1048576,7,0))/2,0),VLOOKUP($A6,'UT-2'!$1:$1048576,7,0)) -> 0 | AW6: =VLOOKUP($A6,'NOTEBOOK-2(Entry)'!$1:$1048576,7,0) -> 0 | AX6: =VLOOKUP($A6,'ENRICH-2(Entry)'!$1:$1048576,7,0) -> 0 | AY6: =VLOOKUP($A6,ANNUAL!$1:$1048576,7,0) -> 0 | AZ6: =SUM(AV6:AY6) -> 0 | BA6: =VLOOKUP($A6,'HY Compile'!$1:$1048576,28,0) -> 0 | BB6: =VLOOKUP($A6,'HY Compile'!$1:$1048576,29,0) -> 0 | BC6: =VLOOKUP($A6,'HY Compile'!$1:$1048576,30,0) -> 0 | BD6: =VLOOKUP($A6,'HY Compile'!$1:$1048576,31,0) -> 0 | BE6: =SUM(BA6:BD6) -> 0 | BF6: =IFERROR(ROUND((VLOOKUP($A6,'UT-2'!$1:$1048576,8,0))/2,0),VLOOKUP($A6,'UT-2'!$1:$1048576,8,0)) -> 0 | BG6: =VLOOKUP($A6,'NOTEBOOK-2(Entry)'!$1:$1048576,8,0) -> 0 | BH6: =VLOOKUP($A6,'ENRICH-2(Entry)'!$1:$1048576,8,0) -> 0 | BI6: =VLOOKUP($A6,ANNUAL!$1:$1048576,8,0) -> 0 | BJ6: =SUM(BF6:BI6) -> 0 | BK6: =VLOOKUP($A6,'HY Compile'!$1:$1048576,33,0) -> 0 | BL6: =VLOOKUP($A6,'HY Compile'!$1:$1048576,34,0) -> 0 | BM6: =VLOOKUP($A6,'HY Compile'!$1:$1048576,35,0) -> 0 | BN6: =VLOOKUP($A6,'HY Compile'!$1:$1048576,36,0) -> 0 | BO6: =SUM(BK6:BN6) -> 0 | BP6: =IFERROR(ROUND((VLOOKUP($A6,'UT-2'!$1:$1048576,9,0))/2,0),VLOOKUP($A6,'UT-2'!$1:$1048576,9,0)) -> 0 | BQ6: =VLOOKUP($A6,'NOTEBOOK-2(Entry)'!$1:$1048576,9,0) -> 0 | BR6: =VLOOKUP($A6,'ENRICH-2(Entry)'!$1:$1048576,9,0) -> 0 | BS6: =VLOOKUP($A6,ANNUAL!$1:$1048576,9,0) -> 0 | BT6: =SUM(BP6:BS6) -> 0 | BU6: =VLOOKUP($A6,ANNUAL!$1:$1048576,10,0) -> 0 | BV6: =VLOOKUP($A6,ANNUAL!$1:$1048576,11,0) -> E | BW6: =VLOOKUP($A6,ANNUAL!$1:$1048576,12,0) -> E | BX6: =VLOOKUP($A6,ANNUAL!$1:$1048576,13,0) -> 0 | BY6: =VLOOKUP($A6,ANNUAL!$1:$1048576,14,0) -> 0 | BZ6: =VLOOKUP($A6,ANNUAL!$1:$1048576,15,0) -> 0 | CA6: =VLOOKUP($A6,ANNUAL!$1:$1048576,16,0) -> 0 | CB6: =VLOOKUP($A6,ANNUAL!$1:$1048576,17,0) -> 0 | CC6: =SUM(G6,L6,Q6,V6,AA6,AF6,AK6,AP6,BO6,BT6) -> 0 | CD6: =ROUND(CC6/14,2)&" %" -> 0 %
A7: =DETAILS!A6 -> 1077 | B7: =DETAILS!B6 -> ALISHA | C7: =VLOOKUP($A7,'HY Compile'!$1:$1048576,3,0) -> 0 | D7: =VLOOKUP($A7,'HY Compile'!$1:$1048576,4,0) -> 0 | E7: =VLOOKUP($A7,'HY Compile'!$1:$1048576,5,0) -> 0 | F7: =VLOOKUP($A7,'HY Compile'!$1:$1048576,6,0) -> 0 | G7: =SUM(C7:F7) -> 0 | H7: =IFERROR(ROUND((VLOOKUP($A7,'UT-2'!$1:$1048576,3,0))/2,0),VLOOKUP($A7,'UT-2'!$1:$1048576,3,0)) -> 0 | I7: =VLOOKUP($A7,'NOTEBOOK-2(Entry)'!$1:$1048576,3,0) -> 0 | J7: =VLOOKUP($A7,'ENRICH-2(Entry)'!$1:$1048576,3,0) -> 0 | K7: =VLOOKUP($A7,ANNUAL!$1:$1048576,3,0) -> 0 | L7: =SUM(H7:K7) -> 0 | M7: =VLOOKUP($A7,'HY Compile'!$1:$1048576,8,0) -> 0 | N7: =VLOOKUP($A7,'HY Compile'!$1:$1048576,9,0) -> 0 | O7: =VLOOKUP($A7,'HY Compile'!$1:$1048576,10,0) -> 0 | P7: =VLOOKUP($A7,'HY Compile'!$1:$1048576,11,0) -> 0 | Q7: =SUM(M7:P7) -> 0 | R7: =IFERROR(ROUND((VLOOKUP($A7,'UT-2'!$1:$1048576,4,0))/2,0),VLOOKUP($A7,'UT-2'!$1:$1048576,4,0)) -> 0 | S7: =VLOOKUP($A7,'NOTEBOOK-2(Entry)'!$1:$1048576,4,0) -> 0 | T7: =VLOOKUP($A7,'ENRICH-2(Entry)'!$1:$1048576,4,0) -> 0 | U7: =VLOOKUP($A7,ANNUAL!$1:$1048576,4,0) -> 0 | V7: =SUM(R7:U7) -> 0 | W7: =VLOOKUP($A7,'HY Compile'!$1:$1048576,13,0) -> 0 | X7: =VLOOKUP($A7,'HY Compile'!$1:$1048576,14,0) -> 0 | Y7: =VLOOKUP($A7,'HY Compile'!$1:$1048576,15,0) -> 0 | Z7: =VLOOKUP($A7,'HY Compile'!$1:$1048576,16,0) -> 0 | AA7: =SUM(W7:Z7) -> 0 | AB7: =IFERROR(ROUND((VLOOKUP($A7,'UT-2'!$1:$1048576,5,0))/2,0),VLOOKUP($A7,'UT-2'!$1:$1048576,5,0)) -> 0 | AC7: =VLOOKUP($A7,'NOTEBOOK-2(Entry)'!$1:$1048576,5,0) -> 0 | AD7: =VLOOKUP($A7,'ENRICH-2(Entry)'!$1:$1048576,5,0) -> 0 | AE7: =VLOOKUP($A7,ANNUAL!$1:$1048576,5,0) -> 0 | AF7: =SUM(AB7:AE7) -> 0 | AG7: =VLOOKUP($A7,'HY Compile'!$1:$1048576,18,0) -> 0 | AH7: =VLOOKUP($A7,'HY Compile'!$1:$1048576,19,0) -> 0 | AI7: =VLOOKUP($A7,'HY Compile'!$1:$1048576,20,0) -> 0 | AJ7: =VLOOKUP($A7,'HY Compile'!$1:$1048576,21,0) -> 0 | AK7: =SUM(AG7:AJ7) -> 0 | AL7: =IFERROR(ROUND((VLOOKUP($A7,'UT-2'!$1:$1048576,6,0))/2,0),VLOOKUP($A7,'UT-2'!$1:$1048576,6,0)) -> 0 | AM7: =VLOOKUP($A7,'NOTEBOOK-2(Entry)'!$1:$1048576,6,0) -> 0 | AN7: =VLOOKUP($A7,'ENRICH-2(Entry)'!$1:$1048576,6,0) -> 0 | AO7: =VLOOKUP($A7,ANNUAL!$1:$1048576,6,0) -> 0 | AP7: =SUM(AL7:AO7) -> 0 | AQ7: =VLOOKUP($A7,'HY Compile'!$1:$1048576,23,0) -> 0 | AR7: =VLOOKUP($A7,'HY Compile'!$1:$1048576,24,0) -> 0 | AS7: =VLOOKUP($A7,'HY Compile'!$1:$1048576,25,0) -> 0 | AT7: =VLOOKUP($A7,'HY Compile'!$1:$1048576,26,0) -> 0 | AU7: =SUM(AQ7:AT7) -> 0 | AV7: =IFERROR(ROUND((VLOOKUP($A7,'UT-2'!$1:$1048576,7,0))/2,0),VLOOKUP($A7,'UT-2'!$1:$1048576,7,0)) -> 0 | AW7: =VLOOKUP($A7,'NOTEBOOK-2(Entry)'!$1:$1048576,7,0) -> 0 | AX7: =VLOOKUP($A7,'ENRICH-2(Entry)'!$1:$1048576,7,0) -> 0 | AY7: =VLOOKUP($A7,ANNUAL!$1:$1048576,7,0) -> 0 | AZ7: =SUM(AV7:AY7) -> 0 | BA7: =VLOOKUP($A7,'HY Compile'!$1:$1048576,28,0) -> 0 | BB7: =VLOOKUP($A7,'HY Compile'!$1:$1048576,29,0) -> 0 | BC7: =VLOOKUP($A7,'HY Compile'!$1:$1048576,30,0) -> 0 | BD7: =VLOOKUP($A7,'HY Compile'!$1:$1048576,31,0) -> 0 | BE7: =SUM(BA7:BD7) -> 0 | BF7: =IFERROR(ROUND((VLOOKUP($A7,'UT-2'!$1:$1048576,8,0))/2,0),VLOOKUP($A7,'UT-2'!$1:$1048576,8,0)) -> 0 | BG7: =VLOOKUP($A7,'NOTEBOOK-2(Entry)'!$1:$1048576,8,0) -> 0 | BH7: =VLOOKUP($A7,'ENRICH-2(Entry)'!$1:$1048576,8,0) -> 0 | BI7: =VLOOKUP($A7,ANNUAL!$1:$1048576,8,0) -> 0 | BJ7: =SUM(BF7:BI7) -> 0 | BK7: =VLOOKUP($A7,'HY Compile'!$1:$1048576,33,0) -> 0 | BL7: =VLOOKUP($A7,'HY Compile'!$1:$1048576,34,0) -> 0 | BM7: =VLOOKUP($A7,'HY Compile'!$1:$1048576,35,0) -> 0 | BN7: =VLOOKUP($A7,'HY Compile'!$1:$1048576,36,0) -> 0 | BO7: =SUM(BK7:BN7) -> 0 | BP7: =IFERROR(ROUND((VLOOKUP($A7,'UT-2'!$1:$1048576,9,0))/2,0),VLOOKUP($A7,'UT-2'!$1:$1048576,9,0)) -> 0 | BQ7: =VLOOKUP($A7,'NOTEBOOK-2(Entry)'!$1:$1048576,9,0) -> 0 | BR7: =VLOOKUP($A7,'ENRICH-2(Entry)'!$1:$1048576,9,0) -> 0 | BS7: =VLOOKUP($A7,ANNUAL!$1:$1048576,9,0) -> 0 | BT7: =SUM(BP7:BS7) -> 0 | BU7: =VLOOKUP($A7,ANNUAL!$1:$1048576,10,0) -> 0 | BV7: =VLOOKUP($A7,ANNUAL!$1:$1048576,11,0) -> E | BW7: =VLOOKUP($A7,ANNUAL!$1:$1048576,12,0) -> E | BX7: =VLOOKUP($A7,ANNUAL!$1:$1048576,13,0) -> 0 | BY7: =VLOOKUP($A7,ANNUAL!$1:$1048576,14,0) -> 0 | BZ7: =VLOOKUP($A7,ANNUAL!$1:$1048576,15,0) -> 0 | CA7: =VLOOKUP($A7,ANNUAL!$1:$1048576,16,0) -> 0 | CB7: =VLOOKUP($A7,ANNUAL!$1:$1048576,17,0) -> 0 | CC7: =SUM(G7,L7,Q7,V7,AA7,AF7,AK7,AP7,BO7,BT7) -> 0 | CD7: =ROUND(CC7/14,2)&" %" -> 0 %
A8: =DETAILS!A7 -> 1210 | B8: =DETAILS!B7 -> ANJALI JHA | C8: =VLOOKUP($A8,'HY Compile'!$1:$1048576,3,0) -> 0 | D8: =VLOOKUP($A8,'HY Compile'!$1:$1048576,4,0) -> 0 | E8: =VLOOKUP($A8,'HY Compile'!$1:$1048576,5,0) -> 0 | F8: =VLOOKUP($A8,'HY Compile'!$1:$1048576,6,0) -> 0 | G8: =SUM(C8:F8) -> 0 | H8: =IFERROR(ROUND((VLOOKUP($A8,'UT-2'!$1:$1048576,3,0))/2,0),VLOOKUP($A8,'UT-2'!$1:$1048576,3,0)) -> 0 | I8: =VLOOKUP($A8,'NOTEBOOK-2(Entry)'!$1:$1048576,3,0) -> 0 | J8: =VLOOKUP($A8,'ENRICH-2(Entry)'!$1:$1048576,3,0) -> 0 | K8: =VLOOKUP($A8,ANNUAL!$1:$1048576,3,0) -> 0 | L8: =SUM(H8:K8) -> 0 | M8: =VLOOKUP($A8,'HY Compile'!$1:$1048576,8,0) -> 0 | N8: =VLOOKUP($A8,'HY Compile'!$1:$1048576,9,0) -> 0 | O8: =VLOOKUP($A8,'HY Compile'!$1:$1048576,10,0) -> 0 | P8: =VLOOKUP($A8,'HY Compile'!$1:$1048576,11,0) -> 0 | Q8: =SUM(M8:P8) -> 0 | R8: =IFERROR(ROUND((VLOOKUP($A8,'UT-2'!$1:$1048576,4,0))/2,0),VLOOKUP($A8,'UT-2'!$1:$1048576,4,0)) -> 0 | S8: =VLOOKUP($A8,'NOTEBOOK-2(Entry)'!$1:$1048576,4,0) -> 0 | T8: =VLOOKUP($A8,'ENRICH-2(Entry)'!$1:$1048576,4,0) -> 0 | U8: =VLOOKUP($A8,ANNUAL!$1:$1048576,4,0) -> 0 | V8: =SUM(R8:U8) -> 0 | W8: =VLOOKUP($A8,'HY Compile'!$1:$1048576,13,0) -> 0 | X8: =VLOOKUP($A8,'HY Compile'!$1:$1048576,14,0) -> 0 | Y8: =VLOOKUP($A8,'HY Compile'!$1:$1048576,15,0) -> 0 | Z8: =VLOOKUP($A8,'HY Compile'!$1:$1048576,16,0) -> 0 | AA8: =SUM(W8:Z8) -> 0 | AB8: =IFERROR(ROUND((VLOOKUP($A8,'UT-2'!$1:$1048576,5,0))/2,0),VLOOKUP($A8,'UT-2'!$1:$1048576,5,0)) -> 0 | AC8: =VLOOKUP($A8,'NOTEBOOK-2(Entry)'!$1:$1048576,5,0) -> 0 | AD8: =VLOOKUP($A8,'ENRICH-2(Entry)'!$1:$1048576,5,0) -> 0 | AE8: =VLOOKUP($A8,ANNUAL!$1:$1048576,5,0) -> 0 | AF8: =SUM(AB8:AE8) -> 0 | AG8: =VLOOKUP($A8,'HY Compile'!$1:$1048576,18,0) -> 0 | AH8: =VLOOKUP($A8,'HY Compile'!$1:$1048576,19,0) -> 0 | AI8: =VLOOKUP($A8,'HY Compile'!$1:$1048576,20,0) -> 0 | AJ8: =VLOOKUP($A8,'HY Compile'!$1:$1048576,21,0) -> 0 | AK8: =SUM(AG8:AJ8) -> 0 | AL8: =IFERROR(ROUND((VLOOKUP($A8,'UT-2'!$1:$1048576,6,0))/2,0),VLOOKUP($A8,'UT-2'!$1:$1048576,6,0)) -> 0 | AM8: =VLOOKUP($A8,'NOTEBOOK-2(Entry)'!$1:$1048576,6,0) -> 0 | AN8: =VLOOKUP($A8,'ENRICH-2(Entry)'!$1:$1048576,6,0) -> 0 | AO8: =VLOOKUP($A8,ANNUAL!$1:$1048576,6,0) -> 0 | AP8: =SUM(AL8:AO8) -> 0 | AQ8: =VLOOKUP($A8,'HY Compile'!$1:$1048576,23,0) -> 0 | AR8: =VLOOKUP($A8,'HY Compile'!$1:$1048576,24,0) -> 0 | AS8: =VLOOKUP($A8,'HY Compile'!$1:$1048576,25,0) -> 0 | AT8: =VLOOKUP($A8,'HY Compile'!$1:$1048576,26,0) -> 0 | AU8: =SUM(AQ8:AT8) -> 0 | AV8: =IFERROR(ROUND((VLOOKUP($A8,'UT-2'!$1:$1048576,7,0))/2,0),VLOOKUP($A8,'UT-2'!$1:$1048576,7,0)) -> 0 | AW8: =VLOOKUP($A8,'NOTEBOOK-2(Entry)'!$1:$1048576,7,0) -> 0 | AX8: =VLOOKUP($A8,'ENRICH-2(Entry)'!$1:$1048576,7,0) -> 0 | AY8: =VLOOKUP($A8,ANNUAL!$1:$1048576,7,0) -> 0 | AZ8: =SUM(AV8:AY8) -> 0 | BA8: =VLOOKUP($A8,'HY Compile'!$1:$1048576,28,0) -> 0 | BB8: =VLOOKUP($A8,'HY Compile'!$1:$1048576,29,0) -> 0 | BC8: =VLOOKUP($A8,'HY Compile'!$1:$1048576,30,0) -> 0 | BD8: =VLOOKUP($A8,'HY Compile'!$1:$1048576,31,0) -> 0 | BE8: =SUM(BA8:BD8) -> 0 | BF8: =IFERROR(ROUND((VLOOKUP($A8,'UT-2'!$1:$1048576,8,0))/2,0),VLOOKUP($A8,'UT-2'!$1:$1048576,8,0)) -> 0 | BG8: =VLOOKUP($A8,'NOTEBOOK-2(Entry)'!$1:$1048576,8,0) -> 0 | BH8: =VLOOKUP($A8,'ENRICH-2(Entry)'!$1:$1048576,8,0) -> 0 | BI8: =VLOOKUP($A8,ANNUAL!$1:$1048576,8,0) -> 0 | BJ8: =SUM(BF8:BI8) -> 0 | BK8: =VLOOKUP($A8,'HY Compile'!$1:$1048576,33,0) -> 0 | BL8: =VLOOKUP($A8,'HY Compile'!$1:$1048576,34,0) -> 0 | BM8: =VLOOKUP($A8,'HY Compile'!$1:$1048576,35,0) -> 0 | BN8: =VLOOKUP($A8,'HY Compile'!$1:$1048576,36,0) -> 0 | BO8: =SUM(BK8:BN8) -> 0 | BP8: =IFERROR(ROUND((VLOOKUP($A8,'UT-2'!$1:$1048576,9,0))/2,0),VLOOKUP($A8,'UT-2'!$1:$1048576,9,0)) -> 0 | BQ8: =VLOOKUP($A8,'NOTEBOOK-2(Entry)'!$1:$1048576,9,0) -> 0 | BR8: =VLOOKUP($A8,'ENRICH-2(Entry)'!$1:$1048576,9,0) -> 0 | BS8: =VLOOKUP($A8,ANNUAL!$1:$1048576,9,0) -> 0 | BT8: =SUM(BP8:BS8) -> 0 | BU8: =VLOOKUP($A8,ANNUAL!$1:$1048576,10,0) -> 0 | BV8: =VLOOKUP($A8,ANNUAL!$1:$1048576,11,0) -> E | BW8: =VLOOKUP($A8,ANNUAL!$1:$1048576,12,0) -> E | BX8: =VLOOKUP($A8,ANNUAL!$1:$1048576,13,0) -> 0 | BY8: =VLOOKUP($A8,ANNUAL!$1:$1048576,14,0) -> 0 | BZ8: =VLOOKUP($A8,ANNUAL!$1:$1048576,15,0) -> 0 | CA8: =VLOOKUP($A8,ANNUAL!$1:$1048576,16,0) -> 0 | CB8: =VLOOKUP($A8,ANNUAL!$1:$1048576,17,0) -> 0 | CC8: =SUM(G8,L8,Q8,V8,AA8,AF8,AK8,AP8,BO8,BT8) -> 0 | CD8: =ROUND(CC8/14,2)&" %" -> 0 %
A9: =DETAILS!A8 -> 1286 | B9: =DETAILS!B8 -> AROHI JAISWAL | C9: =VLOOKUP($A9,'HY Compile'!$1:$1048576,3,0) -> 0 | D9: =VLOOKUP($A9,'HY Compile'!$1:$1048576,4,0) -> 0 | E9: =VLOOKUP($A9,'HY Compile'!$1:$1048576,5,0) -> 0 | F9: =VLOOKUP($A9,'HY Compile'!$1:$1048576,6,0) -> 0 | G9: =SUM(C9:F9) -> 0 | H9: =IFERROR(ROUND((VLOOKUP($A9,'UT-2'!$1:$1048576,3,0))/2,0),VLOOKUP($A9,'UT-2'!$1:$1048576,3,0)) -> 0 | I9: =VLOOKUP($A9,'NOTEBOOK-2(Entry)'!$1:$1048576,3,0) -> 0 | J9: =VLOOKUP($A9,'ENRICH-2(Entry)'!$1:$1048576,3,0) -> 0 | K9: =VLOOKUP($A9,ANNUAL!$1:$1048576,3,0) -> 0 | L9: =SUM(H9:K9) -> 0 | M9: =VLOOKUP($A9,'HY Compile'!$1:$1048576,8,0) -> 0 | N9: =VLOOKUP($A9,'HY Compile'!$1:$1048576,9,0) -> 0 | O9: =VLOOKUP($A9,'HY Compile'!$1:$1048576,10,0) -> 0 | P9: =VLOOKUP($A9,'HY Compile'!$1:$1048576,11,0) -> 0 | Q9: =SUM(M9:P9) -> 0 | R9: =IFERROR(ROUND((VLOOKUP($A9,'UT-2'!$1:$1048576,4,0))/2,0),VLOOKUP($A9,'UT-2'!$1:$1048576,4,0)) -> 0 | S9: =VLOOKUP($A9,'NOTEBOOK-2(Entry)'!$1:$1048576,4,0) -> 0 | T9: =VLOOKUP($A9,'ENRICH-2(Entry)'!$1:$1048576,4,0) -> 0 | U9: =VLOOKUP($A9,ANNUAL!$1:$1048576,4,0) -> 0 | V9: =SUM(R9:U9) -> 0 | W9: =VLOOKUP($A9,'HY Compile'!$1:$1048576,13,0) -> 0 | X9: =VLOOKUP($A9,'HY Compile'!$1:$1048576,14,0) -> 0 | Y9: =VLOOKUP($A9,'HY Compile'!$1:$1048576,15,0) -> 0 | Z9: =VLOOKUP($A9,'HY Compile'!$1:$1048576,16,0) -> 0 | AA9: =SUM(W9:Z9) -> 0 | AB9: =IFERROR(ROUND((VLOOKUP($A9,'UT-2'!$1:$1048576,5,0))/2,0),VLOOKUP($A9,'UT-2'!$1:$1048576,5,0)) -> 0 | AC9: =VLOOKUP($A9,'NOTEBOOK-2(Entry)'!$1:$1048576,5,0) -> 0 | AD9: =VLOOKUP($A9,'ENRICH-2(Entry)'!$1:$1048576,5,0) -> 0 | AE9: =VLOOKUP($A9,ANNUAL!$1:$1048576,5,0) -> 0 | AF9: =SUM(AB9:AE9) -> 0 | AG9: =VLOOKUP($A9,'HY Compile'!$1:$1048576,18,0) -> 0 | AH9: =VLOOKUP($A9,'HY Compile'!$1:$1048576,19,0) -> 0 | AI9: =VLOOKUP($A9,'HY Compile'!$1:$1048576,20,0) -> 0 | AJ9: =VLOOKUP($A9,'HY Compile'!$1:$1048576,21,0) -> 0 | AK9: =SUM(AG9:AJ9) -> 0 | AL9: =IFERROR(ROUND((VLOOKUP($A9,'UT-2'!$1:$1048576,6,0))/2,0),VLOOKUP($A9,'UT-2'!$1:$1048576,6,0)) -> 0 | AM9: =VLOOKUP($A9,'NOTEBOOK-2(Entry)'!$1:$1048576,6,0) -> 0 | AN9: =VLOOKUP($A9,'ENRICH-2(Entry)'!$1:$1048576,6,0) -> 0 | AO9: =VLOOKUP($A9,ANNUAL!$1:$1048576,6,0) -> 0 | AP9: =SUM(AL9:AO9) -> 0 | AQ9: =VLOOKUP($A9,'HY Compile'!$1:$1048576,23,0) -> 0 | AR9: =VLOOKUP($A9,'HY Compile'!$1:$1048576,24,0) -> 0 | AS9: =VLOOKUP($A9,'HY Compile'!$1:$1048576,25,0) -> 0 | AT9: =VLOOKUP($A9,'HY Compile'!$1:$1048576,26,0) -> 0 | AU9: =SUM(AQ9:AT9) -> 0 | AV9: =IFERROR(ROUND((VLOOKUP($A9,'UT-2'!$1:$1048576,7,0))/2,0),VLOOKUP($A9,'UT-2'!$1:$1048576,7,0)) -> 0 | AW9: =VLOOKUP($A9,'NOTEBOOK-2(Entry)'!$1:$1048576,7,0) -> 0 | AX9: =VLOOKUP($A9,'ENRICH-2(Entry)'!$1:$1048576,7,0) -> 0 | AY9: =VLOOKUP($A9,ANNUAL!$1:$1048576,7,0) -> 0 | AZ9: =SUM(AV9:AY9) -> 0 | BA9: =VLOOKUP($A9,'HY Compile'!$1:$1048576,28,0) -> 0 | BB9: =VLOOKUP($A9,'HY Compile'!$1:$1048576,29,0) -> 0 | BC9: =VLOOKUP($A9,'HY Compile'!$1:$1048576,30,0) -> 0 | BD9: =VLOOKUP($A9,'HY Compile'!$1:$1048576,31,0) -> 0 | BE9: =SUM(BA9:BD9) -> 0 | BF9: =IFERROR(ROUND((VLOOKUP($A9,'UT-2'!$1:$1048576,8,0))/2,0),VLOOKUP($A9,'UT-2'!$1:$1048576,8,0)) -> 0 | BG9: =VLOOKUP($A9,'NOTEBOOK-2(Entry)'!$1:$1048576,8,0) -> 0 | BH9: =VLOOKUP($A9,'ENRICH-2(Entry)'!$1:$1048576,8,0) -> 0 | BI9: =VLOOKUP($A9,ANNUAL!$1:$1048576,8,0) -> 0 | BJ9: =SUM(BF9:BI9) -> 0 | BK9: =VLOOKUP($A9,'HY Compile'!$1:$1048576,33,0) -> 0 | BL9: =VLOOKUP($A9,'HY Compile'!$1:$1048576,34,0) -> 0 | BM9: =VLOOKUP($A9,'HY Compile'!$1:$1048576,35,0) -> 0 | BN9: =VLOOKUP($A9,'HY Compile'!$1:$1048576,36,0) -> 0 | BO9: =SUM(BK9:BN9) -> 0 | BP9: =IFERROR(ROUND((VLOOKUP($A9,'UT-2'!$1:$1048576,9,0))/2,0),VLOOKUP($A9,'UT-2'!$1:$1048576,9,0)) -> 0 | BQ9: =VLOOKUP($A9,'NOTEBOOK-2(Entry)'!$1:$1048576,9,0) -> 0 | BR9: =VLOOKUP($A9,'ENRICH-2(Entry)'!$1:$1048576,9,0) -> 0 | BS9: =VLOOKUP($A9,ANNUAL!$1:$1048576,9,0) -> 0 | BT9: =SUM(BP9:BS9) -> 0 | BU9: =VLOOKUP($A9,ANNUAL!$1:$1048576,10,0) -> 0 | BV9: =VLOOKUP($A9,ANNUAL!$1:$1048576,11,0) -> E | BW9: =VLOOKUP($A9,ANNUAL!$1:$1048576,12,0) -> E | BX9: =VLOOKUP($A9,ANNUAL!$1:$1048576,13,0) -> 0 | BY9: =VLOOKUP($A9,ANNUAL!$1:$1048576,14,0) -> 0 | BZ9: =VLOOKUP($A9,ANNUAL!$1:$1048576,15,0) -> 0 | CA9: =VLOOKUP($A9,ANNUAL!$1:$1048576,16,0) -> 0 | CB9: =VLOOKUP($A9,ANNUAL!$1:$1048576,17,0) -> 0 | CC9: =SUM(G9,L9,Q9,V9,AA9,AF9,AK9,AP9,BO9,BT9) -> 0 | CD9: =ROUND(CC9/14,2)&" %" -> 0 %
A10: =DETAILS!A9 -> 1862 | B10: =DETAILS!B9 -> ASHUTOSH MISHRA | C10: =VLOOKUP($A10,'HY Compile'!$1:$1048576,3,0) -> 0 | D10: =VLOOKUP($A10,'HY Compile'!$1:$1048576,4,0) -> 0 | E10: =VLOOKUP($A10,'HY Compile'!$1:$1048576,5,0) -> 0 | F10: =VLOOKUP($A10,'HY Compile'!$1:$1048576,6,0) -> 0 | G10: =SUM(C10:F10) -> 0 | H10: =IFERROR(ROUND((VLOOKUP($A10,'UT-2'!$1:$1048576,3,0))/2,0),VLOOKUP($A10,'UT-2'!$1:$1048576,3,0)) -> 0 | I10: =VLOOKUP($A10,'NOTEBOOK-2(Entry)'!$1:$1048576,3,0) -> 0 | J10: =VLOOKUP($A10,'ENRICH-2(Entry)'!$1:$1048576,3,0) -> 0 | K10: =VLOOKUP($A10,ANNUAL!$1:$1048576,3,0) -> 0 | L10: =SUM(H10:K10) -> 0 | M10: =VLOOKUP($A10,'HY Compile'!$1:$1048576,8,0) -> 0 | N10: =VLOOKUP($A10,'HY Compile'!$1:$1048576,9,0) -> 0 | O10: =VLOOKUP($A10,'HY Compile'!$1:$1048576,10,0) -> 0 | P10: =VLOOKUP($A10,'HY Compile'!$1:$1048576,11,0) -> 0 | Q10: =SUM(M10:P10) -> 0 | R10: =IFERROR(ROUND((VLOOKUP($A10,'UT-2'!$1:$1048576,4,0))/2,0),VLOOKUP($A10,'UT-2'!$1:$1048576,4,0)) -> 0 | S10: =VLOOKUP($A10,'NOTEBOOK-2(Entry)'!$1:$1048576,4,0) -> 0 | T10: =VLOOKUP($A10,'ENRICH-2(Entry)'!$1:$1048576,4,0) -> 0 | U10: =VLOOKUP($A10,ANNUAL!$1:$1048576,4,0) -> 0 | V10: =SUM(R10:U10) -> 0 | W10: =VLOOKUP($A10,'HY Compile'!$1:$1048576,13,0) -> 0 | X10: =VLOOKUP($A10,'HY Compile'!$1:$1048576,14,0) -> 0 | Y10: =VLOOKUP($A10,'HY Compile'!$1:$1048576,15,0) -> 0 | Z10: =VLOOKUP($A10,'HY Compile'!$1:$1048576,16,0) -> 0 | AA10: =SUM(W10:Z10) -> 0 | AB10: =IFERROR(ROUND((VLOOKUP($A10,'UT-2'!$1:$1048576,5,0))/2,0),VLOOKUP($A10,'UT-2'!$1:$1048576,5,0)) -> 0 | AC10: =VLOOKUP($A10,'NOTEBOOK-2(Entry)'!$1:$1048576,5,0) -> 0 | AD10: =VLOOKUP($A10,'ENRICH-2(Entry)'!$1:$1048576,5,0) -> 0 | AE10: =VLOOKUP($A10,ANNUAL!$1:$1048576,5,0) -> 0 | AF10: =SUM(AB10:AE10) -> 0 | AG10: =VLOOKUP($A10,'HY Compile'!$1:$1048576,18,0) -> 0 | AH10: =VLOOKUP($A10,'HY Compile'!$1:$1048576,19,0) -> 0 | AI10: =VLOOKUP($A10,'HY Compile'!$1:$1048576,20,0) -> 0 | AJ10: =VLOOKUP($A10,'HY Compile'!$1:$1048576,21,0) -> 0 | AK10: =SUM(AG10:AJ10) -> 0 | AL10: =IFERROR(ROUND((VLOOKUP($A10,'UT-2'!$1:$1048576,6,0))/2,0),VLOOKUP($A10,'UT-2'!$1:$1048576,6,0)) -> 0 | AM10: =VLOOKUP($A10,'NOTEBOOK-2(Entry)'!$1:$1048576,6,0) -> 0 | AN10: =VLOOKUP($A10,'ENRICH-2(Entry)'!$1:$1048576,6,0) -> 0 | AO10: =VLOOKUP($A10,ANNUAL!$1:$1048576,6,0) -> 0 | AP10: =SUM(AL10:AO10) -> 0 | AQ10: =VLOOKUP($A10,'HY Compile'!$1:$1048576,23,0) -> 0 | AR10: =VLOOKUP($A10,'HY Compile'!$1:$1048576,24,0) -> 0 | AS10: =VLOOKUP($A10,'HY Compile'!$1:$1048576,25,0) -> 0 | AT10: =VLOOKUP($A10,'HY Compile'!$1:$1048576,26,0) -> 0 | AU10: =SUM(AQ10:AT10) -> 0 | AV10: =IFERROR(ROUND((VLOOKUP($A10,'UT-2'!$1:$1048576,7,0))/2,0),VLOOKUP($A10,'UT-2'!$1:$1048576,7,0)) -> 0 | AW10: =VLOOKUP($A10,'NOTEBOOK-2(Entry)'!$1:$1048576,7,0) -> 0 | AX10: =VLOOKUP($A10,'ENRICH-2(Entry)'!$1:$1048576,7,0) -> 0 | AY10: =VLOOKUP($A10,ANNUAL!$1:$1048576,7,0) -> 0 | AZ10: =SUM(AV10:AY10) -> 0 | BA10: =VLOOKUP($A10,'HY Compile'!$1:$1048576,28,0) -> 0 | BB10: =VLOOKUP($A10,'HY Compile'!$1:$1048576,29,0) -> 0 | BC10: =VLOOKUP($A10,'HY Compile'!$1:$1048576,30,0) -> 0 | BD10: =VLOOKUP($A10,'HY Compile'!$1:$1048576,31,0) -> 0 | BE10: =SUM(BA10:BD10) -> 0 | BF10: =IFERROR(ROUND((VLOOKUP($A10,'UT-2'!$1:$1048576,8,0))/2,0),VLOOKUP($A10,'UT-2'!$1:$1048576,8,0)) -> 0 | BG10: =VLOOKUP($A10,'NOTEBOOK-2(Entry)'!$1:$1048576,8,0) -> 0 | BH10: =VLOOKUP($A10,'ENRICH-2(Entry)'!$1:$1048576,8,0) -> 0 | BI10: =VLOOKUP($A10,ANNUAL!$1:$1048576,8,0) -> 0 | BJ10: =SUM(BF10:BI10) -> 0 | BK10: =VLOOKUP($A10,'HY Compile'!$1:$1048576,33,0) -> 0 | BL10: =VLOOKUP($A10,'HY Compile'!$1:$1048576,34,0) -> 0 | BM10: =VLOOKUP($A10,'HY Compile'!$1:$1048576,35,0) -> 0 | BN10: =VLOOKUP($A10,'HY Compile'!$1:$1048576,36,0) -> 0 | BO10: =SUM(BK10:BN10) -> 0 | BP10: =IFERROR(ROUND((VLOOKUP($A10,'UT-2'!$1:$1048576,9,0))/2,0),VLOOKUP($A10,'UT-2'!$1:$1048576,9,0)) -> 0 | BQ10: =VLOOKUP($A10,'NOTEBOOK-2(Entry)'!$1:$1048576,9,0) -> 0 | BR10: =VLOOKUP($A10,'ENRICH-2(Entry)'!$1:$1048576,9,0) -> 0 | BS10: =VLOOKUP($A10,ANNUAL!$1:$1048576,9,0) -> 0 | BT10: =SUM(BP10:BS10) -> 0 | BU10: =VLOOKUP($A10,ANNUAL!$1:$1048576,10,0) -> 0 | BV10: =VLOOKUP($A10,ANNUAL!$1:$1048576,11,0) -> E | BW10: =VLOOKUP($A10,ANNUAL!$1:$1048576,12,0) -> E | BX10: =VLOOKUP($A10,ANNUAL!$1:$1048576,13,0) -> 0 | BY10: =VLOOKUP($A10,ANNUAL!$1:$1048576,14,0) -> 0 | BZ10: =VLOOKUP($A10,ANNUAL!$1:$1048576,15,0) -> 0 | CA10: =VLOOKUP($A10,ANNUAL!$1:$1048576,16,0) -> 0 | CB10: =VLOOKUP($A10,ANNUAL!$1:$1048576,17,0) -> 0 | CC10: =SUM(G10,L10,Q10,V10,AA10,AF10,AK10,AP10,BO10,BT10) -> 0 | CD10: =ROUND(CC10/14,2)&" %" -> 0 %
A11: =DETAILS!A10 -> 1684 | B11: =DETAILS!B10 -> AYUSH GUPTA | C11: =VLOOKUP($A11,'HY Compile'!$1:$1048576,3,0) -> 0 | D11: =VLOOKUP($A11,'HY Compile'!$1:$1048576,4,0) -> 0 | E11: =VLOOKUP($A11,'HY Compile'!$1:$1048576,5,0) -> 0 | F11: =VLOOKUP($A11,'HY Compile'!$1:$1048576,6,0) -> 0 | G11: =SUM(C11:F11) -> 0 | H11: =IFERROR(ROUND((VLOOKUP($A11,'UT-2'!$1:$1048576,3,0))/2,0),VLOOKUP($A11,'UT-2'!$1:$1048576,3,0)) -> 0 | I11: =VLOOKUP($A11,'NOTEBOOK-2(Entry)'!$1:$1048576,3,0) -> 0 | J11: =VLOOKUP($A11,'ENRICH-2(Entry)'!$1:$1048576,3,0) -> 0 | K11: =VLOOKUP($A11,ANNUAL!$1:$1048576,3,0) -> 0 | L11: =SUM(H11:K11) -> 0 | M11: =VLOOKUP($A11,'HY Compile'!$1:$1048576,8,0) -> 0 | N11: =VLOOKUP($A11,'HY Compile'!$1:$1048576,9,0) -> 0 | O11: =VLOOKUP($A11,'HY Compile'!$1:$1048576,10,0) -> 0 | P11: =VLOOKUP($A11,'HY Compile'!$1:$1048576,11,0) -> 0 | Q11: =SUM(M11:P11) -> 0 | R11: =IFERROR(ROUND((VLOOKUP($A11,'UT-2'!$1:$1048576,4,0))/2,0),VLOOKUP($A11,'UT-2'!$1:$1048576,4,0)) -> 0 | S11: =VLOOKUP($A11,'NOTEBOOK-2(Entry)'!$1:$1048576,4,0) -> 0 | T11: =VLOOKUP($A11,'ENRICH-2(Entry)'!$1:$1048576,4,0) -> 0 | U11: =VLOOKUP($A11,ANNUAL!$1:$1048576,4,0) -> 0 | V11: =SUM(R11:U11) -> 0 | W11: =VLOOKUP($A11,'HY Compile'!$1:$1048576,13,0) -> 0 | X11: =VLOOKUP($A11,'HY Compile'!$1:$1048576,14,0) -> 0 | Y11: =VLOOKUP($A11,'HY Compile'!$1:$1048576,15,0) -> 0 | Z11: =VLOOKUP($A11,'HY Compile'!$1:$1048576,16,0) -> 0 | AA11: =SUM(W11:Z11) -> 0 | AB11: =IFERROR(ROUND((VLOOKUP($A11,'UT-2'!$1:$1048576,5,0))/2,0),VLOOKUP($A11,'UT-2'!$1:$1048576,5,0)) -> 0 | AC11: =VLOOKUP($A11,'NOTEBOOK-2(Entry)'!$1:$1048576,5,0) -> 0 | AD11: =VLOOKUP($A11,'ENRICH-2(Entry)'!$1:$1048576,5,0) -> 0 | AE11: =VLOOKUP($A11,ANNUAL!$1:$1048576,5,0) -> 0 | AF11: =SUM(AB11:AE11) -> 0 | AG11: =VLOOKUP($A11,'HY Compile'!$1:$1048576,18,0) -> 0 | AH11: =VLOOKUP($A11,'HY Compile'!$1:$1048576,19,0) -> 0 | AI11: =VLOOKUP($A11,'HY Compile'!$1:$1048576,20,0) -> 0 | AJ11: =VLOOKUP($A11,'HY Compile'!$1:$1048576,21,0) -> 0 | AK11: =SUM(AG11:AJ11) -> 0 | AL11: =IFERROR(ROUND((VLOOKUP($A11,'UT-2'!$1:$1048576,6,0))/2,0),VLOOKUP($A11,'UT-2'!$1:$1048576,6,0)) -> 0 | AM11: =VLOOKUP($A11,'NOTEBOOK-2(Entry)'!$1:$1048576,6,0) -> 0 | AN11: =VLOOKUP($A11,'ENRICH-2(Entry)'!$1:$1048576,6,0) -> 0 | AO11: =VLOOKUP($A11,ANNUAL!$1:$1048576,6,0) -> 0 | AP11: =SUM(AL11:AO11) -> 0 | AQ11: =VLOOKUP($A11,'HY Compile'!$1:$1048576,23,0) -> 0 | AR11: =VLOOKUP($A11,'HY Compile'!$1:$1048576,24,0) -> 0 | AS11: =VLOOKUP($A11,'HY Compile'!$1:$1048576,25,0) -> 0 | AT11: =VLOOKUP($A11,'HY Compile'!$1:$1048576,26,0) -> 0 | AU11: =SUM(AQ11:AT11) -> 0 | AV11: =IFERROR(ROUND((VLOOKUP($A11,'UT-2'!$1:$1048576,7,0))/2,0),VLOOKUP($A11,'UT-2'!$1:$1048576,7,0)) -> 0 | AW11: =VLOOKUP($A11,'NOTEBOOK-2(Entry)'!$1:$1048576,7,0) -> 0 | AX11: =VLOOKUP($A11,'ENRICH-2(Entry)'!$1:$1048576,7,0) -> 0 | AY11: =VLOOKUP($A11,ANNUAL!$1:$1048576,7,0) -> 0 | AZ11: =SUM(AV11:AY11) -> 0 | BA11: =VLOOKUP($A11,'HY Compile'!$1:$1048576,28,0) -> 0 | BB11: =VLOOKUP($A11,'HY Compile'!$1:$1048576,29,0) -> 0 | BC11: =VLOOKUP($A11,'HY Compile'!$1:$1048576,30,0) -> 0 | BD11: =VLOOKUP($A11,'HY Compile'!$1:$1048576,31,0) -> 0 | BE11: =SUM(BA11:BD11) -> 0 | BF11: =IFERROR(ROUND((VLOOKUP($A11,'UT-2'!$1:$1048576,8,0))/2,0),VLOOKUP($A11,'UT-2'!$1:$1048576,8,0)) -> 0 | BG11: =VLOOKUP($A11,'NOTEBOOK-2(Entry)'!$1:$1048576,8,0) -> 0 | BH11: =VLOOKUP($A11,'ENRICH-2(Entry)'!$1:$1048576,8,0) -> 0 | BI11: =VLOOKUP($A11,ANNUAL!$1:$1048576,8,0) -> 0 | BJ11: =SUM(BF11:BI11) -> 0 | BK11: =VLOOKUP($A11,'HY Compile'!$1:$1048576,33,0) -> 0 | BL11: =VLOOKUP($A11,'HY Compile'!$1:$1048576,34,0) -> 0 | BM11: =VLOOKUP($A11,'HY Compile'!$1:$1048576,35,0) -> 0 | BN11: =VLOOKUP($A11,'HY Compile'!$1:$1048576,36,0) -> 0 | BO11: =SUM(BK11:BN11) -> 0 | BP11: =IFERROR(ROUND((VLOOKUP($A11,'UT-2'!$1:$1048576,9,0))/2,0),VLOOKUP($A11,'UT-2'!$1:$1048576,9,0)) -> 0 | BQ11: =VLOOKUP($A11,'NOTEBOOK-2(Entry)'!$1:$1048576,9,0) -> 0 | BR11: =VLOOKUP($A11,'ENRICH-2(Entry)'!$1:$1048576,9,0) -> 0 | BS11: =VLOOKUP($A11,ANNUAL!$1:$1048576,9,0) -> 0 | BT11: =SUM(BP11:BS11) -> 0 | BU11: =VLOOKUP($A11,ANNUAL!$1:$1048576,10,0) -> 0 | BV11: =VLOOKUP($A11,ANNUAL!$1:$1048576,11,0) -> E | BW11: =VLOOKUP($A11,ANNUAL!$1:$1048576,12,0) -> E | BX11: =VLOOKUP($A11,ANNUAL!$1:$1048576,13,0) -> 0 | BY11: =VLOOKUP($A11,ANNUAL!$1:$1048576,14,0) -> 0 | BZ11: =VLOOKUP($A11,ANNUAL!$1:$1048576,15,0) -> 0 | CA11: =VLOOKUP($A11,ANNUAL!$1:$1048576,16,0) -> 0 | CB11: =VLOOKUP($A11,ANNUAL!$1:$1048576,17,0) -> 0 | CC11: =SUM(G11,L11,Q11,V11,AA11,AF11,AK11,AP11,BO11,BT11) -> 0 | CD11: =ROUND(CC11/14,2)&" %" -> 0 %
A12: =DETAILS!A11 -> 1662 | B12: =DETAILS!B11 -> AYUSH KUMAR YOGI | C12: =VLOOKUP($A12,'HY Compile'!$1:$1048576,3,0) -> 0 | D12: =VLOOKUP($A12,'HY Compile'!$1:$1048576,4,0) -> 0 | E12: =VLOOKUP($A12,'HY Compile'!$1:$1048576,5,0) -> 0 | F12: =VLOOKUP($A12,'HY Compile'!$1:$1048576,6,0) -> 0 | G12: =SUM(C12:F12) -> 0 | H12: =IFERROR(ROUND((VLOOKUP($A12,'UT-2'!$1:$1048576,3,0))/2,0),VLOOKUP($A12,'UT-2'!$1:$1048576,3,0)) -> 0 | I12: =VLOOKUP($A12,'NOTEBOOK-2(Entry)'!$1:$1048576,3,0) -> 0 | J12: =VLOOKUP($A12,'ENRICH-2(Entry)'!$1:$1048576,3,0) -> 0 | K12: =VLOOKUP($A12,ANNUAL!$1:$1048576,3,0) -> 0 | L12: =SUM(H12:K12) -> 0 | M12: =VLOOKUP($A12,'HY Compile'!$1:$1048576,8,0) -> 0 | N12: =VLOOKUP($A12,'HY Compile'!$1:$1048576,9,0) -> 0 | O12: =VLOOKUP($A12,'HY Compile'!$1:$1048576,10,0) -> 0 | P12: =VLOOKUP($A12,'HY Compile'!$1:$1048576,11,0) -> 0 | Q12: =SUM(M12:P12) -> 0 | R12: =IFERROR(ROUND((VLOOKUP($A12,'UT-2'!$1:$1048576,4,0))/2,0),VLOOKUP($A12,'UT-2'!$1:$1048576,4,0)) -> 0 | S12: =VLOOKUP($A12,'NOTEBOOK-2(Entry)'!$1:$1048576,4,0) -> 0 | T12: =VLOOKUP($A12,'ENRICH-2(Entry)'!$1:$1048576,4,0) -> 0 | U12: =VLOOKUP($A12,ANNUAL!$1:$1048576,4,0) -> 0 | V12: =SUM(R12:U12) -> 0 | W12: =VLOOKUP($A12,'HY Compile'!$1:$1048576,13,0) -> 0 | X12: =VLOOKUP($A12,'HY Compile'!$1:$1048576,14,0) -> 0 | Y12: =VLOOKUP($A12,'HY Compile'!$1:$1048576,15,0) -> 0 | Z12: =VLOOKUP($A12,'HY Compile'!$1:$1048576,16,0) -> 0 | AA12: =SUM(W12:Z12) -> 0 | AB12: =IFERROR(ROUND((VLOOKUP($A12,'UT-2'!$1:$1048576,5,0))/2,0),VLOOKUP($A12,'UT-2'!$1:$1048576,5,0)) -> 0 | AC12: =VLOOKUP($A12,'NOTEBOOK-2(Entry)'!$1:$1048576,5,0) -> 0 | AD12: =VLOOKUP($A12,'ENRICH-2(Entry)'!$1:$1048576,5,0) -> 0 | AE12: =VLOOKUP($A12,ANNUAL!$1:$1048576,5,0) -> 0 | AF12: =SUM(AB12:AE12) -> 0 | AG12: =VLOOKUP($A12,'HY Compile'!$1:$1048576,18,0) -> 0 | AH12: =VLOOKUP($A12,'HY Compile'!$1:$1048576,19,0) -> 0 | AI12: =VLOOKUP($A12,'HY Compile'!$1:$1048576,20,0) -> 0 | AJ12: =VLOOKUP($A12,'HY Compile'!$1:$1048576,21,0) -> 0 | AK12: =SUM(AG12:AJ12) -> 0 | AL12: =IFERROR(ROUND((VLOOKUP($A12,'UT-2'!$1:$1048576,6,0))/2,0),VLOOKUP($A12,'UT-2'!$1:$1048576,6,0)) -> 0 | AM12: =VLOOKUP($A12,'NOTEBOOK-2(Entry)'!$1:$1048576,6,0) -> 0 | AN12: =VLOOKUP($A12,'ENRICH-2(Entry)'!$1:$1048576,6,0) -> 0 | AO12: =VLOOKUP($A12,ANNUAL!$1:$1048576,6,0) -> 0 | AP12: =SUM(AL12:AO12) -> 0 | AQ12: =VLOOKUP($A12,'HY Compile'!$1:$1048576,23,0) -> 0 | AR12: =VLOOKUP($A12,'HY Compile'!$1:$1048576,24,0) -> 0 | AS12: =VLOOKUP($A12,'HY Compile'!$1:$1048576,25,0) -> 0 | AT12: =VLOOKUP($A12,'HY Compile'!$1:$1048576,26,0) -> 0 | AU12: =SUM(AQ12:AT12) -> 0 | AV12: =IFERROR(ROUND((VLOOKUP($A12,'UT-2'!$1:$1048576,7,0))/2,0),VLOOKUP($A12,'UT-2'!$1:$1048576,7,0)) -> 0 | AW12: =VLOOKUP($A12,'NOTEBOOK-2(Entry)'!$1:$1048576,7,0) -> 0 | AX12: =VLOOKUP($A12,'ENRICH-2(Entry)'!$1:$1048576,7,0) -> 0 | AY12: =VLOOKUP($A12,ANNUAL!$1:$1048576,7,0) -> 0 | AZ12: =SUM(AV12:AY12) -> 0 | BA12: =VLOOKUP($A12,'HY Compile'!$1:$1048576,28,0) -> 0 | BB12: =VLOOKUP($A12,'HY Compile'!$1:$1048576,29,0) -> 0 | BC12: =VLOOKUP($A12,'HY Compile'!$1:$1048576,30,0) -> 0 | BD12: =VLOOKUP($A12,'HY Compile'!$1:$1048576,31,0) -> 0 | BE12: =SUM(BA12:BD12) -> 0 | BF12: =IFERROR(ROUND((VLOOKUP($A12,'UT-2'!$1:$1048576,8,0))/2,0),VLOOKUP($A12,'UT-2'!$1:$1048576,8,0)) -> 0 | BG12: =VLOOKUP($A12,'NOTEBOOK-2(Entry)'!$1:$1048576,8,0) -> 0 | BH12: =VLOOKUP($A12,'ENRICH-2(Entry)'!$1:$1048576,8,0) -> 0 | BI12: =VLOOKUP($A12,ANNUAL!$1:$1048576,8,0) -> 0 | BJ12: =SUM(BF12:BI12) -> 0 | BK12: =VLOOKUP($A12,'HY Compile'!$1:$1048576,33,0) -> 0 | BL12: =VLOOKUP($A12,'HY Compile'!$1:$1048576,34,0) -> 0 | BM12: =VLOOKUP($A12,'HY Compile'!$1:$1048576,35,0) -> 0 | BN12: =VLOOKUP($A12,'HY Compile'!$1:$1048576,36,0) -> 0 | BO12: =SUM(BK12:BN12) -> 0 | BP12: =IFERROR(ROUND((VLOOKUP($A12,'UT-2'!$1:$1048576,9,0))/2,0),VLOOKUP($A12,'UT-2'!$1:$1048576,9,0)) -> 0 | BQ12: =VLOOKUP($A12,'NOTEBOOK-2(Entry)'!$1:$1048576,9,0) -> 0 | BR12: =VLOOKUP($A12,'ENRICH-2(Entry)'!$1:$1048576,9,0) -> 0 | BS12: =VLOOKUP($A12,ANNUAL!$1:$1048576,9,0) -> 0 | BT12: =SUM(BP12:BS12) -> 0 | BU12: =VLOOKUP($A12,ANNUAL!$1:$1048576,10,0) -> 0 | BV12: =VLOOKUP($A12,ANNUAL!$1:$1048576,11,0) -> E | BW12: =VLOOKUP($A12,ANNUAL!$1:$1048576,12,0) -> E | BX12: =VLOOKUP($A12,ANNUAL!$1:$1048576,13,0) -> 0 | BY12: =VLOOKUP($A12,ANNUAL!$1:$1048576,14,0) -> 0 | BZ12: =VLOOKUP($A12,ANNUAL!$1:$1048576,15,0) -> 0 | CA12: =VLOOKUP($A12,ANNUAL!$1:$1048576,16,0) -> 0 | CB12: =VLOOKUP($A12,ANNUAL!$1:$1048576,17,0) -> 0 | CC12: =SUM(G12,L12,Q12,V12,AA12,AF12,AK12,AP12,BO12,BT12) -> 0 | CD12: =ROUND(CC12/14,2)&" %" -> 0 %
A13: =DETAILS!A12 -> 1602 | B13: =DETAILS!B12 -> AYUSHI MISHRA | C13: =VLOOKUP($A13,'HY Compile'!$1:$1048576,3,0) -> 0 | D13: =VLOOKUP($A13,'HY Compile'!$1:$1048576,4,0) -> 0 | E13: =VLOOKUP($A13,'HY Compile'!$1:$1048576,5,0) -> 0 | F13: =VLOOKUP($A13,'HY Compile'!$1:$1048576,6,0) -> 0 | G13: =SUM(C13:F13) -> 0 | H13: =IFERROR(ROUND((VLOOKUP($A13,'UT-2'!$1:$1048576,3,0))/2,0),VLOOKUP($A13,'UT-2'!$1:$1048576,3,0)) -> 0 | I13: =VLOOKUP($A13,'NOTEBOOK-2(Entry)'!$1:$1048576,3,0) -> 0 | J13: =VLOOKUP($A13,'ENRICH-2(Entry)'!$1:$1048576,3,0) -> 0 | K13: =VLOOKUP($A13,ANNUAL!$1:$1048576,3,0) -> 0 | L13: =SUM(H13:K13) -> 0 | M13: =VLOOKUP($A13,'HY Compile'!$1:$1048576,8,0) -> 0 | N13: =VLOOKUP($A13,'HY Compile'!$1:$1048576,9,0) -> 0 | O13: =VLOOKUP($A13,'HY Compile'!$1:$1048576,10,0) -> 0 | P13: =VLOOKUP($A13,'HY Compile'!$1:$1048576,11,0) -> 0 | Q13: =SUM(M13:P13) -> 0 | R13: =IFERROR(ROUND((VLOOKUP($A13,'UT-2'!$1:$1048576,4,0))/2,0),VLOOKUP($A13,'UT-2'!$1:$1048576,4,0)) -> 0 | S13: =VLOOKUP($A13,'NOTEBOOK-2(Entry)'!$1:$1048576,4,0) -> 0 | T13: =VLOOKUP($A13,'ENRICH-2(Entry)'!$1:$1048576,4,0) -> 0 | U13: =VLOOKUP($A13,ANNUAL!$1:$1048576,4,0) -> 0 | V13: =SUM(R13:U13) -> 0 | W13: =VLOOKUP($A13,'HY Compile'!$1:$1048576,13,0) -> 0 | X13: =VLOOKUP($A13,'HY Compile'!$1:$1048576,14,0) -> 0 | Y13: =VLOOKUP($A13,'HY Compile'!$1:$1048576,15,0) -> 0 | Z13: =VLOOKUP($A13,'HY Compile'!$1:$1048576,16,0) -> 0 | AA13: =SUM(W13:Z13) -> 0 | AB13: =IFERROR(ROUND((VLOOKUP($A13,'UT-2'!$1:$1048576,5,0))/2,0),VLOOKUP($A13,'UT-2'!$1:$1048576,5,0)) -> 0 | AC13: =VLOOKUP($A13,'NOTEBOOK-2(Entry)'!$1:$1048576,5,0) -> 0 | AD13: =VLOOKUP($A13,'ENRICH-2(Entry)'!$1:$1048576,5,0) -> 0 | AE13: =VLOOKUP($A13,ANNUAL!$1:$1048576,5,0) -> 0 | AF13: =SUM(AB13:AE13) -> 0 | AG13: =VLOOKUP($A13,'HY Compile'!$1:$1048576,18,0) -> 0 | AH13: =VLOOKUP($A13,'HY Compile'!$1:$1048576,19,0) -> 0 | AI13: =VLOOKUP($A13,'HY Compile'!$1:$1048576,20,0) -> 0 | AJ13: =VLOOKUP($A13,'HY Compile'!$1:$1048576,21,0) -> 0 | AK13: =SUM(AG13:AJ13) -> 0 | AL13: =IFERROR(ROUND((VLOOKUP($A13,'UT-2'!$1:$1048576,6,0))/2,0),VLOOKUP($A13,'UT-2'!$1:$1048576,6,0)) -> 0 | AM13: =VLOOKUP($A13,'NOTEBOOK-2(Entry)'!$1:$1048576,6,0) -> 0 | AN13: =VLOOKUP($A13,'ENRICH-2(Entry)'!$1:$1048576,6,0) -> 0 | AO13: =VLOOKUP($A13,ANNUAL!$1:$1048576,6,0) -> 0 | AP13: =SUM(AL13:AO13) -> 0 | AQ13: =VLOOKUP($A13,'HY Compile'!$1:$1048576,23,0) -> 0 | AR13: =VLOOKUP($A13,'HY Compile'!$1:$1048576,24,0) -> 0 | AS13: =VLOOKUP($A13,'HY Compile'!$1:$1048576,25,0) -> 0 | AT13: =VLOOKUP($A13,'HY Compile'!$1:$1048576,26,0) -> 0 | AU13: =SUM(AQ13:AT13) -> 0 | AV13: =IFERROR(ROUND((VLOOKUP($A13,'UT-2'!$1:$1048576,7,0))/2,0),VLOOKUP($A13,'UT-2'!$1:$1048576,7,0)) -> 0 | AW13: =VLOOKUP($A13,'NOTEBOOK-2(Entry)'!$1:$1048576,7,0) -> 0 | AX13: =VLOOKUP($A13,'ENRICH-2(Entry)'!$1:$1048576,7,0) -> 0 | AY13: =VLOOKUP($A13,ANNUAL!$1:$1048576,7,0) -> 0 | AZ13: =SUM(AV13:AY13) -> 0 | BA13: =VLOOKUP($A13,'HY Compile'!$1:$1048576,28,0) -> 0 | BB13: =VLOOKUP($A13,'HY Compile'!$1:$1048576,29,0) -> 0 | BC13: =VLOOKUP($A13,'HY Compile'!$1:$1048576,30,0) -> 0 | BD13: =VLOOKUP($A13,'HY Compile'!$1:$1048576,31,0) -> 0 | BE13: =SUM(BA13:BD13) -> 0 | BF13: =IFERROR(ROUND((VLOOKUP($A13,'UT-2'!$1:$1048576,8,0))/2,0),VLOOKUP($A13,'UT-2'!$1:$1048576,8,0)) -> 0 | BG13: =VLOOKUP($A13,'NOTEBOOK-2(Entry)'!$1:$1048576,8,0) -> 0 | BH13: =VLOOKUP($A13,'ENRICH-2(Entry)'!$1:$1048576,8,0) -> 0 | BI13: =VLOOKUP($A13,ANNUAL!$1:$1048576,8,0) -> 0 | BJ13: =SUM(BF13:BI13) -> 0 | BK13: =VLOOKUP($A13,'HY Compile'!$1:$1048576,33,0) -> 0 | BL13: =VLOOKUP($A13,'HY Compile'!$1:$1048576,34,0) -> 0 | BM13: =VLOOKUP($A13,'HY Compile'!$1:$1048576,35,0) -> 0 | BN13: =VLOOKUP($A13,'HY Compile'!$1:$1048576,36,0) -> 0 | BO13: =SUM(BK13:BN13) -> 0 | BP13: =IFERROR(ROUND((VLOOKUP($A13,'UT-2'!$1:$1048576,9,0))/2,0),VLOOKUP($A13,'UT-2'!$1:$1048576,9,0)) -> 0 | BQ13: =VLOOKUP($A13,'NOTEBOOK-2(Entry)'!$1:$1048576,9,0) -> 0 | BR13: =VLOOKUP($A13,'ENRICH-2(Entry)'!$1:$1048576,9,0) -> 0 | BS13: =VLOOKUP($A13,ANNUAL!$1:$1048576,9,0) -> 0 | BT13: =SUM(BP13:BS13) -> 0 | BU13: =VLOOKUP($A13,ANNUAL!$1:$1048576,10,0) -> 0 | BV13: =VLOOKUP($A13,ANNUAL!$1:$1048576,11,0) -> E | BW13: =VLOOKUP($A13,ANNUAL!$1:$1048576,12,0) -> E | BX13: =VLOOKUP($A13,ANNUAL!$1:$1048576,13,0) -> 0 | BY13: =VLOOKUP($A13,ANNUAL!$1:$1048576,14,0) -> 0 | BZ13: =VLOOKUP($A13,ANNUAL!$1:$1048576,15,0) -> 0 | CA13: =VLOOKUP($A13,ANNUAL!$1:$1048576,16,0) -> 0 | CB13: =VLOOKUP($A13,ANNUAL!$1:$1048576,17,0) -> 0 | CC13: =SUM(G13,L13,Q13,V13,AA13,AF13,AK13,AP13,BO13,BT13) -> 0 | CD13: =ROUND(CC13/14,2)&" %" -> 0 %
A14: =DETAILS!A13 -> 1842 | B14: =DETAILS!B13 -> DEEPANSH YADAV | C14: =VLOOKUP($A14,'HY Compile'!$1:$1048576,3,0) -> 0 | D14: =VLOOKUP($A14,'HY Compile'!$1:$1048576,4,0) -> 0 | E14: =VLOOKUP($A14,'HY Compile'!$1:$1048576,5,0) -> 0 | F14: =VLOOKUP($A14,'HY Compile'!$1:$1048576,6,0) -> 0 | G14: =SUM(C14:F14) -> 0 | H14: =IFERROR(ROUND((VLOOKUP($A14,'UT-2'!$1:$1048576,3,0))/2,0),VLOOKUP($A14,'UT-2'!$1:$1048576,3,0)) -> 0 | I14: =VLOOKUP($A14,'NOTEBOOK-2(Entry)'!$1:$1048576,3,0) -> 0 | J14: =VLOOKUP($A14,'ENRICH-2(Entry)'!$1:$1048576,3,0) -> 0 | K14: =VLOOKUP($A14,ANNUAL!$1:$1048576,3,0) -> 0 | L14: =SUM(H14:K14) -> 0 | M14: =VLOOKUP($A14,'HY Compile'!$1:$1048576,8,0) -> 0 | N14: =VLOOKUP($A14,'HY Compile'!$1:$1048576,9,0) -> 0 | O14: =VLOOKUP($A14,'HY Compile'!$1:$1048576,10,0) -> 0 | P14: =VLOOKUP($A14,'HY Compile'!$1:$1048576,11,0) -> 0 | Q14: =SUM(M14:P14) -> 0 | R14: =IFERROR(ROUND((VLOOKUP($A14,'UT-2'!$1:$1048576,4,0))/2,0),VLOOKUP($A14,'UT-2'!$1:$1048576,4,0)) -> 0 | S14: =VLOOKUP($A14,'NOTEBOOK-2(Entry)'!$1:$1048576,4,0) -> 0 | T14: =VLOOKUP($A14,'ENRICH-2(Entry)'!$1:$1048576,4,0) -> 0 | U14: =VLOOKUP($A14,ANNUAL!$1:$1048576,4,0) -> 0 | V14: =SUM(R14:U14) -> 0 | W14: =VLOOKUP($A14,'HY Compile'!$1:$1048576,13,0) -> 0 | X14: =VLOOKUP($A14,'HY Compile'!$1:$1048576,14,0) -> 0 | Y14: =VLOOKUP($A14,'HY Compile'!$1:$1048576,15,0) -> 0 | Z14: =VLOOKUP($A14,'HY Compile'!$1:$1048576,16,0) -> 0 | AA14: =SUM(W14:Z14) -> 0 | AB14: =IFERROR(ROUND((VLOOKUP($A14,'UT-2'!$1:$1048576,5,0))/2,0),VLOOKUP($A14,'UT-2'!$1:$1048576,5,0)) -> 0 | AC14: =VLOOKUP($A14,'NOTEBOOK-2(Entry)'!$1:$1048576,5,0) -> 0 | AD14: =VLOOKUP($A14,'ENRICH-2(Entry)'!$1:$1048576,5,0) -> 0 | AE14: =VLOOKUP($A14,ANNUAL!$1:$1048576,5,0) -> 0 | AF14: =SUM(AB14:AE14) -> 0 | AG14: =VLOOKUP($A14,'HY Compile'!$1:$1048576,18,0) -> 0 | AH14: =VLOOKUP($A14,'HY Compile'!$1:$1048576,19,0) -> 0 | AI14: =VLOOKUP($A14,'HY Compile'!$1:$1048576,20,0) -> 0 | AJ14: =VLOOKUP($A14,'HY Compile'!$1:$1048576,21,0) -> 0 | AK14: =SUM(AG14:AJ14) -> 0 | AL14: =IFERROR(ROUND((VLOOKUP($A14,'UT-2'!$1:$1048576,6,0))/2,0),VLOOKUP($A14,'UT-2'!$1:$1048576,6,0)) -> 0 | AM14: =VLOOKUP($A14,'NOTEBOOK-2(Entry)'!$1:$1048576,6,0) -> 0 | AN14: =VLOOKUP($A14,'ENRICH-2(Entry)'!$1:$1048576,6,0) -> 0 | AO14: =VLOOKUP($A14,ANNUAL!$1:$1048576,6,0) -> 0 | AP14: =SUM(AL14:AO14) -> 0 | AQ14: =VLOOKUP($A14,'HY Compile'!$1:$1048576,23,0) -> 0 | AR14: =VLOOKUP($A14,'HY Compile'!$1:$1048576,24,0) -> 0 | AS14: =VLOOKUP($A14,'HY Compile'!$1:$1048576,25,0) -> 0 | AT14: =VLOOKUP($A14,'HY Compile'!$1:$1048576,26,0) -> 0 | AU14: =SUM(AQ14:AT14) -> 0 | AV14: =IFERROR(ROUND((VLOOKUP($A14,'UT-2'!$1:$1048576,7,0))/2,0),VLOOKUP($A14,'UT-2'!$1:$1048576,7,0)) -> 0 | AW14: =VLOOKUP($A14,'NOTEBOOK-2(Entry)'!$1:$1048576,7,0) -> 0 | AX14: =VLOOKUP($A14,'ENRICH-2(Entry)'!$1:$1048576,7,0) -> 0 | AY14: =VLOOKUP($A14,ANNUAL!$1:$1048576,7,0) -> 0 | AZ14: =SUM(AV14:AY14) -> 0 | BA14: =VLOOKUP($A14,'HY Compile'!$1:$1048576,28,0) -> 0 | BB14: =VLOOKUP($A14,'HY Compile'!$1:$1048576,29,0) -> 0 | BC14: =VLOOKUP($A14,'HY Compile'!$1:$1048576,30,0) -> 0 | BD14: =VLOOKUP($A14,'HY Compile'!$1:$1048576,31,0) -> 0 | BE14: =SUM(BA14:BD14) -> 0 | BF14: =IFERROR(ROUND((VLOOKUP($A14,'UT-2'!$1:$1048576,8,0))/2,0),VLOOKUP($A14,'UT-2'!$1:$1048576,8,0)) -> 0 | BG14: =VLOOKUP($A14,'NOTEBOOK-2(Entry)'!$1:$1048576,8,0) -> 0 | BH14: =VLOOKUP($A14,'ENRICH-2(Entry)'!$1:$1048576,8,0) -> 0 | BI14: =VLOOKUP($A14,ANNUAL!$1:$1048576,8,0) -> 0 | BJ14: =SUM(BF14:BI14) -> 0 | BK14: =VLOOKUP($A14,'HY Compile'!$1:$1048576,33,0) -> 0 | BL14: =VLOOKUP($A14,'HY Compile'!$1:$1048576,34,0) -> 0 | BM14: =VLOOKUP($A14,'HY Compile'!$1:$1048576,35,0) -> 0 | BN14: =VLOOKUP($A14,'HY Compile'!$1:$1048576,36,0) -> 0 | BO14: =SUM(BK14:BN14) -> 0 | BP14: =IFERROR(ROUND((VLOOKUP($A14,'UT-2'!$1:$1048576,9,0))/2,0),VLOOKUP($A14,'UT-2'!$1:$1048576,9,0)) -> 0 | BQ14: =VLOOKUP($A14,'NOTEBOOK-2(Entry)'!$1:$1048576,9,0) -> 0 | BR14: =VLOOKUP($A14,'ENRICH-2(Entry)'!$1:$1048576,9,0) -> 0 | BS14: =VLOOKUP($A14,ANNUAL!$1:$1048576,9,0) -> 0 | BT14: =SUM(BP14:BS14) -> 0 | BU14: =VLOOKUP($A14,ANNUAL!$1:$1048576,10,0) -> 0 | BV14: =VLOOKUP($A14,ANNUAL!$1:$1048576,11,0) -> E | BW14: =VLOOKUP($A14,ANNUAL!$1:$1048576,12,0) -> E | BX14: =VLOOKUP($A14,ANNUAL!$1:$1048576,13,0) -> 0 | BY14: =VLOOKUP($A14,ANNUAL!$1:$1048576,14,0) -> 0 | BZ14: =VLOOKUP($A14,ANNUAL!$1:$1048576,15,0) -> 0 | CA14: =VLOOKUP($A14,ANNUAL!$1:$1048576,16,0) -> 0 | CB14: =VLOOKUP($A14,ANNUAL!$1:$1048576,17,0) -> 0 | CC14: =SUM(G14,L14,Q14,V14,AA14,AF14,AK14,AP14,BO14,BT14) -> 0 | CD14: =ROUND(CC14/14,2)&" %" -> 0 %
A15: =DETAILS!A14 -> 1127 | B15: =DETAILS!B14 -> DIKSHA MISHRA | C15: =VLOOKUP($A15,'HY Compile'!$1:$1048576,3,0) -> 0 | D15: =VLOOKUP($A15,'HY Compile'!$1:$1048576,4,0) -> 0 | E15: =VLOOKUP($A15,'HY Compile'!$1:$1048576,5,0) -> 0 | F15: =VLOOKUP($A15,'HY Compile'!$1:$1048576,6,0) -> 0 | G15: =SUM(C15:F15) -> 0 | H15: =IFERROR(ROUND((VLOOKUP($A15,'UT-2'!$1:$1048576,3,0))/2,0),VLOOKUP($A15,'UT-2'!$1:$1048576,3,0)) -> 0 | I15: =VLOOKUP($A15,'NOTEBOOK-2(Entry)'!$1:$1048576,3,0) -> 0 | J15: =VLOOKUP($A15,'ENRICH-2(Entry)'!$1:$1048576,3,0) -> 0 | K15: =VLOOKUP($A15,ANNUAL!$1:$1048576,3,0) -> 0 | L15: =SUM(H15:K15) -> 0 | M15: =VLOOKUP($A15,'HY Compile'!$1:$1048576,8,0) -> 0 | N15: =VLOOKUP($A15,'HY Compile'!$1:$1048576,9,0) -> 0 | O15: =VLOOKUP($A15,'HY Compile'!$1:$1048576,10,0) -> 0 | P15: =VLOOKUP($A15,'HY Compile'!$1:$1048576,11,0) -> 0 | Q15: =SUM(M15:P15) -> 0 | R15: =IFERROR(ROUND((VLOOKUP($A15,'UT-2'!$1:$1048576,4,0))/2,0),VLOOKUP($A15,'UT-2'!$1:$1048576,4,0)) -> 0 | S15: =VLOOKUP($A15,'NOTEBOOK-2(Entry)'!$1:$1048576,4,0) -> 0 | T15: =VLOOKUP($A15,'ENRICH-2(Entry)'!$1:$1048576,4,0) -> 0 | U15: =VLOOKUP($A15,ANNUAL!$1:$1048576,4,0) -> 0 | V15: =SUM(R15:U15) -> 0 | W15: =VLOOKUP($A15,'HY Compile'!$1:$1048576,13,0) -> 0 | X15: =VLOOKUP($A15,'HY Compile'!$1:$1048576,14,0) -> 0 | Y15: =VLOOKUP($A15,'HY Compile'!$1:$1048576,15,0) -> 0 | Z15: =VLOOKUP($A15,'HY Compile'!$1:$1048576,16,0) -> 0 | AA15: =SUM(W15:Z15) -> 0 | AB15: =IFERROR(ROUND((VLOOKUP($A15,'UT-2'!$1:$1048576,5,0))/2,0),VLOOKUP($A15,'UT-2'!$1:$1048576,5,0)) -> 0 | AC15: =VLOOKUP($A15,'NOTEBOOK-2(Entry)'!$1:$1048576,5,0) -> 0 | AD15: =VLOOKUP($A15,'ENRICH-2(Entry)'!$1:$1048576,5,0) -> 0 | AE15: =VLOOKUP($A15,ANNUAL!$1:$1048576,5,0) -> 0 | AF15: =SUM(AB15:AE15) -> 0 | AG15: =VLOOKUP($A15,'HY Compile'!$1:$1048576,18,0) -> 0 | AH15: =VLOOKUP($A15,'HY Compile'!$1:$1048576,19,0) -> 0 | AI15: =VLOOKUP($A15,'HY Compile'!$1:$1048576,20,0) -> 0 | AJ15: =VLOOKUP($A15,'HY Compile'!$1:$1048576,21,0) -> 0 | AK15: =SUM(AG15:AJ15) -> 0 | AL15: =IFERROR(ROUND((VLOOKUP($A15,'UT-2'!$1:$1048576,6,0))/2,0),VLOOKUP($A15,'UT-2'!$1:$1048576,6,0)) -> 0 | AM15: =VLOOKUP($A15,'NOTEBOOK-2(Entry)'!$1:$1048576,6,0) -> 0 | AN15: =VLOOKUP($A15,'ENRICH-2(Entry)'!$1:$1048576,6,0) -> 0 | AO15: =VLOOKUP($A15,ANNUAL!$1:$1048576,6,0) -> 0 | AP15: =SUM(AL15:AO15) -> 0 | AQ15: =VLOOKUP($A15,'HY Compile'!$1:$1048576,23,0) -> 0 | AR15: =VLOOKUP($A15,'HY Compile'!$1:$1048576,24,0) -> 0 | AS15: =VLOOKUP($A15,'HY Compile'!$1:$1048576,25,0) -> 0 | AT15: =VLOOKUP($A15,'HY Compile'!$1:$1048576,26,0) -> 0 | AU15: =SUM(AQ15:AT15) -> 0 | AV15: =IFERROR(ROUND((VLOOKUP($A15,'UT-2'!$1:$1048576,7,0))/2,0),VLOOKUP($A15,'UT-2'!$1:$1048576,7,0)) -> 0 | AW15: =VLOOKUP($A15,'NOTEBOOK-2(Entry)'!$1:$1048576,7,0) -> 0 | AX15: =VLOOKUP($A15,'ENRICH-2(Entry)'!$1:$1048576,7,0) -> 0 | AY15: =VLOOKUP($A15,ANNUAL!$1:$1048576,7,0) -> 0 | AZ15: =SUM(AV15:AY15) -> 0 | BA15: =VLOOKUP($A15,'HY Compile'!$1:$1048576,28,0) -> 0 | BB15: =VLOOKUP($A15,'HY Compile'!$1:$1048576,29,0) -> 0 | BC15: =VLOOKUP($A15,'HY Compile'!$1:$1048576,30,0) -> 0 | BD15: =VLOOKUP($A15,'HY Compile'!$1:$1048576,31,0) -> 0 | BE15: =SUM(BA15:BD15) -> 0 | BF15: =IFERROR(ROUND((VLOOKUP($A15,'UT-2'!$1:$1048576,8,0))/2,0),VLOOKUP($A15,'UT-2'!$1:$1048576,8,0)) -> 0 | BG15: =VLOOKUP($A15,'NOTEBOOK-2(Entry)'!$1:$1048576,8,0) -> 0 | BH15: =VLOOKUP($A15,'ENRICH-2(Entry)'!$1:$1048576,8,0) -> 0 | BI15: =VLOOKUP($A15,ANNUAL!$1:$1048576,8,0) -> 0 | BJ15: =SUM(BF15:BI15) -> 0 | BK15: =VLOOKUP($A15,'HY Compile'!$1:$1048576,33,0) -> 0 | BL15: =VLOOKUP($A15,'HY Compile'!$1:$1048576,34,0) -> 0 | BM15: =VLOOKUP($A15,'HY Compile'!$1:$1048576,35,0) -> 0 | BN15: =VLOOKUP($A15,'HY Compile'!$1:$1048576,36,0) -> 0 | BO15: =SUM(BK15:BN15) -> 0 | BP15: =IFERROR(ROUND((VLOOKUP($A15,'UT-2'!$1:$1048576,9,0))/2,0),VLOOKUP($A15,'UT-2'!$1:$1048576,9,0)) -> 0 | BQ15: =VLOOKUP($A15,'NOTEBOOK-2(Entry)'!$1:$1048576,9,0) -> 0 | BR15: =VLOOKUP($A15,'ENRICH-2(Entry)'!$1:$1048576,9,0) -> 0 | BS15: =VLOOKUP($A15,ANNUAL!$1:$1048576,9,0) -> 0 | BT15: =SUM(BP15:BS15) -> 0 | BU15: =VLOOKUP($A15,ANNUAL!$1:$1048576,10,0) -> 0 | BV15: =VLOOKUP($A15,ANNUAL!$1:$1048576,11,0) -> E | BW15: =VLOOKUP($A15,ANNUAL!$1:$1048576,12,0) -> E | BX15: =VLOOKUP($A15,ANNUAL!$1:$1048576,13,0) -> 0 | BY15: =VLOOKUP($A15,ANNUAL!$1:$1048576,14,0) -> 0 | BZ15: =VLOOKUP($A15,ANNUAL!$1:$1048576,15,0) -> 0 | CA15: =VLOOKUP($A15,ANNUAL!$1:$1048576,16,0) -> 0 | CB15: =VLOOKUP($A15,ANNUAL!$1:$1048576,17,0) -> 0 | CC15: =SUM(G15,L15,Q15,V15,AA15,AF15,AK15,AP15,BO15,BT15) -> 0 | CD15: =ROUND(CC15/14,2)&" %" -> 0 %
A16: =DETAILS!A15 -> 1128 | B16: =DETAILS!B15 -> DIVYANSHI KANAUJIA | C16: =VLOOKUP($A16,'HY Compile'!$1:$1048576,3,0) -> 0 | D16: =VLOOKUP($A16,'HY Compile'!$1:$1048576,4,0) -> 0 | E16: =VLOOKUP($A16,'HY Compile'!$1:$1048576,5,0) -> 0 | F16: =VLOOKUP($A16,'HY Compile'!$1:$1048576,6,0) -> 0 | G16: =SUM(C16:F16) -> 0 | H16: =IFERROR(ROUND((VLOOKUP($A16,'UT-2'!$1:$1048576,3,0))/2,0),VLOOKUP($A16,'UT-2'!$1:$1048576,3,0)) -> 0 | I16: =VLOOKUP($A16,'NOTEBOOK-2(Entry)'!$1:$1048576,3,0) -> 0 | J16: =VLOOKUP($A16,'ENRICH-2(Entry)'!$1:$1048576,3,0) -> 0 | K16: =VLOOKUP($A16,ANNUAL!$1:$1048576,3,0) -> 0 | L16: =SUM(H16:K16) -> 0 | M16: =VLOOKUP($A16,'HY Compile'!$1:$1048576,8,0) -> 0 | N16: =VLOOKUP($A16,'HY Compile'!$1:$1048576,9,0) -> 0 | O16: =VLOOKUP($A16,'HY Compile'!$1:$1048576,10,0) -> 0 | P16: =VLOOKUP($A16,'HY Compile'!$1:$1048576,11,0) -> 0 | Q16: =SUM(M16:P16) -> 0 | R16: =IFERROR(ROUND((VLOOKUP($A16,'UT-2'!$1:$1048576,4,0))/2,0),VLOOKUP($A16,'UT-2'!$1:$1048576,4,0)) -> 0 | S16: =VLOOKUP($A16,'NOTEBOOK-2(Entry)'!$1:$1048576,4,0) -> 0 | T16: =VLOOKUP($A16,'ENRICH-2(Entry)'!$1:$1048576,4,0) -> 0 | U16: =VLOOKUP($A16,ANNUAL!$1:$1048576,4,0) -> 0 | V16: =SUM(R16:U16) -> 0 | W16: =VLOOKUP($A16,'HY Compile'!$1:$1048576,13,0) -> 0 | X16: =VLOOKUP($A16,'HY Compile'!$1:$1048576,14,0) -> 0 | Y16: =VLOOKUP($A16,'HY Compile'!$1:$1048576,15,0) -> 0 | Z16: =VLOOKUP($A16,'HY Compile'!$1:$1048576,16,0) -> 0 | AA16: =SUM(W16:Z16) -> 0 | AB16: =IFERROR(ROUND((VLOOKUP($A16,'UT-2'!$1:$1048576,5,0))/2,0),VLOOKUP($A16,'UT-2'!$1:$1048576,5,0)) -> 0 | AC16: =VLOOKUP($A16,'NOTEBOOK-2(Entry)'!$1:$1048576,5,0) -> 0 | AD16: =VLOOKUP($A16,'ENRICH-2(Entry)'!$1:$1048576,5,0) -> 0 | AE16: =VLOOKUP($A16,ANNUAL!$1:$1048576,5,0) -> 0 | AF16: =SUM(AB16:AE16) -> 0 | AG16: =VLOOKUP($A16,'HY Compile'!$1:$1048576,18,0) -> 0 | AH16: =VLOOKUP($A16,'HY Compile'!$1:$1048576,19,0) -> 0 | AI16: =VLOOKUP($A16,'HY Compile'!$1:$1048576,20,0) -> 0 | AJ16: =VLOOKUP($A16,'HY Compile'!$1:$1048576,21,0) -> 0 | AK16: =SUM(AG16:AJ16) -> 0 | AL16: =IFERROR(ROUND((VLOOKUP($A16,'UT-2'!$1:$1048576,6,0))/2,0),VLOOKUP($A16,'UT-2'!$1:$1048576,6,0)) -> 0 | AM16: =VLOOKUP($A16,'NOTEBOOK-2(Entry)'!$1:$1048576,6,0) -> 0 | AN16: =VLOOKUP($A16,'ENRICH-2(Entry)'!$1:$1048576,6,0) -> 0 | AO16: =VLOOKUP($A16,ANNUAL!$1:$1048576,6,0) -> 0 | AP16: =SUM(AL16:AO16) -> 0 | AQ16: =VLOOKUP($A16,'HY Compile'!$1:$1048576,23,0) -> 0 | AR16: =VLOOKUP($A16,'HY Compile'!$1:$1048576,24,0) -> 0 | AS16: =VLOOKUP($A16,'HY Compile'!$1:$1048576,25,0) -> 0 | AT16: =VLOOKUP($A16,'HY Compile'!$1:$1048576,26,0) -> 0 | AU16: =SUM(AQ16:AT16) -> 0 | AV16: =IFERROR(ROUND((VLOOKUP($A16,'UT-2'!$1:$1048576,7,0))/2,0),VLOOKUP($A16,'UT-2'!$1:$1048576,7,0)) -> 0 | AW16: =VLOOKUP($A16,'NOTEBOOK-2(Entry)'!$1:$1048576,7,0) -> 0 | AX16: =VLOOKUP($A16,'ENRICH-2(Entry)'!$1:$1048576,7,0) -> 0 | AY16: =VLOOKUP($A16,ANNUAL!$1:$1048576,7,0) -> 0 | AZ16: =SUM(AV16:AY16) -> 0 | BA16: =VLOOKUP($A16,'HY Compile'!$1:$1048576,28,0) -> 0 | BB16: =VLOOKUP($A16,'HY Compile'!$1:$1048576,29,0) -> 0 | BC16: =VLOOKUP($A16,'HY Compile'!$1:$1048576,30,0) -> 0 | BD16: =VLOOKUP($A16,'HY Compile'!$1:$1048576,31,0) -> 0 | BE16: =SUM(BA16:BD16) -> 0 | BF16: =IFERROR(ROUND((VLOOKUP($A16,'UT-2'!$1:$1048576,8,0))/2,0),VLOOKUP($A16,'UT-2'!$1:$1048576,8,0)) -> 0 | BG16: =VLOOKUP($A16,'NOTEBOOK-2(Entry)'!$1:$1048576,8,0) -> 0 | BH16: =VLOOKUP($A16,'ENRICH-2(Entry)'!$1:$1048576,8,0) -> 0 | BI16: =VLOOKUP($A16,ANNUAL!$1:$1048576,8,0) -> 0 | BJ16: =SUM(BF16:BI16) -> 0 | BK16: =VLOOKUP($A16,'HY Compile'!$1:$1048576,33,0) -> 0 | BL16: =VLOOKUP($A16,'HY Compile'!$1:$1048576,34,0) -> 0 | BM16: =VLOOKUP($A16,'HY Compile'!$1:$1048576,35,0) -> 0 | BN16: =VLOOKUP($A16,'HY Compile'!$1:$1048576,36,0) -> 0 | BO16: =SUM(BK16:BN16) -> 0 | BP16: =IFERROR(ROUND((VLOOKUP($A16,'UT-2'!$1:$1048576,9,0))/2,0),VLOOKUP($A16,'UT-2'!$1:$1048576,9,0)) -> 0 | BQ16: =VLOOKUP($A16,'NOTEBOOK-2(Entry)'!$1:$1048576,9,0) -> 0 | BR16: =VLOOKUP($A16,'ENRICH-2(Entry)'!$1:$1048576,9,0) -> 0 | BS16: =VLOOKUP($A16,ANNUAL!$1:$1048576,9,0) -> 0 | BT16: =SUM(BP16:BS16) -> 0 | BU16: =VLOOKUP($A16,ANNUAL!$1:$1048576,10,0) -> 0 | BV16: =VLOOKUP($A16,ANNUAL!$1:$1048576,11,0) -> E | BW16: =VLOOKUP($A16,ANNUAL!$1:$1048576,12,0) -> E | BX16: =VLOOKUP($A16,ANNUAL!$1:$1048576,13,0) -> 0 | BY16: =VLOOKUP($A16,ANNUAL!$1:$1048576,14,0) -> 0 | BZ16: =VLOOKUP($A16,ANNUAL!$1:$1048576,15,0) -> 0 | CA16: =VLOOKUP($A16,ANNUAL!$1:$1048576,16,0) -> 0 | CB16: =VLOOKUP($A16,ANNUAL!$1:$1048576,17,0) -> 0 | CC16: =SUM(G16,L16,Q16,V16,AA16,AF16,AK16,AP16,BO16,BT16) -> 0 | CD16: =ROUND(CC16/14,2)&" %" -> 0 %
... A42: =DETAILS!A41 -> 1860 | B42: =DETAILS!B41 -> VIKAS VERMA | C42: =VLOOKUP($A42,'HY Compile'!$1:$1048576,3,0) -> #N/A | D42: =VLOOKUP($A42,'HY Compile'!$1:$1048576,4,0) -> #N/A | E42: =VLOOKUP($A42,'HY Compile'!$1:$1048576,5,0) -> #N/A | F42: =VLOOKUP($A42,'HY Compile'!$1:$1048576,6,0) -> #N/A | G42: =SUM(C42:F42) -> #N/A | H42: =IFERROR(ROUND((VLOOKUP($A42,'UT-2'!$1:$1048576,3,0))/2,0),VLOOKUP($A42,'UT-2'!$1:$1048576,3,0)) -> 0 | I42: =VLOOKUP($A42,'NOTEBOOK-2(Entry)'!$1:$1048576,3,0) -> 0 | J42: =VLOOKUP($A42,'ENRICH-2(Entry)'!$1:$1048576,3,0) -> 0 | K42: =VLOOKUP($A42,ANNUAL!$1:$1048576,3,0) -> 0 | L42: =SUM(H42:K42) -> 0 | M42: =VLOOKUP($A42,'HY Compile'!$1:$1048576,8,0) -> #N/A | N42: =VLOOKUP($A42,'HY Compile'!$1:$1048576,9,0) -> #N/A | O42: =VLOOKUP($A42,'HY Compile'!$1:$1048576,10,0) -> #N/A | P42: =VLOOKUP($A42,'HY Compile'!$1:$1048576,11,0) -> #N/A | Q42: =SUM(M42:P42) -> #N/A | R42: =IFERROR(ROUND((VLOOKUP($A42,'UT-2'!$1:$1048576,4,0))/2,0),VLOOKUP($A42,'UT-2'!$1:$1048576,4,0)) -> 0 | S42: =VLOOKUP($A42,'NOTEBOOK-2(Entry)'!$1:$1048576,4,0) -> 0 | T42: =VLOOKUP($A42,'ENRICH-2(Entry)'!$1:$1048576,4,0) -> 0 | U42: =VLOOKUP($A42,ANNUAL!$1:$1048576,4,0) -> 0 | V42: =SUM(R42:U42) -> 0 | W42: =VLOOKUP($A42,'HY Compile'!$1:$1048576,13,0) -> #N/A | X42: =VLOOKUP($A42,'HY Compile'!$1:$1048576,14,0) -> #N/A | Y42: =VLOOKUP($A42,'HY Compile'!$1:$1048576,15,0) -> #N/A | Z42: =VLOOKUP($A42,'HY Compile'!$1:$1048576,16,0) -> #N/A | AA42: =SUM(W42:Z42) -> #N/A | AB42: =IFERROR(ROUND((VLOOKUP($A42,'UT-2'!$1:$1048576,5,0))/2,0),VLOOKUP($A42,'UT-2'!$1:$1048576,5,0)) -> 0 | AC42: =VLOOKUP($A42,'NOTEBOOK-2(Entry)'!$1:$1048576,5,0) -> 0 | AD42: =VLOOKUP($A42,'ENRICH-2(Entry)'!$1:$1048576,5,0) -> 0 | AE42: =VLOOKUP($A42,ANNUAL!$1:$1048576,5,0) -> 0 | AF42: =SUM(AB42:AE42) -> 0 | AG42: =VLOOKUP($A42,'HY Compile'!$1:$1048576,18,0) -> #N/A | AH42: =VLOOKUP($A42,'HY Compile'!$1:$1048576,19,0) -> #N/A | AI42: =VLOOKUP($A42,'HY Compile'!$1:$1048576,20,0) -> #N/A | AJ42: =VLOOKUP($A42,'HY Compile'!$1:$1048576,21,0) -> #N/A | AK42: =SUM(AG42:AJ42) -> #N/A | AL42: =IFERROR(ROUND((VLOOKUP($A42,'UT-2'!$1:$1048576,6,0))/2,0),VLOOKUP($A42,'UT-2'!$1:$1048576,6,0)) -> 0 | AM42: =VLOOKUP($A42,'NOTEBOOK-2(Entry)'!$1:$1048576,6,0) -> 0 | AN42: =VLOOKUP($A42,'ENRICH-2(Entry)'!$1:$1048576,6,0) -> 0 | AO42: =VLOOKUP($A42,ANNUAL!$1:$1048576,6,0) -> 0 | AP42: =SUM(AL42:AO42) -> 0 | AQ42: =VLOOKUP($A42,'HY Compile'!$1:$1048576,23,0) -> #N/A | AR42: =VLOOKUP($A42,'HY Compile'!$1:$1048576,24,0) -> #N/A | AS42: =VLOOKUP($A42,'HY Compile'!$1:$1048576,25,0) -> #N/A | AT42: =VLOOKUP($A42,'HY Compile'!$1:$1048576,26,0) -> #N/A | AU42: =SUM(AQ42:AT42) -> #N/A | AV42: =IFERROR(ROUND((VLOOKUP($A42,'UT-2'!$1:$1048576,7,0))/2,0),VLOOKUP($A42,'UT-2'!$1:$1048576,7,0)) -> 0 | AW42: =VLOOKUP($A42,'NOTEBOOK-2(Entry)'!$1:$1048576,7,0) -> 0 | AX42: =VLOOKUP($A42,'ENRICH-2(Entry)'!$1:$1048576,7,0) -> 0 | AY42: =VLOOKUP($A42,ANNUAL!$1:$1048576,7,0) -> 0 | AZ42: =SUM(AV42:AY42) -> 0 | BA42: =VLOOKUP($A42,'HY Compile'!$1:$1048576,28,0) -> #N/A | BB42: =VLOOKUP($A42,'HY Compile'!$1:$1048576,29,0) -> #N/A | BC42: =VLOOKUP($A42,'HY Compile'!$1:$1048576,30,0) -> #N/A | BD42: =VLOOKUP($A42,'HY Compile'!$1:$1048576,31,0) -> #N/A | BE42: =SUM(BA42:BD42) -> #N/A | BF42: =IFERROR(ROUND((VLOOKUP($A42,'UT-2'!$1:$1048576,8,0))/2,0),VLOOKUP($A42,'UT-2'!$1:$1048576,8,0)) -> 0 | BG42: =VLOOKUP($A42,'NOTEBOOK-2(Entry)'!$1:$1048576,8,0) -> 0 | BH42: =VLOOKUP($A42,'ENRICH-2(Entry)'!$1:$1048576,8,0) -> 0 | BI42: =VLOOKUP($A42,ANNUAL!$1:$1048576,8,0) -> 0 | BJ42: =SUM(BF42:BI42) -> 0 | BK42: =VLOOKUP($A42,'HY Compile'!$1:$1048576,33,0) -> #N/A | BL42: =VLOOKUP($A42,'HY Compile'!$1:$1048576,34,0) -> #N/A | BM42: =VLOOKUP($A42,'HY Compile'!$1:$1048576,35,0) -> #N/A | BN42: =VLOOKUP($A42,'HY Compile'!$1:$1048576,36,0) -> #N/A | BO42: =SUM(BK42:BN42) -> #N/A | BP42: =IFERROR(ROUND((VLOOKUP($A42,'UT-2'!$1:$1048576,9,0))/2,0),VLOOKUP($A42,'UT-2'!$1:$1048576,9,0)) -> 0 | BQ42: =VLOOKUP($A42,'NOTEBOOK-2(Entry)'!$1:$1048576,9,0) -> 0 | BR42: =VLOOKUP($A42,'ENRICH-2(Entry)'!$1:$1048576,9,0) -> 0 | BS42: =VLOOKUP($A42,ANNUAL!$1:$1048576,9,0) -> 0 | BT42: =SUM(BP42:BS42) -> 0 | BU42: =VLOOKUP($A42,ANNUAL!$1:$1048576,10,0) -> 0 | BV42: =VLOOKUP($A42,ANNUAL!$1:$1048576,11,0) -> E | BW42: =VLOOKUP($A42,ANNUAL!$1:$1048576,12,0) -> E | BX42: =VLOOKUP($A42,ANNUAL!$1:$1048576,13,0) -> 0 | BY42: =VLOOKUP($A42,ANNUAL!$1:$1048576,14,0) -> 0 | BZ42: =VLOOKUP($A42,ANNUAL!$1:$1048576,15,0) -> 0 | CA42: =VLOOKUP($A42,ANNUAL!$1:$1048576,16,0) -> 0 | CB42: =VLOOKUP($A42,ANNUAL!$1:$1048576,17,0) -> 0 | CC42: =SUM(G42,L42,Q42,V42,AA42,AF42,AK42,AP42,BO42,BT42) -> #N/A | CD42: =ROUND(CC42/14,2)&" %" -> #N/A

Sheet REORT CARD
B2: SAINIK PUBLIC SCHOOL
B3: (Affiliated to C.B.S.E. New Delhi- Reg. No. : 2131299)
B4: Building No. VB1893, Vikas Bhawan Ward,
B5: Nagar Palika Parishad, Nawabganj, Barabanki
B6: ANNUAL REPORT CARD
B7: SESSION 2025-26
B8: STUDENT PROFILE
B9: Student's Name | C9: =": "&VLOOKUP($K$9,DETAILS!$1:$1048576,2,0) -> #N/A | I9: Admission No. : | K9: 1
B10: Mother's Name | C10: =": "&VLOOKUP($K$9,DETAILS!$1:$1048576,3,0) -> #N/A | I10: Class & Sec. : | K10: =VLOOKUP($K$9,DETAILS!$1:$1048576,6,0) -> #N/A
B11: Father's Name | C11: =": "&VLOOKUP($K$9,DETAILS!$1:$1048576,4,0) -> #N/A | I11: Date of Birth : | K11: =VLOOKUP($K$9,DETAILS!$1:$1048576,5,0) -> #N/A
B13: PART-1 : ACADEMIC PERFORMANCE-SCHOLASTIC AREAS
B14: SUBJECT | C14: Unit Test-1 (10) | D14: Note book-1 (5) | E14: Subject Enrich ment-1 (5) | F14: Half Yearly (80) | G14: TOTAL (100) | H14: Unit Test-2 (10) | I14: Note book-2 (5) | J14: Subject Enchrich ment-2 (5) | K14: Annual (80) | L14: TOTAL (100) | M14: GRAND TOTAL (200)
B15: ENGLISH | C15: =VLOOKUP($K$9,'COMPILE REPORT'!$1:$1048576,3,0) -> #N/A | D15: =VLOOKUP($K$9,'COMPILE REPORT'!$1:$1048576,4,0) -> #N/A | E15: =VLOOKUP($K$9,'COMPILE REPORT'!$1:$1048576,5,0) -> #N/A | F15: =VLOOKUP($K$9,'COMPILE REPORT'!$1:$1048576,6,0) -> #N/A | G15: =SUM(C15:F15) -> #N/A | H15: =VLOOKUP($K$9,'COMPILE REPORT'!$1:$1048576,8,0) -> #N/A | I15: =VLOOKUP($K$9,'COMPILE REPORT'!$1:$1048576,9,0) -> #N/A | J15: =VLOOKUP($K$9,'COMPILE REPORT'!$1:$1048576,10,0) -> #N/A | K15: =VLOOKUP($K$9,'COMPILE REPORT'!$1:$1048576,11,0) -> #N/A | L15: =SUM(H15:K15) -> #N/A | M15: =SUM(G15,L15) -> #N/A
B16: HINDI | C16: =VLOOKUP($K$9,'COMPILE REPORT'!$1:$1048576,13,0) -> #N/A | D16: =VLOOKUP($K$9,'COMPILE REPORT'!$1:$1048576,14,0) -> #N/A | E16: =VLOOKUP($K$9,'COMPILE REPORT'!$1:$1048576,15,0) -> #N/A | F16: =VLOOKUP($K$9,'COMPILE REPORT'!$1:$1048576,16,0) -> #N/A | G16: =SUM(C16:F16) -> #N/A | H16: =VLOOKUP($K$9,'COMPILE REPORT'!$1:$1048576,18,0) -> #N/A | I16: =VLOOKUP($K$9,'COMPILE REPORT'!$1:$1048576,19,0) -> #N/A | J16: =VLOOKUP($K$9,'COMPILE REPORT'!$1:$1048576,20,0) -> #N/A | K16: =VLOOKUP($K$9,'COMPILE REPORT'!$1:$1048576,21,0) -> #N/A | L16: =SUM(H16:K16) -> #N/A | M16: =SUM(G16,L16) -> #N/A
B17: MATHEMATICS | C17: =VLOOKUP($K$9,'COMPILE REPORT'!$1:$1048576,23,0) -> #N/A | D17: =VLOOKUP($K$9,'COMPILE REPORT'!$1:$1048576,24,0) -> #N/A | E17: =VLOOKUP($K$9,'COMPILE REPORT'!$1:$1048576,25,0) -> #N/A | F17: =VLOOKUP($K$9,'COMPILE REPORT'!$1:$1048576,26,0) -> #N/A | G17: =SUM(C17:F17) -> #N/A | H17: =VLOOKUP($K$9,'COMPILE REPORT'!$1:$1048576,28,0) -> #N/A | I17: =VLOOKUP($K$9,'COMPILE REPORT'!$1:$1048576,29,0) -> #N/A | J17: =VLOOKUP($K$9,'COMPILE REPORT'!$1:$1048576,30,0) -> #N/A | K17: =VLOOKUP($K$9,'COMPILE REPORT'!$1:$1048576,31,0) -> #N/A | L17: =SUM(H17:K17) -> #N/A | M17: =SUM(G17,L17) -> #N/A
B18: SCIENCE | C18: =VLOOKUP($K$9,'COMPILE REPORT'!$1:$1048576,33,0) -> #N/A | D18: =VLOOKUP($K$9,'COMPILE REPORT'!$1:$1048576,34,0) -> #N/A | E18: =VLOOKUP($K$9,'COMPILE REPORT'!$1:$1048576,35,0) -> #N/A | F18: =VLOOKUP($K$9,'COMPILE REPORT'!$1:$1048576,36,0) -> #N/A | G18: =SUM(C18:F18) -> #N/A | H18: =VLOOKUP($K$9,'COMPILE REPORT'!$1:$1048576,38,0) -> #N/A | I18: =VLOOKUP($K$9,'COMPILE REPORT'!$1:$1048576,39,0) -> #N/A | J18: =VLOOKUP($K$9,'COMPILE REPORT'!$1:$1048576,40,0) -> #N/A | K18: =VLOOKUP($K$9,'COMPILE REPORT'!$1:$1048576,41,0) -> #N/A | L18: =SUM(H18:K18) -> #N/A | M18: =SUM(G18,L18) -> #N/A
B19: SOCIAL STUDIES | C19: =VLOOKUP($K$9,'COMPILE REPORT'!$1:$1048576,43,0) -> #N/A | D19: =VLOOKUP($K$9,'COMPILE REPORT'!$1:$1048576,44,0) -> #N/A | E19: =VLOOKUP($K$9,'COMPILE REPORT'!$1:$1048576,45,0) -> #N/A | F19: =VLOOKUP($K$9,'COMPILE REPORT'!$1:$1048576,46,0) -> #N/A | G19: =SUM(C19:F19) -> #N/A | H19: =VLOOKUP($K$9,'COMPILE REPORT'!$1:$1048576,48,0) -> #N/A | I19: =VLOOKUP($K$9,'COMPILE REPORT'!$1:$1048576,49,0) -> #N/A | J19: =VLOOKUP($K$9,'COMPILE REPORT'!$1:$1048576,50,0) -> #N/A | K19: =VLOOKUP($K$9,'COMPILE REPORT'!$1:$1048576,51,0) -> #N/A | L19: =SUM(H19:K19) -> #N/A | M19: =SUM(G19,L19) -> #N/A
B20: SANSKRIT | C20: =VLOOKUP($K$9,'COMPILE REPORT'!$1:$1048576,53,0) -> #N/A | D20: =VLOOKUP($K$9,'COMPILE REPORT'!$1:$1048576,54,0) -> #N/A | E20: =VLOOKUP($K$9,'COMPILE REPORT'!$1:$1048576,55,0) -> #N/A | F20: =VLOOKUP($K$9,'COMPILE REPORT'!$1:$1048576,56,0) -> #N/A | G20: =SUM(C20:F20) -> #N/A | H20: =VLOOKUP($K$9,'COMPILE REPORT'!$1:$1048576,58,0) -> #N/A | I20: =VLOOKUP($K$9,'COMPILE REPORT'!$1:$1048576,59,0) -> #N/A | J20: =VLOOKUP($K$9,'COMPILE REPORT'!$1:$1048576,60,0) -> #N/A | K20: =VLOOKUP($K$9,'COMPILE REPORT'!$1:$1048576,61,0) -> #N/A | L20: =SUM(H20:K20) -> #N/A | M20: =SUM(G20,L20) -> #N/A
B21: COMPUTER | C21: =VLOOKUP($K$9,'COMPILE REPORT'!$1:$1048576,63,0) -> #N/A | D21: =VLOOKUP($K$9,'COMPILE REPORT'!$1:$1048576,64,0) -> #N/A | E21: =VLOOKUP($K$9,'COMPILE REPORT'!$1:$1048576,65,0) -> #N/A | F21: =VLOOKUP($K$9,'COMPILE REPORT'!$1:$1048576,66,0) -> #N/A | G21: =SUM(C21:F21) -> #N/A | H21: =VLOOKUP($K$9,'COMPILE REPORT'!$1:$1048576,68,0) -> #N/A | I21: =VLOOKUP($K$9,'COMPILE REPORT'!$1:$1048576,69,0) -> #N/A | J21: =VLOOKUP($K$9,'COMPILE REPORT'!$1:$1048576,70,0) -> #N/A | K21: =VLOOKUP($K$9,'COMPILE REPORT'!$1:$1048576,71,0) -> #N/A | L21: =SUM(H21:K21) -> #N/A | M21: =SUM(G21,L21) -> #N/A
B23: Attendance | C23: =VLOOKUP($K$9,'COMPILE REPORT'!$1:$1048576,78,0) -> #N/A | D23: =VLOOKUP($K$9,'COMPILE REPORT'!$1:$1048576,79,0) -> #N/A | J23: Percentage : | L23: =ROUND(SUM(M15:M21)/14,2)&" %" -> #N/A
C24: =VLOOKUP($K$9,'COMPILE REPORT'!$1:$1048576,53,0) -> #N/A | D24: =VLOOKUP($K$9,'COMPILE REPORT'!$1:$1048576,53,0) -> #N/A | J24: Grand Total : | L24: =SUM(M15:M21)& "/1400" -> #N/A
B27: PART-2:CO-SCHOLASTIC AREAS | K27: GRADE
B28: Work Education | K28: =VLOOKUP($K$9,'COMPILE REPORT'!$1:$1048576,73,0) -> #N/A | L28: =VLOOKUP($K$9,'COMPILE REPORT'!$1:$1048576,61,0) -> #N/A | M28: =VLOOKUP($K$9,'COMPILE REPORT'!$1:$1048576,61,0) -> #N/A
B29: Art Education | K29: =VLOOKUP($K$9,'COMPILE REPORT'!$1:$1048576,74,0) -> #N/A | L29: =VLOOKUP($K$9,'COMPILE REPORT'!$1:$1048576,61,0) -> #N/A | M29: =VLOOKUP($K$9,'COMPILE REPORT'!$1:$1048576,61,0) -> #N/A
B30: General Knowledge | K30: =VLOOKUP($K$9,'COMPILE REPORT'!$1:$1048576,75,0) -> #N/A | L30: =VLOOKUP($K$9,'COMPILE REPORT'!$1:$1048576,61,0) -> #N/A | M30: =VLOOKUP($K$9,'COMPILE REPORT'!$1:$1048576,61,0) -> #N/A
B31: Health & Physical Education | K31: =VLOOKUP($K$9,'COMPILE REPORT'!$1:$1048576,76,0) -> #N/A | L31: =VLOOKUP($K$9,'COMPILE REPORT'!$1:$1048576,61,0) -> #N/A | M31: =VLOOKUP($K$9,'COMPILE REPORT'!$1:$1048576,61,0) -> #N/A
B32: Discipline | K32: =VLOOKUP($K$9,'COMPILE REPORT'!$1:$1048576,77,0) -> #N/A | L32: =VLOOKUP($K$9,'COMPILE REPORT'!$1:$1048576,61,0) -> #N/A | M32: =VLOOKUP($K$9,'COMPILE REPORT'!$1:$1048576,61,0) -> #N/A
B34: Mark Range | D34: 100-81 | F34: 80-61 | H34: 60-41 | J34: 40-33 | L34: 33-0
B35: Grade | D35: A | F35: B | H35: C | J35: D | L35: E
B38: ="Class Teacher's Remark: "&VLOOKUP($K$9,'COMPILE REPORT'!$1:$1048576,80,0) -> #N/A
J39: Promoted to Class : VIII
B40: Issue Date: 27.03.2026 | J40: School Repoen Date : 01.04.2026
B43: Class Teacher's Signature | J43: Principal's Signature
