Workbook

Sheet DETAILS
A1: STUDENT'S DETAIL
A2: SR NO | B2: NAME | C2: MOTHER'S NAME | D2: FATHER'S NAME | E2: DOB | F2: CLASS & SEC | G2: Elective1 | H2: Elective1 Code
A3: 1925 | B3: ARYAN GUPTA | C3: ANJALI GUPTA | D3: PREMCHANDRA GUPTA | E3: 07.07.2008 | F3: XI-HUM. | G3: HINDI CORE | H3: 302 | K3: 302
A4: 1918 | B4: SANJANA PATEL | C4: REKHA VERMA | D4: LATE MITHLESH KUMAR | E4: 15.04.2009 | F4: XI-HUM.

Sheet UT-I(Entry)
A1: UNIT TEST-I (2025-26) CLASS - XI-Human
A2: SR. NO. | B2: NAME | C2: ENGLISH | D2: HINDI/CS | E2: HISTORY | F2: POLITICAL SCIENCE | G2: GEOGRAPHY | H2: PHYSICAL EDUCATION | I2: Attendance
I3: Present | J3: Working Day
A4: =DETAILS!A3 -> 1925 | B4: =DETAILS!B3 -> ARYAN GUPTA
A5: =DETAILS!A4 -> 1918 | B5: =DETAILS!B4 -> SANJANA PATEL

Sheet UT-I 
A1: UNIT TEST-I (2025-26) CLASS - XI-Human
A2: SR. NO. | B2: NAME | C2: ENGLISH | D2: HINDI/CS | E2: HISTORY | F2: POLITICAL SCIENCE | G2: GEOGRAPHY | H2: PHYSICAL EDUCATION | I2: TOTAL | J2: PERCENTAGE | K2: Attendance
K3: Present | L3: Working Day
A4: =DETAILS!A3 -> 1925 | B4: =DETAILS!B3 -> ARYAN GUPTA | C4: =IFERROR(ROUND((VLOOKUP(A4,'UT-I(Entry)'!$1:$1048576,3,0))/2.5,0),VLOOKUP(A4,'UT-I(Entry)'!$1:$1048576,3,0)) -> 0 | D4: =IF(VLOOKUP($A4,DETAILS!$1:$1048576,8,0)=DETAILS!$K$3,IFERROR(ROUND((VLOOKUP($A4,'UT-I(Entry)'!$1:$1048576,4,0))/2,0),VLOOKUP($A4,'UT-I(Entry)'!$1:$1048576,4,0)),IFERROR(ROUND((VLOOKUP($A4,'UT-I(Entry)'!$1:$1048576,4,0))/1.75,0),VLOOKUP($A4,'UT-I(Entry)'!$1:$1048576,4,0))) -> 0 | E4: =IFERROR(ROUND((VLOOKUP(A4,'UT-I(Entry)'!$1:$1048576,5,0))/2.5,0),VLOOKUP(A4,'UT-I(Entry)'!$1:$1048576,5,0)) -> 0 | F4: =IFERROR(ROUND((VLOOKUP(A4,'UT-I(Entry)'!$1:$1048576,6,0))/2.5,0),VLOOKUP(A4,'UT-I(Entry)'!$1:$1048576,6,0)) -> 0 | G4: =IFERROR(ROUND((VLOOKUP($A4,'UT-I(Entry)'!$1:$1048576,7,0))/2.5,0),VLOOKUP($A4,'UT-I(Entry)'!$1:$1048576,7,0)) -> 0 | H4: =IFERROR(ROUND((VLOOKUP($A4,'UT-I(Entry)'!$1:$1048576,8,0))/2.5,0),VLOOKUP($A4,'UT-I(Entry)'!$1:$1048576,8,0)) -> 0 | I4: =SUM(C4:H4) -> 0 | J4: =ROUND(I4/1.2,2)&" %" -> 0 % | K4: =VLOOKUP(A4,'UT-I(Entry)'!$1:$1048576,10,0) -> 0 | L4: =VLOOKUP(A4,'UT-I(Entry)'!$1:$1048576,11,0) -> 0
A5: =DETAILS!A4 -> 1918 | B5: =DETAILS!B4 -> SANJANA PATEL | C5: =IFERROR(ROUND((VLOOKUP(A5,'UT-I(Entry)'!$1:$1048576,3,0))/2.5,0),VLOOKUP(A5,'UT-I(Entry)'!$1:$1048576,3,0)) -> 0 | D5: =IF(VLOOKUP($A5,DETAILS!$1:$1048576,8,0)=DETAILS!$K$3,IFERROR(ROUND((VLOOKUP($A5,'UT-I(Entry)'!$1:$1048576,4,0))/2,0),VLOOKUP($A5,'UT-I(Entry)'!$1:$1048576,4,0)),IFERROR(ROUND((VLOOKUP($A5,'UT-I(Entry)'!$1:$1048576,4,0))/1.75,0),VLOOKUP($A5,'UT-I(Entry)'!$1:$1048576,4,0))) -> 0 | E5: =IFERROR(ROUND((VLOOKUP(A5,'UT-I(Entry)'!$1:$1048576,5,0))/2.5,0),VLOOKUP(A5,'UT-I(Entry)'!$1:$1048576,5,0)) -> 0 | F5: =IFERROR(ROUND((VLOOKUP(A5,'UT-I(Entry)'!$1:$1048576,6,0))/2.5,0),VLOOKUP(A5,'UT-I(Entry)'!$1:$1048576,6,0)) -> 0 | G5: =IFERROR(ROUND((VLOOKUP($A5,'UT-I(Entry)'!$1:$1048576,7,0))/2.5,0),VLOOKUP($A5,'UT-I(Entry)'!$1:$1048576,7,0)) -> 0 | H5: =IFERROR(ROUND((VLOOKUP($A5,'UT-I(Entry)'!$1:$1048576,8,0))/2.5,0),VLOOKUP($A5,'UT-I(Entry)'!$1:$1048576,8,0)) -> 0 | I5: =SUM(C5:H5) -> 0 | J5: =ROUND(I5/1.2,2)&" %" -> 0 % | K5: =VLOOKUP(A5,'UT-I(Entry)'!$1:$1048576,10,0) -> 0 | L5: =VLOOKUP(A5,'UT-I(Entry)'!$1:$1048576,11,0) -> 0

Sheet Grade(40)
A2: 40 | B2: A
A3: 39 | B3: A
A4: 38 | B4: A
A5: 37 | B5: A
A6: 36 | B6: A
A7: 35 | B7: A
A8: 34 | B8: A
A9: 33 | B9: A
A10: 32 | B10: B
A11: 31 | B11: B
A12: 30 | B12: B
A13: 29 | B13: B
... A42: 0 | B42: E

Sheet HALF YEARLY(Entry)
A1: HALF YEARLY EXAMINATION (2025-26) CLASS - XI-Human
A2: SR. NO. | B2: NAME | C2: ENGLISH | D2: HINDI/CS | E2: HISTORY | F2: POLITICAL SCIENCE | G2: GEOGRAPHY | H2: PHYSICAL EDUCATION | I2: WORK EDUCATION | J2: ART EDUCATION | K2: HEALTH & PHYSICAL EDUCATION | L2: DISCIPLINE | M2: Total Present | N2: Total Working | O2: Class Teacher's Remark | P2: TOTAL | Q2: Percentage
A3: =DETAILS!A3 -> 1925 | B3: =DETAILS!B3 -> ARYAN GUPTA | P3: =SUM(C3:H3) -> 0 | Q3: =ROUND(P3/6,2)&" %" -> 0 %
A4: =DETAILS!A4 -> 1918 | B4: =DETAILS!B4 -> SANJANA PATEL | P4: =SUM(C4:H4) -> 0 | Q4: =ROUND(P4/6,2)&" %" -> 0 %
A5: =DETAILS!#REF! -> #REF! | B5: =DETAILS!#REF! -> #REF! | P5: =SUM(C5:H5) -> 0 | Q5: =ROUND(P5/6,2)&" %" -> 0 %
A6: =DETAILS!#REF! -> #REF! | B6: =DETAILS!#REF! -> #REF! | P6: =SUM(C6:H6) -> 0 | Q6: =ROUND(P6/6,2)&" %" -> 0 %
A7: =DETAILS!#REF! -> #REF! | B7: =DETAILS!#REF! -> #REF! | P7: =SUM(C7:H7) -> 0 | Q7: =ROUND(P7/6,2)&" %" -> 0 %
A8: =DETAILS!#REF! -> #REF! | B8: =DETAILS!#REF! -> #REF! | P8: =SUM(C8:H8) -> 0 | Q8: =ROUND(P8/6,2)&" %" -> 0 %
A9: =DETAILS!#REF! -> #REF! | B9: =DETAILS!#REF! -> #REF! | P9: =SUM(C9:H9) -> 0 | Q9: =ROUND(P9/6,2)&" %" -> 0 %
A10: =DETAILS!#REF! -> #REF! | B10: =DETAILS!#REF! -> #REF! | P10: =SUM(C10:H10) -> 0 | Q10: =ROUND(P10/6,2)&" %" -> 0 %
A11: =DETAILS!#REF! -> #REF! | B11: =DETAILS!#REF! -> #REF! | P11: =SUM(C11:H11) -> 0 | Q11: =ROUND(P11/6,2)&" %" -> 0 %
A12: =DETAILS!#REF! -> #REF! | B12: =DETAILS!#REF! -> #REF! | P12: =SUM(C12:H12) -> 0 | Q12: =ROUND(P12/6,2)&" %" -> 0 %
A13: =DETAILS!#REF! -> #REF! | B13: =DETAILS!#REF! -> #REF! | P13: =SUM(C13:H13) -> 0 | Q13: =ROUND(P13/6,2)&" %" -> 0 %
A14: =DETAILS!#REF! -> #REF! | B14: =DETAILS!#REF! -> #REF! | P14: =SUM(C14:H14) -> 0 | Q14: =ROUND(P14/6,2)&" %" -> 0 %
A15: =DETAILS!#REF! -> #REF! | B15: =DETAILS!#REF! -> #REF! | P15: =SUM(C15:H15) -> 0 | Q15: =ROUND(P15/6,2)&" %" -> 0 %
A16: =DETAILS!#REF! -> #REF! | B16: =DETAILS!#REF! -> #REF! | P16: =SUM(C16:H16) -> 0 | Q16: =ROUND(P16/6,2)&" %" -> 0 %
... A41: =DETAILS!#REF! -> #REF! | B41: =DETAILS!#REF! -> #REF! | P41: =SUM(C41:H41) -> 0 | Q41: =ROUND(P41/6,2)&" %" -> 0 %

Sheet HALF YEARLY
A1: HALF YEARLY EXAMINATION (2025-26) CLASS - XI-Human
A2: SR. NO. | B2: NAME | C2: ENGLISH | D2: HINDI/CS | E2: HISTORY | F2: POLITICAL SCIENCE | G2: GEOGRAPHY | H2: PHYSICAL EDUCATION | I2: WORK EDUCATION | J2: ART EDUCATION | K2: HEALTH & PHYSICAL EDUCATION | L2: DISCIPLINE | M2: Total Present | N2: Total Working | O2: Class Teacher's Remark | P2: TOTAL | Q2: Percentage
A3: =DETAILS!A3 -> 1925 | B3: =DETAILS!B3 -> ARYAN GUPTA | C3: =VLOOKUP($A3,'HALF YEARLY(Entry)'!$1:$1048576,3,0) -> 0 | D3: =VLOOKUP($A3,'HALF YEARLY(Entry)'!$1:$1048576,4,0) -> 0 | E3: =VLOOKUP($A3,'HALF YEARLY(Entry)'!$1:$1048576,5,0) -> 0 | F3: =VLOOKUP($A3,'HALF YEARLY(Entry)'!$1:$1048576,6,0) -> 0 | G3: =VLOOKUP($A3,'HALF YEARLY(Entry)'!$1:$1048576,7,0) -> 0 | H3: =VLOOKUP($A3,'HALF YEARLY(Entry)'!$1:$1048576,8,0) -> 0 | I3: =VLOOKUP($A3,'HALF YEARLY(Entry)'!$1:$1048576,9,0) -> 0 | J3: =VLOOKUP($A3,'HALF YEARLY(Entry)'!$1:$1048576,10,0) -> 0 | K3: =VLOOKUP($A3,'HALF YEARLY(Entry)'!$1:$1048576,11,0) -> 0 | L3: =VLOOKUP($A3,'HALF YEARLY(Entry)'!$1:$1048576,12,0) -> 0 | M3: =VLOOKUP($A3,'HALF YEARLY(Entry)'!$1:$1048576,13,0) -> 0 | N3: =VLOOKUP($A3,'HALF YEARLY(Entry)'!$1:$1048576,14,0) -> 0 | O3: =VLOOKUP($A3,'HALF YEARLY(Entry)'!$1:$1048576,15,0) -> 0 | P3: =SUM(C3:H3) -> 0 | Q3: =ROUND(P3/6,2)&" %" -> 0 %
A4: =DETAILS!A4 -> 1918 | B4: =DETAILS!B4 -> SANJANA PATEL | C4: =VLOOKUP($A4,'HALF YEARLY(Entry)'!$1:$1048576,3,0) -> 0 | D4: =VLOOKUP($A4,'HALF YEARLY(Entry)'!$1:$1048576,4,0) -> 0 | E4: =VLOOKUP($A4,'HALF YEARLY(Entry)'!$1:$1048576,5,0) -> 0 | F4: =VLOOKUP($A4,'HALF YEARLY(Entry)'!$1:$1048576,6,0) -> 0 | G4: =VLOOKUP($A4,'HALF YEARLY(Entry)'!$1:$1048576,7,0) -> 0 | H4: =VLOOKUP($A4,'HALF YEARLY(Entry)'!$1:$1048576,8,0) -> 0 | I4: =VLOOKUP($A4,'HALF YEARLY(Entry)'!$1:$1048576,9,0) -> 0 | J4: =VLOOKUP($A4,'HALF YEARLY(Entry)'!$1:$1048576,10,0) -> 0 | K4: =VLOOKUP($A4,'HALF YEARLY(Entry)'!$1:$1048576,11,0) -> 0 | L4: =VLOOKUP($A4,'HALF YEARLY(Entry)'!$1:$1048576,12,0) -> 0 | M4: =VLOOKUP($A4,'HALF YEARLY(Entry)'!$1:$1048576,13,0) -> 0 | N4: =VLOOKUP($A4,'HALF YEARLY(Entry)'!$1:$1048576,14,0) -> 0 | O4: =VLOOKUP($A4,'HALF YEARLY(Entry)'!$1:$1048576,15,0) -> 0 | P4: =SUM(C4:H4) -> 0 | Q4: =ROUND(P4/6,2)&" %" -> 0 %
A5: =DETAILS!#REF! -> #REF! | B5: =DETAILS!#REF! -> #REF! | C5: =VLOOKUP($A5,'HALF YEARLY(Entry)'!$1:$1048576,3,0) -> #REF! | D5: =VLOOKUP($A5,'HALF YEARLY(Entry)'!$1:$1048576,4,0) -> #REF! | E5: =VLOOKUP($A5,'HALF YEARLY(Entry)'!$1:$1048576,5,0) -> #REF! | F5: =VLOOKUP($A5,'HALF YEARLY(Entry)'!$1:$1048576,6,0) -> #REF! | G5: =VLOOKUP($A5,'HALF YEARLY(Entry)'!$1:$1048576,7,0) -> #REF! | H5: =VLOOKUP($A5,'HALF YEARLY(Entry)'!$1:$1048576,8,0) -> #REF! | I5: =VLOOKUP($A5,'HALF YEARLY(Entry)'!$1:$1048576,9,0) -> #REF! | J5: =VLOOKUP($A5,'HALF YEARLY(Entry)'!$1:$1048576,10,0) -> #REF! | K5: =VLOOKUP($A5,'HALF YEARLY(Entry)'!$1:$1048576,11,0) -> #REF! | L5: =VLOOKUP($A5,'HALF YEARLY(Entry)'!$1:$1048576,12,0) -> #REF! | M5: =VLOOKUP($A5,'HALF YEARLY(Entry)'!$1:$1048576,13,0) -> #REF! | N5: =VLOOKUP($A5,'HALF YEARLY(Entry)'!$1:$1048576,14,0) -> #REF! | O5: =VLOOKUP($A5,'HALF YEARLY(Entry)'!$1:$1048576,15,0) -> #REF! | P5: =SUM(C5:H5) -> #REF! | Q5: =ROUND(P5/6,2)&" %" -> #REF!
A6: =DETAILS!#REF! -> #REF! | B6: =DETAILS!#REF! -> #REF! | C6: =VLOOKUP($A6,'HALF YEARLY(Entry)'!$1:$1048576,3,0) -> #REF! | D6: =VLOOKUP($A6,'HALF YEARLY(Entry)'!$1:$1048576,4,0) -> #REF! | E6: =VLOOKUP($A6,'HALF YEARLY(Entry)'!$1:$1048576,5,0) -> #REF! | F6: =VLOOKUP($A6,'HALF YEARLY(Entry)'!$1:$1048576,6,0) -> #REF! | G6: =VLOOKUP($A6,'HALF YEARLY(Entry)'!$1:$1048576,7,0) -> #REF! | H6: =VLOOKUP($A6,'HALF YEARLY(Entry)'!$1:$1048576,8,0) -> #REF! | I6: =VLOOKUP($A6,'HALF YEARLY(Entry)'!$1:$1048576,9,0) -> #REF! | J6: =VLOOKUP($A6,'HALF YEARLY(Entry)'!$1:$1048576,10,0) -> #REF! | K6: =VLOOKUP($A6,'HALF YEARLY(Entry)'!$1:$1048576,11,0) -> #REF! | L6: =VLOOKUP($A6,'HALF YEARLY(Entry)'!$1:$1048576,12,0) -> #REF! | M6: =VLOOKUP($A6,'HALF YEARLY(Entry)'!$1:$1048576,13,0) -> #REF! | N6: =VLOOKUP($A6,'HALF YEARLY(Entry)'!$1:$1048576,14,0) -> #REF! | O6: =VLOOKUP($A6,'HALF YEARLY(Entry)'!$1:$1048576,15,0) -> #REF! | P6: =SUM(C6:H6) -> #REF! | Q6: =ROUND(P6/6,2)&" %" -> #REF!
A7: =DETAILS!#REF! -> #REF! | B7: =DETAILS!#REF! -> #REF! | C7: =VLOOKUP($A7,'HALF YEARLY(Entry)'!$1:$1048576,3,0) -> #REF! | D7: =VLOOKUP($A7,'HALF YEARLY(Entry)'!$1:$1048576,4,0) -> #REF! | E7: =VLOOKUP($A7,'HALF YEARLY(Entry)'!$1:$1048576,5,0) -> #REF! | F7: =VLOOKUP($A7,'HALF YEARLY(Entry)'!$1:$1048576,6,0) -> #REF! | G7: =VLOOKUP($A7,'HALF YEARLY(Entry)'!$1:$1048576,7,0) -> #REF! | H7: =VLOOKUP($A7,'HALF YEARLY(Entry)'!$1:$1048576,8,0) -> #REF! | I7: =VLOOKUP($A7,'HALF YEARLY(Entry)'!$1:$1048576,9,0) -> #REF! | J7: =VLOOKUP($A7,'HALF YEARLY(Entry)'!$1:$1048576,10,0) -> #REF! | K7: =VLOOKUP($A7,'HALF YEARLY(Entry)'!$1:$1048576,11,0) -> #REF! | L7: =VLOOKUP($A7,'HALF YEARLY(Entry)'!$1:$1048576,12,0) -> #REF! | M7: =VLOOKUP($A7,'HALF YEARLY(Entry)'!$1:$1048576,13,0) -> #REF! | N7: =VLOOKUP($A7,'HALF YEARLY(Entry)'!$1:$1048576,14,0) -> #REF! | O7: =VLOOKUP($A7,'HALF YEARLY(Entry)'!$1:$1048576,15,0) -> #REF! | P7: =SUM(C7:H7) -> #REF! | Q7: =ROUND(P7/6,2)&" %" -> #REF!
A8: =DETAILS!#REF! -> #REF! | B8: =DETAILS!#REF! -> #REF! | C8: =VLOOKUP($A8,'HALF YEARLY(Entry)'!$1:$1048576,3,0) -> #REF! | D8: =VLOOKUP($A8,'HALF YEARLY(Entry)'!$1:$1048576,4,0) -> #REF! | E8: =VLOOKUP($A8,'HALF YEARLY(Entry)'!$1:$1048576,5,0) -> #REF! | F8: =VLOOKUP($A8,'HALF YEARLY(Entry)'!$1:$1048576,6,0) -> #REF! | G8: =VLOOKUP($A8,'HALF YEARLY(Entry)'!$1:$1048576,7,0) -> #REF! | H8: =VLOOKUP($A8,'HALF YEARLY(Entry)'!$1:$1048576,8,0) -> #REF! | I8: =VLOOKUP($A8,'HALF YEARLY(Entry)'!$1:$1048576,9,0) -> #REF! | J8: =VLOOKUP($A8,'HALF YEARLY(Entry)'!$1:$1048576,10,0) -> #REF! | K8: =VLOOKUP($A8,'HALF YEARLY(Entry)'!$1:$1048576,11,0) -> #REF! | L8: =VLOOKUP($A8,'HALF YEARLY(Entry)'!$1:$1048576,12,0) -> #REF! | M8: =VLOOKUP($A8,'HALF YEARLY(Entry)'!$1:$1048576,13,0) -> #REF! | N8: =VLOOKUP($A8,'HALF YEARLY(Entry)'!$1:$1048576,14,0) -> #REF! | O8: =VLOOKUP($A8,'HALF YEARLY(Entry)'!$1:$1048576,15,0) -> #REF! | P8: =SUM(C8:H8) -> #REF! | Q8: =ROUND(P8/6,2)&" %" -> #REF!
A9: =DETAILS!#REF! -> #REF! | B9: =DETAILS!#REF! -> #REF! | C9: =VLOOKUP($A9,'HALF YEARLY(Entry)'!$1:$1048576,3,0) -> #REF! | D9: =VLOOKUP($A9,'HALF YEARLY(Entry)'!$1:$1048576,4,0) -> #REF! | E9: =VLOOKUP($A9,'HALF YEARLY(Entry)'!$1:$1048576,5,0) -> #REF! | F9: =VLOOKUP($A9,'HALF YEARLY(Entry)'!$1:$1048576,6,0) -> #REF! | G9: =VLOOKUP($A9,'HALF YEARLY(Entry)'!$1:$1048576,7,0) -> #REF! | H9: =VLOOKUP($A9,'HALF YEARLY(Entry)'!$1:$1048576,8,0) -> #REF! | I9: =VLOOKUP($A9,'HALF YEARLY(Entry)'!$1:$1048576,9,0) -> #REF! | J9: =VLOOKUP($A9,'HALF YEARLY(Entry)'!$1:$1048576,10,0) -> #REF! | K9: =VLOOKUP($A9,'HALF YEARLY(Entry)'!$1:$1048576,11,0) -> #REF! | L9: =VLOOKUP($A9,'HALF YEARLY(Entry)'!$1:$1048576,12,0) -> #REF! | M9: =VLOOKUP($A9,'HALF YEARLY(Entry)'!$1:$1048576,13,0) -> #REF! | N9: =VLOOKUP($A9,'HALF YEARLY(Entry)'!$1:$1048576,14,0) -> #REF! | O9: =VLOOKUP($A9,'HALF YEARLY(Entry)'!$1:$1048576,15,0) -> #REF! | P9: =SUM(C9:H9) -> #REF! | Q9: =ROUND(P9/6,2)&" %" -> #REF!
A10: =DETAILS!#REF! -> #REF! | B10: =DETAILS!#REF! -> #REF! | C10: =VLOOKUP($A10,'HALF YEARLY(Entry)'!$1:$1048576,3,0) -> #REF! | D10: =VLOOKUP($A10,'HALF YEARLY(Entry)'!$1:$1048576,4,0) -> #REF! | E10: =VLOOKUP($A10,'HALF YEARLY(Entry)'!$1:$1048576,5,0) -> #REF! | F10: =VLOOKUP($A10,'HALF YEARLY(Entry)'!$1:$1048576,6,0) -> #REF! | G10: =VLOOKUP($A10,'HALF YEARLY(Entry)'!$1:$1048576,7,0) -> #REF! | H10: =VLOOKUP($A10,'HALF YEARLY(Entry)'!$1:$1048576,8,0) -> #REF! | I10: =VLOOKUP($A10,'HALF YEARLY(Entry)'!$1:$1048576,9,0) -> #REF! | J10: =VLOOKUP($A10,'HALF YEARLY(Entry)'!$1:$1048576,10,0) -> #REF! | K10: =VLOOKUP($A10,'HALF YEARLY(Entry)'!$1:$1048576,11,0) -> #REF! | L10: =VLOOKUP($A10,'HALF YEARLY(Entry)'!$1:$1048576,12,0) -> #REF! | M10: =VLOOKUP($A10,'HALF YEARLY(Entry)'!$1:$1048576,13,0) -> #REF! | N10: =VLOOKUP($A10,'HALF YEARLY(Entry)'!$1:$1048576,14,0) -> #REF! | O10: =VLOOKUP($A10,'HALF YEARLY(Entry)'!$1:$1048576,15,0) -> #REF! | P10: =SUM(C10:H10) -> #REF! | Q10: =ROUND(P10/6,2)&" %" -> #REF!
A11: =DETAILS!#REF! -> #REF! | B11: =DETAILS!#REF! -> #REF! | C11: =VLOOKUP($A11,'HALF YEARLY(Entry)'!$1:$1048576,3,0) -> #REF! | D11: =VLOOKUP($A11,'HALF YEARLY(Entry)'!$1:$1048576,4,0) -> #REF! | E11: =VLOOKUP($A11,'HALF YEARLY(Entry)'!$1:$1048576,5,0) -> #REF! | F11: =VLOOKUP($A11,'HALF YEARLY(Entry)'!$1:$1048576,6,0) -> #REF! | G11: =VLOOKUP($A11,'HALF YEARLY(Entry)'!$1:$1048576,7,0) -> #REF! | H11: =VLOOKUP($A11,'HALF YEARLY(Entry)'!$1:$1048576,8,0) -> #REF! | I11: =VLOOKUP($A11,'HALF YEARLY(Entry)'!$1:$1048576,9,0) -> #REF! | J11: =VLOOKUP($A11,'HALF YEARLY(Entry)'!$1:$1048576,10,0) -> #REF! | K11: =VLOOKUP($A11,'HALF YEARLY(Entry)'!$1:$1048576,11,0) -> #REF! | L11: =VLOOKUP($A11,'HALF YEARLY(Entry)'!$1:$1048576,12,0) -> #REF! | M11: =VLOOKUP($A11,'HALF YEARLY(Entry)'!$1:$1048576,13,0) -> #REF! | N11: =VLOOKUP($A11,'HALF YEARLY(Entry)'!$1:$1048576,14,0) -> #REF! | O11: =VLOOKUP($A11,'HALF YEARLY(Entry)'!$1:$1048576,15,0) -> #REF! | P11: =SUM(C11:H11) -> #REF! | Q11: =ROUND(P11/6,2)&" %" -> #REF!
A12: =DETAILS!#REF! -> #REF! | B12: =DETAILS!#REF! -> #REF! | C12: =VLOOKUP($A12,'HALF YEARLY(Entry)'!$1:$1048576,3,0) -> #REF! | D12: =VLOOKUP($A12,'HALF YEARLY(Entry)'!$1:$1048576,4,0) -> #REF! | E12: =VLOOKUP($A12,'HALF YEARLY(Entry)'!$1:$1048576,5,0) -> #REF! | F12: =VLOOKUP($A12,'HALF YEARLY(Entry)'!$1:$1048576,6,0) -> #REF! | G12: =VLOOKUP($A12,'HALF YEARLY(Entry)'!$1:$1048576,7,0) -> #REF! | H12: =VLOOKUP($A12,'HALF YEARLY(Entry)'!$1:$1048576,8,0) -> #REF! | I12: =VLOOKUP($A12,'HALF YEARLY(Entry)'!$1:$1048576,9,0) -> #REF! | J12: =VLOOKUP($A12,'HALF YEARLY(Entry)'!$1:$1048576,10,0) -> #REF! | K12: =VLOOKUP($A12,'HALF YEARLY(Entry)'!$1:$1048576,11,0) -> #REF! | L12: =VLOOKUP($A12,'HALF YEARLY(Entry)'!$1:$1048576,12,0) -> #REF! | M12: =VLOOKUP($A12,'HALF YEARLY(Entry)'!$1:$1048576,13,0) -> #REF! | N12: =VLOOKUP($A12,'HALF YEARLY(Entry)'!$1:$1048576,14,0) -> #REF! | O12: =VLOOKUP($A12,'HALF YEARLY(Entry)'!$1:$1048576,15,0) -> #REF! | P12: =SUM(C12:H12) -> #REF! | Q12: =ROUND(P12/6,2)&" %" -> #REF!
A13: =DETAILS!#REF! -> #REF! | B13: =DETAILS!#REF! -> #REF! | C13: =VLOOKUP($A13,'HALF YEARLY(Entry)'!$1:$1048576,3,0) -> #REF! | D13: =VLOOKUP($A13,'HALF YEARLY(Entry)'!$1:$1048576,4,0) -> #REF! | E13: =VLOOKUP($A13,'HALF YEARLY(Entry)'!$1:$1048576,5,0) -> #REF! | F13: =VLOOKUP($A13,'HALF YEARLY(Entry)'!$1:$1048576,6,0) -> #REF! | G13: =VLOOKUP($A13,'HALF YEARLY(Entry)'!$1:$1048576,7,0) -> #REF! | H13: =VLOOKUP($A13,'HALF YEARLY(Entry)'!$1:$1048576,8,0) -> #REF! | I13: =VLOOKUP($A13,'HALF YEARLY(Entry)'!$1:$1048576,9,0) -> #REF! | J13: =VLOOKUP($A13,'HALF YEARLY(Entry)'!$1:$1048576,10,0) -> #REF! | K13: =VLOOKUP($A13,'HALF YEARLY(Entry)'!$1:$1048576,11,0) -> #REF! | L13: =VLOOKUP($A13,'HALF YEARLY(Entry)'!$1:$1048576,12,0) -> #REF! | M13: =VLOOKUP($A13,'HALF YEARLY(Entry)'!$1:$1048576,13,0) -> #REF! | N13: =VLOOKUP($A13,'HALF YEARLY(Entry)'!$1:$1048576,14,0) -> #REF! | O13: =VLOOKUP($A13,'HALF YEARLY(Entry)'!$1:$1048576,15,0) -> #REF! | P13: =SUM(C13:H13) -> #REF! | Q13: =ROUND(P13/6,2)&" %" -> #REF!
A14: =DETAILS!#REF! -> #REF! | B14: =DETAILS!#REF! -> #REF! | C14: =VLOOKUP($A14,'HALF YEARLY(Entry)'!$1:$1048576,3,0) -> #REF! | D14: =VLOOKUP($A14,'HALF YEARLY(Entry)'!$1:$1048576,4,0) -> #REF! | E14: =VLOOKUP($A14,'HALF YEARLY(Entry)'!$1:$1048576,5,0) -> #REF! | F14: =VLOOKUP($A14,'HALF YEARLY(Entry)'!$1:$1048576,6,0) -> #REF! | G14: =VLOOKUP($A14,'HALF YEARLY(Entry)'!$1:$1048576,7,0) -> #REF! | H14: =VLOOKUP($A14,'HALF YEARLY(Entry)'!$1:$1048576,8,0) -> #REF! | I14: =VLOOKUP($A14,'HALF YEARLY(Entry)'!$1:$1048576,9,0) -> #REF! | J14: =VLOOKUP($A14,'HALF YEARLY(Entry)'!$1:$1048576,10,0) -> #REF! | K14: =VLOOKUP($A14,'HALF YEARLY(Entry)'!$1:$1048576,11,0) -> #REF! | L14: =VLOOKUP($A14,'HALF YEARLY(Entry)'!$1:$1048576,12,0) -> #REF! | M14: =VLOOKUP($A14,'HALF YEARLY(Entry)'!$1:$1048576,13,0) -> #REF! | N14: =VLOOKUP($A14,'HALF YEARLY(Entry)'!$1:$1048576,14,0) -> #REF! | O14: =VLOOKUP($A14,'HALF YEARLY(Entry)'!$1:$1048576,15,0) -> #REF! | P14: =SUM(C14:H14) -> #REF! | Q14: =ROUND(P14/6,2)&" %" -> #REF!
A15: =DETAILS!#REF! -> #REF! | B15: =DETAILS!#REF! -> #REF! | C15: =VLOOKUP($A15,'HALF YEARLY(Entry)'!$1:$1048576,3,0) -> #REF! | D15: =VLOOKUP($A15,'HALF YEARLY(Entry)'!$1:$1048576,4,0) -> #REF! | E15: =VLOOKUP($A15,'HALF YEARLY(Entry)'!$1:$1048576,5,0) -> #REF! | F15: =VLOOKUP($A15,'HALF YEARLY(Entry)'!$1:$1048576,6,0) -> #REF! | G15: =VLOOKUP($A15,'HALF YEARLY(Entry)'!$1:$1048576,7,0) -> #REF! | H15: =VLOOKUP($A15,'HALF YEARLY(Entry)'!$1:$1048576,8,0) -> #REF! | I15: =VLOOKUP($A15,'HALF YEARLY(Entry)'!$1:$1048576,9,0) -> #REF! | J15: =VLOOKUP($A15,'HALF YEARLY(Entry)'!$1:$1048576,10,0) -> #REF! | K15: =VLOOKUP($A15,'HALF YEARLY(Entry)'!$1:$1048576,11,0) -> #REF! | L15: =VLOOKUP($A15,'HALF YEARLY(Entry)'!$1:$1048576,12,0) -> #REF! | M15: =VLOOKUP($A15,'HALF YEARLY(Entry)'!$1:$1048576,13,0) -> #REF! | N15: =VLOOKUP($A15,'HALF YEARLY(Entry)'!$1:$1048576,14,0) -> #REF! | O15: =VLOOKUP($A15,'HALF YEARLY(Entry)'!$1:$1048576,15,0) -> #REF! | P15: =SUM(C15:H15) -> #REF! | Q15: =ROUND(P15/6,2)&" %" -> #REF!
A16: =DETAILS!#REF! -> #REF! | B16: =DETAILS!#REF! -> #REF! | C16: =VLOOKUP($A16,'HALF YEARLY(Entry)'!$1:$1048576,3,0) -> #REF! | D16: =VLOOKUP($A16,'HALF YEARLY(Entry)'!$1:$1048576,4,0) -> #REF! | E16: =VLOOKUP($A16,'HALF YEARLY(Entry)'!$1:$1048576,5,0) -> #REF! | F16: =VLOOKUP($A16,'HALF YEARLY(Entry)'!$1:$1048576,6,0) -> #REF! | G16: =VLOOKUP($A16,'HALF YEARLY(Entry)'!$1:$1048576,7,0) -> #REF! | H16: =VLOOKUP($A16,'HALF YEARLY(Entry)'!$1:$1048576,8,0) -> #REF! | I16: =VLOOKUP($A16,'HALF YEARLY(Entry)'!$1:$1048576,9,0) -> #REF! | J16: =VLOOKUP($A16,'HALF YEARLY(Entry)'!$1:$1048576,10,0) -> #REF! | K16: =VLOOKUP($A16,'HALF YEARLY(Entry)'!$1:$1048576,11,0) -> #REF! | L16: =VLOOKUP($A16,'HALF YEARLY(Entry)'!$1:$1048576,12,0) -> #REF! | M16: =VLOOKUP($A16,'HALF YEARLY(Entry)'!$1:$1048576,13,0) -> #REF! | N16: =VLOOKUP($A16,'HALF YEARLY(Entry)'!$1:$1048576,14,0) -> #REF! | O16: =VLOOKUP($A16,'HALF YEARLY(Entry)'!$1:$1048576,15,0) -> #REF! | P16: =SUM(C16:H16) -> #REF! | Q16: =ROUND(P16/6,2)&" %" -> #REF!
... A41: =DETAILS!#REF! -> #REF! | B41: =DETAILS!#REF! -> #REF! | C41: =VLOOKUP($A41,'HALF YEARLY(Entry)'!$1:$1048576,3,0) -> #REF! | D41: =VLOOKUP($A41,'HALF YEARLY(Entry)'!$1:$1048576,4,0) -> #REF! | E41: =VLOOKUP($A41,'HALF YEARLY(Entry)'!$1:$1048576,5,0) -> #REF! | F41: =VLOOKUP($A41,'HALF YEARLY(Entry)'!$1:$1048576,6,0) -> #REF! | G41: =VLOOKUP($A41,'HALF YEARLY(Entry)'!$1:$1048576,7,0) -> #REF! | H41: =VLOOKUP($A41,'HALF YEARLY(Entry)'!$1:$1048576,8,0) -> #REF! | I41: =VLOOKUP($A41,'HALF YEARLY(Entry)'!$1:$1048576,9,0) -> #REF! | J41: =VLOOKUP($A41,'HALF YEARLY(Entry)'!$1:$1048576,10,0) -> #REF! | K41: =VLOOKUP($A41,'HALF YEARLY(Entry)'!$1:$1048576,11,0) -> #REF! | L41: =VLOOKUP($A41,'HALF YEARLY(Entry)'!$1:$1048576,12,0) -> #REF! | M41: =VLOOKUP($A41,'HALF YEARLY(Entry)'!$1:$1048576,13,0) -> #REF! | N41: =VLOOKUP($A41,'HALF YEARLY(Entry)'!$1:$1048576,14,0) -> #REF! | O41: =VLOOKUP($A41,'HALF YEARLY(Entry)'!$1:$1048576,15,0) -> #REF! | P41: =SUM(C41:H41) -> #REF! | Q41: =ROUND(P41/6,2)&" %" -> #REF!

Sheet Grade 50
A2: 50 | B2: A
A3: 49 | B3: A
A4: 48 | B4: A
A5: 47 | B5: A
A6: 46 | B6: A
A7: 45 | B7: A
A8: 44 | B8: A
A9: 43 | B9: A
A10: 42 | B10: A
A11: 41 | B11: A
A12: 40 | B12: B
A13: 39 | B13: B
... A52: 0 | B52: E

Sheet HY Compile
A1: Half Yearly Compile Report (2025-26) Class - XI-Human
A2: Half Yearly Compile Report (2025-26) Class - XI-Human | B2: Student's Name | C2: ENGLISH | F2: HINDI/CS | I2: HISTORY | L2: POLITICAL SCIENCE | O2: GEOGRAPHY | R2: PHYSICAL EDUCATION | U2: WORK EDUCATION | V2: ART EDUCATION | W2: HEALTH & PHYSICAL EDUCATION | X2: DISCIPLINE | Y2: TOTAL PRESENT | Z2: TORAL WORKING DAY | AA2: CLASS TEACHER'S REAMRK
C3: UT-I | D3: HY | E3: Total | F3: UT-I | G3: HY | H3: Total | I3: UT-I | J3: HY | K3: Total | L3: UT-I | M3: HY | N3: Total | O3: UT-I | P3: HY | Q3: Total | R3: UT-I | S3: HY | T3: Total
A4: =DETAILS!A3 -> 1925 | B4: =DETAILS!B3 -> ARYAN GUPTA | C4: =VLOOKUP($A4,'UT-I '!$1:$1048576,3,0) -> 0 | D4: =IFERROR(ROUND(VLOOKUP($A4,'HALF YEARLY'!$1:$1048576,3,0)*0.8,0),VLOOKUP($A4,'HALF YEARLY'!$1:$1048576,3,0)) -> 0 | E4: =SUM(C4:D4) -> 0 | F4: =VLOOKUP($A4,'UT-I '!$1:$1048576,4,0) -> 0 | G4: =IFERROR(ROUND(VLOOKUP($A4,'HALF YEARLY'!$1:$1048576,4,0)*0.8,0),VLOOKUP($A4,'HALF YEARLY'!$1:$1048576,4,0)) -> 0 | H4: =SUM(F4:G4) -> 0 | I4: =VLOOKUP($A4,'UT-I '!$1:$1048576,5,0) -> 0 | J4: =IFERROR(ROUND(VLOOKUP($A4,'HALF YEARLY'!$1:$1048576,5,0)*0.8,0),VLOOKUP($A4,'HALF YEARLY'!$1:$1048576,5,0)) -> 0 | K4: =SUM(I4:J4) -> 0 | L4: =VLOOKUP($A4,'UT-I '!$1:$1048576,6,0) -> 0 | M4: =IFERROR(ROUND(VLOOKUP($A4,'HALF YEARLY'!$1:$1048576,6,0)*0.8,0),VLOOKUP($A4,'HALF YEARLY'!$1:$1048576,6,0)) -> 0 | N4: =SUM(L4:M4) -> 0 | O4: =VLOOKUP($A4,'UT-I '!$1:$1048576,7,0) -> 0 | P4: =IFERROR(ROUND(VLOOKUP($A4,'HALF YEARLY'!$1:$1048576,7,0)*0.8,0),VLOOKUP($A4,'HALF YEARLY'!$1:$1048576,7,0)) -> 0 | Q4: =SUM(O4:P4) -> 0 | R4: =VLOOKUP($A4,'UT-I '!$1:$1048576,8,0) -> 0 | S4: =IFERROR(ROUND(VLOOKUP($A4,'HALF YEARLY'!$1:$1048576,8,0)*0.8,0),VLOOKUP($A4,'HALF YEARLY'!$1:$1048576,8,0)) -> 0 | T4: =SUM(R4:S4) -> 0 | U4: =VLOOKUP($A4,'HALF YEARLY'!$1:$1048576,9,0) -> 0 | V4: =VLOOKUP($A4,'HALF YEARLY'!$1:$1048576,10,0) -> 0 | W4: =VLOOKUP($A4,'HALF YEARLY'!$1:$1048576,11,0) -> 0 | X4: =VLOOKUP($A4,'HALF YEARLY'!$1:$1048576,12,0) -> 0 | Y4: =VLOOKUP($A4,'HALF YEARLY'!$1:$1048576,13,0) -> 0 | Z4: =VLOOKUP($A4,'HALF YEARLY'!$1:$1048576,14,0) -> 0 | AA4: =VLOOKUP($A4,'HALF YEARLY'!$1:$1048576,15,0) -> 0
A5: =DETAILS!A4 -> 1918 | B5: =DETAILS!B4 -> SANJANA PATEL | C5: =VLOOKUP($A5,'UT-I '!$1:$1048576,3,0) -> 0 | D5: =IFERROR(ROUND(VLOOKUP($A5,'HALF YEARLY'!$1:$1048576,3,0)*0.8,0),VLOOKUP($A5,'HALF YEARLY'!$1:$1048576,3,0)) -> 0 | E5: =SUM(C5:D5) -> 0 | F5: =VLOOKUP($A5,'UT-I '!$1:$1048576,4,0) -> 0 | G5: =IFERROR(ROUND(VLOOKUP($A5,'HALF YEARLY'!$1:$1048576,4,0)*0.8,0),VLOOKUP($A5,'HALF YEARLY'!$1:$1048576,4,0)) -> 0 | H5: =SUM(F5:G5) -> 0 | I5: =VLOOKUP($A5,'UT-I '!$1:$1048576,5,0) -> 0 | J5: =IFERROR(ROUND(VLOOKUP($A5,'HALF YEARLY'!$1:$1048576,5,0)*0.8,0),VLOOKUP($A5,'HALF YEARLY'!$1:$1048576,5,0)) -> 0 | K5: =SUM(I5:J5) -> 0 | L5: =VLOOKUP($A5,'UT-I '!$1:$1048576,6,0) -> 0 | M5: =IFERROR(ROUND(VLOOKUP($A5,'HALF YEARLY'!$1:$1048576,6,0)*0.8,0),VLOOKUP($A5,'HALF YEARLY'!$1:$1048576,6,0)) -> 0 | N5: =SUM(L5:M5) -> 0 | O5: =VLOOKUP($A5,'UT-I '!$1:$1048576,7,0) -> 0 | P5: =IFERROR(ROUND(VLOOKUP($A5,'HALF YEARLY'!$1:$1048576,7,0)*0.8,0),VLOOKUP($A5,'HALF YEARLY'!$1:$1048576,7,0)) -> 0 | Q5: =SUM(O5:P5) -> 0 | R5: =VLOOKUP($A5,'UT-I '!$1:$1048576,8,0) -> 0 | S5: =IFERROR(ROUND(VLOOKUP($A5,'HALF YEARLY'!$1:$1048576,8,0)*0.8,0),VLOOKUP($A5,'HALF YEARLY'!$1:$1048576,8,0)) -> 0 | T5: =SUM(R5:S5) -> 0 | U5: =VLOOKUP($A5,'HALF YEARLY'!$1:$1048576,9,0) -> 0 | V5: =VLOOKUP($A5,'HALF YEARLY'!$1:$1048576,10,0) -> 0 | W5: =VLOOKUP($A5,'HALF YEARLY'!$1:$1048576,11,0) -> 0 | X5: =VLOOKUP($A5,'HALF YEARLY'!$1:$1048576,12,0) -> 0 | Y5: =VLOOKUP($A5,'HALF YEARLY'!$1:$1048576,13,0) -> 0 | Z5: =VLOOKUP($A5,'HALF YEARLY'!$1:$1048576,14,0) -> 0 | AA5: =VLOOKUP($A5,'HALF YEARLY'!$1:$1048576,15,0) -> 0
A6: =DETAILS!#REF! -> #REF! | B6: =DETAILS!#REF! -> #REF! | C6: =VLOOKUP($A6,'UT-I '!$1:$1048576,3,0) -> #REF! | D6: =IFERROR(ROUND(VLOOKUP($A6,'HALF YEARLY'!$1:$1048576,3,0)*0.8,0),VLOOKUP($A6,'HALF YEARLY'!$1:$1048576,3,0)) -> #REF! | E6: =SUM(C6:D6) -> #REF! | F6: =VLOOKUP($A6,'UT-I '!$1:$1048576,4,0) -> #REF! | G6: =IFERROR(ROUND(VLOOKUP($A6,'HALF YEARLY'!$1:$1048576,4,0)*0.8,0),VLOOKUP($A6,'HALF YEARLY'!$1:$1048576,4,0)) -> #REF! | H6: =SUM(F6:G6) -> #REF! | I6: =VLOOKUP($A6,'UT-I '!$1:$1048576,5,0) -> #REF! | J6: =IFERROR(ROUND(VLOOKUP($A6,'HALF YEARLY'!$1:$1048576,5,0)*0.8,0),VLOOKUP($A6,'HALF YEARLY'!$1:$1048576,5,0)) -> #REF! | K6: =SUM(I6:J6) -> #REF! | L6: =VLOOKUP($A6,'UT-I '!$1:$1048576,6,0) -> #REF! | M6: =IFERROR(ROUND(VLOOKUP($A6,'HALF YEARLY'!$1:$1048576,6,0)*0.8,0),VLOOKUP($A6,'HALF YEARLY'!$1:$1048576,6,0)) -> #REF! | N6: =SUM(L6:M6) -> #REF! | O6: =VLOOKUP($A6,'UT-I '!$1:$1048576,7,0) -> #REF! | P6: =IFERROR(ROUND(VLOOKUP($A6,'HALF YEARLY'!$1:$1048576,7,0)*0.8,0),VLOOKUP($A6,'HALF YEARLY'!$1:$1048576,7,0)) -> #REF! | Q6: =SUM(O6:P6) -> #REF! | R6: =VLOOKUP($A6,'UT-I '!$1:$1048576,8,0) -> #REF! | S6: =IFERROR(ROUND(VLOOKUP($A6,'HALF YEARLY'!$1:$1048576,8,0)*0.8,0),VLOOKUP($A6,'HALF YEARLY'!$1:$1048576,8,0)) -> #REF! | T6: =SUM(R6:S6) -> #REF! | U6: =VLOOKUP($A6,'HALF YEARLY'!$1:$1048576,9,0) -> #REF! | V6: =VLOOKUP($A6,'HALF YEARLY'!$1:$1048576,10,0) -> #REF! | W6: =VLOOKUP($A6,'HALF YEARLY'!$1:$1048576,11,0) -> #REF! | X6: =VLOOKUP($A6,'HALF YEARLY'!$1:$1048576,12,0) -> #REF! | Y6: =VLOOKUP($A6,'HALF YEARLY'!$1:$1048576,13,0) -> #REF! | Z6: =VLOOKUP($A6,'HALF YEARLY'!$1:$1048576,14,0) -> #REF! | AA6: =VLOOKUP($A6,'HALF YEARLY'!$1:$1048576,15,0) -> #REF!
A7: =DETAILS!#REF! -> #REF! | B7: =DETAILS!#REF! -> #REF! | C7: =VLOOKUP($A7,'UT-I '!$1:$1048576,3,0) -> #REF! | D7: =IFERROR(ROUND(VLOOKUP($A7,'HALF YEARLY'!$1:$1048576,3,0)*0.8,0),VLOOKUP($A7,'HALF YEARLY'!$1:$1048576,3,0)) -> #REF! | E7: =SUM(C7:D7) -> #REF! | F7: =VLOOKUP($A7,'UT-I '!$1:$1048576,4,0) -> #REF! | G7: =IFERROR(ROUND(VLOOKUP($A7,'HALF YEARLY'!$1:$1048576,4,0)*0.8,0),VLOOKUP($A7,'HALF YEARLY'!$1:$1048576,4,0)) -> #REF! | H7: =SUM(F7:G7) -> #REF! | I7: =VLOOKUP($A7,'UT-I '!$1:$1048576,5,0) -> #REF! | J7: =IFERROR(ROUND(VLOOKUP($A7,'HALF YEARLY'!$1:$1048576,5,0)*0.8,0),VLOOKUP($A7,'HALF YEARLY'!$1:$1048576,5,0)) -> #REF! | K7: =SUM(I7:J7) -> #REF! | L7: =VLOOKUP($A7,'UT-I '!$1:$1048576,6,0) -> #REF! | M7: =IFERROR(ROUND(VLOOKUP($A7,'HALF YEARLY'!$1:$1048576,6,0)*0.8,0),VLOOKUP($A7,'HALF YEARLY'!$1:$1048576,6,0)) -> #REF! | N7: =SUM(L7:M7) -> #REF! | O7: =VLOOKUP($A7,'UT-I '!$1:$1048576,7,0) -> #REF! | P7: =IFERROR(ROUND(VLOOKUP($A7,'HALF YEARLY'!$1:$1048576,7,0)*0.8,0),VLOOKUP($A7,'HALF YEARLY'!$1:$1048576,7,0)) -> #REF! | Q7: =SUM(O7:P7) -> #REF! | R7: =VLOOKUP($A7,'UT-I '!$1:$1048576,8,0) -> #REF! | S7: =IFERROR(ROUND(VLOOKUP($A7,'HALF YEARLY'!$1:$1048576,8,0)*0.8,0),VLOOKUP($A7,'HALF YEARLY'!$1:$1048576,8,0)) -> #REF! | T7: =SUM(R7:S7) -> #REF! | U7: =VLOOKUP($A7,'HALF YEARLY'!$1:$1048576,9,0) -> #REF! | V7: =VLOOKUP($A7,'HALF YEARLY'!$1:$1048576,10,0) -> #REF! | W7: =VLOOKUP($A7,'HALF YEARLY'!$1:$1048576,11,0) -> #REF! | X7: =VLOOKUP($A7,'HALF YEARLY'!$1:$1048576,12,0) -> #REF! | Y7: =VLOOKUP($A7,'HALF YEARLY'!$1:$1048576,13,0) -> #REF! | Z7: =VLOOKUP($A7,'HALF YEARLY'!$1:$1048576,14,0) -> #REF! | AA7: =VLOOKUP($A7,'HALF YEARLY'!$1:$1048576,15,0) -> #REF!
A8: =DETAILS!#REF! -> #REF! | B8: =DETAILS!#REF! -> #REF! | C8: =VLOOKUP($A8,'UT-I '!$1:$1048576,3,0) -> #REF! | D8: =IFERROR(ROUND(VLOOKUP($A8,'HALF YEARLY'!$1:$1048576,3,0)*0.8,0),VLOOKUP($A8,'HALF YEARLY'!$1:$1048576,3,0)) -> #REF! | E8: =SUM(C8:D8) -> #REF! | F8: =VLOOKUP($A8,'UT-I '!$1:$1048576,4,0) -> #REF! | G8: =IFERROR(ROUND(VLOOKUP($A8,'HALF YEARLY'!$1:$1048576,4,0)*0.8,0),VLOOKUP($A8,'HALF YEARLY'!$1:$1048576,4,0)) -> #REF! | H8: =SUM(F8:G8) -> #REF! | I8: =VLOOKUP($A8,'UT-I '!$1:$1048576,5,0) -> #REF! | J8: =IFERROR(ROUND(VLOOKUP($A8,'HALF YEARLY'!$1:$1048576,5,0)*0.8,0),VLOOKUP($A8,'HALF YEARLY'!$1:$1048576,5,0)) -> #REF! | K8: =SUM(I8:J8) -> #REF! | L8: =VLOOKUP($A8,'UT-I '!$1:$1048576,6,0) -> #REF! | M8: =IFERROR(ROUND(VLOOKUP($A8,'HALF YEARLY'!$1:$1048576,6,0)*0.8,0),VLOOKUP($A8,'HALF YEARLY'!$1:$1048576,6,0)) -> #REF! | N8: =SUM(L8:M8) -> #REF! | O8: =VLOOKUP($A8,'UT-I '!$1:$1048576,7,0) -> #REF! | P8: =IFERROR(ROUND(VLOOKUP($A8,'HALF YEARLY'!$1:$1048576,7,0)*0.8,0),VLOOKUP($A8,'HALF YEARLY'!$1:$1048576,7,0)) -> #REF! | Q8: =SUM(O8:P8) -> #REF! | R8: =VLOOKUP($A8,'UT-I '!$1:$1048576,8,0) -> #REF! | S8: =IFERROR(ROUND(VLOOKUP($A8,'HALF YEARLY'!$1:$1048576,8,0)*0.8,0),VLOOKUP($A8,'HALF YEARLY'!$1:$1048576,8,0)) -> #REF! | T8: =SUM(R8:S8) -> #REF! | U8: =VLOOKUP($A8,'HALF YEARLY'!$1:$1048576,9,0) -> #REF! | V8: =VLOOKUP($A8,'HALF YEARLY'!$1:$1048576,10,0) -> #REF! | W8: =VLOOKUP($A8,'HALF YEARLY'!$1:$1048576,11,0) -> #REF! | X8: =VLOOKUP($A8,'HALF YEARLY'!$1:$1048576,12,0) -> #REF! | Y8: =VLOOKUP($A8,'HALF YEARLY'!$1:$1048576,13,0) -> #REF! | Z8: =VLOOKUP($A8,'HALF YEARLY'!$1:$1048576,14,0) -> #REF! | AA8: =VLOOKUP($A8,'HALF YEARLY'!$1:$1048576,15,0) -> #REF!
A9: =DETAILS!#REF! -> #REF! | B9: =DETAILS!#REF! -> #REF! | C9: =VLOOKUP($A9,'UT-I '!$1:$1048576,3,0) -> #REF! | D9: =IFERROR(ROUND(VLOOKUP($A9,'HALF YEARLY'!$1:$1048576,3,0)*0.8,0),VLOOKUP($A9,'HALF YEARLY'!$1:$1048576,3,0)) -> #REF! | E9: =SUM(C9:D9) -> #REF! | F9: =VLOOKUP($A9,'UT-I '!$1:$1048576,4,0) -> #REF! | G9: =IFERROR(ROUND(VLOOKUP($A9,'HALF YEARLY'!$1:$1048576,4,0)*0.8,0),VLOOKUP($A9,'HALF YEARLY'!$1:$1048576,4,0)) -> #REF! | H9: =SUM(F9:G9) -> #REF! | I9: =VLOOKUP($A9,'UT-I '!$1:$1048576,5,0) -> #REF! | J9: =IFERROR(ROUND(VLOOKUP($A9,'HALF YEARLY'!$1:$1048576,5,0)*0.8,0),VLOOKUP($A9,'HALF YEARLY'!$1:$1048576,5,0)) -> #REF! | K9: =SUM(I9:J9) -> #REF! | L9: =VLOOKUP($A9,'UT-I '!$1:$1048576,6,0) -> #REF! | M9: =IFERROR(ROUND(VLOOKUP($A9,'HALF YEARLY'!$1:$1048576,6,0)*0.8,0),VLOOKUP($A9,'HALF YEARLY'!$1:$1048576,6,0)) -> #REF! | N9: =SUM(L9:M9) -> #REF! | O9: =VLOOKUP($A9,'UT-I '!$1:$1048576,7,0) -> #REF! | P9: =IFERROR(ROUND(VLOOKUP($A9,'HALF YEARLY'!$1:$1048576,7,0)*0.8,0),VLOOKUP($A9,'HALF YEARLY'!$1:$1048576,7,0)) -> #REF! | Q9: =SUM(O9:P9) -> #REF! | R9: =VLOOKUP($A9,'UT-I '!$1:$1048576,8,0) -> #REF! | S9: =IFERROR(ROUND(VLOOKUP($A9,'HALF YEARLY'!$1:$1048576,8,0)*0.8,0),VLOOKUP($A9,'HALF YEARLY'!$1:$1048576,8,0)) -> #REF! | T9: =SUM(R9:S9) -> #REF! | U9: =VLOOKUP($A9,'HALF YEARLY'!$1:$1048576,9,0) -> #REF! | V9: =VLOOKUP($A9,'HALF YEARLY'!$1:$1048576,10,0) -> #REF! | W9: =VLOOKUP($A9,'HALF YEARLY'!$1:$1048576,11,0) -> #REF! | X9: =VLOOKUP($A9,'HALF YEARLY'!$1:$1048576,12,0) -> #REF! | Y9: =VLOOKUP($A9,'HALF YEARLY'!$1:$1048576,13,0) -> #REF! | Z9: =VLOOKUP($A9,'HALF YEARLY'!$1:$1048576,14,0) -> #REF! | AA9: =VLOOKUP($A9,'HALF YEARLY'!$1:$1048576,15,0) -> #REF!
A10: =DETAILS!#REF! -> #REF! | B10: =DETAILS!#REF! -> #REF! | C10: =VLOOKUP($A10,'UT-I '!$1:$1048576,3,0) -> #REF! | D10: =IFERROR(ROUND(VLOOKUP($A10,'HALF YEARLY'!$1:$1048576,3,0)*0.8,0),VLOOKUP($A10,'HALF YEARLY'!$1:$1048576,3,0)) -> #REF! | E10: =SUM(C10:D10) -> #REF! | F10: =VLOOKUP($A10,'UT-I '!$1:$1048576,4,0) -> #REF! | G10: =IFERROR(ROUND(VLOOKUP($A10,'HALF YEARLY'!$1:$1048576,4,0)*0.8,0),VLOOKUP($A10,'HALF YEARLY'!$1:$1048576,4,0)) -> #REF! | H10: =SUM(F10:G10) -> #REF! | I10: =VLOOKUP($A10,'UT-I '!$1:$1048576,5,0) -> #REF! | J10: =IFERROR(ROUND(VLOOKUP($A10,'HALF YEARLY'!$1:$1048576,5,0)*0.8,0),VLOOKUP($A10,'HALF YEARLY'!$1:$1048576,5,0)) -> #REF! | K10: =SUM(I10:J10) -> #REF! | L10: =VLOOKUP($A10,'UT-I '!$1:$1048576,6,0) -> #REF! | M10: =IFERROR(ROUND(VLOOKUP($A10,'HALF YEARLY'!$1:$1048576,6,0)*0.8,0),VLOOKUP($A10,'HALF YEARLY'!$1:$1048576,6,0)) -> #REF! | N10: =SUM(L10:M10) -> #REF! | O10: =VLOOKUP($A10,'UT-I '!$1:$1048576,7,0) -> #REF! | P10: =IFERROR(ROUND(VLOOKUP($A10,'HALF YEARLY'!$1:$1048576,7,0)*0.8,0),VLOOKUP($A10,'HALF YEARLY'!$1:$1048576,7,0)) -> #REF! | Q10: =SUM(O10:P10) -> #REF! | R10: =VLOOKUP($A10,'UT-I '!$1:$1048576,8,0) -> #REF! | S10: =IFERROR(ROUND(VLOOKUP($A10,'HALF YEARLY'!$1:$1048576,8,0)*0.8,0),VLOOKUP($A10,'HALF YEARLY'!$1:$1048576,8,0)) -> #REF! | T10: =SUM(R10:S10) -> #REF! | U10: =VLOOKUP($A10,'HALF YEARLY'!$1:$1048576,9,0) -> #REF! | V10: =VLOOKUP($A10,'HALF YEARLY'!$1:$1048576,10,0) -> #REF! | W10: =VLOOKUP($A10,'HALF YEARLY'!$1:$1048576,11,0) -> #REF! | X10: =VLOOKUP($A10,'HALF YEARLY'!$1:$1048576,12,0) -> #REF! | Y10: =VLOOKUP($A10,'HALF YEARLY'!$1:$1048576,13,0) -> #REF! | Z10: =VLOOKUP($A10,'HALF YEARLY'!$1:$1048576,14,0) -> #REF! | AA10: =VLOOKUP($A10,'HALF YEARLY'!$1:$1048576,15,0) -> #REF!
A11: =DETAILS!#REF! -> #REF! | B11: =DETAILS!#REF! -> #REF! | C11: =VLOOKUP($A11,'UT-I '!$1:$1048576,3,0) -> #REF! | D11: =IFERROR(ROUND(VLOOKUP($A11,'HALF YEARLY'!$1:$1048576,3,0)*0.8,0),VLOOKUP($A11,'HALF YEARLY'!$1:$1048576,3,0)) -> #REF! | E11: =SUM(C11:D11) -> #REF! | F11: =VLOOKUP($A11,'UT-I '!$1:$1048576,4,0) -> #REF! | G11: =IFERROR(ROUND(VLOOKUP($A11,'HALF YEARLY'!$1:$1048576,4,0)*0.8,0),VLOOKUP($A11,'HALF YEARLY'!$1:$1048576,4,0)) -> #REF! | H11: =SUM(F11:G11) -> #REF! | I11: =VLOOKUP($A11,'UT-I '!$1:$1048576,5,0) -> #REF! | J11: =IFERROR(ROUND(VLOOKUP($A11,'HALF YEARLY'!$1:$1048576,5,0)*0.8,0),VLOOKUP($A11,'HALF YEARLY'!$1:$1048576,5,0)) -> #REF! | K11: =SUM(I11:J11) -> #REF! | L11: =VLOOKUP($A11,'UT-I '!$1:$1048576,6,0) -> #REF! | M11: =IFERROR(ROUND(VLOOKUP($A11,'HALF YEARLY'!$1:$1048576,6,0)*0.8,0),VLOOKUP($A11,'HALF YEARLY'!$1:$1048576,6,0)) -> #REF! | N11: =SUM(L11:M11) -> #REF! | O11: =VLOOKUP($A11,'UT-I '!$1:$1048576,7,0) -> #REF! | P11: =IFERROR(ROUND(VLOOKUP($A11,'HALF YEARLY'!$1:$1048576,7,0)*0.8,0),VLOOKUP($A11,'HALF YEARLY'!$1:$1048576,7,0)) -> #REF! | Q11: =SUM(O11:P11) -> #REF! | R11: =VLOOKUP($A11,'UT-I '!$1:$1048576,8,0) -> #REF! | S11: =IFERROR(ROUND(VLOOKUP($A11,'HALF YEARLY'!$1:$1048576,8,0)*0.8,0),VLOOKUP($A11,'HALF YEARLY'!$1:$1048576,8,0)) -> #REF! | T11: =SUM(R11:S11) -> #REF! | U11: =VLOOKUP($A11,'HALF YEARLY'!$1:$1048576,9,0) -> #REF! | V11: =VLOOKUP($A11,'HALF YEARLY'!$1:$1048576,10,0) -> #REF! | W11: =VLOOKUP($A11,'HALF YEARLY'!$1:$1048576,11,0) -> #REF! | X11: =VLOOKUP($A11,'HALF YEARLY'!$1:$1048576,12,0) -> #REF! | Y11: =VLOOKUP($A11,'HALF YEARLY'!$1:$1048576,13,0) -> #REF! | Z11: =VLOOKUP($A11,'HALF YEARLY'!$1:$1048576,14,0) -> #REF! | AA11: =VLOOKUP($A11,'HALF YEARLY'!$1:$1048576,15,0) -> #REF!
A12: =DETAILS!#REF! -> #REF! | B12: =DETAILS!#REF! -> #REF! | C12: =VLOOKUP($A12,'UT-I '!$1:$1048576,3,0) -> #REF! | D12: =IFERROR(ROUND(VLOOKUP($A12,'HALF YEARLY'!$1:$1048576,3,0)*0.8,0),VLOOKUP($A12,'HALF YEARLY'!$1:$1048576,3,0)) -> #REF! | E12: =SUM(C12:D12) -> #REF! | F12: =VLOOKUP($A12,'UT-I '!$1:$1048576,4,0) -> #REF! | G12: =IFERROR(ROUND(VLOOKUP($A12,'HALF YEARLY'!$1:$1048576,4,0)*0.8,0),VLOOKUP($A12,'HALF YEARLY'!$1:$1048576,4,0)) -> #REF! | H12: =SUM(F12:G12) -> #REF! | I12: =VLOOKUP($A12,'UT-I '!$1:$1048576,5,0) -> #REF! | J12: =IFERROR(ROUND(VLOOKUP($A12,'HALF YEARLY'!$1:$1048576,5,0)*0.8,0),VLOOKUP($A12,'HALF YEARLY'!$1:$1048576,5,0)) -> #REF! | K12: =SUM(I12:J12) -> #REF! | L12: =VLOOKUP($A12,'UT-I '!$1:$1048576,6,0) -> #REF! | M12: =IFERROR(ROUND(VLOOKUP($A12,'HALF YEARLY'!$1:$1048576,6,0)*0.8,0),VLOOKUP($A12,'HALF YEARLY'!$1:$1048576,6,0)) -> #REF! | N12: =SUM(L12:M12) -> #REF! | O12: =VLOOKUP($A12,'UT-I '!$1:$1048576,7,0) -> #REF! | P12: =IFERROR(ROUND(VLOOKUP($A12,'HALF YEARLY'!$1:$1048576,7,0)*0.8,0),VLOOKUP($A12,'HALF YEARLY'!$1:$1048576,7,0)) -> #REF! | Q12: =SUM(O12:P12) -> #REF! | R12: =VLOOKUP($A12,'UT-I '!$1:$1048576,8,0) -> #REF! | S12: =IFERROR(ROUND(VLOOKUP($A12,'HALF YEARLY'!$1:$1048576,8,0)*0.8,0),VLOOKUP($A12,'HALF YEARLY'!$1:$1048576,8,0)) -> #REF! | T12: =SUM(R12:S12) -> #REF! | U12: =VLOOKUP($A12,'HALF YEARLY'!$1:$1048576,9,0) -> #REF! | V12: =VLOOKUP($A12,'HALF YEARLY'!$1:$1048576,10,0) -> #REF! | W12: =VLOOKUP($A12,'HALF YEARLY'!$1:$1048576,11,0) -> #REF! | X12: =VLOOKUP($A12,'HALF YEARLY'!$1:$1048576,12,0) -> #REF! | Y12: =VLOOKUP($A12,'HALF YEARLY'!$1:$1048576,13,0) -> #REF! | Z12: =VLOOKUP($A12,'HALF YEARLY'!$1:$1048576,14,0) -> #REF! | AA12: =VLOOKUP($A12,'HALF YEARLY'!$1:$1048576,15,0) -> #REF!
A13: =DETAILS!#REF! -> #REF! | B13: =DETAILS!#REF! -> #REF! | C13: =VLOOKUP($A13,'UT-I '!$1:$1048576,3,0) -> #REF! | D13: =IFERROR(ROUND(VLOOKUP($A13,'HALF YEARLY'!$1:$1048576,3,0)*0.8,0),VLOOKUP($A13,'HALF YEARLY'!$1:$1048576,3,0)) -> #REF! | E13: =SUM(C13:D13) -> #REF! | F13: =VLOOKUP($A13,'UT-I '!$1:$1048576,4,0) -> #REF! | G13: =IFERROR(ROUND(VLOOKUP($A13,'HALF YEARLY'!$1:$1048576,4,0)*0.8,0),VLOOKUP($A13,'HALF YEARLY'!$1:$1048576,4,0)) -> #REF! | H13: =SUM(F13:G13) -> #REF! | I13: =VLOOKUP($A13,'UT-I '!$1:$1048576,5,0) -> #REF! | J13: =IFERROR(ROUND(VLOOKUP($A13,'HALF YEARLY'!$1:$1048576,5,0)*0.8,0),VLOOKUP($A13,'HALF YEARLY'!$1:$1048576,5,0)) -> #REF! | K13: =SUM(I13:J13) -> #REF! | L13: =VLOOKUP($A13,'UT-I '!$1:$1048576,6,0) -> #REF! | M13: =IFERROR(ROUND(VLOOKUP($A13,'HALF YEARLY'!$1:$1048576,6,0)*0.8,0),VLOOKUP($A13,'HALF YEARLY'!$1:$1048576,6,0)) -> #REF! | N13: =SUM(L13:M13) -> #REF! | O13: =VLOOKUP($A13,'UT-I '!$1:$1048576,7,0) -> #REF! | P13: =IFERROR(ROUND(VLOOKUP($A13,'HALF YEARLY'!$1:$1048576,7,0)*0.8,0),VLOOKUP($A13,'HALF YEARLY'!$1:$1048576,7,0)) -> #REF! | Q13: =SUM(O13:P13) -> #REF! | R13: =VLOOKUP($A13,'UT-I '!$1:$1048576,8,0) -> #REF! | S13: =IFERROR(ROUND(VLOOKUP($A13,'HALF YEARLY'!$1:$1048576,8,0)*0.8,0),VLOOKUP($A13,'HALF YEARLY'!$1:$1048576,8,0)) -> #REF! | T13: =SUM(R13:S13) -> #REF! | U13: =VLOOKUP($A13,'HALF YEARLY'!$1:$1048576,9,0) -> #REF! | V13: =VLOOKUP($A13,'HALF YEARLY'!$1:$1048576,10,0) -> #REF! | W13: =VLOOKUP($A13,'HALF YEARLY'!$1:$1048576,11,0) -> #REF! | X13: =VLOOKUP($A13,'HALF YEARLY'!$1:$1048576,12,0) -> #REF! | Y13: =VLOOKUP($A13,'HALF YEARLY'!$1:$1048576,13,0) -> #REF! | Z13: =VLOOKUP($A13,'HALF YEARLY'!$1:$1048576,14,0) -> #REF! | AA13: =VLOOKUP($A13,'HALF YEARLY'!$1:$1048576,15,0) -> #REF!
A14: =DETAILS!#REF! -> #REF! | B14: =DETAILS!#REF! -> #REF! | C14: =VLOOKUP($A14,'UT-I '!$1:$1048576,3,0) -> #REF! | D14: =IFERROR(ROUND(VLOOKUP($A14,'HALF YEARLY'!$1:$1048576,3,0)*0.8,0),VLOOKUP($A14,'HALF YEARLY'!$1:$1048576,3,0)) -> #REF! | E14: =SUM(C14:D14) -> #REF! | F14: =VLOOKUP($A14,'UT-I '!$1:$1048576,4,0) -> #REF! | G14: =IFERROR(ROUND(VLOOKUP($A14,'HALF YEARLY'!$1:$1048576,4,0)*0.8,0),VLOOKUP($A14,'HALF YEARLY'!$1:$1048576,4,0)) -> #REF! | H14: =SUM(F14:G14) -> #REF! | I14: =VLOOKUP($A14,'UT-I '!$1:$1048576,5,0) -> #REF! | J14: =IFERROR(ROUND(VLOOKUP($A14,'HALF YEARLY'!$1:$1048576,5,0)*0.8,0),VLOOKUP($A14,'HALF YEARLY'!$1:$1048576,5,0)) -> #REF! | K14: =SUM(I14:J14) -> #REF! | L14: =VLOOKUP($A14,'UT-I '!$1:$1048576,6,0) -> #REF! | M14: =IFERROR(ROUND(VLOOKUP($A14,'HALF YEARLY'!$1:$1048576,6,0)*0.8,0),VLOOKUP($A14,'HALF YEARLY'!$1:$1048576,6,0)) -> #REF! | N14: =SUM(L14:M14) -> #REF! | O14: =VLOOKUP($A14,'UT-I '!$1:$1048576,7,0) -> #REF! | P14: =IFERROR(ROUND(VLOOKUP($A14,'HALF YEARLY'!$1:$1048576,7,0)*0.8,0),VLOOKUP($A14,'HALF YEARLY'!$1:$1048576,7,0)) -> #REF! | Q14: =SUM(O14:P14) -> #REF! | R14: =VLOOKUP($A14,'UT-I '!$1:$1048576,8,0) -> #REF! | S14: =IFERROR(ROUND(VLOOKUP($A14,'HALF YEARLY'!$1:$1048576,8,0)*0.8,0),VLOOKUP($A14,'HALF YEARLY'!$1:$1048576,8,0)) -> #REF! | T14: =SUM(R14:S14) -> #REF! | U14: =VLOOKUP($A14,'HALF YEARLY'!$1:$1048576,9,0) -> #REF! | V14: =VLOOKUP($A14,'HALF YEARLY'!$1:$1048576,10,0) -> #REF! | W14: =VLOOKUP($A14,'HALF YEARLY'!$1:$1048576,11,0) -> #REF! | X14: =VLOOKUP($A14,'HALF YEARLY'!$1:$1048576,12,0) -> #REF! | Y14: =VLOOKUP($A14,'HALF YEARLY'!$1:$1048576,13,0) -> #REF! | Z14: =VLOOKUP($A14,'HALF YEARLY'!$1:$1048576,14,0) -> #REF! | AA14: =VLOOKUP($A14,'HALF YEARLY'!$1:$1048576,15,0) -> #REF!
A15: =DETAILS!#REF! -> #REF! | B15: =DETAILS!#REF! -> #REF! | C15: =VLOOKUP($A15,'UT-I '!$1:$1048576,3,0) -> #REF! | D15: =IFERROR(ROUND(VLOOKUP($A15,'HALF YEARLY'!$1:$1048576,3,0)*0.8,0),VLOOKUP($A15,'HALF YEARLY'!$1:$1048576,3,0)) -> #REF! | E15: =SUM(C15:D15) -> #REF! | F15: =VLOOKUP($A15,'UT-I '!$1:$1048576,4,0) -> #REF! | G15: =IFERROR(ROUND(VLOOKUP($A15,'HALF YEARLY'!$1:$1048576,4,0)*0.8,0),VLOOKUP($A15,'HALF YEARLY'!$1:$1048576,4,0)) -> #REF! | H15: =SUM(F15:G15) -> #REF! | I15: =VLOOKUP($A15,'UT-I '!$1:$1048576,5,0) -> #REF! | J15: =IFERROR(ROUND(VLOOKUP($A15,'HALF YEARLY'!$1:$1048576,5,0)*0.8,0),VLOOKUP($A15,'HALF YEARLY'!$1:$1048576,5,0)) -> #REF! | K15: =SUM(I15:J15) -> #REF! | L15: =VLOOKUP($A15,'UT-I '!$1:$1048576,6,0) -> #REF! | M15: =IFERROR(ROUND(VLOOKUP($A15,'HALF YEARLY'!$1:$1048576,6,0)*0.8,0),VLOOKUP($A15,'HALF YEARLY'!$1:$1048576,6,0)) -> #REF! | N15: =SUM(L15:M15) -> #REF! | O15: =VLOOKUP($A15,'UT-I '!$1:$1048576,7,0) -> #REF! | P15: =IFERROR(ROUND(VLOOKUP($A15,'HALF YEARLY'!$1:$1048576,7,0)*0.8,0),VLOOKUP($A15,'HALF YEARLY'!$1:$1048576,7,0)) -> #REF! | Q15: =SUM(O15:P15) -> #REF! | R15: =VLOOKUP($A15,'UT-I '!$1:$1048576,8,0) -> #REF! | S15: =IFERROR(ROUND(VLOOKUP($A15,'HALF YEARLY'!$1:$1048576,8,0)*0.8,0),VLOOKUP($A15,'HALF YEARLY'!$1:$1048576,8,0)) -> #REF! | T15: =SUM(R15:S15) -> #REF! | U15: =VLOOKUP($A15,'HALF YEARLY'!$1:$1048576,9,0) -> #REF! | V15: =VLOOKUP($A15,'HALF YEARLY'!$1:$1048576,10,0) -> #REF! | W15: =VLOOKUP($A15,'HALF YEARLY'!$1:$1048576,11,0) -> #REF! | X15: =VLOOKUP($A15,'HALF YEARLY'!$1:$1048576,12,0) -> #REF! | Y15: =VLOOKUP($A15,'HALF YEARLY'!$1:$1048576,13,0) -> #REF! | Z15: =VLOOKUP($A15,'HALF YEARLY'!$1:$1048576,14,0) -> #REF! | AA15: =VLOOKUP($A15,'HALF YEARLY'!$1:$1048576,15,0) -> #REF!
A16: =DETAILS!#REF! -> #REF! | B16: =DETAILS!#REF! -> #REF! | C16: =VLOOKUP($A16,'UT-I '!$1:$1048576,3,0) -> #REF! | D16: =IFERROR(ROUND(VLOOKUP($A16,'HALF YEARLY'!$1:$1048576,3,0)*0.8,0),VLOOKUP($A16,'HALF YEARLY'!$1:$1048576,3,0)) -> #REF! | E16: =SUM(C16:D16) -> #REF! | F16: =VLOOKUP($A16,'UT-I '!$1:$1048576,4,0) -> #REF! | G16: =IFERROR(ROUND(VLOOKUP($A16,'HALF YEARLY'!$1:$1048576,4,0)*0.8,0),VLOOKUP($A16,'HALF YEARLY'!$1:$1048576,4,0)) -> #REF! | H16: =SUM(F16:G16) -> #REF! | I16: =VLOOKUP($A16,'UT-I '!$1:$1048576,5,0) -> #REF! | J16: =IFERROR(ROUND(VLOOKUP($A16,'HALF YEARLY'!$1:$1048576,5,0)*0.8,0),VLOOKUP($A16,'HALF YEARLY'!$1:$1048576,5,0)) -> #REF! | K16: =SUM(I16:J16) -> #REF! | L16: =VLOOKUP($A16,'UT-I '!$1:$1048576,6,0) -> #REF! | M16: =IFERROR(ROUND(VLOOKUP($A16,'HALF YEARLY'!$1:$1048576,6,0)*0.8,0),VLOOKUP($A16,'HALF YEARLY'!$1:$1048576,6,0)) -> #REF! | N16: =SUM(L16:M16) -> #REF! | O16: =VLOOKUP($A16,'UT-I '!$1:$1048576,7,0) -> #REF! | P16: =IFERROR(ROUND(VLOOKUP($A16,'HALF YEARLY'!$1:$1048576,7,0)*0.8,0),VLOOKUP($A16,'HALF YEARLY'!$1:$1048576,7,0)) -> #REF! | Q16: =SUM(O16:P16) -> #REF! | R16: =VLOOKUP($A16,'UT-I '!$1:$1048576,8,0) -> #REF! | S16: =IFERROR(ROUND(VLOOKUP($A16,'HALF YEARLY'!$1:$1048576,8,0)*0.8,0),VLOOKUP($A16,'HALF YEARLY'!$1:$1048576,8,0)) -> #REF! | T16: =SUM(R16:S16) -> #REF! | U16: =VLOOKUP($A16,'HALF YEARLY'!$1:$1048576,9,0) -> #REF! | V16: =VLOOKUP($A16,'HALF YEARLY'!$1:$1048576,10,0) -> #REF! | W16: =VLOOKUP($A16,'HALF YEARLY'!$1:$1048576,11,0) -> #REF! | X16: =VLOOKUP($A16,'HALF YEARLY'!$1:$1048576,12,0) -> #REF! | Y16: =VLOOKUP($A16,'HALF YEARLY'!$1:$1048576,13,0) -> #REF! | Z16: =VLOOKUP($A16,'HALF YEARLY'!$1:$1048576,14,0) -> #REF! | AA16: =VLOOKUP($A16,'HALF YEARLY'!$1:$1048576,15,0) -> #REF!
A17: =DETAILS!#REF! -> #REF! | B17: =DETAILS!#REF! -> #REF! | C17: =VLOOKUP($A17,'UT-I '!$1:$1048576,3,0) -> #REF! | D17: =IFERROR(ROUND(VLOOKUP($A17,'HALF YEARLY'!$1:$1048576,3,0)*0.8,0),VLOOKUP($A17,'HALF YEARLY'!$1:$1048576,3,0)) -> #REF! | E17: =SUM(C17:D17) -> #REF! | F17: =VLOOKUP($A17,'UT-I '!$1:$1048576,4,0) -> #REF! | G17: =IFERROR(ROUND(VLOOKUP($A17,'HALF YEARLY'!$1:$1048576,4,0)*0.8,0),VLOOKUP($A17,'HALF YEARLY'!$1:$1048576,4,0)) -> #REF! | H17: =SUM(F17:G17) -> #REF! | I17: =VLOOKUP($A17,'UT-I '!$1:$1048576,5,0) -> #REF! | J17: =IFERROR(ROUND(VLOOKUP($A17,'HALF YEARLY'!$1:$1048576,5,0)*0.8,0),VLOOKUP($A17,'HALF YEARLY'!$1:$1048576,5,0)) -> #REF! | K17: =SUM(I17:J17) -> #REF! | L17: =VLOOKUP($A17,'UT-I '!$1:$1048576,6,0) -> #REF! | M17: =IFERROR(ROUND(VLOOKUP($A17,'HALF YEARLY'!$1:$1048576,6,0)*0.8,0),VLOOKUP($A17,'HALF YEARLY'!$1:$1048576,6,0)) -> #REF! | N17: =SUM(L17:M17) -> #REF! | O17: =VLOOKUP($A17,'UT-I '!$1:$1048576,7,0) -> #REF! | P17: =IFERROR(ROUND(VLOOKUP($A17,'HALF YEARLY'!$1:$1048576,7,0)*0.8,0),VLOOKUP($A17,'HALF YEARLY'!$1:$1048576,7,0)) -> #REF! | Q17: =SUM(O17:P17) -> #REF! | R17: =VLOOKUP($A17,'UT-I '!$1:$1048576,8,0) -> #REF! | S17: =IFERROR(ROUND(VLOOKUP($A17,'HALF YEARLY'!$1:$1048576,8,0)*0.8,0),VLOOKUP($A17,'HALF YEARLY'!$1:$1048576,8,0)) -> #REF! | T17: =SUM(R17:S17) -> #REF! | U17: =VLOOKUP($A17,'HALF YEARLY'!$1:$1048576,9,0) -> #REF! | V17: =VLOOKUP($A17,'HALF YEARLY'!$1:$1048576,10,0) -> #REF! | W17: =VLOOKUP($A17,'HALF YEARLY'!$1:$1048576,11,0) -> #REF! | X17: =VLOOKUP($A17,'HALF YEARLY'!$1:$1048576,12,0) -> #REF! | Y17: =VLOOKUP($A17,'HALF YEARLY'!$1:$1048576,13,0) -> #REF! | Z17: =VLOOKUP($A17,'HALF YEARLY'!$1:$1048576,14,0) -> #REF! | AA17: =VLOOKUP($A17,'HALF YEARLY'!$1:$1048576,15,0) -> #REF!
... A41: =DETAILS!#REF! -> #REF! | B41: =DETAILS!#REF! -> #REF! | C41: =VLOOKUP($A41,'UT-I '!$1:$1048576,3,0) -> #REF! | D41: =IFERROR(ROUND(VLOOKUP($A41,'HALF YEARLY'!$1:$1048576,3,0)*0.8,0),VLOOKUP($A41,'HALF YEARLY'!$1:$1048576,3,0)) -> #REF! | E41: =SUM(C41:D41) -> #REF! | F41: =VLOOKUP($A41,'UT-I '!$1:$1048576,4,0) -> #REF! | G41: =IFERROR(ROUND(VLOOKUP($A41,'HALF YEARLY'!$1:$1048576,4,0)*0.8,0),VLOOKUP($A41,'HALF YEARLY'!$1:$1048576,4,0)) -> #REF! | H41: =SUM(F41:G41) -> #REF! | I41: =VLOOKUP($A41,'UT-I '!$1:$1048576,5,0) -> #REF! | J41: =IFERROR(ROUND(VLOOKUP($A41,'HALF YEARLY'!$1:$1048576,5,0)*0.8,0),VLOOKUP($A41,'HALF YEARLY'!$1:$1048576,5,0)) -> #REF! | K41: =SUM(I41:J41) -> #REF! | L41: =VLOOKUP($A41,'UT-I '!$1:$1048576,6,0) -> #REF! | M41: =IFERROR(ROUND(VLOOKUP($A41,'HALF YEARLY'!$1:$1048576,6,0)*0.8,0),VLOOKUP($A41,'HALF YEARLY'!$1:$1048576,6,0)) -> #REF! | N41: =SUM(L41:M41) -> #REF! | O41: =VLOOKUP($A41,'UT-I '!$1:$1048576,7,0) -> #REF! | P41: =IFERROR(ROUND(VLOOKUP($A41,'HALF YEARLY'!$1:$1048576,7,0)*0.8,0),VLOOKUP($A41,'HALF YEARLY'!$1:$1048576,7,0)) -> #REF! | Q41: =SUM(O41:P41) -> #REF! | R41: =VLOOKUP($A41,'UT-I '!$1:$1048576,8,0) -> #REF! | S41: =IFERROR(ROUND(VLOOKUP($A41,'HALF YEARLY'!$1:$1048576,8,0)*0.8,0),VLOOKUP($A41,'HALF YEARLY'!$1:$1048576,8,0)) -> #REF! | T41: =SUM(R41:S41) -> #REF! | U41: =VLOOKUP($A41,'HALF YEARLY'!$1:$1048576,9,0) -> #REF! | V41: =VLOOKUP($A41,'HALF YEARLY'!$1:$1048576,10,0) -> #REF! | W41: =VLOOKUP($A41,'HALF YEARLY'!$1:$1048576,11,0) -> #REF! | X41: =VLOOKUP($A41,'HALF YEARLY'!$1:$1048576,12,0) -> #REF! | Y41: =VLOOKUP($A41,'HALF YEARLY'!$1:$1048576,13,0) -> #REF! | Z41: =VLOOKUP($A41,'HALF YEARLY'!$1:$1048576,14,0) -> #REF! | AA41: =VLOOKUP($A41,'HALF YEARLY'!$1:$1048576,15,0) -> #REF!

Sheet HY Report
B2: SAINIK PUBLIC SCHOOL
B3: (Affiliated to C.B.S.E. New Delhi- Reg. No. : 2131299)
B4: Building No. VB1893, Vikas Bhawan Ward,
B5: Nagar Palika Parishad, Nawabganj, Barabanki
B6: HALF YEARLY REPORT CARD
B7: SESSION 2025-26
B8: STUDENT PROFILE
B9: Student's Name | C9: =": "&VLOOKUP($K$9,DETAILS!$1:$1048576,2,0) -> #N/A | I9: Admission No. : | K9: 1
B10: Mother's Name | C10: =": "&VLOOKUP($K$9,DETAILS!$1:$1048576,3,0) -> #N/A | I10: Class & Sec. : | K10: =VLOOKUP($K$9,DETAILS!$1:$1048576,6,0) -> #N/A
B11: Father's Name | C11: =": "&VLOOKUP($K$9,DETAILS!$1:$1048576,4,0) -> #N/A | I11: Date of Birth : | K11: =VLOOKUP($K$9,DETAILS!$1:$1048576,5,0) -> #N/A
B13: PART-1 : ACADEMIC PERFORMANCE-SCHOLASTIC AREAS
B14: SUBJECT | D14: UNIT TEST - I (20) | G14: HALF YEARLY (80) | K14: TOTAL (100)
B15: ENGLISH CORE | D15: =VLOOKUP($K$9,'HY Compile'!$1:$1048576,3,0) -> #N/A | G15: =VLOOKUP($K$9,'HY Compile'!$1:$1048576,4,0) -> #N/A | K15: =SUM(D15:J15) -> #N/A
B16: =VLOOKUP($K$9,DETAILS!$1:$1048576,7,0) -> #N/A | D16: =VLOOKUP($K$9,'HY Compile'!$1:$1048576,6,0) -> #N/A | G16: =VLOOKUP($K$9,'HY Compile'!$1:$1048576,7,0) -> #N/A | K16: =SUM(D16:J16) -> #N/A
B17: HISTORY | D17: =VLOOKUP($K$9,'HY Compile'!$1:$1048576,9,0) -> #N/A | G17: =VLOOKUP($K$9,'HY Compile'!$1:$1048576,10,0) -> #N/A | K17: =SUM(D17:J17) -> #N/A
B18: POLITICAL SCIENCE | D18: =VLOOKUP($K$9,'HY Compile'!$1:$1048576,12,0) -> #N/A | G18: =VLOOKUP($K$9,'HY Compile'!$1:$1048576,13,0) -> #N/A | K18: =SUM(D18:J18) -> #N/A
B19: GEOGRAPHY | D19: =VLOOKUP($K$9,'HY Compile'!$1:$1048576,15,0) -> #N/A | G19: =VLOOKUP($K$9,'HY Compile'!$1:$1048576,16,0) -> #N/A | K19: =SUM(D19:J19) -> #N/A
B20: PHYSICAL EDUCATION | D20: =VLOOKUP($K$9,'HY Compile'!$1:$1048576,18,0) -> #N/A | G20: =VLOOKUP($K$9,'HY Compile'!$1:$1048576,19,0) -> #N/A | K20: =SUM(D20:J20) -> #N/A
B22: Attendance | C22: =VLOOKUP($K$9,'HY Compile'!$1:$1048576,25,0) -> #N/A | D22: =VLOOKUP($K$9,'HY Compile'!$1:$1048576,26,0) -> #N/A | J22: Percentage : | L22: =ROUND(SUM(K15:M20)/6,2)&" %" -> #N/A
C23: =VLOOKUP($K$9,'HY Compile'!$1:$1048576,38,0) -> #N/A | D23: =VLOOKUP($K$9,'HY Compile'!$1:$1048576,38,0) -> #N/A | J23: Grand Total : | L23: =SUM(K15:M20)& "/600" -> #N/A
B26: PART-2:CO-SCHOLASTIC AREAS | K26: GRADE
B27: Work Education | K27: =VLOOKUP($K$9,'HY Compile'!$1:$1048576,21,0) -> #N/A
B28: Art Education | K28: =VLOOKUP($K$9,'HY Compile'!$1:$1048576,22,0) -> #N/A
B29: Health & Physical Education | K29: =VLOOKUP($K$9,'HY Compile'!$1:$1048576,23,0) -> #N/A
B30: Discipline | K30: =VLOOKUP($K$9,'HY Compile'!$1:$1048576,24,0) -> #N/A
B32: Mark Range | D32: 100-81 | F32: 80-61 | H32: 60-41 | J32: 40-33 | L32: 32-0
B33: Grade | D33: A | F33: B | H33: C | J33: D | L33: E
B36: ="Class Teacher's Remark: "&VLOOKUP($K$9,'HY Compile'!$1:$1048576,27,0) -> #N/A
B38: Issue Date: 10.10.2025
B41: Class Teacher's Signature | J41: Principal's Signature

Sheet UT-2(Entry)
A1: UNIT TEST-II (2025-26) CLASS - XI-Human
A2: SR. NO. | B2: NAME | C2: ENGLISH | D2: HINDI/CS | E2: HISTORY | F2: POLITICAL SCIENCE | G2: GEOGRAPHY | H2: PHYSICAL EDUCATION | I2: Attendance
I3: Present | J3: Working Day
A4: =DETAILS!A3 -> 1925 | B4: =DETAILS!B3 -> ARYAN GUPTA
A5: =DETAILS!A4 -> 1918 | B5: =DETAILS!B4 -> SANJANA PATEL
A6: =DETAILS!#REF! -> #REF! | B6: =DETAILS!#REF! -> #REF!
A7: =DETAILS!#REF! -> #REF! | B7: =DETAILS!#REF! -> #REF!
A8: =DETAILS!#REF! -> #REF! | B8: =DETAILS!#REF! -> #REF!
A9: =DETAILS!#REF! -> #REF! | B9: =DETAILS!#REF! -> #REF!
A10: =DETAILS!#REF! -> #REF! | B10: =DETAILS!#REF! -> #REF!
A11: =DETAILS!#REF! -> #REF! | B11: =DETAILS!#REF! -> #REF!
A12: =DETAILS!#REF! -> #REF! | B12: =DETAILS!#REF! -> #REF!
A13: =DETAILS!#REF! -> #REF! | B13: =DETAILS!#REF! -> #REF!
A14: =DETAILS!#REF! -> #REF! | B14: =DETAILS!#REF! -> #REF!
A15: =DETAILS!#REF! -> #REF! | B15: =DETAILS!#REF! -> #REF!
A16: =DETAILS!#REF! -> #REF! | B16: =DETAILS!#REF! -> #REF!
A17: =DETAILS!#REF! -> #REF! | B17: =DETAILS!#REF! -> #REF!
... A42: =DETAILS!#REF! -> #REF! | B42: =DETAILS!#REF! -> #REF!

Sheet UT-2
A1: UNIT TEST-II (2025-26) CLASS - XI-Human
A2: SR. NO. | B2: NAME | C2: ENGLISH | D2: HINDI/CS | E2: HISTORY | F2: POLITICAL SCIENCE | G2: GEOGRAPHY | H2: PHYSICAL EDUCATION | I2: TOTAL | J2: PERCENTAGE | K2: Attendance
K3: Present | L3: Working Day
A4: =DETAILS!A3 -> 1925 | B4: =DETAILS!B3 -> ARYAN GUPTA | C4: =IFERROR(ROUND((VLOOKUP(A4,'UT-2(Entry)'!$1:$1048576,3,0))/2.5,0),VLOOKUP(A4,'UT-2(Entry)'!$1:$1048576,3,0)) -> 0 | D4: =IFERROR(ROUND((VLOOKUP(A4,'UT-2(Entry)'!$1:$1048576,4,0))/2.5,0),VLOOKUP(A4,'UT-2(Entry)'!$1:$1048576,4,0)) -> 0 | E4: =IFERROR(ROUND((VLOOKUP(A4,'UT-2(Entry)'!$1:$1048576,5,0))/2.5,0),VLOOKUP(A4,'UT-2(Entry)'!$1:$1048576,5,0)) -> 0 | F4: =IFERROR(ROUND((VLOOKUP(A4,'UT-2(Entry)'!$1:$1048576,6,0))/2.5,0),VLOOKUP(A4,'UT-2(Entry)'!$1:$1048576,6,0)) -> 0 | G4: =IFERROR(ROUND((VLOOKUP($A4,'UT-2(Entry)'!$1:$1048576,7,0))/2.5,0),VLOOKUP($A4,'UT-2(Entry)'!$1:$1048576,7,0)) -> 0 | H4: =IFERROR(ROUND((VLOOKUP($A4,'UT-2(Entry)'!$1:$1048576,8,0))/2.5,0),VLOOKUP($A4,'UT-2(Entry)'!$1:$1048576,8,0)) -> 0 | I4: =SUM(C4:H4) -> 0 | J4: =ROUND(I4/1.2,2)&" %" -> 0 % | K4: =VLOOKUP(A4,'UT-2(Entry)'!$1:$1048576,9,0) -> 0 | L4: =VLOOKUP(A4,'UT-2(Entry)'!$1:$1048576,10,0) -> 0
A5: =DETAILS!A4 -> 1918 | B5: =DETAILS!B4 -> SANJANA PATEL | C5: =IFERROR(ROUND((VLOOKUP(A5,'UT-2(Entry)'!$1:$1048576,3,0))/2.5,0),VLOOKUP(A5,'UT-2(Entry)'!$1:$1048576,3,0)) -> 0 | D5: =IFERROR(ROUND((VLOOKUP(A5,'UT-2(Entry)'!$1:$1048576,4,0))/2.5,0),VLOOKUP(A5,'UT-2(Entry)'!$1:$1048576,4,0)) -> 0 | E5: =IFERROR(ROUND((VLOOKUP(A5,'UT-2(Entry)'!$1:$1048576,5,0))/2.5,0),VLOOKUP(A5,'UT-2(Entry)'!$1:$1048576,5,0)) -> 0 | F5: =IFERROR(ROUND((VLOOKUP(A5,'UT-2(Entry)'!$1:$1048576,6,0))/2.5,0),VLOOKUP(A5,'UT-2(Entry)'!$1:$1048576,6,0)) -> 0 | G5: =IFERROR(ROUND((VLOOKUP($A5,'UT-2(Entry)'!$1:$1048576,7,0))/2.5,0),VLOOKUP($A5,'UT-2(Entry)'!$1:$1048576,7,0)) -> 0 | H5: =IFERROR(ROUND((VLOOKUP($A5,'UT-2(Entry)'!$1:$1048576,8,0))/2.5,0),VLOOKUP($A5,'UT-2(Entry)'!$1:$1048576,8,0)) -> 0 | I5: =SUM(C5:H5) -> 0 | J5: =ROUND(I5/1.2,2)&" %" -> 0 % | K5: =VLOOKUP(A5,'UT-2(Entry)'!$1:$1048576,9,0) -> 0 | L5: =VLOOKUP(A5,'UT-2(Entry)'!$1:$1048576,10,0) -> 0
A6: =DETAILS!#REF! -> #REF! | B6: =DETAILS!#REF! -> #REF! | C6: =IFERROR(ROUND((VLOOKUP(A6,'UT-2(Entry)'!$1:$1048576,3,0))/2.5,0),VLOOKUP(A6,'UT-2(Entry)'!$1:$1048576,3,0)) -> #REF! | D6: =IFERROR(ROUND((VLOOKUP(A6,'UT-2(Entry)'!$1:$1048576,4,0))/2.5,0),VLOOKUP(A6,'UT-2(Entry)'!$1:$1048576,4,0)) -> #REF! | E6: =IFERROR(ROUND((VLOOKUP(A6,'UT-2(Entry)'!$1:$1048576,5,0))/2.5,0),VLOOKUP(A6,'UT-2(Entry)'!$1:$1048576,5,0)) -> #REF! | F6: =IFERROR(ROUND((VLOOKUP(A6,'UT-2(Entry)'!$1:$1048576,6,0))/2.5,0),VLOOKUP(A6,'UT-2(Entry)'!$1:$1048576,6,0)) -> #REF! | G6: =IFERROR(ROUND((VLOOKUP($A6,'UT-2(Entry)'!$1:$1048576,7,0))/2.5,0),VLOOKUP($A6,'UT-2(Entry)'!$1:$1048576,7,0)) -> #REF! | H6: =IFERROR(ROUND((VLOOKUP($A6,'UT-2(Entry)'!$1:$1048576,8,0))/2.5,0),VLOOKUP($A6,'UT-2(Entry)'!$1:$1048576,8,0)) -> #REF! | I6: =SUM(C6:H6) -> #REF! | J6: =ROUND(I6/1.2,2)&" %" -> #REF! | K6: =VLOOKUP(A6,'UT-2(Entry)'!$1:$1048576,9,0) -> #REF! | L6: =VLOOKUP(A6,'UT-2(Entry)'!$1:$1048576,10,0) -> #REF!
A7: =DETAILS!#REF! -> #REF! | B7: =DETAILS!#REF! -> #REF! | C7: =IFERROR(ROUND((VLOOKUP(A7,'UT-2(Entry)'!$1:$1048576,3,0))/2.5,0),VLOOKUP(A7,'UT-2(Entry)'!$1:$1048576,3,0)) -> #REF! | D7: =IFERROR(ROUND((VLOOKUP(A7,'UT-2(Entry)'!$1:$1048576,4,0))/2.5,0),VLOOKUP(A7,'UT-2(Entry)'!$1:$1048576,4,0)) -> #REF! | E7: =IFERROR(ROUND((VLOOKUP(A7,'UT-2(Entry)'!$1:$1048576,5,0))/2.5,0),VLOOKUP(A7,'UT-2(Entry)'!$1:$1048576,5,0)) -> #REF! | F7: =IFERROR(ROUND((VLOOKUP(A7,'UT-2(Entry)'!$1:$1048576,6,0))/2.5,0),VLOOKUP(A7,'UT-2(Entry)'!$1:$1048576,6,0)) -> #REF! | G7: =IFERROR(ROUND((VLOOKUP($A7,'UT-2(Entry)'!$1:$1048576,7,0))/2.5,0),VLOOKUP($A7,'UT-2(Entry)'!$1:$1048576,7,0)) -> #REF! | H7: =IFERROR(ROUND((VLOOKUP($A7,'UT-2(Entry)'!$1:$1048576,8,0))/2.5,0),VLOOKUP($A7,'UT-2(Entry)'!$1:$1048576,8,0)) -> #REF! | I7: =SUM(C7:H7) -> #REF! | J7: =ROUND(I7/1.2,2)&" %" -> #REF! | K7: =VLOOKUP(A7,'UT-2(Entry)'!$1:$1048576,9,0) -> #REF! | L7: =VLOOKUP(A7,'UT-2(Entry)'!$1:$1048576,10,0) -> #REF!
A8: =DETAILS!#REF! -> #REF! | B8: =DETAILS!#REF! -> #REF! | C8: =IFERROR(ROUND((VLOOKUP(A8,'UT-2(Entry)'!$1:$1048576,3,0))/2.5,0),VLOOKUP(A8,'UT-2(Entry)'!$1:$1048576,3,0)) -> #REF! | D8: =IFERROR(ROUND((VLOOKUP(A8,'UT-2(Entry)'!$1:$1048576,4,0))/2.5,0),VLOOKUP(A8,'UT-2(Entry)'!$1:$1048576,4,0)) -> #REF! | E8: =IFERROR(ROUND((VLOOKUP(A8,'UT-2(Entry)'!$1:$1048576,5,0))/2.5,0),VLOOKUP(A8,'UT-2(Entry)'!$1:$1048576,5,0)) -> #REF! | F8: =IFERROR(ROUND((VLOOKUP(A8,'UT-2(Entry)'!$1:$1048576,6,0))/2.5,0),VLOOKUP(A8,'UT-2(Entry)'!$1:$1048576,6,0)) -> #REF! | G8: =IFERROR(ROUND((VLOOKUP($A8,'UT-2(Entry)'!$1:$1048576,7,0))/2.5,0),VLOOKUP($A8,'UT-2(Entry)'!$1:$1048576,7,0)) -> #REF! | H8: =IFERROR(ROUND((VLOOKUP($A8,'UT-2(Entry)'!$1:$1048576,8,0))/2.5,0),VLOOKUP($A8,'UT-2(Entry)'!$1:$1048576,8,0)) -> #REF! | I8: =SUM(C8:H8) -> #REF! | J8: =ROUND(I8/1.2,2)&" %" -> #REF! | K8: =VLOOKUP(A8,'UT-2(Entry)'!$1:$1048576,9,0) -> #REF! | L8: =VLOOKUP(A8,'UT-2(Entry)'!$1:$1048576,10,0) -> #REF!
A9: =DETAILS!#REF! -> #REF! | B9: =DETAILS!#REF! -> #REF! | C9: =IFERROR(ROUND((VLOOKUP(A9,'UT-2(Entry)'!$1:$1048576,3,0))/2.5,0),VLOOKUP(A9,'UT-2(Entry)'!$1:$1048576,3,0)) -> #REF! | D9: =IFERROR(ROUND((VLOOKUP(A9,'UT-2(Entry)'!$1:$1048576,4,0))/2.5,0),VLOOKUP(A9,'UT-2(Entry)'!$1:$1048576,4,0)) -> #REF! | E9: =IFERROR(ROUND((VLOOKUP(A9,'UT-2(Entry)'!$1:$1048576,5,0))/2.5,0),VLOOKUP(A9,'UT-2(Entry)'!$1:$1048576,5,0)) -> #REF! | F9: =IFERROR(ROUND((VLOOKUP(A9,'UT-2(Entry)'!$1:$1048576,6,0))/2.5,0),VLOOKUP(A9,'UT-2(Entry)'!$1:$1048576,6,0)) -> #REF! | G9: =IFERROR(ROUND((VLOOKUP($A9,'UT-2(Entry)'!$1:$1048576,7,0))/2.5,0),VLOOKUP($A9,'UT-2(Entry)'!$1:$1048576,7,0)) -> #REF! | H9: =IFERROR(ROUND((VLOOKUP($A9,'UT-2(Entry)'!$1:$1048576,8,0))/2.5,0),VLOOKUP($A9,'UT-2(Entry)'!$1:$1048576,8,0)) -> #REF! | I9: =SUM(C9:H9) -> #REF! | J9: =ROUND(I9/1.2,2)&" %" -> #REF! | K9: =VLOOKUP(A9,'UT-2(Entry)'!$1:$1048576,9,0) -> #REF! | L9: =VLOOKUP(A9,'UT-2(Entry)'!$1:$1048576,10,0) -> #REF!
A10: =DETAILS!#REF! -> #REF! | B10: =DETAILS!#REF! -> #REF! | C10: =IFERROR(ROUND((VLOOKUP(A10,'UT-2(Entry)'!$1:$1048576,3,0))/2.5,0),VLOOKUP(A10,'UT-2(Entry)'!$1:$1048576,3,0)) -> #REF! | D10: =IFERROR(ROUND((VLOOKUP(A10,'UT-2(Entry)'!$1:$1048576,4,0))/2.5,0),VLOOKUP(A10,'UT-2(Entry)'!$1:$1048576,4,0)) -> #REF! | E10: =IFERROR(ROUND((VLOOKUP(A10,'UT-2(Entry)'!$1:$1048576,5,0))/2.5,0),VLOOKUP(A10,'UT-2(Entry)'!$1:$1048576,5,0)) -> #REF! | F10: =IFERROR(ROUND((VLOOKUP(A10,'UT-2(Entry)'!$1:$1048576,6,0))/2.5,0),VLOOKUP(A10,'UT-2(Entry)'!$1:$1048576,6,0)) -> #REF! | G10: =IFERROR(ROUND((VLOOKUP($A10,'UT-2(Entry)'!$1:$1048576,7,0))/2.5,0),VLOOKUP($A10,'UT-2(Entry)'!$1:$1048576,7,0)) -> #REF! | H10: =IFERROR(ROUND((VLOOKUP($A10,'UT-2(Entry)'!$1:$1048576,8,0))/2.5,0),VLOOKUP($A10,'UT-2(Entry)'!$1:$1048576,8,0)) -> #REF! | I10: =SUM(C10:H10) -> #REF! | J10: =ROUND(I10/1.2,2)&" %" -> #REF! | K10: =VLOOKUP(A10,'UT-2(Entry)'!$1:$1048576,9,0) -> #REF! | L10: =VLOOKUP(A10,'UT-2(Entry)'!$1:$1048576,10,0) -> #REF!
A11: =DETAILS!#REF! -> #REF! | B11: =DETAILS!#REF! -> #REF! | C11: =IFERROR(ROUND((VLOOKUP(A11,'UT-2(Entry)'!$1:$1048576,3,0))/2.5,0),VLOOKUP(A11,'UT-2(Entry)'!$1:$1048576,3,0)) -> #REF! | D11: =IFERROR(ROUND((VLOOKUP(A11,'UT-2(Entry)'!$1:$1048576,4,0))/2.5,0),VLOOKUP(A11,'UT-2(Entry)'!$1:$1048576,4,0)) -> #REF! | E11: =IFERROR(ROUND((VLOOKUP(A11,'UT-2(Entry)'!$1:$1048576,5,0))/2.5,0),VLOOKUP(A11,'UT-2(Entry)'!$1:$1048576,5,0)) -> #REF! | F11: =IFERROR(ROUND((VLOOKUP(A11,'UT-2(Entry)'!$1:$1048576,6,0))/2.5,0),VLOOKUP(A11,'UT-2(Entry)'!$1:$1048576,6,0)) -> #REF! | G11: =IFERROR(ROUND((VLOOKUP($A11,'UT-2(Entry)'!$1:$1048576,7,0))/2.5,0),VLOOKUP($A11,'UT-2(Entry)'!$1:$1048576,7,0)) -> #REF! | H11: =IFERROR(ROUND((VLOOKUP($A11,'UT-2(Entry)'!$1:$1048576,8,0))/2.5,0),VLOOKUP($A11,'UT-2(Entry)'!$1:$1048576,8,0)) -> #REF! | I11: =SUM(C11:H11) -> #REF! | J11: =ROUND(I11/1.2,2)&" %" -> #REF! | K11: =VLOOKUP(A11,'UT-2(Entry)'!$1:$1048576,9,0) -> #REF! | L11: =VLOOKUP(A11,'UT-2(Entry)'!$1:$1048576,10,0) -> #REF!
A12: =DETAILS!#REF! -> #REF! | B12: =DETAILS!#REF! -> #REF! | C12: =IFERROR(ROUND((VLOOKUP(A12,'UT-2(Entry)'!$1:$1048576,3,0))/2.5,0),VLOOKUP(A12,'UT-2(Entry)'!$1:$1048576,3,0)) -> #REF! | D12: =IFERROR(ROUND((VLOOKUP(A12,'UT-2(Entry)'!$1:$1048576,4,0))/2.5,0),VLOOKUP(A12,'UT-2(Entry)'!$1:$1048576,4,0)) -> #REF! | E12: =IFERROR(ROUND((VLOOKUP(A12,'UT-2(Entry)'!$1:$1048576,5,0))/2.5,0),VLOOKUP(A12,'UT-2(Entry)'!$1:$1048576,5,0)) -> #REF! | F12: =IFERROR(ROUND((VLOOKUP(A12,'UT-2(Entry)'!$1:$1048576,6,0))/2.5,0),VLOOKUP(A12,'UT-2(Entry)'!$1:$1048576,6,0)) -> #REF! | G12: =IFERROR(ROUND((VLOOKUP($A12,'UT-2(Entry)'!$1:$1048576,7,0))/2.5,0),VLOOKUP($A12,'UT-2(Entry)'!$1:$1048576,7,0)) -> #REF! | H12: =IFERROR(ROUND((VLOOKUP($A12,'UT-2(Entry)'!$1:$1048576,8,0))/2.5,0),VLOOKUP($A12,'UT-2(Entry)'!$1:$1048576,8,0)) -> #REF! | I12: =SUM(C12:H12) -> #REF! | J12: =ROUND(I12/1.2,2)&" %" -> #REF! | K12: =VLOOKUP(A12,'UT-2(Entry)'!$1:$1048576,9,0) -> #REF! | L12: =VLOOKUP(A12,'UT-2(Entry)'!$1:$1048576,10,0) -> #REF!
A13: =DETAILS!#REF! -> #REF! | B13: =DETAILS!#REF! -> #REF! | C13: =IFERROR(ROUND((VLOOKUP(A13,'UT-2(Entry)'!$1:$1048576,3,0))/2.5,0),VLOOKUP(A13,'UT-2(Entry)'!$1:$1048576,3,0)) -> #REF! | D13: =IFERROR(ROUND((VLOOKUP(A13,'UT-2(Entry)'!$1:$1048576,4,0))/2.5,0),VLOOKUP(A13,'UT-2(Entry)'!$1:$1048576,4,0)) -> #REF! | E13: =IFERROR(ROUND((VLOOKUP(A13,'UT-2(Entry)'!$1:$1048576,5,0))/2.5,0),VLOOKUP(A13,'UT-2(Entry)'!$1:$1048576,5,0)) -> #REF! | F13: =IFERROR(ROUND((VLOOKUP(A13,'UT-2(Entry)'!$1:$1048576,6,0))/2.5,0),VLOOKUP(A13,'UT-2(Entry)'!$1:$1048576,6,0)) -> #REF! | G13: =IFERROR(ROUND((VLOOKUP($A13,'UT-2(Entry)'!$1:$1048576,7,0))/2.5,0),VLOOKUP($A13,'UT-2(Entry)'!$1:$1048576,7,0)) -> #REF! | H13: =IFERROR(ROUND((VLOOKUP($A13,'UT-2(Entry)'!$1:$1048576,8,0))/2.5,0),VLOOKUP($A13,'UT-2(Entry)'!$1:$1048576,8,0)) -> #REF! | I13: =SUM(C13:H13) -> #REF! | J13: =ROUND(I13/1.2,2)&" %" -> #REF! | K13: =VLOOKUP(A13,'UT-2(Entry)'!$1:$1048576,9,0) -> #REF! | L13: =VLOOKUP(A13,'UT-2(Entry)'!$1:$1048576,10,0) -> #REF!
A14: =DETAILS!#REF! -> #REF! | B14: =DETAILS!#REF! -> #REF! | C14: =IFERROR(ROUND((VLOOKUP(A14,'UT-2(Entry)'!$1:$1048576,3,0))/2.5,0),VLOOKUP(A14,'UT-2(Entry)'!$1:$1048576,3,0)) -> #REF! | D14: =IFERROR(ROUND((VLOOKUP(A14,'UT-2(Entry)'!$1:$1048576,4,0))/2.5,0),VLOOKUP(A14,'UT-2(Entry)'!$1:$1048576,4,0)) -> #REF! | E14: =IFERROR(ROUND((VLOOKUP(A14,'UT-2(Entry)'!$1:$1048576,5,0))/2.5,0),VLOOKUP(A14,'UT-2(Entry)'!$1:$1048576,5,0)) -> #REF! | F14: =IFERROR(ROUND((VLOOKUP(A14,'UT-2(Entry)'!$1:$1048576,6,0))/2.5,0),VLOOKUP(A14,'UT-2(Entry)'!$1:$1048576,6,0)) -> #REF! | G14: =IFERROR(ROUND((VLOOKUP($A14,'UT-2(Entry)'!$1:$1048576,7,0))/2.5,0),VLOOKUP($A14,'UT-2(Entry)'!$1:$1048576,7,0)) -> #REF! | H14: =IFERROR(ROUND((VLOOKUP($A14,'UT-2(Entry)'!$1:$1048576,8,0))/2.5,0),VLOOKUP($A14,'UT-2(Entry)'!$1:$1048576,8,0)) -> #REF! | I14: =SUM(C14:H14) -> #REF! | J14: =ROUND(I14/1.2,2)&" %" -> #REF! | K14: =VLOOKUP(A14,'UT-2(Entry)'!$1:$1048576,9,0) -> #REF! | L14: =VLOOKUP(A14,'UT-2(Entry)'!$1:$1048576,10,0) -> #REF!
A15: =DETAILS!#REF! -> #REF! | B15: =DETAILS!#REF! -> #REF! | C15: =IFERROR(ROUND((VLOOKUP(A15,'UT-2(Entry)'!$1:$1048576,3,0))/2.5,0),VLOOKUP(A15,'UT-2(Entry)'!$1:$1048576,3,0)) -> #REF! | D15: =IFERROR(ROUND((VLOOKUP(A15,'UT-2(Entry)'!$1:$1048576,4,0))/2.5,0),VLOOKUP(A15,'UT-2(Entry)'!$1:$1048576,4,0)) -> #REF! | E15: =IFERROR(ROUND((VLOOKUP(A15,'UT-2(Entry)'!$1:$1048576,5,0))/2.5,0),VLOOKUP(A15,'UT-2(Entry)'!$1:$1048576,5,0)) -> #REF! | F15: =IFERROR(ROUND((VLOOKUP(A15,'UT-2(Entry)'!$1:$1048576,6,0))/2.5,0),VLOOKUP(A15,'UT-2(Entry)'!$1:$1048576,6,0)) -> #REF! | G15: =IFERROR(ROUND((VLOOKUP($A15,'UT-2(Entry)'!$1:$1048576,7,0))/2.5,0),VLOOKUP($A15,'UT-2(Entry)'!$1:$1048576,7,0)) -> #REF! | H15: =IFERROR(ROUND((VLOOKUP($A15,'UT-2(Entry)'!$1:$1048576,8,0))/2.5,0),VLOOKUP($A15,'UT-2(Entry)'!$1:$1048576,8,0)) -> #REF! | I15: =SUM(C15:H15) -> #REF! | J15: =ROUND(I15/1.2,2)&" %" -> #REF! | K15: =VLOOKUP(A15,'UT-2(Entry)'!$1:$1048576,9,0) -> #REF! | L15: =VLOOKUP(A15,'UT-2(Entry)'!$1:$1048576,10,0) -> #REF!
A16: =DETAILS!#REF! -> #REF! | B16: =DETAILS!#REF! -> #REF! | C16: =IFERROR(ROUND((VLOOKUP(A16,'UT-2(Entry)'!$1:$1048576,3,0))/2.5,0),VLOOKUP(A16,'UT-2(Entry)'!$1:$1048576,3,0)) -> #REF! | D16: =IFERROR(ROUND((VLOOKUP(A16,'UT-2(Entry)'!$1:$1048576,4,0))/2.5,0),VLOOKUP(A16,'UT-2(Entry)'!$1:$1048576,4,0)) -> #REF! | E16: =IFERROR(ROUND((VLOOKUP(A16,'UT-2(Entry)'!$1:$1048576,5,0))/2.5,0),VLOOKUP(A16,'UT-2(Entry)'!$1:$1048576,5,0)) -> #REF! | F16: =IFERROR(ROUND((VLOOKUP(A16,'UT-2(Entry)'!$1:$1048576,6,0))/2.5,0),VLOOKUP(A16,'UT-2(Entry)'!$1:$1048576,6,0)) -> #REF! | G16: =IFERROR(ROUND((VLOOKUP($A16,'UT-2(Entry)'!$1:$1048576,7,0))/2.5,0),VLOOKUP($A16,'UT-2(Entry)'!$1:$1048576,7,0)) -> #REF! | H16: =IFERROR(ROUND((VLOOKUP($A16,'UT-2(Entry)'!$1:$1048576,8,0))/2.5,0),VLOOKUP($A16,'UT-2(Entry)'!$1:$1048576,8,0)) -> #REF! | I16: =SUM(C16:H16) -> #REF! | J16: =ROUND(I16/1.2,2)&" %" -> #REF! | K16: =VLOOKUP(A16,'UT-2(Entry)'!$1:$1048576,9,0) -> #REF! | L16: =VLOOKUP(A16,'UT-2(Entry)'!$1:$1048576,10,0) -> #REF!
A17: =DETAILS!#REF! -> #REF! | B17: =DETAILS!#REF! -> #REF! | C17: =IFERROR(ROUND((VLOOKUP(A17,'UT-2(Entry)'!$1:$1048576,3,0))/2.5,0),VLOOKUP(A17,'UT-2(Entry)'!$1:$1048576,3,0)) -> #REF! | D17: =IFERROR(ROUND((VLOOKUP(A17,'UT-2(Entry)'!$1:$1048576,4,0))/2.5,0),VLOOKUP(A17,'UT-2(Entry)'!$1:$1048576,4,0)) -> #REF! | E17: =IFERROR(ROUND((VLOOKUP(A17,'UT-2(Entry)'!$1:$1048576,5,0))/2.5,0),VLOOKUP(A17,'UT-2(Entry)'!$1:$1048576,5,0)) -> #REF! | F17: =IFERROR(ROUND((VLOOKUP(A17,'UT-2(Entry)'!$1:$1048576,6,0))/2.5,0),VLOOKUP(A17,'UT-2(Entry)'!$1:$1048576,6,0)) -> #REF! | G17: =IFERROR(ROUND((VLOOKUP($A17,'UT-2(Entry)'!$1:$1048576,7,0))/2.5,0),VLOOKUP($A17,'UT-2(Entry)'!$1:$1048576,7,0)) -> #REF! | H17: =IFERROR(ROUND((VLOOKUP($A17,'UT-2(Entry)'!$1:$1048576,8,0))/2.5,0),VLOOKUP($A17,'UT-2(Entry)'!$1:$1048576,8,0)) -> #REF! | I17: =SUM(C17:H17) -> #REF! | J17: =ROUND(I17/1.2,2)&" %" -> #REF! | K17: =VLOOKUP(A17,'UT-2(Entry)'!$1:$1048576,9,0) -> #REF! | L17: =VLOOKUP(A17,'UT-2(Entry)'!$1:$1048576,10,0) -> #REF!
... A42: =DETAILS!#REF! -> #REF! | B42: =DETAILS!#REF! -> #REF! | C42: =IFERROR(ROUND((VLOOKUP(A42,'UT-2(Entry)'!$1:$1048576,3,0))/2.5,0),VLOOKUP(A42,'UT-2(Entry)'!$1:$1048576,3,0)) -> #REF! | D42: =IFERROR(ROUND((VLOOKUP(A42,'UT-2(Entry)'!$1:$1048576,4,0))/2.5,0),VLOOKUP(A42,'UT-2(Entry)'!$1:$1048576,4,0)) -> #REF! | E42: =IFERROR(ROUND((VLOOKUP(A42,'UT-2(Entry)'!$1:$1048576,5,0))/2.5,0),VLOOKUP(A42,'UT-2(Entry)'!$1:$1048576,5,0)) -> #REF! | F42: =IFERROR(ROUND((VLOOKUP(A42,'UT-2(Entry)'!$1:$1048576,6,0))/2.5,0),VLOOKUP(A42,'UT-2(Entry)'!$1:$1048576,6,0)) -> #REF! | G42: =IFERROR(ROUND((VLOOKUP($A42,'UT-2(Entry)'!$1:$1048576,7,0))/2.5,0),VLOOKUP($A42,'UT-2(Entry)'!$1:$1048576,7,0)) -> #REF! | H42: =IFERROR(ROUND((VLOOKUP($A42,'UT-2(Entry)'!$1:$1048576,8,0))/2.5,0),VLOOKUP($A42,'UT-2(Entry)'!$1:$1048576,8,0)) -> #REF! | I42: =SUM(C42:H42) -> #REF! | J42: =ROUND(I42/1.2,2)&" %" -> #REF! | K42: =VLOOKUP(A42,'UT-2(Entry)'!$1:$1048576,9,0) -> #REF! | L42: =VLOOKUP(A42,'UT-2(Entry)'!$1:$1048576,10,0) -> #REF!

Sheet Annual(Entry)
A1: ANNUAL EXAMINATION (2025-26) CLASS - XI-Human
A2: SR. NO. | B2: NAME | C2: ENGLISH | D2: HINDI/CS | E2: HISTORY | F2: POLITICAL SCIENCE | G2: GEOGRAPHY | H2: PHYSICAL EDUCATION | I2: WORK EDUCATION | J2: ART EDUCATION | K2: HEALTH & PHYSICAL EDUCATION | L2: DISCIPLINE | M2: Total Present | N2: Total Working | O2: Class Teacher's Remark | P2: TOTAL | Q2: Percentage
A3: =DETAILS!A3 -> 1925 | B3: =DETAILS!B3 -> ARYAN GUPTA | P3: =SUM(C3:H3) -> 0 | Q3: =ROUND(P3/6,2)&" %" -> 0 %
A4: =DETAILS!A4 -> 1918 | B4: =DETAILS!B4 -> SANJANA PATEL | P4: =SUM(C4:H4) -> 0 | Q4: =ROUND(P4/6,2)&" %" -> 0 %
A5: =DETAILS!#REF! -> #REF! | B5: =DETAILS!#REF! -> #REF! | P5: =SUM(C5:H5) -> 0 | Q5: =ROUND(P5/6,2)&" %" -> 0 %
A6: =DETAILS!#REF! -> #REF! | B6: =DETAILS!#REF! -> #REF! | P6: =SUM(C6:H6) -> 0 | Q6: =ROUND(P6/6,2)&" %" -> 0 %
A7: =DETAILS!#REF! -> #REF! | B7: =DETAILS!#REF! -> #REF! | P7: =SUM(C7:H7) -> 0 | Q7: =ROUND(P7/6,2)&" %" -> 0 %
A8: =DETAILS!#REF! -> #REF! | B8: =DETAILS!#REF! -> #REF! | P8: =SUM(C8:H8) -> 0 | Q8: =ROUND(P8/6,2)&" %" -> 0 %
A9: =DETAILS!#REF! -> #REF! | B9: =DETAILS!#REF! -> #REF! | P9: =SUM(C9:H9) -> 0 | Q9: =ROUND(P9/6,2)&" %" -> 0 %
A10: =DETAILS!#REF! -> #REF! | B10: =DETAILS!#REF! -> #REF! | P10: =SUM(C10:H10) -> 0 | Q10: =ROUND(P10/6,2)&" %" -> 0 %
A11: =DETAILS!#REF! -> #REF! | B11: =DETAILS!#REF! -> #REF! | P11: =SUM(C11:H11) -> 0 | Q11: =ROUND(P11/6,2)&" %" -> 0 %
A12: =DETAILS!#REF! -> #REF! | B12: =DETAILS!#REF! -> #REF! | P12: =SUM(C12:H12) -> 0 | Q12: =ROUND(P12/6,2)&" %" -> 0 %
A13: =DETAILS!#REF! -> #REF! | B13: =DETAILS!#REF! -> #REF! | P13: =SUM(C13:H13) -> 0 | Q13: =ROUND(P13/6,2)&" %" -> 0 %
A14: =DETAILS!#REF! -> #REF! | B14: =DETAILS!#REF! -> #REF! | P14: =SUM(C14:H14) -> 0 | Q14: =ROUND(P14/6,2)&" %" -> 0 %
A15: =DETAILS!#REF! -> #REF! | B15: =DETAILS!#REF! -> #REF! | P15: =SUM(C15:H15) -> 0 | Q15: =ROUND(P15/6,2)&" %" -> 0 %
A16: =DETAILS!#REF! -> #REF! | B16: =DETAILS!#REF! -> #REF! | P16: =SUM(C16:H16) -> 0 | Q16: =ROUND(P16/6,2)&" %" -> 0 %
... A41: =DETAILS!#REF! -> #REF! | B41: =DETAILS!#REF! -> #REF! | P41: =SUM(C41:H41) -> 0 | Q41: =ROUND(P41/6,2)&" %" -> 0 %

Sheet ANNUAL
A1: ANNUAL EXAMINATION (2025-26) CLASS - XI-Human
A2: SR. NO. | B2: NAME | C2: ENGLISH | D2: HINDI/CS | E2: HISTORY | F2: POLITICAL SCIENCE | G2: GEOGRAPHY | H2: PHYSICAL EDUCATION | I2: WORK EDUCATION | J2: ART EDUCATION | K2: HEALTH & PHYSICAL EDUCATION | L2: DISCIPLINE | M2: Total Present | N2: Total Working | O2: Class Teacher's Remark | P2: TOTAL | Q2: Percentage
A3: =DETAILS!A3 -> 1925 | B3: =DETAILS!B3 -> ARYAN GUPTA | C3: =VLOOKUP($A3,'Annual(Entry)'!$1:$1048576,3,0) -> 0 | D3: =VLOOKUP($A3,'Annual(Entry)'!$1:$1048576,4,0) -> 0 | E3: =VLOOKUP($A3,'Annual(Entry)'!$1:$1048576,5,0) -> 0 | F3: =VLOOKUP($A3,'Annual(Entry)'!$1:$1048576,6,0) -> 0 | G3: =VLOOKUP($A3,'Annual(Entry)'!$1:$1048576,7,0) -> 0 | H3: =VLOOKUP($A3,'Annual(Entry)'!$1:$1048576,8,0) -> 0 | I3: =VLOOKUP($A3,'Annual(Entry)'!$1:$1048576,9,0) -> 0 | J3: =VLOOKUP($A3,'Annual(Entry)'!$1:$1048576,10,0) -> 0 | K3: =VLOOKUP($A3,'Annual(Entry)'!$1:$1048576,11,0) -> 0 | L3: =VLOOKUP($A3,'Annual(Entry)'!$1:$1048576,12,0) -> 0 | M3: =VLOOKUP($A3,'Annual(Entry)'!$1:$1048576,13,0) -> 0 | N3: =VLOOKUP($A3,'Annual(Entry)'!$1:$1048576,14,0) -> 0 | O3: =VLOOKUP($A3,'Annual(Entry)'!$1:$1048576,15,0) -> 0 | P3: =SUM(C3:H3) -> 0 | Q3: =ROUND(P3/6,2)&" %" -> 0 %
A4: =DETAILS!A4 -> 1918 | B4: =DETAILS!B4 -> SANJANA PATEL | C4: =VLOOKUP($A4,'Annual(Entry)'!$1:$1048576,3,0) -> 0 | D4: =VLOOKUP($A4,'Annual(Entry)'!$1:$1048576,4,0) -> 0 | E4: =VLOOKUP($A4,'Annual(Entry)'!$1:$1048576,5,0) -> 0 | F4: =VLOOKUP($A4,'Annual(Entry)'!$1:$1048576,6,0) -> 0 | G4: =VLOOKUP($A4,'Annual(Entry)'!$1:$1048576,7,0) -> 0 | H4: =VLOOKUP($A4,'Annual(Entry)'!$1:$1048576,8,0) -> 0 | I4: =VLOOKUP($A4,'Annual(Entry)'!$1:$1048576,9,0) -> 0 | J4: =VLOOKUP($A4,'Annual(Entry)'!$1:$1048576,10,0) -> 0 | K4: =VLOOKUP($A4,'Annual(Entry)'!$1:$1048576,11,0) -> 0 | L4: =VLOOKUP($A4,'Annual(Entry)'!$1:$1048576,12,0) -> 0 | M4: =VLOOKUP($A4,'Annual(Entry)'!$1:$1048576,13,0) -> 0 | N4: =VLOOKUP($A4,'Annual(Entry)'!$1:$1048576,14,0) -> 0 | O4: =VLOOKUP($A4,'Annual(Entry)'!$1:$1048576,15,0) -> 0 | P4: =SUM(C4:H4) -> 0 | Q4: =ROUND(P4/6,2)&" %" -> 0 %
A5: =DETAILS!#REF! -> #REF! | B5: =DETAILS!#REF! -> #REF! | C5: =VLOOKUP($A5,'Annual(Entry)'!$1:$1048576,3,0) -> #REF! | D5: =VLOOKUP($A5,'Annual(Entry)'!$1:$1048576,4,0) -> #REF! | E5: =VLOOKUP($A5,'Annual(Entry)'!$1:$1048576,5,0) -> #REF! | F5: =VLOOKUP($A5,'Annual(Entry)'!$1:$1048576,6,0) -> #REF! | G5: =VLOOKUP($A5,'Annual(Entry)'!$1:$1048576,7,0) -> #REF! | H5: =VLOOKUP($A5,'Annual(Entry)'!$1:$1048576,8,0) -> #REF! | I5: =VLOOKUP($A5,'Annual(Entry)'!$1:$1048576,9,0) -> #REF! | J5: =VLOOKUP($A5,'Annual(Entry)'!$1:$1048576,10,0) -> #REF! | K5: =VLOOKUP($A5,'Annual(Entry)'!$1:$1048576,11,0) -> #REF! | L5: =VLOOKUP($A5,'Annual(Entry)'!$1:$1048576,12,0) -> #REF! | M5: =VLOOKUP($A5,'Annual(Entry)'!$1:$1048576,13,0) -> #REF! | N5: =VLOOKUP($A5,'Annual(Entry)'!$1:$1048576,14,0) -> #REF! | O5: =VLOOKUP($A5,'Annual(Entry)'!$1:$1048576,15,0) -> #REF! | P5: =SUM(C5:H5) -> #REF! | Q5: =ROUND(P5/6,2)&" %" -> #REF!
A6: =DETAILS!#REF! -> #REF! | B6: =DETAILS!#REF! -> #REF! | C6: =VLOOKUP($A6,'Annual(Entry)'!$1:$1048576,3,0) -> #REF! | D6: =VLOOKUP($A6,'Annual(Entry)'!$1:$1048576,4,0) -> #REF! | E6: =VLOOKUP($A6,'Annual(Entry)'!$1:$1048576,5,0) -> #REF! | F6: =VLOOKUP($A6,'Annual(Entry)'!$1:$1048576,6,0) -> #REF! | G6: =VLOOKUP($A6,'Annual(Entry)'!$1:$1048576,7,0) -> #REF! | H6: =VLOOKUP($A6,'Annual(Entry)'!$1:$1048576,8,0) -> #REF! | I6: =VLOOKUP($A6,'Annual(Entry)'!$1:$1048576,9,0) -> #REF! | J6: =VLOOKUP($A6,'Annual(Entry)'!$1:$1048576,10,0) -> #REF! | K6: =VLOOKUP($A6,'Annual(Entry)'!$1:$1048576,11,0) -> #REF! | L6: =VLOOKUP($A6,'Annual(Entry)'!$1:$1048576,12,0) -> #REF! | M6: =VLOOKUP($A6,'Annual(Entry)'!$1:$1048576,13,0) -> #REF! | N6: =VLOOKUP($A6,'Annual(Entry)'!$1:$1048576,14,0) -> #REF! | O6: =VLOOKUP($A6,'Annual(Entry)'!$1:$1048576,15,0) -> #REF! | P6: =SUM(C6:H6) -> #REF! | Q6: =ROUND(P6/6,2)&" %" -> #REF!
A7: =DETAILS!#REF! -> #REF! | B7: =DETAILS!#REF! -> #REF! | C7: =VLOOKUP($A7,'Annual(Entry)'!$1:$1048576,3,0) -> #REF! | D7: =VLOOKUP($A7,'Annual(Entry)'!$1:$1048576,4,0) -> #REF! | E7: =VLOOKUP($A7,'Annual(Entry)'!$1:$1048576,5,0) -> #REF! | F7: =VLOOKUP($A7,'Annual(Entry)'!$1:$1048576,6,0) -> #REF! | G7: =VLOOKUP($A7,'Annual(Entry)'!$1:$1048576,7,0) -> #REF! | H7: =VLOOKUP($A7,'Annual(Entry)'!$1:$1048576,8,0) -> #REF! | I7: =VLOOKUP($A7,'Annual(Entry)'!$1:$1048576,9,0) -> #REF! | J7: =VLOOKUP($A7,'Annual(Entry)'!$1:$1048576,10,0) -> #REF! | K7: =VLOOKUP($A7,'Annual(Entry)'!$1:$1048576,11,0) -> #REF! | L7: =VLOOKUP($A7,'Annual(Entry)'!$1:$1048576,12,0) -> #REF! | M7: =VLOOKUP($A7,'Annual(Entry)'!$1:$1048576,13,0) -> #REF! | N7: =VLOOKUP($A7,'Annual(Entry)'!$1:$1048576,14,0) -> #REF! | O7: =VLOOKUP($A7,'Annual(Entry)'!$1:$1048576,15,0) -> #REF! | P7: =SUM(C7:H7) -> #REF! | Q7: =ROUND(P7/6,2)&" %" -> #REF!
A8: =DETAILS!#REF! -> #REF! | B8: =DETAILS!#REF! -> #REF! | C8: =VLOOKUP($A8,'Annual(Entry)'!$1:$1048576,3,0) -> #REF! | D8: =VLOOKUP($A8,'Annual(Entry)'!$1:$1048576,4,0) -> #REF! | E8: =VLOOKUP($A8,'Annual(Entry)'!$1:$1048576,5,0) -> #REF! | F8: =VLOOKUP($A8,'Annual(Entry)'!$1:$1048576,6,0) -> #REF! | G8: =VLOOKUP($A8,'Annual(Entry)'!$1:$1048576,7,0) -> #REF! | H8: =VLOOKUP($A8,'Annual(Entry)'!$1:$1048576,8,0) -> #REF! | I8: =VLOOKUP($A8,'Annual(Entry)'!$1:$1048576,9,0) -> #REF! | J8: =VLOOKUP($A8,'Annual(Entry)'!$1:$1048576,10,0) -> #REF! | K8: =VLOOKUP($A8,'Annual(Entry)'!$1:$1048576,11,0) -> #REF! | L8: =VLOOKUP($A8,'Annual(Entry)'!$1:$1048576,12,0) -> #REF! | M8: =VLOOKUP($A8,'Annual(Entry)'!$1:$1048576,13,0) -> #REF! | N8: =VLOOKUP($A8,'Annual(Entry)'!$1:$1048576,14,0) -> #REF! | O8: =VLOOKUP($A8,'Annual(Entry)'!$1:$1048576,15,0) -> #REF! | P8: =SUM(C8:H8) -> #REF! | Q8: =ROUND(P8/6,2)&" %" -> #REF!
A9: =DETAILS!#REF! -> #REF! | B9: =DETAILS!#REF! -> #REF! | C9: =VLOOKUP($A9,'Annual(Entry)'!$1:$1048576,3,0) -> #REF! | D9: =VLOOKUP($A9,'Annual(Entry)'!$1:$1048576,4,0) -> #REF! | E9: =VLOOKUP($A9,'Annual(Entry)'!$1:$1048576,5,0) -> #REF! | F9: =VLOOKUP($A9,'Annual(Entry)'!$1:$1048576,6,0) -> #REF! | G9: =VLOOKUP($A9,'Annual(Entry)'!$1:$1048576,7,0) -> #REF! | H9: =VLOOKUP($A9,'Annual(Entry)'!$1:$1048576,8,0) -> #REF! | I9: =VLOOKUP($A9,'Annual(Entry)'!$1:$1048576,9,0) -> #REF! | J9: =VLOOKUP($A9,'Annual(Entry)'!$1:$1048576,10,0) -> #REF! | K9: =VLOOKUP($A9,'Annual(Entry)'!$1:$1048576,11,0) -> #REF! | L9: =VLOOKUP($A9,'Annual(Entry)'!$1:$1048576,12,0) -> #REF! | M9: =VLOOKUP($A9,'Annual(Entry)'!$1:$1048576,13,0) -> #REF! | N9: =VLOOKUP($A9,'Annual(Entry)'!$1:$1048576,14,0) -> #REF! | O9: =VLOOKUP($A9,'Annual(Entry)'!$1:$1048576,15,0) -> #REF! | P9: =SUM(C9:H9) -> #REF! | Q9: =ROUND(P9/6,2)&" %" -> #REF!
A10: =DETAILS!#REF! -> #REF! | B10: =DETAILS!#REF! -> #REF! | C10: =VLOOKUP($A10,'Annual(Entry)'!$1:$1048576,3,0) -> #REF! | D10: =VLOOKUP($A10,'Annual(Entry)'!$1:$1048576,4,0) -> #REF! | E10: =VLOOKUP($A10,'Annual(Entry)'!$1:$1048576,5,0) -> #REF! | F10: =VLOOKUP($A10,'Annual(Entry)'!$1:$1048576,6,0) -> #REF! | G10: =VLOOKUP($A10,'Annual(Entry)'!$1:$1048576,7,0) -> #REF! | H10: =VLOOKUP($A10,'Annual(Entry)'!$1:$1048576,8,0) -> #REF! | I10: =VLOOKUP($A10,'Annual(Entry)'!$1:$1048576,9,0) -> #REF! | J10: =VLOOKUP($A10,'Annual(Entry)'!$1:$1048576,10,0) -> #REF! | K10: =VLOOKUP($A10,'Annual(Entry)'!$1:$1048576,11,0) -> #REF! | L10: =VLOOKUP($A10,'Annual(Entry)'!$1:$1048576,12,0) -> #REF! | M10: =VLOOKUP($A10,'Annual(Entry)'!$1:$1048576,13,0) -> #REF! | N10: =VLOOKUP($A10,'Annual(Entry)'!$1:$1048576,14,0) -> #REF! | O10: =VLOOKUP($A10,'Annual(Entry)'!$1:$1048576,15,0) -> #REF! | P10: =SUM(C10:H10) -> #REF! | Q10: =ROUND(P10/6,2)&" %" -> #REF!
A11: =DETAILS!#REF! -> #REF! | B11: =DETAILS!#REF! -> #REF! | C11: =VLOOKUP($A11,'Annual(Entry)'!$1:$1048576,3,0) -> #REF! | D11: =VLOOKUP($A11,'Annual(Entry)'!$1:$1048576,4,0) -> #REF! | E11: =VLOOKUP($A11,'Annual(Entry)'!$1:$1048576,5,0) -> #REF! | F11: =VLOOKUP($A11,'Annual(Entry)'!$1:$1048576,6,0) -> #REF! | G11: =VLOOKUP($A11,'Annual(Entry)'!$1:$1048576,7,0) -> #REF! | H11: =VLOOKUP($A11,'Annual(Entry)'!$1:$1048576,8,0) -> #REF! | I11: =VLOOKUP($A11,'Annual(Entry)'!$1:$1048576,9,0) -> #REF! | J11: =VLOOKUP($A11,'Annual(Entry)'!$1:$1048576,10,0) -> #REF! | K11: =VLOOKUP($A11,'Annual(Entry)'!$1:$1048576,11,0) -> #REF! | L11: =VLOOKUP($A11,'Annual(Entry)'!$1:$1048576,12,0) -> #REF! | M11: =VLOOKUP($A11,'Annual(Entry)'!$1:$1048576,13,0) -> #REF! | N11: =VLOOKUP($A11,'Annual(Entry)'!$1:$1048576,14,0) -> #REF! | O11: =VLOOKUP($A11,'Annual(Entry)'!$1:$1048576,15,0) -> #REF! | P11: =SUM(C11:H11) -> #REF! | Q11: =ROUND(P11/6,2)&" %" -> #REF!
A12: =DETAILS!#REF! -> #REF! | B12: =DETAILS!#REF! -> #REF! | C12: =VLOOKUP($A12,'Annual(Entry)'!$1:$1048576,3,0) -> #REF! | D12: =VLOOKUP($A12,'Annual(Entry)'!$1:$1048576,4,0) -> #REF! | E12: =VLOOKUP($A12,'Annual(Entry)'!$1:$1048576,5,0) -> #REF! | F12: =VLOOKUP($A12,'Annual(Entry)'!$1:$1048576,6,0) -> #REF! | G12: =VLOOKUP($A12,'Annual(Entry)'!$1:$1048576,7,0) -> #REF! | H12: =VLOOKUP($A12,'Annual(Entry)'!$1:$1048576,8,0) -> #REF! | I12: =VLOOKUP($A12,'Annual(Entry)'!$1:$1048576,9,0) -> #REF! | J12: =VLOOKUP($A12,'Annual(Entry)'!$1:$1048576,10,0) -> #REF! | K12: =VLOOKUP($A12,'Annual(Entry)'!$1:$1048576,11,0) -> #REF! | L12: =VLOOKUP($A12,'Annual(Entry)'!$1:$1048576,12,0) -> #REF! | M12: =VLOOKUP($A12,'Annual(Entry)'!$1:$1048576,13,0) -> #REF! | N12: =VLOOKUP($A12,'Annual(Entry)'!$1:$1048576,14,0) -> #REF! | O12: =VLOOKUP($A12,'Annual(Entry)'!$1:$1048576,15,0) -> #REF! | P12: =SUM(C12:H12) -> #REF! | Q12: =ROUND(P12/6,2)&" %" -> #REF!
A13: =DETAILS!#REF! -> #REF! | B13: =DETAILS!#REF! -> #REF! | C13: =VLOOKUP($A13,'Annual(Entry)'!$1:$1048576,3,0) -> #REF! | D13: =VLOOKUP($A13,'Annual(Entry)'!$1:$1048576,4,0) -> #REF! | E13: =VLOOKUP($A13,'Annual(Entry)'!$1:$1048576,5,0) -> #REF! | F13: =VLOOKUP($A13,'Annual(Entry)'!$1:$1048576,6,0) -> #REF! | G13: =VLOOKUP($A13,'Annual(Entry)'!$1:$1048576,7,0) -> #REF! | H13: =VLOOKUP($A13,'Annual(Entry)'!$1:$1048576,8,0) -> #REF! | I13: =VLOOKUP($A13,'Annual(Entry)'!$1:$1048576,9,0) -> #REF! | J13: =VLOOKUP($A13,'Annual(Entry)'!$1:$1048576,10,0) -> #REF! | K13: =VLOOKUP($A13,'Annual(Entry)'!$1:$1048576,11,0) -> #REF! | L13: =VLOOKUP($A13,'Annual(Entry)'!$1:$1048576,12,0) -> #REF! | M13: =VLOOKUP($A13,'Annual(Entry)'!$1:$1048576,13,0) -> #REF! | N13: =VLOOKUP($A13,'Annual(Entry)'!$1:$1048576,14,0) -> #REF! | O13: =VLOOKUP($A13,'Annual(Entry)'!$1:$1048576,15,0) -> #REF! | P13: =SUM(C13:H13) -> #REF! | Q13: =ROUND(P13/6,2)&" %" -> #REF!
A14: =DETAILS!#REF! -> #REF! | B14: =DETAILS!#REF! -> #REF! | C14: =VLOOKUP($A14,'Annual(Entry)'!$1:$1048576,3,0) -> #REF! | D14: =VLOOKUP($A14,'Annual(Entry)'!$1:$1048576,4,0) -> #REF! | E14: =VLOOKUP($A14,'Annual(Entry)'!$1:$1048576,5,0) -> #REF! | F14: =VLOOKUP($A14,'Annual(Entry)'!$1:$1048576,6,0) -> #REF! | G14: =VLOOKUP($A14,'Annual(Entry)'!$1:$1048576,7,0) -> #REF! | H14: =VLOOKUP($A14,'Annual(Entry)'!$1:$1048576,8,0) -> #REF! | I14: =VLOOKUP($A14,'Annual(Entry)'!$1:$1048576,9,0) -> #REF! | J14: =VLOOKUP($A14,'Annual(Entry)'!$1:$1048576,10,0) -> #REF! | K14: =VLOOKUP($A14,'Annual(Entry)'!$1:$1048576,11,0) -> #REF! | L14: =VLOOKUP($A14,'Annual(Entry)'!$1:$1048576,12,0) -> #REF! | M14: =VLOOKUP($A14,'Annual(Entry)'!$1:$1048576,13,0) -> #REF! | N14: =VLOOKUP($A14,'Annual(Entry)'!$1:$1048576,14,0) -> #REF! | O14: =VLOOKUP($A14,'Annual(Entry)'!$1:$1048576,15,0) -> #REF! | P14: =SUM(C14:H14) -> #REF! | Q14: =ROUND(P14/6,2)&" %" -> #REF!
A15: =DETAILS!#REF! -> #REF! | B15: =DETAILS!#REF! -> #REF! | C15: =VLOOKUP($A15,'Annual(Entry)'!$1:$1048576,3,0) -> #REF! | D15: =VLOOKUP($A15,'Annual(Entry)'!$1:$1048576,4,0) -> #REF! | E15: =VLOOKUP($A15,'Annual(Entry)'!$1:$1048576,5,0) -> #REF! | F15: =VLOOKUP($A15,'Annual(Entry)'!$1:$1048576,6,0) -> #REF! | G15: =VLOOKUP($A15,'Annual(Entry)'!$1:$1048576,7,0) -> #REF! | H15: =VLOOKUP($A15,'Annual(Entry)'!$1:$1048576,8,0) -> #REF! | I15: =VLOOKUP($A15,'Annual(Entry)'!$1:$1048576,9,0) -> #REF! | J15: =VLOOKUP($A15,'Annual(Entry)'!$1:$1048576,10,0) -> #REF! | K15: =VLOOKUP($A15,'Annual(Entry)'!$1:$1048576,11,0) -> #REF! | L15: =VLOOKUP($A15,'Annual(Entry)'!$1:$1048576,12,0) -> #REF! | M15: =VLOOKUP($A15,'Annual(Entry)'!$1:$1048576,13,0) -> #REF! | N15: =VLOOKUP($A15,'Annual(Entry)'!$1:$1048576,14,0) -> #REF! | O15: =VLOOKUP($A15,'Annual(Entry)'!$1:$1048576,15,0) -> #REF! | P15: =SUM(C15:H15) -> #REF! | Q15: =ROUND(P15/6,2)&" %" -> #REF!
A16: =DETAILS!#REF! -> #REF! | B16: =DETAILS!#REF! -> #REF! | C16: =VLOOKUP($A16,'Annual(Entry)'!$1:$1048576,3,0) -> #REF! | D16: =VLOOKUP($A16,'Annual(Entry)'!$1:$1048576,4,0) -> #REF! | E16: =VLOOKUP($A16,'Annual(Entry)'!$1:$1048576,5,0) -> #REF! | F16: =VLOOKUP($A16,'Annual(Entry)'!$1:$1048576,6,0) -> #REF! | G16: =VLOOKUP($A16,'Annual(Entry)'!$1:$1048576,7,0) -> #REF! | H16: =VLOOKUP($A16,'Annual(Entry)'!$1:$1048576,8,0) -> #REF! | I16: =VLOOKUP($A16,'Annual(Entry)'!$1:$1048576,9,0) -> #REF! | J16: =VLOOKUP($A16,'Annual(Entry)'!$1:$1048576,10,0) -> #REF! | K16: =VLOOKUP($A16,'Annual(Entry)'!$1:$1048576,11,0) -> #REF! | L16: =VLOOKUP($A16,'Annual(Entry)'!$1:$1048576,12,0) -> #REF! | M16: =VLOOKUP($A16,'Annual(Entry)'!$1:$1048576,13,0) -> #REF! | N16: =VLOOKUP($A16,'Annual(Entry)'!$1:$1048576,14,0) -> #REF! | O16: =VLOOKUP($A16,'Annual(Entry)'!$1:$1048576,15,0) -> #REF! | P16: =SUM(C16:H16) -> #REF! | Q16: =ROUND(P16/6,2)&" %" -> #REF!
... A41: =DETAILS!#REF! -> #REF! | B41: =DETAILS!#REF! -> #REF! | C41: =VLOOKUP($A41,'Annual(Entry)'!$1:$1048576,3,0) -> #REF! | D41: =VLOOKUP($A41,'Annual(Entry)'!$1:$1048576,4,0) -> #REF! | E41: =VLOOKUP($A41,'Annual(Entry)'!$1:$1048576,5,0) -> #REF! | F41: =VLOOKUP($A41,'Annual(Entry)'!$1:$1048576,6,0) -> #REF! | G41: =VLOOKUP($A41,'Annual(Entry)'!$1:$1048576,7,0) -> #REF! | H41: =VLOOKUP($A41,'Annual(Entry)'!$1:$1048576,8,0) -> #REF! | I41: =VLOOKUP($A41,'Annual(Entry)'!$1:$1048576,9,0) -> #REF! | J41: =VLOOKUP($A41,'Annual(Entry)'!$1:$1048576,10,0) -> #REF! | K41: =VLOOKUP($A41,'Annual(Entry)'!$1:$1048576,11,0) -> #REF! | L41: =VLOOKUP($A41,'Annual(Entry)'!$1:$1048576,12,0) -> #REF! | M41: =VLOOKUP($A41,'Annual(Entry)'!$1:$1048576,13,0) -> #REF! | N41: =VLOOKUP($A41,'Annual(Entry)'!$1:$1048576,14,0) -> #REF! | O41: =VLOOKUP($A41,'Annual(Entry)'!$1:$1048576,15,0) -> #REF! | P41: =SUM(C41:H41) -> #REF! | Q41: =ROUND(P41/6,2)&" %" -> #REF!

Sheet COMPILE REPORT
A1: COMIPILE REPORT (2025-26) CLASS - XI-Human
A2: SR NO | B2: NAME | C2: ENGLISH | I2: HINDI/CS | O2: HISTORY | U2: POLITICAL SCIENCE | AA2: GEOGRAPHY | AG2: PHYSICAL EDUCATION | AM2: WORK EDUCATION | AN2: ART EDUCATION | AO2: HEALTH & PHYSICAL EDUCATION | AP2: DISCIPLINE | AQ2: TOTAL PRESENT | AR2: TORAL WORKING DAY | AS2: CLASS TEACHER'S REAMRK | AT2: Total | AU2: Percentage
C3: UT-I | D3: HY | E3: Total | F3: UT-II | G3: AE | H3: Total | I3: UT-I | J3: HY | K3: Total | L3: UT-II | M3: AE | N3: Total | O3: UT-I | P3: HY | Q3: Total | R3: UT-II | S3: AE | T3: Total | U3: UT-I | V3: HY | W3: Total | X3: UT-II | Y3: AE | Z3: Total | AA3: UT-I | AB3: HY | AC3: Total | AD3: UT-II | AE3: AE | AF3: Total | AG3: UT-I | AH3: HY | AI3: Total | AJ3: UT-II | AK3: AE | AL3: Total
A4: =DETAILS!A3 -> 1925 | B4: =DETAILS!B3 -> ARYAN GUPTA | C4: =VLOOKUP($A4,'HY Compile'!$1:$1048576,3,0) -> 0 | D4: =VLOOKUP($A4,'HY Compile'!$1:$1048576,4,0) -> 0 | E4: =SUM(C4:D4) -> 0 | F4: =VLOOKUP($A4,'UT-2'!$1:$1048576,3,0) -> 0 | G4: =IFERROR(ROUND(VLOOKUP($A4,ANNUAL!$1:$1048576,3,0)*0.8,0),VLOOKUP($A4,ANNUAL!$1:$1048576,3,0)) -> 0 | H4: =SUM(F4:G4) -> 0 | I4: =VLOOKUP($A4,'HY Compile'!$1:$1048576,6,0) -> 0 | J4: =VLOOKUP($A4,'HY Compile'!$1:$1048576,7,0) -> 0 | K4: =SUM(I4:J4) -> 0 | L4: =VLOOKUP($A4,'UT-2'!$1:$1048576,4,0) -> 0 | M4: =IFERROR(ROUND(VLOOKUP($A4,ANNUAL!$1:$1048576,4,0)*0.8,0),VLOOKUP($A4,ANNUAL!$1:$1048576,4,0)) -> 0 | N4: =SUM(L4:M4) -> 0 | O4: =VLOOKUP($A4,'HY Compile'!$1:$1048576,9,0) -> 0 | P4: =VLOOKUP($A4,'HY Compile'!$1:$1048576,10,0) -> 0 | Q4: =SUM(O4:P4) -> 0 | R4: =VLOOKUP($A4,'UT-2'!$1:$1048576,5,0) -> 0 | S4: =IFERROR(ROUND(VLOOKUP($A4,ANNUAL!$1:$1048576,5,0)*0.8,0),VLOOKUP($A4,ANNUAL!$1:$1048576,5,0)) -> 0 | T4: =SUM(R4:S4) -> 0 | U4: =VLOOKUP($A4,'HY Compile'!$1:$1048576,12,0) -> 0 | V4: =VLOOKUP($A4,'HY Compile'!$1:$1048576,13,0) -> 0 | W4: =SUM(U4:V4) -> 0 | X4: =VLOOKUP($A4,'UT-2'!$1:$1048576,6,0) -> 0 | Y4: =IFERROR(ROUND(VLOOKUP($A4,ANNUAL!$1:$1048576,6,0)*0.8,0),VLOOKUP($A4,ANNUAL!$1:$1048576,6,0)) -> 0 | Z4: =SUM(X4:Y4) -> 0 | AA4: =VLOOKUP($A4,'HY Compile'!$1:$1048576,15,0) -> 0 | AB4: =VLOOKUP($A4,'HY Compile'!$1:$1048576,16,0) -> 0 | AC4: =SUM(AA4:AB4) -> 0 | AD4: =VLOOKUP($A4,'UT-2'!$1:$1048576,7,0) -> 0 | AE4: =IFERROR(ROUND(VLOOKUP($A4,ANNUAL!$1:$1048576,7,0)*0.8,0),VLOOKUP($A4,ANNUAL!$1:$1048576,7,0)) -> 0 | AF4: =SUM(AD4:AE4) -> 0 | AG4: =VLOOKUP($A4,'HY Compile'!$1:$1048576,18,0) -> 0 | AH4: =VLOOKUP($A4,'HY Compile'!$1:$1048576,19,0) -> 0 | AI4: =SUM(AG4:AH4) -> 0 | AJ4: =VLOOKUP($A4,'UT-2'!$1:$1048576,8,0) -> 0 | AK4: =IFERROR(ROUND(VLOOKUP($A4,ANNUAL!$1:$1048576,8,0)*0.8,0),VLOOKUP($A4,ANNUAL!$1:$1048576,8,0)) -> 0 | AL4: =SUM(AJ4:AK4) -> 0 | AM4: =VLOOKUP($A4,ANNUAL!$1:$1048576,9,0) -> 0 | AN4: =VLOOKUP($A4,ANNUAL!$1:$1048576,10,0) -> 0 | AO4: =VLOOKUP($A4,ANNUAL!$1:$1048576,11,0) -> 0 | AP4: =VLOOKUP($A4,ANNUAL!$1:$1048576,12,0) -> 0 | AQ4: =VLOOKUP($A4,ANNUAL!$1:$1048576,13,0) -> 0 | AR4: =VLOOKUP($A4,ANNUAL!$1:$1048576,14,0) -> 0 | AS4: =VLOOKUP($A4,ANNUAL!$1:$1048576,15,0) -> 0 | AT4: =SUM(E4,H4,K4,N4,Q4,T4,W4,Z4,AC4,AF4,AI4,AL4) -> 0 | AU4: =ROUND(AT4/12,2)&" %" -> 0 %
A5: =DETAILS!A4 -> 1918 | B5: =DETAILS!B4 -> SANJANA PATEL | C5: =VLOOKUP($A5,'HY Compile'!$1:$1048576,3,0) -> 0 | D5: =VLOOKUP($A5,'HY Compile'!$1:$1048576,4,0) -> 0 | E5: =SUM(C5:D5) -> 0 | F5: =VLOOKUP($A5,'UT-2'!$1:$1048576,3,0) -> 0 | G5: =IFERROR(ROUND(VLOOKUP($A5,ANNUAL!$1:$1048576,3,0)*0.8,0),VLOOKUP($A5,ANNUAL!$1:$1048576,3,0)) -> 0 | H5: =SUM(F5:G5) -> 0 | I5: =VLOOKUP($A5,'HY Compile'!$1:$1048576,6,0) -> 0 | J5: =VLOOKUP($A5,'HY Compile'!$1:$1048576,7,0) -> 0 | K5: =SUM(I5:J5) -> 0 | L5: =VLOOKUP($A5,'UT-2'!$1:$1048576,4,0) -> 0 | M5: =IFERROR(ROUND(VLOOKUP($A5,ANNUAL!$1:$1048576,4,0)*0.8,0),VLOOKUP($A5,ANNUAL!$1:$1048576,4,0)) -> 0 | N5: =SUM(L5:M5) -> 0 | O5: =VLOOKUP($A5,'HY Compile'!$1:$1048576,9,0) -> 0 | P5: =VLOOKUP($A5,'HY Compile'!$1:$1048576,10,0) -> 0 | Q5: =SUM(O5:P5) -> 0 | R5: =VLOOKUP($A5,'UT-2'!$1:$1048576,5,0) -> 0 | S5: =IFERROR(ROUND(VLOOKUP($A5,ANNUAL!$1:$1048576,5,0)*0.8,0),VLOOKUP($A5,ANNUAL!$1:$1048576,5,0)) -> 0 | T5: =SUM(R5:S5) -> 0 | U5: =VLOOKUP($A5,'HY Compile'!$1:$1048576,12,0) -> 0 | V5: =VLOOKUP($A5,'HY Compile'!$1:$1048576,13,0) -> 0 | W5: =SUM(U5:V5) -> 0 | X5: =VLOOKUP($A5,'UT-2'!$1:$1048576,6,0) -> 0 | Y5: =IFERROR(ROUND(VLOOKUP($A5,ANNUAL!$1:$1048576,6,0)*0.8,0),VLOOKUP($A5,ANNUAL!$1:$1048576,6,0)) -> 0 | Z5: =SUM(X5:Y5) -> 0 | AA5: =VLOOKUP($A5,'HY Compile'!$1:$1048576,15,0) -> 0 | AB5: =VLOOKUP($A5,'HY Compile'!$1:$1048576,16,0) -> 0 | AC5: =SUM(AA5:AB5) -> 0 | AD5: =VLOOKUP($A5,'UT-2'!$1:$1048576,7,0) -> 0 | AE5: =IFERROR(ROUND(VLOOKUP($A5,ANNUAL!$1:$1048576,7,0)*0.8,0),VLOOKUP($A5,ANNUAL!$1:$1048576,7,0)) -> 0 | AF5: =SUM(AD5:AE5) -> 0 | AG5: =VLOOKUP($A5,'HY Compile'!$1:$1048576,18,0) -> 0 | AH5: =VLOOKUP($A5,'HY Compile'!$1:$1048576,19,0) -> 0 | AI5: =SUM(AG5:AH5) -> 0 | AJ5: =VLOOKUP($A5,'UT-2'!$1:$1048576,8,0) -> 0 | AK5: =IFERROR(ROUND(VLOOKUP($A5,ANNUAL!$1:$1048576,8,0)*0.8,0),VLOOKUP($A5,ANNUAL!$1:$1048576,8,0)) -> 0 | AL5: =SUM(AJ5:AK5) -> 0 | AM5: =VLOOKUP($A5,ANNUAL!$1:$1048576,9,0) -> 0 | AN5: =VLOOKUP($A5,ANNUAL!$1:$1048576,10,0) -> 0 | AO5: =VLOOKUP($A5,ANNUAL!$1:$1048576,11,0) -> 0 | AP5: =VLOOKUP($A5,ANNUAL!$1:$1048576,12,0) -> 0 | AQ5: =VLOOKUP($A5,ANNUAL!$1:$1048576,13,0) -> 0 | AR5: =VLOOKUP($A5,ANNUAL!$1:$1048576,14,0) -> 0 | AS5: =VLOOKUP($A5,ANNUAL!$1:$1048576,15,0) -> 0 | AT5: =SUM(E5,H5,K5,N5,Q5,T5,W5,Z5,AC5,AF5,AI5,AL5) -> 0 | AU5: =ROUND(AT5/12,2)&" %" -> 0 %
A6: =DETAILS!#REF! -> #REF! | B6: =DETAILS!#REF! -> #REF! | C6: =VLOOKUP($A6,'HY Compile'!$1:$1048576,3,0) -> #REF! | D6: =VLOOKUP($A6,'HY Compile'!$1:$1048576,4,0) -> #REF! | E6: =SUM(C6:D6) -> #REF! | F6: =VLOOKUP($A6,'UT-2'!$1:$1048576,3,0) -> #REF! | G6: =IFERROR(ROUND(VLOOKUP($A6,ANNUAL!$1:$1048576,3,0)*0.8,0),VLOOKUP($A6,ANNUAL!$1:$1048576,3,0)) -> #REF! | H6: =SUM(F6:G6) -> #REF! | I6: =VLOOKUP($A6,'HY Compile'!$1:$1048576,6,0) -> #REF! | J6: =VLOOKUP($A6,'HY Compile'!$1:$1048576,7,0) -> #REF! | K6: =SUM(I6:J6) -> #REF! | L6: =VLOOKUP($A6,'UT-2'!$1:$1048576,4,0) -> #REF! | M6: =IFERROR(ROUND(VLOOKUP($A6,ANNUAL!$1:$1048576,4,0)*0.8,0),VLOOKUP($A6,ANNUAL!$1:$1048576,4,0)) -> #REF! | N6: =SUM(L6:M6) -> #REF! | O6: =VLOOKUP($A6,'HY Compile'!$1:$1048576,9,0) -> #REF! | P6: =VLOOKUP($A6,'HY Compile'!$1:$1048576,10,0) -> #REF! | Q6: =SUM(O6:P6) -> #REF! | R6: =VLOOKUP($A6,'UT-2'!$1:$1048576,5,0) -> #REF! | S6: =IFERROR(ROUND(VLOOKUP($A6,ANNUAL!$1:$1048576,5,0)*0.8,0),VLOOKUP($A6,ANNUAL!$1:$1048576,5,0)) -> #REF! | T6: =SUM(R6:S6) -> #REF! | U6: =VLOOKUP($A6,'HY Compile'!$1:$1048576,12,0) -> #REF! | V6: =VLOOKUP($A6,'HY Compile'!$1:$1048576,13,0) -> #REF! | W6: =SUM(U6:V6) -> #REF! | X6: =VLOOKUP($A6,'UT-2'!$1:$1048576,6,0) -> #REF! | Y6: =IFERROR(ROUND(VLOOKUP($A6,ANNUAL!$1:$1048576,6,0)*0.8,0),VLOOKUP($A6,ANNUAL!$1:$1048576,6,0)) -> #REF! | Z6: =SUM(X6:Y6) -> #REF! | AA6: =VLOOKUP($A6,'HY Compile'!$1:$1048576,15,0) -> #REF! | AB6: =VLOOKUP($A6,'HY Compile'!$1:$1048576,16,0) -> #REF! | AC6: =SUM(AA6:AB6) -> #REF! | AD6: =VLOOKUP($A6,'UT-2'!$1:$1048576,7,0) -> #REF! | AE6: =IFERROR(ROUND(VLOOKUP($A6,ANNUAL!$1:$1048576,7,0)*0.8,0),VLOOKUP($A6,ANNUAL!$1:$1048576,7,0)) -> #REF! | AF6: =SUM(AD6:AE6) -> #REF! | AG6: =VLOOKUP($A6,'HY Compile'!$1:$1048576,18,0) -> #REF! | AH6: =VLOOKUP($A6,'HY Compile'!$1:$1048576,19,0) -> #REF! | AI6: =SUM(AG6:AH6) -> #REF! | AJ6: =VLOOKUP($A6,'UT-2'!$1:$1048576,8,0) -> #REF! | AK6: =IFERROR(ROUND(VLOOKUP($A6,ANNUAL!$1:$1048576,8,0)*0.8,0),VLOOKUP($A6,ANNUAL!$1:$1048576,8,0)) -> #REF! | AL6: =SUM(AJ6:AK6) -> #REF! | AM6: =VLOOKUP($A6,ANNUAL!$1:$1048576,9,0) -> #REF! | AN6: =VLOOKUP($A6,ANNUAL!$1:$1048576,10,0) -> #REF! | AO6: =VLOOKUP($A6,ANNUAL!$1:$1048576,11,0) -> #REF! | AP6: =VLOOKUP($A6,ANNUAL!$1:$1048576,12,0) -> #REF! | AQ6: =VLOOKUP($A6,ANNUAL!$1:$1048576,13,0) -> #REF! | AR6: =VLOOKUP($A6,ANNUAL!$1:$1048576,14,0) -> #REF! | AS6: =VLOOKUP($A6,ANNUAL!$1:$1048576,15,0) -> #REF! | AT6: =SUM(E6,H6,K6,N6,Q6,T6,W6,Z6,AC6,AF6,AI6,AL6) -> #REF! | AU6: =ROUND(AT6/12,2)&" %" -> #REF!
A7: =DETAILS!#REF! -> #REF! | B7: =DETAILS!#REF! -> #REF! | C7: =VLOOKUP($A7,'HY Compile'!$1:$1048576,3,0) -> #REF! | D7: =VLOOKUP($A7,'HY Compile'!$1:$1048576,4,0) -> #REF! | E7: =SUM(C7:D7) -> #REF! | F7: =VLOOKUP($A7,'UT-2'!$1:$1048576,3,0) -> #REF! | G7: =IFERROR(ROUND(VLOOKUP($A7,ANNUAL!$1:$1048576,3,0)*0.8,0),VLOOKUP($A7,ANNUAL!$1:$1048576,3,0)) -> #REF! | H7: =SUM(F7:G7) -> #REF! | I7: =VLOOKUP($A7,'HY Compile'!$1:$1048576,6,0) -> #REF! | J7: =VLOOKUP($A7,'HY Compile'!$1:$1048576,7,0) -> #REF! | K7: =SUM(I7:J7) -> #REF! | L7: =VLOOKUP($A7,'UT-2'!$1:$1048576,4,0) -> #REF! | M7: =IFERROR(ROUND(VLOOKUP($A7,ANNUAL!$1:$1048576,4,0)*0.8,0),VLOOKUP($A7,ANNUAL!$1:$1048576,4,0)) -> #REF! | N7: =SUM(L7:M7) -> #REF! | O7: =VLOOKUP($A7,'HY Compile'!$1:$1048576,9,0) -> #REF! | P7: =VLOOKUP($A7,'HY Compile'!$1:$1048576,10,0) -> #REF! | Q7: =SUM(O7:P7) -> #REF! | R7: =VLOOKUP($A7,'UT-2'!$1:$1048576,5,0) -> #REF! | S7: =IFERROR(ROUND(VLOOKUP($A7,ANNUAL!$1:$1048576,5,0)*0.8,0),VLOOKUP($A7,ANNUAL!$1:$1048576,5,0)) -> #REF! | T7: =SUM(R7:S7) -> #REF! | U7: =VLOOKUP($A7,'HY Compile'!$1:$1048576,12,0) -> #REF! | V7: =VLOOKUP($A7,'HY Compile'!$1:$1048576,13,0) -> #REF! | W7: =SUM(U7:V7) -> #REF! | X7: =VLOOKUP($A7,'UT-2'!$1:$1048576,6,0) -> #REF! | Y7: =IFERROR(ROUND(VLOOKUP($A7,ANNUAL!$1:$1048576,6,0)*0.8,0),VLOOKUP($A7,ANNUAL!$1:$1048576,6,0)) -> #REF! | Z7: =SUM(X7:Y7) -> #REF! | AA7: =VLOOKUP($A7,'HY Compile'!$1:$1048576,15,0) -> #REF! | AB7: =VLOOKUP($A7,'HY Compile'!$1:$1048576,16,0) -> #REF! | AC7: =SUM(AA7:AB7) -> #REF! | AD7: =VLOOKUP($A7,'UT-2'!$1:$1048576,7,0) -> #REF! | AE7: =IFERROR(ROUND(VLOOKUP($A7,ANNUAL!$1:$1048576,7,0)*0.8,0),VLOOKUP($A7,ANNUAL!$1:$1048576,7,0)) -> #REF! | AF7: =SUM(AD7:AE7) -> #REF! | AG7: =VLOOKUP($A7,'HY Compile'!$1:$1048576,18,0) -> #REF! | AH7: =VLOOKUP($A7,'HY Compile'!$1:$1048576,19,0) -> #REF! | AI7: =SUM(AG7:AH7) -> #REF! | AJ7: =VLOOKUP($A7,'UT-2'!$1:$1048576,8,0) -> #REF! | AK7: =IFERROR(ROUND(VLOOKUP($A7,ANNUAL!$1:$1048576,8,0)*0.8,0),VLOOKUP($A7,ANNUAL!$1:$1048576,8,0)) -> #REF! | AL7: =SUM(AJ7:AK7) -> #REF! | AM7: =VLOOKUP($A7,ANNUAL!$1:$1048576,9,0) -> #REF! | AN7: =VLOOKUP($A7,ANNUAL!$1:$1048576,10,0) -> #REF! | AO7: =VLOOKUP($A7,ANNUAL!$1:$1048576,11,0) -> #REF! | AP7: =VLOOKUP($A7,ANNUAL!$1:$1048576,12,0) -> #REF! | AQ7: =VLOOKUP($A7,ANNUAL!$1:$1048576,13,0) -> #REF! | AR7: =VLOOKUP($A7,ANNUAL!$1:$1048576,14,0) -> #REF! | AS7: =VLOOKUP($A7,ANNUAL!$1:$1048576,15,0) -> #REF! | AT7: =SUM(E7,H7,K7,N7,Q7,T7,W7,Z7,AC7,AF7,AI7,AL7) -> #REF! | AU7: =ROUND(AT7/12,2)&" %" -> #REF!
A8: =DETAILS!#REF! -> #REF! | B8: =DETAILS!#REF! -> #REF! | C8: =VLOOKUP($A8,'HY Compile'!$1:$1048576,3,0) -> #REF! | D8: =VLOOKUP($A8,'HY Compile'!$1:$1048576,4,0) -> #REF! | E8: =SUM(C8:D8) -> #REF! | F8: =VLOOKUP($A8,'UT-2'!$1:$1048576,3,0) -> #REF! | G8: =IFERROR(ROUND(VLOOKUP($A8,ANNUAL!$1:$1048576,3,0)*0.8,0),VLOOKUP($A8,ANNUAL!$1:$1048576,3,0)) -> #REF! | H8: =SUM(F8:G8) -> #REF! | I8: =VLOOKUP($A8,'HY Compile'!$1:$1048576,6,0) -> #REF! | J8: =VLOOKUP($A8,'HY Compile'!$1:$1048576,7,0) -> #REF! | K8: =SUM(I8:J8) -> #REF! | L8: =VLOOKUP($A8,'UT-2'!$1:$1048576,4,0) -> #REF! | M8: =IFERROR(ROUND(VLOOKUP($A8,ANNUAL!$1:$1048576,4,0)*0.8,0),VLOOKUP($A8,ANNUAL!$1:$1048576,4,0)) -> #REF! | N8: =SUM(L8:M8) -> #REF! | O8: =VLOOKUP($A8,'HY Compile'!$1:$1048576,9,0) -> #REF! | P8: =VLOOKUP($A8,'HY Compile'!$1:$1048576,10,0) -> #REF! | Q8: =SUM(O8:P8) -> #REF! | R8: =VLOOKUP($A8,'UT-2'!$1:$1048576,5,0) -> #REF! | S8: =IFERROR(ROUND(VLOOKUP($A8,ANNUAL!$1:$1048576,5,0)*0.8,0),VLOOKUP($A8,ANNUAL!$1:$1048576,5,0)) -> #REF! | T8: =SUM(R8:S8) -> #REF! | U8: =VLOOKUP($A8,'HY Compile'!$1:$1048576,12,0) -> #REF! | V8: =VLOOKUP($A8,'HY Compile'!$1:$1048576,13,0) -> #REF! | W8: =SUM(U8:V8) -> #REF! | X8: =VLOOKUP($A8,'UT-2'!$1:$1048576,6,0) -> #REF! | Y8: =IFERROR(ROUND(VLOOKUP($A8,ANNUAL!$1:$1048576,6,0)*0.8,0),VLOOKUP($A8,ANNUAL!$1:$1048576,6,0)) -> #REF! | Z8: =SUM(X8:Y8) -> #REF! | AA8: =VLOOKUP($A8,'HY Compile'!$1:$1048576,15,0) -> #REF! | AB8: =VLOOKUP($A8,'HY Compile'!$1:$1048576,16,0) -> #REF! | AC8: =SUM(AA8:AB8) -> #REF! | AD8: =VLOOKUP($A8,'UT-2'!$1:$1048576,7,0) -> #REF! | AE8: =IFERROR(ROUND(VLOOKUP($A8,ANNUAL!$1:$1048576,7,0)*0.8,0),VLOOKUP($A8,ANNUAL!$1:$1048576,7,0)) -> #REF! | AF8: =SUM(AD8:AE8) -> #REF! | AG8: =VLOOKUP($A8,'HY Compile'!$1:$1048576,18,0) -> #REF! | AH8: =VLOOKUP($A8,'HY Compile'!$1:$1048576,19,0) -> #REF! | AI8: =SUM(AG8:AH8) -> #REF! | AJ8: =VLOOKUP($A8,'UT-2'!$1:$1048576,8,0) -> #REF! | AK8: =IFERROR(ROUND(VLOOKUP($A8,ANNUAL!$1:$1048576,8,0)*0.8,0),VLOOKUP($A8,ANNUAL!$1:$1048576,8,0)) -> #REF! | AL8: =SUM(AJ8:AK8) -> #REF! | AM8: =VLOOKUP($A8,ANNUAL!$1:$1048576,9,0) -> #REF! | AN8: =VLOOKUP($A8,ANNUAL!$1:$1048576,10,0) -> #REF! | AO8: =VLOOKUP($A8,ANNUAL!$1:$1048576,11,0) -> #REF! | AP8: =VLOOKUP($A8,ANNUAL!$1:$1048576,12,0) -> #REF! | AQ8: =VLOOKUP($A8,ANNUAL!$1:$1048576,13,0) -> #REF! | AR8: =VLOOKUP($A8,ANNUAL!$1:$1048576,14,0) -> #REF! | AS8: =VLOOKUP($A8,ANNUAL!$1:$1048576,15,0) -> #REF! | AT8: =SUM(E8,H8,K8,N8,Q8,T8,W8,Z8,AC8,AF8,AI8,AL8) -> #REF! | AU8: =ROUND(AT8/12,2)&" %" -> #REF!
A9: =DETAILS!#REF! -> #REF! | B9: =DETAILS!#REF! -> #REF! | C9: =VLOOKUP($A9,'HY Compile'!$1:$1048576,3,0) -> #REF! | D9: =VLOOKUP($A9,'HY Compile'!$1:$1048576,4,0) -> #REF! | E9: =SUM(C9:D9) -> #REF! | F9: =VLOOKUP($A9,'UT-2'!$1:$1048576,3,0) -> #REF! | G9: =IFERROR(ROUND(VLOOKUP($A9,ANNUAL!$1:$1048576,3,0)*0.8,0),VLOOKUP($A9,ANNUAL!$1:$1048576,3,0)) -> #REF! | H9: =SUM(F9:G9) -> #REF! | I9: =VLOOKUP($A9,'HY Compile'!$1:$1048576,6,0) -> #REF! | J9: =VLOOKUP($A9,'HY Compile'!$1:$1048576,7,0) -> #REF! | K9: =SUM(I9:J9) -> #REF! | L9: =VLOOKUP($A9,'UT-2'!$1:$1048576,4,0) -> #REF! | M9: =IFERROR(ROUND(VLOOKUP($A9,ANNUAL!$1:$1048576,4,0)*0.8,0),VLOOKUP($A9,ANNUAL!$1:$1048576,4,0)) -> #REF! | N9: =SUM(L9:M9) -> #REF! | O9: =VLOOKUP($A9,'HY Compile'!$1:$1048576,9,0) -> #REF! | P9: =VLOOKUP($A9,'HY Compile'!$1:$1048576,10,0) -> #REF! | Q9: =SUM(O9:P9) -> #REF! | R9: =VLOOKUP($A9,'UT-2'!$1:$1048576,5,0) -> #REF! | S9: =IFERROR(ROUND(VLOOKUP($A9,ANNUAL!$1:$1048576,5,0)*0.8,0),VLOOKUP($A9,ANNUAL!$1:$1048576,5,0)) -> #REF! | T9: =SUM(R9:S9) -> #REF! | U9: =VLOOKUP($A9,'HY Compile'!$1:$1048576,12,0) -> #REF! | V9: =VLOOKUP($A9,'HY Compile'!$1:$1048576,13,0) -> #REF! | W9: =SUM(U9:V9) -> #REF! | X9: =VLOOKUP($A9,'UT-2'!$1:$1048576,6,0) -> #REF! | Y9: =IFERROR(ROUND(VLOOKUP($A9,ANNUAL!$1:$1048576,6,0)*0.8,0),VLOOKUP($A9,ANNUAL!$1:$1048576,6,0)) -> #REF! | Z9: =SUM(X9:Y9) -> #REF! | AA9: =VLOOKUP($A9,'HY Compile'!$1:$1048576,15,0) -> #REF! | AB9: =VLOOKUP($A9,'HY Compile'!$1:$1048576,16,0) -> #REF! | AC9: =SUM(AA9:AB9) -> #REF! | AD9: =VLOOKUP($A9,'UT-2'!$1:$1048576,7,0) -> #REF! | AE9: =IFERROR(ROUND(VLOOKUP($A9,ANNUAL!$1:$1048576,7,0)*0.8,0),VLOOKUP($A9,ANNUAL!$1:$1048576,7,0)) -> #REF! | AF9: =SUM(AD9:AE9) -> #REF! | AG9: =VLOOKUP($A9,'HY Compile'!$1:$1048576,18,0) -> #REF! | AH9: =VLOOKUP($A9,'HY Compile'!$1:$1048576,19,0) -> #REF! | AI9: =SUM(AG9:AH9) -> #REF! | AJ9: =VLOOKUP($A9,'UT-2'!$1:$1048576,8,0) -> #REF! | AK9: =IFERROR(ROUND(VLOOKUP($A9,ANNUAL!$1:$1048576,8,0)*0.8,0),VLOOKUP($A9,ANNUAL!$1:$1048576,8,0)) -> #REF! | AL9: =SUM(AJ9:AK9) -> #REF! | AM9: =VLOOKUP($A9,ANNUAL!$1:$1048576,9,0) -> #REF! | AN9: =VLOOKUP($A9,ANNUAL!$1:$1048576,10,0) -> #REF! | AO9: =VLOOKUP($A9,ANNUAL!$1:$1048576,11,0) -> #REF! | AP9: =VLOOKUP($A9,ANNUAL!$1:$1048576,12,0) -> #REF! | AQ9: =VLOOKUP($A9,ANNUAL!$1:$1048576,13,0) -> #REF! | AR9: =VLOOKUP($A9,ANNUAL!$1:$1048576,14,0) -> #REF! | AS9: =VLOOKUP($A9,ANNUAL!$1:$1048576,15,0) -> #REF! | AT9: =SUM(E9,H9,K9,N9,Q9,T9,W9,Z9,AC9,AF9,AI9,AL9) -> #REF! | AU9: =ROUND(AT9/12,2)&" %" -> #REF!
A10: =DETAILS!#REF! -> #REF! | B10: =DETAILS!#REF! -> #REF! | C10: =VLOOKUP($A10,'HY Compile'!$1:$1048576,3,0) -> #REF! | D10: =VLOOKUP($A10,'HY Compile'!$1:$1048576,4,0) -> #REF! | E10: =SUM(C10:D10) -> #REF! | F10: =VLOOKUP($A10,'UT-2'!$1:$1048576,3,0) -> #REF! | G10: =IFERROR(ROUND(VLOOKUP($A10,ANNUAL!$1:$1048576,3,0)*0.8,0),VLOOKUP($A10,ANNUAL!$1:$1048576,3,0)) -> #REF! | H10: =SUM(F10:G10) -> #REF! | I10: =VLOOKUP($A10,'HY Compile'!$1:$1048576,6,0) -> #REF! | J10: =VLOOKUP($A10,'HY Compile'!$1:$1048576,7,0) -> #REF! | K10: =SUM(I10:J10) -> #REF! | L10: =VLOOKUP($A10,'UT-2'!$1:$1048576,4,0) -> #REF! | M10: =IFERROR(ROUND(VLOOKUP($A10,ANNUAL!$1:$1048576,4,0)*0.8,0),VLOOKUP($A10,ANNUAL!$1:$1048576,4,0)) -> #REF! | N10: =SUM(L10:M10) -> #REF! | O10: =VLOOKUP($A10,'HY Compile'!$1:$1048576,9,0) -> #REF! | P10: =VLOOKUP($A10,'HY Compile'!$1:$1048576,10,0) -> #REF! | Q10: =SUM(O10:P10) -> #REF! | R10: =VLOOKUP($A10,'UT-2'!$1:$1048576,5,0) -> #REF! | S10: =IFERROR(ROUND(VLOOKUP($A10,ANNUAL!$1:$1048576,5,0)*0.8,0),VLOOKUP($A10,ANNUAL!$1:$1048576,5,0)) -> #REF! | T10: =SUM(R10:S10) -> #REF! | U10: =VLOOKUP($A10,'HY Compile'!$1:$1048576,12,0) -> #REF! | V10: =VLOOKUP($A10,'HY Compile'!$1:$1048576,13,0) -> #REF! | W10: =SUM(U10:V10) -> #REF! | X10: =VLOOKUP($A10,'UT-2'!$1:$1048576,6,0) -> #REF! | Y10: =IFERROR(ROUND(VLOOKUP($A10,ANNUAL!$1:$1048576,6,0)*0.8,0),VLOOKUP($A10,ANNUAL!$1:$1048576,6,0)) -> #REF! | Z10: =SUM(X10:Y10) -> #REF! | AA10: =VLOOKUP($A10,'HY Compile'!$1:$1048576,15,0) -> #REF! | AB10: =VLOOKUP($A10,'HY Compile'!$1:$1048576,16,0) -> #REF! | AC10: =SUM(AA10:AB10) -> #REF! | AD10: =VLOOKUP($A10,'UT-2'!$1:$1048576,7,0) -> #REF! | AE10: =IFERROR(ROUND(VLOOKUP($A10,ANNUAL!$1:$1048576,7,0)*0.8,0),VLOOKUP($A10,ANNUAL!$1:$1048576,7,0)) -> #REF! | AF10: =SUM(AD10:AE10) -> #REF! | AG10: =VLOOKUP($A10,'HY Compile'!$1:$1048576,18,0) -> #REF! | AH10: =VLOOKUP($A10,'HY Compile'!$1:$1048576,19,0) -> #REF! | AI10: =SUM(AG10:AH10) -> #REF! | AJ10: =VLOOKUP($A10,'UT-2'!$1:$1048576,8,0) -> #REF! | AK10: =IFERROR(ROUND(VLOOKUP($A10,ANNUAL!$1:$1048576,8,0)*0.8,0),VLOOKUP($A10,ANNUAL!$1:$1048576,8,0)) -> #REF! | AL10: =SUM(AJ10:AK10) -> #REF! | AM10: =VLOOKUP($A10,ANNUAL!$1:$1048576,9,0) -> #REF! | AN10: =VLOOKUP($A10,ANNUAL!$1:$1048576,10,0) -> #REF! | AO10: =VLOOKUP($A10,ANNUAL!$1:$1048576,11,0) -> #REF! | AP10: =VLOOKUP($A10,ANNUAL!$1:$1048576,12,0) -> #REF! | AQ10: =VLOOKUP($A10,ANNUAL!$1:$1048576,13,0) -> #REF! | AR10: =VLOOKUP($A10,ANNUAL!$1:$1048576,14,0) -> #REF! | AS10: =VLOOKUP($A10,ANNUAL!$1:$1048576,15,0) -> #REF! | AT10: =SUM(E10,H10,K10,N10,Q10,T10,W10,Z10,AC10,AF10,AI10,AL10) -> #REF! | AU10: =ROUND(AT10/12,2)&" %" -> #REF!
A11: =DETAILS!#REF! -> #REF! | B11: =DETAILS!#REF! -> #REF! | C11: =VLOOKUP($A11,'HY Compile'!$1:$1048576,3,0) -> #REF! | D11: =VLOOKUP($A11,'HY Compile'!$1:$1048576,4,0) -> #REF! | E11: =SUM(C11:D11) -> #REF! | F11: =VLOOKUP($A11,'UT-2'!$1:$1048576,3,0) -> #REF! | G11: =IFERROR(ROUND(VLOOKUP($A11,ANNUAL!$1:$1048576,3,0)*0.8,0),VLOOKUP($A11,ANNUAL!$1:$1048576,3,0)) -> #REF! | H11: =SUM(F11:G11) -> #REF! | I11: =VLOOKUP($A11,'HY Compile'!$1:$1048576,6,0) -> #REF! | J11: =VLOOKUP($A11,'HY Compile'!$1:$1048576,7,0) -> #REF! | K11: =SUM(I11:J11) -> #REF! | L11: =VLOOKUP($A11,'UT-2'!$1:$1048576,4,0) -> #REF! | M11: =IFERROR(ROUND(VLOOKUP($A11,ANNUAL!$1:$1048576,4,0)*0.8,0),VLOOKUP($A11,ANNUAL!$1:$1048576,4,0)) -> #REF! | N11: =SUM(L11:M11) -> #REF! | O11: =VLOOKUP($A11,'HY Compile'!$1:$1048576,9,0) -> #REF! | P11: =VLOOKUP($A11,'HY Compile'!$1:$1048576,10,0) -> #REF! | Q11: =SUM(O11:P11) -> #REF! | R11: =VLOOKUP($A11,'UT-2'!$1:$1048576,5,0) -> #REF! | S11: =IFERROR(ROUND(VLOOKUP($A11,ANNUAL!$1:$1048576,5,0)*0.8,0),VLOOKUP($A11,ANNUAL!$1:$1048576,5,0)) -> #REF! | T11: =SUM(R11:S11) -> #REF! | U11: =VLOOKUP($A11,'HY Compile'!$1:$1048576,12,0) -> #REF! | V11: =VLOOKUP($A11,'HY Compile'!$1:$1048576,13,0) -> #REF! | W11: =SUM(U11:V11) -> #REF! | X11: =VLOOKUP($A11,'UT-2'!$1:$1048576,6,0) -> #REF! | Y11: =IFERROR(ROUND(VLOOKUP($A11,ANNUAL!$1:$1048576,6,0)*0.8,0),VLOOKUP($A11,ANNUAL!$1:$1048576,6,0)) -> #REF! | Z11: =SUM(X11:Y11) -> #REF! | AA11: =VLOOKUP($A11,'HY Compile'!$1:$1048576,15,0) -> #REF! | AB11: =VLOOKUP($A11,'HY Compile'!$1:$1048576,16,0) -> #REF! | AC11: =SUM(AA11:AB11) -> #REF! | AD11: =VLOOKUP($A11,'UT-2'!$1:$1048576,7,0) -> #REF! | AE11: =IFERROR(ROUND(VLOOKUP($A11,ANNUAL!$1:$1048576,7,0)*0.8,0),VLOOKUP($A11,ANNUAL!$1:$1048576,7,0)) -> #REF! | AF11: =SUM(AD11:AE11) -> #REF! | AG11: =VLOOKUP($A11,'HY Compile'!$1:$1048576,18,0) -> #REF! | AH11: =VLOOKUP($A11,'HY Compile'!$1:$1048576,19,0) -> #REF! | AI11: =SUM(AG11:AH11) -> #REF! | AJ11: =VLOOKUP($A11,'UT-2'!$1:$1048576,8,0) -> #REF! | AK11: =IFERROR(ROUND(VLOOKUP($A11,ANNUAL!$1:$1048576,8,0)*0.8,0),VLOOKUP($A11,ANNUAL!$1:$1048576,8,0)) -> #REF! | AL11: =SUM(AJ11:AK11) -> #REF! | AM11: =VLOOKUP($A11,ANNUAL!$1:$1048576,9,0) -> #REF! | AN11: =VLOOKUP($A11,ANNUAL!$1:$1048576,10,0) -> #REF! | AO11: =VLOOKUP($A11,ANNUAL!$1:$1048576,11,0) -> #REF! | AP11: =VLOOKUP($A11,ANNUAL!$1:$1048576,12,0) -> #REF! | AQ11: =VLOOKUP($A11,ANNUAL!$1:$1048576,13,0) -> #REF! | AR11: =VLOOKUP($A11,ANNUAL!$1:$1048576,14,0) -> #REF! | AS11: =VLOOKUP($A11,ANNUAL!$1:$1048576,15,0) -> #REF! | AT11: =SUM(E11,H11,K11,N11,Q11,T11,W11,Z11,AC11,AF11,AI11,AL11) -> #REF! | AU11: =ROUND(AT11/12,2)&" %" -> #REF!
A12: =DETAILS!#REF! -> #REF! | B12: =DETAILS!#REF! -> #REF! | C12: =VLOOKUP($A12,'HY Compile'!$1:$1048576,3,0) -> #REF! | D12: =VLOOKUP($A12,'HY Compile'!$1:$1048576,4,0) -> #REF! | E12: =SUM(C12:D12) -> #REF! | F12: =VLOOKUP($A12,'UT-2'!$1:$1048576,3,0) -> #REF! | G12: =IFERROR(ROUND(VLOOKUP($A12,ANNUAL!$1:$1048576,3,0)*0.8,0),VLOOKUP($A12,ANNUAL!$1:$1048576,3,0)) -> #REF! | H12: =SUM(F12:G12) -> #REF! | I12: =VLOOKUP($A12,'HY Compile'!$1:$1048576,6,0) -> #REF! | J12: =VLOOKUP($A12,'HY Compile'!$1:$1048576,7,0) -> #REF! | K12: =SUM(I12:J12) -> #REF! | L12: =VLOOKUP($A12,'UT-2'!$1:$1048576,4,0) -> #REF! | M12: =IFERROR(ROUND(VLOOKUP($A12,ANNUAL!$1:$1048576,4,0)*0.8,0),VLOOKUP($A12,ANNUAL!$1:$1048576,4,0)) -> #REF! | N12: =SUM(L12:M12) -> #REF! | O12: =VLOOKUP($A12,'HY Compile'!$1:$1048576,9,0) -> #REF! | P12: =VLOOKUP($A12,'HY Compile'!$1:$1048576,10,0) -> #REF! | Q12: =SUM(O12:P12) -> #REF! | R12: =VLOOKUP($A12,'UT-2'!$1:$1048576,5,0) -> #REF! | S12: =IFERROR(ROUND(VLOOKUP($A12,ANNUAL!$1:$1048576,5,0)*0.8,0),VLOOKUP($A12,ANNUAL!$1:$1048576,5,0)) -> #REF! | T12: =SUM(R12:S12) -> #REF! | U12: =VLOOKUP($A12,'HY Compile'!$1:$1048576,12,0) -> #REF! | V12: =VLOOKUP($A12,'HY Compile'!$1:$1048576,13,0) -> #REF! | W12: =SUM(U12:V12) -> #REF! | X12: =VLOOKUP($A12,'UT-2'!$1:$1048576,6,0) -> #REF! | Y12: =IFERROR(ROUND(VLOOKUP($A12,ANNUAL!$1:$1048576,6,0)*0.8,0),VLOOKUP($A12,ANNUAL!$1:$1048576,6,0)) -> #REF! | Z12: =SUM(X12:Y12) -> #REF! | AA12: =VLOOKUP($A12,'HY Compile'!$1:$1048576,15,0) -> #REF! | AB12: =VLOOKUP($A12,'HY Compile'!$1:$1048576,16,0) -> #REF! | AC12: =SUM(AA12:AB12) -> #REF! | AD12: =VLOOKUP($A12,'UT-2'!$1:$1048576,7,0) -> #REF! | AE12: =IFERROR(ROUND(VLOOKUP($A12,ANNUAL!$1:$1048576,7,0)*0.8,0),VLOOKUP($A12,ANNUAL!$1:$1048576,7,0)) -> #REF! | AF12: =SUM(AD12:AE12) -> #REF! | AG12: =VLOOKUP($A12,'HY Compile'!$1:$1048576,18,0) -> #REF! | AH12: =VLOOKUP($A12,'HY Compile'!$1:$1048576,19,0) -> #REF! | AI12: =SUM(AG12:AH12) -> #REF! | AJ12: =VLOOKUP($A12,'UT-2'!$1:$1048576,8,0) -> #REF! | AK12: =IFERROR(ROUND(VLOOKUP($A12,ANNUAL!$1:$1048576,8,0)*0.8,0),VLOOKUP($A12,ANNUAL!$1:$1048576,8,0)) -> #REF! | AL12: =SUM(AJ12:AK12) -> #REF! | AM12: =VLOOKUP($A12,ANNUAL!$1:$1048576,9,0) -> #REF! | AN12: =VLOOKUP($A12,ANNUAL!$1:$1048576,10,0) -> #REF! | AO12: =VLOOKUP($A12,ANNUAL!$1:$1048576,11,0) -> #REF! | AP12: =VLOOKUP($A12,ANNUAL!$1:$1048576,12,0) -> #REF! | AQ12: =VLOOKUP($A12,ANNUAL!$1:$1048576,13,0) -> #REF! | AR12: =VLOOKUP($A12,ANNUAL!$1:$1048576,14,0) -> #REF! | AS12: =VLOOKUP($A12,ANNUAL!$1:$1048576,15,0) -> #REF! | AT12: =SUM(E12,H12,K12,N12,Q12,T12,W12,Z12,AC12,AF12,AI12,AL12) -> #REF! | AU12: =ROUND(AT12/12,2)&" %" -> #REF!
A13: =DETAILS!#REF! -> #REF! | B13: =DETAILS!#REF! -> #REF! | C13: =VLOOKUP($A13,'HY Compile'!$1:$1048576,3,0) -> #REF! | D13: =VLOOKUP($A13,'HY Compile'!$1:$1048576,4,0) -> #REF! | E13: =SUM(C13:D13) -> #REF! | F13: =VLOOKUP($A13,'UT-2'!$1:$1048576,3,0) -> #REF! | G13: =IFERROR(ROUND(VLOOKUP($A13,ANNUAL!$1:$1048576,3,0)*0.8,0),VLOOKUP($A13,ANNUAL!$1:$1048576,3,0)) -> #REF! | H13: =SUM(F13:G13) -> #REF! | I13: =VLOOKUP($A13,'HY Compile'!$1:$1048576,6,0) -> #REF! | J13: =VLOOKUP($A13,'HY Compile'!$1:$1048576,7,0) -> #REF! | K13: =SUM(I13:J13) -> #REF! | L13: =VLOOKUP($A13,'UT-2'!$1:$1048576,4,0) -> #REF! | M13: =IFERROR(ROUND(VLOOKUP($A13,ANNUAL!$1:$1048576,4,0)*0.8,0),VLOOKUP($A13,ANNUAL!$1:$1048576,4,0)) -> #REF! | N13: =SUM(L13:M13) -> #REF! | O13: =VLOOKUP($A13,'HY Compile'!$1:$1048576,9,0) -> #REF! | P13: =VLOOKUP($A13,'HY Compile'!$1:$1048576,10,0) -> #REF! | Q13: =SUM(O13:P13) -> #REF! | R13: =VLOOKUP($A13,'UT-2'!$1:$1048576,5,0) -> #REF! | S13: =IFERROR(ROUND(VLOOKUP($A13,ANNUAL!$1:$1048576,5,0)*0.8,0),VLOOKUP($A13,ANNUAL!$1:$1048576,5,0)) -> #REF! | T13: =SUM(R13:S13) -> #REF! | U13: =VLOOKUP($A13,'HY Compile'!$1:$1048576,12,0) -> #REF! | V13: =VLOOKUP($A13,'HY Compile'!$1:$1048576,13,0) -> #REF! | W13: =SUM(U13:V13) -> #REF! | X13: =VLOOKUP($A13,'UT-2'!$1:$1048576,6,0) -> #REF! | Y13: =IFERROR(ROUND(VLOOKUP($A13,ANNUAL!$1:$1048576,6,0)*0.8,0),VLOOKUP($A13,ANNUAL!$1:$1048576,6,0)) -> #REF! | Z13: =SUM(X13:Y13) -> #REF! | AA13: =VLOOKUP($A13,'HY Compile'!$1:$1048576,15,0) -> #REF! | AB13: =VLOOKUP($A13,'HY Compile'!$1:$1048576,16,0) -> #REF! | AC13: =SUM(AA13:AB13) -> #REF! | AD13: =VLOOKUP($A13,'UT-2'!$1:$1048576,7,0) -> #REF! | AE13: =IFERROR(ROUND(VLOOKUP($A13,ANNUAL!$1:$1048576,7,0)*0.8,0),VLOOKUP($A13,ANNUAL!$1:$1048576,7,0)) -> #REF! | AF13: =SUM(AD13:AE13) -> #REF! | AG13: =VLOOKUP($A13,'HY Compile'!$1:$1048576,18,0) -> #REF! | AH13: =VLOOKUP($A13,'HY Compile'!$1:$1048576,19,0) -> #REF! | AI13: =SUM(AG13:AH13) -> #REF! | AJ13: =VLOOKUP($A13,'UT-2'!$1:$1048576,8,0) -> #REF! | AK13: =IFERROR(ROUND(VLOOKUP($A13,ANNUAL!$1:$1048576,8,0)*0.8,0),VLOOKUP($A13,ANNUAL!$1:$1048576,8,0)) -> #REF! | AL13: =SUM(AJ13:AK13) -> #REF! | AM13: =VLOOKUP($A13,ANNUAL!$1:$1048576,9,0) -> #REF! | AN13: =VLOOKUP($A13,ANNUAL!$1:$1048576,10,0) -> #REF! | AO13: =VLOOKUP($A13,ANNUAL!$1:$1048576,11,0) -> #REF! | AP13: =VLOOKUP($A13,ANNUAL!$1:$1048576,12,0) -> #REF! | AQ13: =VLOOKUP($A13,ANNUAL!$1:$1048576,13,0) -> #REF! | AR13: =VLOOKUP($A13,ANNUAL!$1:$1048576,14,0) -> #REF! | AS13: =VLOOKUP($A13,ANNUAL!$1:$1048576,15,0) -> #REF! | AT13: =SUM(E13,H13,K13,N13,Q13,T13,W13,Z13,AC13,AF13,AI13,AL13) -> #REF! | AU13: =ROUND(AT13/12,2)&" %" -> #REF!
A14: =DETAILS!#REF! -> #REF! | B14: =DETAILS!#REF! -> #REF! | C14: =VLOOKUP($A14,'HY Compile'!$1:$1048576,3,0) -> #REF! | D14: =VLOOKUP($A14,'HY Compile'!$1:$1048576,4,0) -> #REF! | E14: =SUM(C14:D14) -> #REF! | F14: =VLOOKUP($A14,'UT-2'!$1:$1048576,3,0) -> #REF! | G14: =IFERROR(ROUND(VLOOKUP($A14,ANNUAL!$1:$1048576,3,0)*0.8,0),VLOOKUP($A14,ANNUAL!$1:$1048576,3,0)) -> #REF! | H14: =SUM(F14:G14) -> #REF! | I14: =VLOOKUP($A14,'HY Compile'!$1:$1048576,6,0) -> #REF! | J14: =VLOOKUP($A14,'HY Compile'!$1:$1048576,7,0) -> #REF! | K14: =SUM(I14:J14) -> #REF! | L14: =VLOOKUP($A14,'UT-2'!$1:$1048576,4,0) -> #REF! | M14: =IFERROR(ROUND(VLOOKUP($A14,ANNUAL!$1:$1048576,4,0)*0.8,0),VLOOKUP($A14,ANNUAL!$1:$1048576,4,0)) -> #REF! | N14: =SUM(L14:M14) -> #REF! | O14: =VLOOKUP($A14,'HY Compile'!$1:$1048576,9,0) -> #REF! | P14: =VLOOKUP($A14,'HY Compile'!$1:$1048576,10,0) -> #REF! | Q14: =SUM(O14:P14) -> #REF! | R14: =VLOOKUP($A14,'UT-2'!$1:$1048576,5,0) -> #REF! | S14: =IFERROR(ROUND(VLOOKUP($A14,ANNUAL!$1:$1048576,5,0)*0.8,0),VLOOKUP($A14,ANNUAL!$1:$1048576,5,0)) -> #REF! | T14: =SUM(R14:S14) -> #REF! | U14: =VLOOKUP($A14,'HY Compile'!$1:$1048576,12,0) -> #REF! | V14: =VLOOKUP($A14,'HY Compile'!$1:$1048576,13,0) -> #REF! | W14: =SUM(U14:V14) -> #REF! | X14: =VLOOKUP($A14,'UT-2'!$1:$1048576,6,0) -> #REF! | Y14: =IFERROR(ROUND(VLOOKUP($A14,ANNUAL!$1:$1048576,6,0)*0.8,0),VLOOKUP($A14,ANNUAL!$1:$1048576,6,0)) -> #REF! | Z14: =SUM(X14:Y14) -> #REF! | AA14: =VLOOKUP($A14,'HY Compile'!$1:$1048576,15,0) -> #REF! | AB14: =VLOOKUP($A14,'HY Compile'!$1:$1048576,16,0) -> #REF! | AC14: =SUM(AA14:AB14) -> #REF! | AD14: =VLOOKUP($A14,'UT-2'!$1:$1048576,7,0) -> #REF! | AE14: =IFERROR(ROUND(VLOOKUP($A14,ANNUAL!$1:$1048576,7,0)*0.8,0),VLOOKUP($A14,ANNUAL!$1:$1048576,7,0)) -> #REF! | AF14: =SUM(AD14:AE14) -> #REF! | AG14: =VLOOKUP($A14,'HY Compile'!$1:$1048576,18,0) -> #REF! | AH14: =VLOOKUP($A14,'HY Compile'!$1:$1048576,19,0) -> #REF! | AI14: =SUM(AG14:AH14) -> #REF! | AJ14: =VLOOKUP($A14,'UT-2'!$1:$1048576,8,0) -> #REF! | AK14: =IFERROR(ROUND(VLOOKUP($A14,ANNUAL!$1:$1048576,8,0)*0.8,0),VLOOKUP($A14,ANNUAL!$1:$1048576,8,0)) -> #REF! | AL14: =SUM(AJ14:AK14) -> #REF! | AM14: =VLOOKUP($A14,ANNUAL!$1:$1048576,9,0) -> #REF! | AN14: =VLOOKUP($A14,ANNUAL!$1:$1048576,10,0) -> #REF! | AO14: =VLOOKUP($A14,ANNUAL!$1:$1048576,11,0) -> #REF! | AP14: =VLOOKUP($A14,ANNUAL!$1:$1048576,12,0) -> #REF! | AQ14: =VLOOKUP($A14,ANNUAL!$1:$1048576,13,0) -> #REF! | AR14: =VLOOKUP($A14,ANNUAL!$1:$1048576,14,0) -> #REF! | AS14: =VLOOKUP($A14,ANNUAL!$1:$1048576,15,0) -> #REF! | AT14: =SUM(E14,H14,K14,N14,Q14,T14,W14,Z14,AC14,AF14,AI14,AL14) -> #REF! | AU14: =ROUND(AT14/12,2)&" %" -> #REF!
A15: =DETAILS!#REF! -> #REF! | B15: =DETAILS!#REF! -> #REF! | C15: =VLOOKUP($A15,'HY Compile'!$1:$1048576,3,0) -> #REF! | D15: =VLOOKUP($A15,'HY Compile'!$1:$1048576,4,0) -> #REF! | E15: =SUM(C15:D15) -> #REF! | F15: =VLOOKUP($A15,'UT-2'!$1:$1048576,3,0) -> #REF! | G15: =IFERROR(ROUND(VLOOKUP($A15,ANNUAL!$1:$1048576,3,0)*0.8,0),VLOOKUP($A15,ANNUAL!$1:$1048576,3,0)) -> #REF! | H15: =SUM(F15:G15) -> #REF! | I15: =VLOOKUP($A15,'HY Compile'!$1:$1048576,6,0) -> #REF! | J15: =VLOOKUP($A15,'HY Compile'!$1:$1048576,7,0) -> #REF! | K15: =SUM(I15:J15) -> #REF! | L15: =VLOOKUP($A15,'UT-2'!$1:$1048576,4,0) -> #REF! | M15: =IFERROR(ROUND(VLOOKUP($A15,ANNUAL!$1:$1048576,4,0)*0.8,0),VLOOKUP($A15,ANNUAL!$1:$1048576,4,0)) -> #REF! | N15: =SUM(L15:M15) -> #REF! | O15: =VLOOKUP($A15,'HY Compile'!$1:$1048576,9,0) -> #REF! | P15: =VLOOKUP($A15,'HY Compile'!$1:$1048576,10,0) -> #REF! | Q15: =SUM(O15:P15) -> #REF! | R15: =VLOOKUP($A15,'UT-2'!$1:$1048576,5,0) -> #REF! | S15: =IFERROR(ROUND(VLOOKUP($A15,ANNUAL!$1:$1048576,5,0)*0.8,0),VLOOKUP($A15,ANNUAL!$1:$1048576,5,0)) -> #REF! | T15: =SUM(R15:S15) -> #REF! | U15: =VLOOKUP($A15,'HY Compile'!$1:$1048576,12,0) -> #REF! | V15: =VLOOKUP($A15,'HY Compile'!$1:$1048576,13,0) -> #REF! | W15: =SUM(U15:V15) -> #REF! | X15: =VLOOKUP($A15,'UT-2'!$1:$1048576,6,0) -> #REF! | Y15: =IFERROR(ROUND(VLOOKUP($A15,ANNUAL!$1:$1048576,6,0)*0.8,0),VLOOKUP($A15,ANNUAL!$1:$1048576,6,0)) -> #REF! | Z15: =SUM(X15:Y15) -> #REF! | AA15: =VLOOKUP($A15,'HY Compile'!$1:$1048576,15,0) -> #REF! | AB15: =VLOOKUP($A15,'HY Compile'!$1:$1048576,16,0) -> #REF! | AC15: =SUM(AA15:AB15) -> #REF! | AD15: =VLOOKUP($A15,'UT-2'!$1:$1048576,7,0) -> #REF! | AE15: =IFERROR(ROUND(VLOOKUP($A15,ANNUAL!$1:$1048576,7,0)*0.8,0),VLOOKUP($A15,ANNUAL!$1:$1048576,7,0)) -> #REF! | AF15: =SUM(AD15:AE15) -> #REF! | AG15: =VLOOKUP($A15,'HY Compile'!$1:$1048576,18,0) -> #REF! | AH15: =VLOOKUP($A15,'HY Compile'!$1:$1048576,19,0) -> #REF! | AI15: =SUM(AG15:AH15) -> #REF! | AJ15: =VLOOKUP($A15,'UT-2'!$1:$1048576,8,0) -> #REF! | AK15: =IFERROR(ROUND(VLOOKUP($A15,ANNUAL!$1:$1048576,8,0)*0.8,0),VLOOKUP($A15,ANNUAL!$1:$1048576,8,0)) -> #REF! | AL15: =SUM(AJ15:AK15) -> #REF! | AM15: =VLOOKUP($A15,ANNUAL!$1:$1048576,9,0) -> #REF! | AN15: =VLOOKUP($A15,ANNUAL!$1:$1048576,10,0) -> #REF! | AO15: =VLOOKUP($A15,ANNUAL!$1:$1048576,11,0) -> #REF! | AP15: =VLOOKUP($A15,ANNUAL!$1:$1048576,12,0) -> #REF! | AQ15: =VLOOKUP($A15,ANNUAL!$1:$1048576,13,0) -> #REF! | AR15: =VLOOKUP($A15,ANNUAL!$1:$1048576,14,0) -> #REF! | AS15: =VLOOKUP($A15,ANNUAL!$1:$1048576,15,0) -> #REF! | AT15: =SUM(E15,H15,K15,N15,Q15,T15,W15,Z15,AC15,AF15,AI15,AL15) -> #REF! | AU15: =ROUND(AT15/12,2)&" %" -> #REF!
A16: =DETAILS!#REF! -> #REF! | B16: =DETAILS!#REF! -> #REF! | C16: =VLOOKUP($A16,'HY Compile'!$1:$1048576,3,0) -> #REF! | D16: =VLOOKUP($A16,'HY Compile'!$1:$1048576,4,0) -> #REF! | E16: =SUM(C16:D16) -> #REF! | F16: =VLOOKUP($A16,'UT-2'!$1:$1048576,3,0) -> #REF! | G16: =IFERROR(ROUND(VLOOKUP($A16,ANNUAL!$1:$1048576,3,0)*0.8,0),VLOOKUP($A16,ANNUAL!$1:$1048576,3,0)) -> #REF! | H16: =SUM(F16:G16) -> #REF! | I16: =VLOOKUP($A16,'HY Compile'!$1:$1048576,6,0) -> #REF! | J16: =VLOOKUP($A16,'HY Compile'!$1:$1048576,7,0) -> #REF! | K16: =SUM(I16:J16) -> #REF! | L16: =VLOOKUP($A16,'UT-2'!$1:$1048576,4,0) -> #REF! | M16: =IFERROR(ROUND(VLOOKUP($A16,ANNUAL!$1:$1048576,4,0)*0.8,0),VLOOKUP($A16,ANNUAL!$1:$1048576,4,0)) -> #REF! | N16: =SUM(L16:M16) -> #REF! | O16: =VLOOKUP($A16,'HY Compile'!$1:$1048576,9,0) -> #REF! | P16: =VLOOKUP($A16,'HY Compile'!$1:$1048576,10,0) -> #REF! | Q16: =SUM(O16:P16) -> #REF! | R16: =VLOOKUP($A16,'UT-2'!$1:$1048576,5,0) -> #REF! | S16: =IFERROR(ROUND(VLOOKUP($A16,ANNUAL!$1:$1048576,5,0)*0.8,0),VLOOKUP($A16,ANNUAL!$1:$1048576,5,0)) -> #REF! | T16: =SUM(R16:S16) -> #REF! | U16: =VLOOKUP($A16,'HY Compile'!$1:$1048576,12,0) -> #REF! | V16: =VLOOKUP($A16,'HY Compile'!$1:$1048576,13,0) -> #REF! | W16: =SUM(U16:V16) -> #REF! | X16: =VLOOKUP($A16,'UT-2'!$1:$1048576,6,0) -> #REF! | Y16: =IFERROR(ROUND(VLOOKUP($A16,ANNUAL!$1:$1048576,6,0)*0.8,0),VLOOKUP($A16,ANNUAL!$1:$1048576,6,0)) -> #REF! | Z16: =SUM(X16:Y16) -> #REF! | AA16: =VLOOKUP($A16,'HY Compile'!$1:$1048576,15,0) -> #REF! | AB16: =VLOOKUP($A16,'HY Compile'!$1:$1048576,16,0) -> #REF! | AC16: =SUM(AA16:AB16) -> #REF! | AD16: =VLOOKUP($A16,'UT-2'!$1:$1048576,7,0) -> #REF! | AE16: =IFERROR(ROUND(VLOOKUP($A16,ANNUAL!$1:$1048576,7,0)*0.8,0),VLOOKUP($A16,ANNUAL!$1:$1048576,7,0)) -> #REF! | AF16: =SUM(AD16:AE16) -> #REF! | AG16: =VLOOKUP($A16,'HY Compile'!$1:$1048576,18,0) -> #REF! | AH16: =VLOOKUP($A16,'HY Compile'!$1:$1048576,19,0) -> #REF! | AI16: =SUM(AG16:AH16) -> #REF! | AJ16: =VLOOKUP($A16,'UT-2'!$1:$1048576,8,0) -> #REF! | AK16: =IFERROR(ROUND(VLOOKUP($A16,ANNUAL!$1:$1048576,8,0)*0.8,0),VLOOKUP($A16,ANNUAL!$1:$1048576,8,0)) -> #REF! | AL16: =SUM(AJ16:AK16) -> #REF! | AM16: =VLOOKUP($A16,ANNUAL!$1:$1048576,9,0) -> #REF! | AN16: =VLOOKUP($A16,ANNUAL!$1:$1048576,10,0) -> #REF! | AO16: =VLOOKUP($A16,ANNUAL!$1:$1048576,11,0) -> #REF! | AP16: =VLOOKUP($A16,ANNUAL!$1:$1048576,12,0) -> #REF! | AQ16: =VLOOKUP($A16,ANNUAL!$1:$1048576,13,0) -> #REF! | AR16: =VLOOKUP($A16,ANNUAL!$1:$1048576,14,0) -> #REF! | AS16: =VLOOKUP($A16,ANNUAL!$1:$1048576,15,0) -> #REF! | AT16: =SUM(E16,H16,K16,N16,Q16,T16,W16,Z16,AC16,AF16,AI16,AL16) -> #REF! | AU16: =ROUND(AT16/12,2)&" %" -> #REF!
A17: =DETAILS!#REF! -> #REF! | B17: =DETAILS!#REF! -> #REF! | C17: =VLOOKUP($A17,'HY Compile'!$1:$1048576,3,0) -> #REF! | D17: =VLOOKUP($A17,'HY Compile'!$1:$1048576,4,0) -> #REF! | E17: =SUM(C17:D17) -> #REF! | F17: =VLOOKUP($A17,'UT-2'!$1:$1048576,3,0) -> #REF! | G17: =IFERROR(ROUND(VLOOKUP($A17,ANNUAL!$1:$1048576,3,0)*0.8,0),VLOOKUP($A17,ANNUAL!$1:$1048576,3,0)) -> #REF! | H17: =SUM(F17:G17) -> #REF! | I17: =VLOOKUP($A17,'HY Compile'!$1:$1048576,6,0) -> #REF! | J17: =VLOOKUP($A17,'HY Compile'!$1:$1048576,7,0) -> #REF! | K17: =SUM(I17:J17) -> #REF! | L17: =VLOOKUP($A17,'UT-2'!$1:$1048576,4,0) -> #REF! | M17: =IFERROR(ROUND(VLOOKUP($A17,ANNUAL!$1:$1048576,4,0)*0.8,0),VLOOKUP($A17,ANNUAL!$1:$1048576,4,0)) -> #REF! | N17: =SUM(L17:M17) -> #REF! | O17: =VLOOKUP($A17,'HY Compile'!$1:$1048576,9,0) -> #REF! | P17: =VLOOKUP($A17,'HY Compile'!$1:$1048576,10,0) -> #REF! | Q17: =SUM(O17:P17) -> #REF! | R17: =VLOOKUP($A17,'UT-2'!$1:$1048576,5,0) -> #REF! | S17: =IFERROR(ROUND(VLOOKUP($A17,ANNUAL!$1:$1048576,5,0)*0.8,0),VLOOKUP($A17,ANNUAL!$1:$1048576,5,0)) -> #REF! | T17: =SUM(R17:S17) -> #REF! | U17: =VLOOKUP($A17,'HY Compile'!$1:$1048576,12,0) -> #REF! | V17: =VLOOKUP($A17,'HY Compile'!$1:$1048576,13,0) -> #REF! | W17: =SUM(U17:V17) -> #REF! | X17: =VLOOKUP($A17,'UT-2'!$1:$1048576,6,0) -> #REF! | Y17: =IFERROR(ROUND(VLOOKUP($A17,ANNUAL!$1:$1048576,6,0)*0.8,0),VLOOKUP($A17,ANNUAL!$1:$1048576,6,0)) -> #REF! | Z17: =SUM(X17:Y17) -> #REF! | AA17: =VLOOKUP($A17,'HY Compile'!$1:$1048576,15,0) -> #REF! | AB17: =VLOOKUP($A17,'HY Compile'!$1:$1048576,16,0) -> #REF! | AC17: =SUM(AA17:AB17) -> #REF! | AD17: =VLOOKUP($A17,'UT-2'!$1:$1048576,7,0) -> #REF! | AE17: =IFERROR(ROUND(VLOOKUP($A17,ANNUAL!$1:$1048576,7,0)*0.8,0),VLOOKUP($A17,ANNUAL!$1:$1048576,7,0)) -> #REF! | AF17: =SUM(AD17:AE17) -> #REF! | AG17: =VLOOKUP($A17,'HY Compile'!$1:$1048576,18,0) -> #REF! | AH17: =VLOOKUP($A17,'HY Compile'!$1:$1048576,19,0) -> #REF! | AI17: =SUM(AG17:AH17) -> #REF! | AJ17: =VLOOKUP($A17,'UT-2'!$1:$1048576,8,0) -> #REF! | AK17: =IFERROR(ROUND(VLOOKUP($A17,ANNUAL!$1:$1048576,8,0)*0.8,0),VLOOKUP($A17,ANNUAL!$1:$1048576,8,0)) -> #REF! | AL17: =SUM(AJ17:AK17) -> #REF! | AM17: =VLOOKUP($A17,ANNUAL!$1:$1048576,9,0) -> #REF! | AN17: =VLOOKUP($A17,ANNUAL!$1:$1048576,10,0) -> #REF! | AO17: =VLOOKUP($A17,ANNUAL!$1:$1048576,11,0) -> #REF! | AP17: =VLOOKUP($A17,ANNUAL!$1:$1048576,12,0) -> #REF! | AQ17: =VLOOKUP($A17,ANNUAL!$1:$1048576,13,0) -> #REF! | AR17: =VLOOKUP($A17,ANNUAL!$1:$1048576,14,0) -> #REF! | AS17: =VLOOKUP($A17,ANNUAL!$1:$1048576,15,0) -> #REF! | AT17: =SUM(E17,H17,K17,N17,Q17,T17,W17,Z17,AC17,AF17,AI17,AL17) -> #REF! | AU17: =ROUND(AT17/12,2)&" %" -> #REF!
... A42: =DETAILS!#REF! -> #REF! | B42: =DETAILS!#REF! -> #REF! | C42: =VLOOKUP($A42,'HY Compile'!$1:$1048576,3,0) -> #REF! | D42: =VLOOKUP($A42,'HY Compile'!$1:$1048576,4,0) -> #REF! | E42: =SUM(C42:D42) -> #REF! | F42: =VLOOKUP($A42,'UT-2'!$1:$1048576,3,0) -> #REF! | G42: =IFERROR(ROUND(VLOOKUP($A42,ANNUAL!$1:$1048576,3,0)*0.8,0),VLOOKUP($A42,ANNUAL!$1:$1048576,3,0)) -> #REF! | H42: =SUM(F42:G42) -> #REF! | I42: =VLOOKUP($A42,'HY Compile'!$1:$1048576,6,0) -> #REF! | J42: =VLOOKUP($A42,'HY Compile'!$1:$1048576,7,0) -> #REF! | K42: =SUM(I42:J42) -> #REF! | L42: =VLOOKUP($A42,'UT-2'!$1:$1048576,4,0) -> #REF! | M42: =IFERROR(ROUND(VLOOKUP($A42,ANNUAL!$1:$1048576,4,0)*0.8,0),VLOOKUP($A42,ANNUAL!$1:$1048576,4,0)) -> #REF! | N42: =SUM(L42:M42) -> #REF! | O42: =VLOOKUP($A42,'HY Compile'!$1:$1048576,9,0) -> #REF! | P42: =VLOOKUP($A42,'HY Compile'!$1:$1048576,10,0) -> #REF! | Q42: =SUM(O42:P42) -> #REF! | R42: =VLOOKUP($A42,'UT-2'!$1:$1048576,5,0) -> #REF! | S42: =IFERROR(ROUND(VLOOKUP($A42,ANNUAL!$1:$1048576,5,0)*0.8,0),VLOOKUP($A42,ANNUAL!$1:$1048576,5,0)) -> #REF! | T42: =SUM(R42:S42) -> #REF! | U42: =VLOOKUP($A42,'HY Compile'!$1:$1048576,12,0) -> #REF! | V42: =VLOOKUP($A42,'HY Compile'!$1:$1048576,13,0) -> #REF! | W42: =SUM(U42:V42) -> #REF! | X42: =VLOOKUP($A42,'UT-2'!$1:$1048576,6,0) -> #REF! | Y42: =IFERROR(ROUND(VLOOKUP($A42,ANNUAL!$1:$1048576,6,0)*0.8,0),VLOOKUP($A42,ANNUAL!$1:$1048576,6,0)) -> #REF! | Z42: =SUM(X42:Y42) -> #REF! | AA42: =VLOOKUP($A42,'HY Compile'!$1:$1048576,15,0) -> #REF! | AB42: =VLOOKUP($A42,'HY Compile'!$1:$1048576,16,0) -> #REF! | AC42: =SUM(AA42:AB42) -> #REF! | AD42: =VLOOKUP($A42,'UT-2'!$1:$1048576,7,0) -> #REF! | AE42: =IFERROR(ROUND(VLOOKUP($A42,ANNUAL!$1:$1048576,7,0)*0.8,0),VLOOKUP($A42,ANNUAL!$1:$1048576,7,0)) -> #REF! | AF42: =SUM(AD42:AE42) -> #REF! | AG42: =VLOOKUP($A42,'HY Compile'!$1:$1048576,18,0) -> #REF! | AH42: =VLOOKUP($A42,'HY Compile'!$1:$1048576,19,0) -> #REF! | AI42: =SUM(AG42:AH42) -> #REF! | AJ42: =VLOOKUP($A42,'UT-2'!$1:$1048576,8,0) -> #REF! | AK42: =IFERROR(ROUND(VLOOKUP($A42,ANNUAL!$1:$1048576,8,0)*0.8,0),VLOOKUP($A42,ANNUAL!$1:$1048576,8,0)) -> #REF! | AL42: =SUM(AJ42:AK42) -> #REF! | AM42: =VLOOKUP($A42,ANNUAL!$1:$1048576,9,0) -> #REF! | AN42: =VLOOKUP($A42,ANNUAL!$1:$1048576,10,0) -> #REF! | AO42: =VLOOKUP($A42,ANNUAL!$1:$1048576,11,0) -> #REF! | AP42: =VLOOKUP($A42,ANNUAL!$1:$1048576,12,0) -> #REF! | AQ42: =VLOOKUP($A42,ANNUAL!$1:$1048576,13,0) -> #REF! | AR42: =VLOOKUP($A42,ANNUAL!$1:$1048576,14,0) -> #REF! | AS42: =VLOOKUP($A42,ANNUAL!$1:$1048576,15,0) -> #REF! | AT42: =SUM(E42,H42,K42,N42,Q42,T42,W42,Z42,AC42,AF42,AI42,AL42) -> #REF! | AU42: =ROUND(AT42/12,2)&" %" -> #REF!

Sheet REORT CARD
B2: SAINIK PUBLIC SCHOOL
B3: (Affiliated to C.B.S.E. New Delhi- Reg. No. : 2131299)
B4: Building No. VB1893, Vikas Bhawan Ward,
B5: Nagar Palika Parishad, Nawabganj, Barabanki
B6: ANNUAL REPORT CARD
B7: SESSION 2025-26
B8: STUDENT PROFILE
B9: Student's Name | D9: =": "&VLOOKUP($I$9,DETAILS!$1:$1048576,2,0) -> #N/A | G9: Admission No. : | I9: 1
B10: Mother's Name | D10: =": "&VLOOKUP($I$9,DETAILS!$1:$1048576,3,0) -> #N/A | G10: Class & Sec. : | I10: =VLOOKUP($I$9,DETAILS!$1:$1048576,6,0) -> #N/A
B11: Father's Name | D11: =": "&VLOOKUP($I$9,DETAILS!$1:$1048576,4,0) -> #N/A | G11: Date of Birth : | I11: =VLOOKUP($I$9,DETAILS!$1:$1048576,5,0) -> #N/A
B13: PART-1 : ACADEMIC PERFORMANCE-SCHOLASTIC AREAS
B14: SUBJECT | D14: Unit Test-1 (20) | E14: Half Yearly (80) | F14: TOTAL (100) | G14: Unit Test-2 (20) | H14: Annual (80) | I14: TOTAL (100) | J14: GRAND TOTAL (200)
B15: ENGLISH CORE | D15: =VLOOKUP($I$9,'COMPILE REPORT'!$1:$1048576,3,0) -> #N/A | E15: =VLOOKUP($I$9,'COMPILE REPORT'!$1:$1048576,4,0) -> #N/A | F15: =SUM(D15:E15) -> #N/A | G15: =VLOOKUP($I$9,'COMPILE REPORT'!$1:$1048576,6,0) -> #N/A | H15: =VLOOKUP($I$9,'COMPILE REPORT'!$1:$1048576,7,0) -> #N/A | I15: =SUM(G15:H15) -> #N/A | J15: =SUM(F15,I15) -> #N/A
B16: =VLOOKUP($I$9,DETAILS!$1:$1048576,7,0) -> #N/A | D16: =VLOOKUP($I$9,'COMPILE REPORT'!$1:$1048576,9,0) -> #N/A | E16: =VLOOKUP($I$9,'COMPILE REPORT'!$1:$1048576,10,0) -> #N/A | F16: =SUM(D16:E16) -> #N/A | G16: =VLOOKUP($I$9,'COMPILE REPORT'!$1:$1048576,12,0) -> #N/A | H16: =VLOOKUP($I$9,'COMPILE REPORT'!$1:$1048576,13,0) -> #N/A | I16: =SUM(G16:H16) -> #N/A | J16: =SUM(F16,I16) -> #N/A
B17: HISTORY | D17: =VLOOKUP($I$9,'COMPILE REPORT'!$1:$1048576,15,0) -> #N/A | E17: =VLOOKUP($I$9,'COMPILE REPORT'!$1:$1048576,16,0) -> #N/A | F17: =SUM(D17:E17) -> #N/A | G17: =VLOOKUP($I$9,'COMPILE REPORT'!$1:$1048576,18,0) -> #N/A | H17: =VLOOKUP($I$9,'COMPILE REPORT'!$1:$1048576,19,0) -> #N/A | I17: =SUM(G17:H17) -> #N/A | J17: =SUM(F17,I17) -> #N/A
B18: POLITICAL SCIENCE | D18: =VLOOKUP($I$9,'COMPILE REPORT'!$1:$1048576,21,0) -> #N/A | E18: =VLOOKUP($I$9,'COMPILE REPORT'!$1:$1048576,22,0) -> #N/A | F18: =SUM(D18:E18) -> #N/A | G18: =VLOOKUP($I$9,'COMPILE REPORT'!$1:$1048576,24,0) -> #N/A | H18: =VLOOKUP($I$9,'COMPILE REPORT'!$1:$1048576,25,0) -> #N/A | I18: =SUM(G18:H18) -> #N/A | J18: =SUM(F18,I18) -> #N/A
B19: ECONOMICS | D19: =VLOOKUP($I$9,'COMPILE REPORT'!$1:$1048576,27,0) -> #N/A | E19: =VLOOKUP($I$9,'COMPILE REPORT'!$1:$1048576,28,0) -> #N/A | F19: =SUM(D19:E19) -> #N/A | G19: =VLOOKUP($I$9,'COMPILE REPORT'!$1:$1048576,30,0) -> #N/A | H19: =VLOOKUP($I$9,'COMPILE REPORT'!$1:$1048576,31,0) -> #N/A | I19: =SUM(G19:H19) -> #N/A | J19: =SUM(F19,I19) -> #N/A
B20: PHYSICAL EDUCATION | D20: =VLOOKUP($I$9,'COMPILE REPORT'!$1:$1048576,33,0) -> #N/A | E20: =VLOOKUP($I$9,'COMPILE REPORT'!$1:$1048576,34,0) -> #N/A | F20: =SUM(D20:E20) -> #N/A | G20: =VLOOKUP($I$9,'COMPILE REPORT'!$1:$1048576,36,0) -> #N/A | H20: =VLOOKUP($I$9,'COMPILE REPORT'!$1:$1048576,37,0) -> #N/A | I20: =SUM(G20:H20) -> #N/A | J20: =SUM(F20,I20) -> #N/A
B22: Attendance | C22: =VLOOKUP($I$9,'COMPILE REPORT'!$1:$1048576,43,0) -> #N/A | D22: =VLOOKUP($I$9,'COMPILE REPORT'!$1:$1048576,44,0) -> #N/A | H22: Percentage | J22: =ROUND((SUM(J15:J20))/12,2)&" %" -> #N/A
H23: Grand Total | J23: =SUM(J15:J20) & "/1200" -> #N/A
B26: PART-2:CO-SCHOLASTIC AREAS | H26: GRADE
B27: Work Education | H27: =VLOOKUP($I$9,'COMPILE REPORT'!$1:$1048576,39,0) -> #N/A | I27: =VLOOKUP($I$9,'COMPILE REPORT'!$1:$1048576,37,0) -> #N/A | J27: =VLOOKUP($I$9,'COMPILE REPORT'!$1:$1048576,37,0) -> #N/A
B28: Art Education | H28: =VLOOKUP($I$9,'COMPILE REPORT'!$1:$1048576,40,0) -> #N/A | I28: =VLOOKUP($I$9,'COMPILE REPORT'!$1:$1048576,37,0) -> #N/A | J28: =VLOOKUP($I$9,'COMPILE REPORT'!$1:$1048576,37,0) -> #N/A
B29: Health & Physical Education | H29: =VLOOKUP($I$9,'COMPILE REPORT'!$1:$1048576,41,0) -> #N/A | I29: =VLOOKUP($I$9,'COMPILE REPORT'!$1:$1048576,37,0) -> #N/A | J29: =VLOOKUP($I$9,'COMPILE REPORT'!$1:$1048576,37,0) -> #N/A
B30: Discipline | H30: =VLOOKUP($I$9,'COMPILE REPORT'!$1:$1048576,42,0) -> #N/A | I30: =VLOOKUP($I$9,'COMPILE REPORT'!$1:$1048576,37,0) -> #N/A | J30: =VLOOKUP($I$9,'COMPILE REPORT'!$1:$1048576,37,0) -> #N/A
B32: Mark Range
B33: Grade
B36: ="Class Teacher's Remark: "&VLOOKUP($I$9,'COMPILE REPORT'!$1:$1048576,45,0) -> #N/A
H37: Promoted to Class : XII
B38: Issue Date: 27.03.2026 | H38: School Reopen Date : 01.04.2026
B43: Class Teacher's Signature | H43: Principal's Signature
